# x500 visual component (visual-only, no physics meaning)
# source: https://github.com/PX4/PX4-gazebo-models.git@d754381a1cecdd7f17050acd72bf5bf1327bced6 models/x500_base/meshes/NXP-HGD-CF.dae geometry=FMURubber-mesh node=FMURubber
# generated by landing_mujoco/tools/convert_x500_visual_assets.py v1.1.0
# COLLADA node transform baked; 8 decimal places; no decimation; all pieces
v 0.03070110 0.02875316 0.00000000
v 0.03070110 0.02875316 -0.00199997
v 0.03133291 0.02890962 -0.00199997
v 0.03005021 0.02875238 0.00000000
v 0.03307265 0.03143608 0.00000000
v 0.03307265 0.03143608 -0.00199997
v 0.03299349 0.03208214 -0.00199997
v 0.03133291 0.02890962 0.00000000
v 0.03190892 0.02921271 -0.00199997
v 0.03299349 0.03208214 0.00000000
v 0.03276199 0.03269052 -0.00199997
v 0.03190892 0.02921271 0.00000000
v 0.03239566 0.02964490 -0.00199997
v 0.03276199 0.03269052 0.00000000
v 0.03239166 0.03322577 -0.00199997
v 0.03239566 0.02964490 0.00000000
v 0.03276479 0.03018099 -0.00199997
v 0.03239166 0.03322577 0.00000000
v 0.03190398 0.03365683 -0.00199997
v 0.03276479 0.03018099 0.00000000
v 0.03299492 0.03078985 -0.00199997
v 0.03299492 0.03078985 0.00000000
v 0.03190398 0.03365683 0.00000000
v 0.03132730 0.03395867 -0.00199997
v 0.03132730 0.03395867 0.00000000
v 0.03069514 0.03411376 -0.00199997
v 0.03069514 0.03411376 0.00000000
v 0.03004419 0.03411304 -0.00199997
v 0.03004419 0.03411304 0.00000000
v 0.02941238 0.03395652 -0.00199997
v 0.02941238 0.03395652 0.00000000
v 0.02883642 0.03365343 -0.00199997
v 0.02883642 0.03365343 0.00000000
v 0.02834969 0.03322124 -0.00199997
v 0.02834969 0.03322124 0.00000000
v 0.02798056 0.03268516 -0.00199997
v 0.02798056 0.03268516 0.00000000
v 0.02775043 0.03207629 -0.00199997
v 0.02775043 0.03207629 0.00000000
v 0.02767264 0.03143006 -0.00199997
v 0.02767264 0.03143006 0.00000000
v 0.02775186 0.03078401 -0.00199997
v 0.02775186 0.03078401 0.00000000
v 0.02798330 0.03017568 -0.00199997
v 0.02798330 0.03017568 0.00000000
v 0.02835369 0.02964037 -0.00199997
v 0.02835369 0.02964037 0.00000000
v 0.02884137 0.02920931 -0.00199997
v 0.02884137 0.02920931 0.00000000
v 0.02941805 0.02890747 -0.00199997
v 0.02941805 0.02890747 0.00000000
v 0.03005021 0.02875238 -0.00199997
v 0.02612984 0.03362727 0.00000000
v 0.02674275 0.03452455 0.00000000
v 0.03298664 0.02745217 0.00000000
v 0.03201264 0.02696973 0.00000000
v 0.02573609 0.03261452 0.00000000
v 0.03429478 0.03414708 0.00000000
v 0.03357481 0.03495895 0.00000000
v 0.03268837 0.03558820 0.00000000
v 0.03481286 0.03319144 0.00000000
v 0.03168368 0.03600102 0.00000000
v 0.03095543 0.02671843 0.00000000
v 0.02558314 0.03154015 0.00000000
v 0.03509956 0.03214478 0.00000000
v 0.02986651 0.02670925 0.00000000
v 0.03061193 0.03617715 0.00000000
v 0.02567988 0.03045761 0.00000000
v 0.03514021 0.03105926 0.00000000
v 0.02880293 0.02694272 0.00000000
v 0.02952688 0.03610789 0.00000000
v 0.02602159 0.02942806 0.00000000
v 0.02782112 0.02740645 0.00000000
v 0.03493177 0.02999311 0.00000000
v 0.02643603 0.02871167 0.00000000
v 0.02696794 0.02808034 0.00000000
v 0.02848690 0.03579717 0.00000000
v 0.03448593 0.02900397 0.00000000
v 0.02754157 0.03525978 0.00000000
v 0.03382503 0.02814102 0.00000000
v 0.03435862 0.03411006 -0.00199997
v 0.03396892 0.03459781 -0.00199997
v 0.03377854 0.03479492 -0.00199997
v 0.03360116 0.03495997 -0.00199997
v 0.03319907 0.03527903 -0.00199997
v 0.03309035 0.03535401 -0.00199997
v 0.03246539 0.03570896 -0.00199997
v 0.03492474 0.03302145 -0.00199997
v 0.03480619 0.03331530 -0.00199997
v 0.03472399 0.03349107 -0.00199997
v 0.03447562 0.03393399 -0.00199997
v 0.03232407 0.03577321 -0.00199997
v 0.03197908 0.03590834 -0.00199997
v 0.03167825 0.03600257 -0.00199997
v 0.03147697 0.03605413 -0.00199997
v 0.03513938 0.03222352 -0.00199997
v 0.03509616 0.03243833 -0.00199997
v 0.03101158 0.03613990 -0.00199997
v 0.03027635 0.03618657 -0.00199997
v 0.03513586 0.03055715 -0.00199997
v 0.03520810 0.03121405 -0.00199997
v 0.03521060 0.03150612 -0.00199997
v 0.03520077 0.03172206 -0.00199997
v 0.02992558 0.03617149 -0.00199997
v 0.02954983 0.03612846 -0.00199997
v 0.03486591 0.02962750 -0.00199997
v 0.03497093 0.02991223 -0.00199997
v 0.03510427 0.03039860 -0.00199997
v 0.02887600 0.03597831 -0.00199997
v 0.02869611 0.03592145 -0.00199997
v 0.02819192 0.03572028 -0.00199997
v 0.03437995 0.02872633 -0.00199997
v 0.03440350 0.02876079 -0.00199997
v 0.03478509 0.02944016 -0.00199997
v 0.02790796 0.03557741 -0.00199997
v 0.02771562 0.03546696 -0.00199997
v 0.02705901 0.03499090 -0.00199997
v 0.03407108 0.02832597 -0.00199997
v 0.03375965 0.02799755 -0.00199997
v 0.03371900 0.02795904 -0.00199997
v 0.02703624 0.03497111 -0.00199997
v 0.02666407 0.03460866 -0.00199997
v 0.02636599 0.03425091 -0.00199997
v 0.02633559 0.03421002 -0.00199997
v 0.03307127 0.02745139 -0.00199997
v 0.03295540 0.02737820 -0.00199997
v 0.03262668 0.02719473 -0.00199997
v 0.02591425 0.03351867 -0.00199997
v 0.02585494 0.03339427 -0.00199997
v 0.03215432 0.02698665 -0.00199997
v 0.03202325 0.02693945 -0.00199997
v 0.02571684 0.03305917 -0.00199997
v 0.02557110 0.03258359 -0.00199997
v 0.03134930 0.02676129 -0.00199997
v 0.02554303 0.03246337 -0.00199997
v 0.03092694 0.02670121 -0.00199997
v 0.02544718 0.03179389 -0.00199997
v 0.03048348 0.02667784 -0.00199997
v 0.02543658 0.03150439 -0.00199997
v 0.02544009 0.03130000 -0.00199997
v 0.02973377 0.02672624 -0.00199997
v 0.02548575 0.03081083 -0.00199997
v 0.02938902 0.02678501 -0.00199997
v 0.02553033 0.03055739 -0.00199997
v 0.02563208 0.03015393 -0.00199997
v 0.02868032 0.02698469 -0.00199997
v 0.02576941 0.02976119 -0.00199997
v 0.02843940 0.02707862 -0.00199997
v 0.02580899 0.02966541 -0.00199997
v 0.02593982 0.02938449 -0.00199997
v 0.02796012 0.02730983 -0.00199997
v 0.02770406 0.02746033 -0.00199997
v 0.02625185 0.02885574 -0.00199997
v 0.02750515 0.02759188 -0.00199997
v 0.02629101 0.02879905 -0.00199997
v 0.02655118 0.02846103 -0.00199997
v 0.02684056 0.02814662 -0.00199997
v 0.03193843 0.03126120 0.00926995
v 0.03004944 0.03033506 0.00926995
v 0.03188216 0.03133821 0.00926995
v 0.03156000 0.03172415 0.00926995
v 0.03127717 0.03200310 0.00926995
v 0.03119313 0.03207737 0.00926995
v 0.02955228 0.03077358 0.00926995
v 0.03052806 0.03255707 0.00926995
v 0.03045630 0.03259909 0.00926995
v 0.03006953 0.03279864 0.00926995
v 0.03250783 0.03019344 0.00926995
v 0.03042727 0.02979034 0.00926995
v 0.03241974 0.03041112 0.00926995
v 0.03230154 0.03066235 0.00926995
v 0.02896457 0.03108036 0.00926995
v 0.02958202 0.03299260 0.00926995
v 0.02951061 0.03301614 0.00926995
v 0.03279149 0.02892076 0.00926995
v 0.03066372 0.02917098 0.00926995
v 0.03272920 0.02939462 0.00926995
v 0.03265976 0.02971065 0.00926995
v 0.02832055 0.03123760 0.00926995
v 0.02864158 0.03321301 0.00926995
v 0.02846604 0.03323352 0.00926995
v 0.02788704 0.03325599 0.00926995
v 0.03074514 0.02851301 0.00926995
v 0.03276103 0.02788883 0.00926995
v 0.03279668 0.02823877 0.00926995
v 0.03280436 0.02840095 0.00926995
v 0.02765756 0.03123611 0.00926995
v 0.02751404 0.03323376 0.00926995
v 0.02724575 0.03319978 0.00926995
v 0.02678382 0.03310471 0.00926995
v 0.03239303 0.02660560 0.00926995
v 0.03066670 0.02785474 0.00926995
v 0.03258019 0.02709615 0.00926995
v 0.03258949 0.02712547 0.00926995
v 0.02701425 0.03107601 0.00926995
v 0.02673715 0.03309249 0.00926995
v 0.02602136 0.03283858 0.00926995
v 0.02596366 0.03281235 0.00926995
v 0.03213787 0.02611237 0.00926995
v 0.03043299 0.02723437 0.00926995
v 0.03215634 0.02614372 0.00926995
v 0.02642792 0.03076660 0.00926995
v 0.02550411 0.03256881 0.00926995
v 0.02522069 0.03238439 0.00926995
v 0.02506875 0.03227317 0.00926995
v 0.03168374 0.02547258 0.00926995
v 0.03005760 0.02668792 0.00926995
v 0.03148031 0.02524548 0.00926995
v 0.03132295 0.02508819 0.00926995
v 0.02593266 0.03032588 0.00926995
v 0.02450978 0.03177261 0.00926995
v 0.02446562 0.03172564 0.00926995
v 0.02956235 0.02624720 0.00926995
v 0.03092718 0.02474945 0.00926995
v 0.02413630 0.03132975 0.00926995
v 0.02555727 0.02977943 0.00926995
v 0.03066420 0.02456164 0.00926995
v 0.02392464 0.03102040 0.00926995
v 0.02384877 0.03089517 0.00926995
v 0.03023254 0.02430611 0.00926995
v 0.02897602 0.02593779 0.00926995
v 0.02975267 0.02408736 0.00926995
v 0.02973508 0.02408051 0.00926995
v 0.02350163 0.03016537 0.00926995
v 0.02532356 0.02915906 0.00926995
v 0.02349549 0.03014874 0.00926995
v 0.02925777 0.02392411 0.00926995
v 0.02833271 0.02577769 0.00926995
v 0.02334868 0.02967786 0.00926995
v 0.02874559 0.02381485 0.00926995
v 0.02325147 0.02919065 0.00926995
v 0.02324861 0.02917063 0.00926995
v 0.02524513 0.02850079 0.00926995
v 0.02844655 0.02377748 0.00926995
v 0.02320492 0.02836489 0.00926995
v 0.02321416 0.02818357 0.00926995
v 0.02763366 0.02377068 0.00926995
v 0.02766972 0.02577620 0.00926995
v 0.02750998 0.02378171 0.00926995
v 0.02324861 0.02785670 0.00926995
v 0.02532655 0.02784281 0.00926995
v 0.02704471 0.02385234 0.00926995
v 0.02702569 0.02593344 0.00926995
v 0.02334851 0.02735018 0.00926995
v 0.02339762 0.02717208 0.00926995
v 0.02648192 0.02400177 0.00926995
v 0.02354633 0.02674651 0.00926995
v 0.02556300 0.02722346 0.00926995
v 0.02614688 0.02412670 0.00926995
v 0.02567279 0.02435487 0.00926995
v 0.02643799 0.02624022 0.00926995
v 0.02380895 0.02620005 0.00926995
v 0.02382463 0.02617239 0.00926995
v 0.02546352 0.02447706 0.00926995
v 0.02523159 0.02462983 0.00926995
v 0.02594083 0.02667874 0.00926995
v 0.02416914 0.02565157 0.00926995
v 0.02417874 0.02563899 0.00926995
v 0.02460122 0.02515780 0.00926995
v 0.02701425 0.03107601 0.00776994
v 0.02642792 0.03076660 0.00776994
v 0.02765756 0.03123611 0.00776994
v 0.03066670 0.02785474 0.00776994
v 0.03074514 0.02851301 0.00776994
v 0.02832055 0.03123760 0.00776994
v 0.03043299 0.02723437 0.00776994
v 0.02896457 0.03108036 0.00776994
v 0.03005760 0.02668792 0.00776994
v 0.02955228 0.03077358 0.00776994
v 0.02956235 0.02624720 0.00776994
v 0.03004944 0.03033506 0.00776994
v 0.02897602 0.02593779 0.00776994
v 0.03042727 0.02979034 0.00776994
v 0.03066372 0.02917098 0.00776994
v 0.02833271 0.02577769 0.00776994
v 0.02766972 0.02577620 0.00776994
v 0.02702569 0.02593344 0.00776994
v 0.02643799 0.02624022 0.00776994
v 0.02594083 0.02667874 0.00776994
v 0.02556300 0.02722346 0.00776994
v 0.02532655 0.02784281 0.00776994
v 0.02524513 0.02850079 0.00776994
v 0.02532356 0.02915906 0.00776994
v 0.02555727 0.02977943 0.00776994
v 0.02593266 0.03032588 0.00776994
v 0.02360785 0.03042513 0.00776994
v 0.02399957 0.03113597 0.00776994
v 0.02978682 0.02410089 0.00776994
v 0.03079468 0.02465146 0.00776994
v 0.02334111 0.02964764 0.00776994
v 0.03181457 0.03142648 0.00776994
v 0.03104138 0.03220289 0.00776994
v 0.03009027 0.03278905 0.00776994
v 0.03237473 0.03051137 0.00776994
v 0.02870285 0.02380836 0.00776994
v 0.02926707 0.03308779 0.00776994
v 0.02321255 0.02882051 0.00776994
v 0.03270560 0.02951419 0.00776994
v 0.02838349 0.03324097 0.00776994
v 0.02760678 0.02377283 0.00776994
v 0.02323377 0.02797234 0.00776994
v 0.03268629 0.02748310 0.00776994
v 0.03280621 0.02848684 0.00776994
v 0.02341139 0.02712643 0.00776994
v 0.02724170 0.03319925 0.00776994
v 0.02646589 0.02400714 0.00776994
v 0.03231728 0.02644383 0.00776994
v 0.02374917 0.02630978 0.00776994
v 0.02545654 0.02448141 0.00776994
v 0.02413159 0.02570158 0.00776994
v 0.02644008 0.03300243 0.00776994
v 0.02573812 0.03270077 0.00776994
v 0.02460122 0.02515780 0.00776994
v 0.02508366 0.03228449 0.00776994
v 0.03165864 0.02544295 0.00776994
v 0.02449721 0.03175932 0.00776994
v 0.02460122 0.02515780 0.01076996
v 0.02546352 0.02447706 0.01076996
v 0.02648192 0.02400177 0.01076996
v 0.02763366 0.02377068 0.01076996
v 0.02874559 0.02381485 0.01076996
v 0.02973508 0.02408051 0.01076996
v 0.03066420 0.02456164 0.01076996
v 0.03148031 0.02524548 0.01076996
v 0.03213787 0.02611237 0.01076996
v 0.03258949 0.02712547 0.01076996
v 0.03279668 0.02823877 0.01076996
v 0.03272920 0.02939462 0.01076996
v 0.03241974 0.03041112 0.01076996
v 0.03193843 0.03126120 0.01076996
v 0.03127717 0.03200310 0.01076996
v 0.03045630 0.03259909 0.01076996
v 0.02951061 0.03301614 0.01076996
v 0.02846604 0.03323352 0.01076996
v 0.02751404 0.03323376 0.01076996
v 0.02678382 0.03310471 0.01076996
v 0.02602136 0.03283858 0.01076996
v 0.02522069 0.03238439 0.01076996
v 0.02450978 0.03177261 0.01076996
v 0.02392464 0.03102040 0.01076996
v 0.02349549 0.03014874 0.01076996
v 0.02325147 0.02919065 0.01076996
v 0.02321416 0.02818357 0.01076996
v 0.02339762 0.02717208 0.01076996
v 0.02380895 0.02620005 0.01076996
v 0.02416914 0.02565157 0.01076996
v 0.02684056 0.02814662 -0.00349998
v 0.02639150 0.02866113 -0.00349998
v 0.02615243 0.02900797 -0.00349998
v 0.02614963 0.02901244 -0.00349998
v 0.02593982 0.02938449 -0.00349998
v 0.02568292 0.02999502 -0.00349998
v 0.02567839 0.03000843 -0.00349998
v 0.02556633 0.03039640 -0.00349998
v 0.02548575 0.03081083 -0.00349998
v 0.02545124 0.03111410 -0.00349998
v 0.02543795 0.03159606 -0.00349998
v 0.02547723 0.03209072 -0.00349998
v 0.02548503 0.03214645 -0.00349998
v 0.02557110 0.03258359 -0.00349998
v 0.02571886 0.03306466 -0.00349998
v 0.02582913 0.03333705 -0.00349998
v 0.02605718 0.03378492 -0.00349998
v 0.02614247 0.03392630 -0.00349998
v 0.02633559 0.03421002 -0.00349998
v 0.02674627 0.03469574 -0.00349998
v 0.02688229 0.03483068 -0.00349998
v 0.02727937 0.03516978 -0.00349998
v 0.02750623 0.03533297 -0.00349998
v 0.02771562 0.03546696 -0.00349998
v 0.02839660 0.03580963 -0.00349998
v 0.02849137 0.03584736 -0.00349998
v 0.02901017 0.03601598 -0.00349998
v 0.02937924 0.03609949 -0.00349998
v 0.02954983 0.03612846 -0.00349998
v 0.03040242 0.03618615 -0.00349998
v 0.03042024 0.03618586 -0.00349998
v 0.03094112 0.03614914 -0.00349998
v 0.03147315 0.03605502 -0.00349998
v 0.03147697 0.03605413 -0.00349998
v 0.03227305 0.03579515 -0.00349998
v 0.03248667 0.03569883 -0.00349998
v 0.03274768 0.03556370 -0.00349998
v 0.03319907 0.03527903 -0.00349998
v 0.03341245 0.03511840 -0.00349998
v 0.03382623 0.03474771 -0.00349998
v 0.03417140 0.03436070 -0.00349998
v 0.03419476 0.03433120 -0.00349998
v 0.03447562 0.03393399 -0.00349998
v 0.03478378 0.03336513 -0.00349998
v 0.03485035 0.03321230 -0.00349998
v 0.03502106 0.03272837 -0.00349998
v 0.03513115 0.03226840 -0.00349998
v 0.03513938 0.03222352 -0.00349998
v 0.03521174 0.03141778 -0.00349998
v 0.03520214 0.03109806 -0.00349998
v 0.03518605 0.03090798 -0.00349998
v 0.03510427 0.03039860 -0.00349998
v 0.03501123 0.03003937 -0.00349998
v 0.03486567 0.02962696 -0.00349998
v 0.03464865 0.02916580 -0.00349998
v 0.03463083 0.02913302 -0.00349998
v 0.03437995 0.02872633 -0.00349998
v 0.03405880 0.02831178 -0.00349998
v 0.03386485 0.02810156 -0.00349998
v 0.03348791 0.02775657 -0.00349998
v 0.03331494 0.02762126 -0.00349998
v 0.03307127 0.02745139 -0.00349998
v 0.03242379 0.02709782 -0.00349998
v 0.03234636 0.02706390 -0.00349998
v 0.03185898 0.02688622 -0.00349998
v 0.03142482 0.02677613 -0.00349998
v 0.03134930 0.02676129 -0.00349998
v 0.03060793 0.02668040 -0.00349998
v 0.03042626 0.02667766 -0.00349998
v 0.02994531 0.02670150 -0.00349998
v 0.02958607 0.02674841 -0.00349998
v 0.02938902 0.02678501 -0.00349998
v 0.02868700 0.02698230 -0.00349998
v 0.02843940 0.02707862 -0.00349998
v 0.02773314 0.02744215 -0.00349998
v 0.02768391 0.02747303 -0.00349998
v 0.02726900 0.02776694 -0.00349998
v 0.02724599 0.02778518 -0.00349998
v 0.03423660 0.03177297 0.00324023
v 0.03238618 0.03052091 0.00772709
v 0.03272861 0.02953344 0.00768757
v 0.03386342 0.03273701 0.00335658
v 0.02465629 0.02515333 0.00750268
v 0.03093969 0.02470761 0.00706005
v 0.03178691 0.02549487 0.00723481
v 0.03454077 0.03338503 0.00091788
v 0.03397679 0.03431355 0.00090115
v 0.03328388 0.03361207 0.00343138
v 0.03439086 0.03076690 0.00308454
v 0.03284990 0.02851915 0.00761980
v 0.02980542 0.02410209 0.00765943
v 0.02994251 0.02417206 0.00688875
v 0.03431922 0.02977019 0.00289404
v 0.03275656 0.02752631 0.00752693
v 0.03487545 0.03238135 0.00091175
v 0.02873677 0.02381068 0.00754488
v 0.02887135 0.02390253 0.00673324
v 0.03498226 0.03135591 0.00088471
v 0.02679222 0.02796626 0.00067684
v 0.03398591 0.02872967 0.00265443
v 0.03241872 0.02649313 0.00739896
v 0.02765548 0.02378022 0.00743383
v 0.03487271 0.03035914 0.00083923
v 0.02779823 0.02389401 0.00660312
v 0.03333657 0.02774035 0.00238013
v 0.02653825 0.02401912 0.00732464
v 0.03451991 0.02932810 0.00077027
v 0.02669835 0.02414858 0.00649482
v 0.03246438 0.02698469 0.00212467
v 0.02555668 0.02449458 0.00723445
v 0.02491360 0.02529221 0.00638288
v 0.03388071 0.02833437 0.00067596
v 0.02573591 0.02462542 0.00642276
v 0.02529817 0.02568370 0.00518942
v 0.03145843 0.02649539 0.00191158
v 0.03303462 0.02754724 0.00056953
v 0.03039968 0.02626991 0.00174892
v 0.03204172 0.02700197 0.00045794
v 0.02935588 0.02628564 0.00163573
v 0.03097158 0.02671557 0.00034875
v 0.02829307 0.02654099 0.00156307
v 0.02989119 0.02668899 0.00024868
v 0.02735805 0.02699625 0.00153548
v 0.02654761 0.02762830 0.00154745
v 0.02877604 0.02692961 0.00015604
v 0.02779591 0.02740377 0.00008505
v 0.02388972 0.02631765 0.00710148
v 0.02408641 0.02641361 0.00637823
v 0.02355843 0.02712905 0.00708312
v 0.02374732 0.02720975 0.00640291
v 0.02338266 0.02797049 0.00708038
v 0.02355772 0.02804011 0.00644755
v 0.02335810 0.02881556 0.00709247
v 0.02351713 0.02887940 0.00651091
v 0.02349555 0.02970224 0.00712109
v 0.02363848 0.02976649 0.00659877
v 0.02387434 0.03070825 0.00717586
v 0.02400386 0.03077834 0.00672865
v 0.02570652 0.02870029 0.00162417
v 0.02460879 0.03175956 0.00726765
v 0.02534484 0.02947312 0.00170898
v 0.02473604 0.03183573 0.00691086
v 0.02512729 0.03029072 0.00182158
v 0.02582925 0.03270560 0.00740808
v 0.02506119 0.03112685 0.00196063
v 0.02596622 0.03277385 0.00714683
v 0.02516591 0.03201895 0.00213784
v 0.02720767 0.03318542 0.00755757
v 0.02735066 0.03322714 0.00735772
v 0.02827829 0.03325027 0.00766814
v 0.02552956 0.03303706 0.00237793
v 0.02841466 0.03326988 0.00749010
v 0.02571755 0.03260827 0.00008666
v 0.02926987 0.03308725 0.00776607
v 0.02628397 0.03408050 0.00267619
v 0.02939200 0.03309124 0.00759077
v 0.02609699 0.03361743 0.00015733
v 0.03015238 0.03279423 0.00765467
v 0.02754133 0.03496724 0.00300181
v 0.02683550 0.03467011 0.00026298
v 0.03106302 0.03220915 0.00771147
v 0.02891695 0.03536015 0.00323409
v 0.03182417 0.03143221 0.00773567
v 0.02806186 0.03561294 0.00041032
v 0.02995377 0.03537571 0.00335234
v 0.02944320 0.03608626 0.00055514
v 0.03089845 0.03519189 0.00342417
v 0.03163462 0.03490537 0.00345689
v 0.03051316 0.03614705 0.00065558
v 0.03252452 0.03435015 0.00346470
v 0.03150290 0.03598201 0.00073973
v 0.03227633 0.03569042 0.00079899
v 0.03320419 0.03510272 0.00086083
v -0.03136610 0.02883964 -0.00199997
v -0.03079009 0.02914279 -0.00199997
v -0.03079009 0.02914279 0.00000000
v -0.03136610 0.02883964 0.00000000
v -0.03199791 0.02868318 -0.00199997
v -0.03199791 0.02868318 0.00000000
v -0.03494858 0.03200638 -0.00199997
v -0.03502631 0.03136014 -0.00199997
v -0.03502631 0.03136014 0.00000000
v -0.03494858 0.03200638 0.00000000
v -0.03264880 0.02868247 -0.00199997
v -0.03264880 0.02868247 0.00000000
v -0.03471845 0.03261524 -0.00199997
v -0.03471845 0.03261524 0.00000000
v -0.03328096 0.02883756 -0.00199997
v -0.03328096 0.02883756 0.00000000
v -0.03434932 0.03315132 -0.00199997
v -0.03434932 0.03315132 0.00000000
v -0.03385764 0.02913939 -0.00199997
v -0.03385764 0.02913939 0.00000000
v -0.03386259 0.03358352 -0.00199997
v -0.03386259 0.03358352 0.00000000
v -0.03434532 0.02957046 -0.00199997
v -0.03434532 0.02957046 0.00000000
v -0.03328657 0.03388661 -0.00199997
v -0.03328657 0.03388661 0.00000000
v -0.03471565 0.03010571 -0.00199997
v -0.03471565 0.03010571 0.00000000
v -0.03494715 0.03071409 -0.00199997
v -0.03494715 0.03071409 0.00000000
v -0.03265476 0.03404313 -0.00199997
v -0.03265476 0.03404313 0.00000000
v -0.03200387 0.03404384 -0.00199997
v -0.03200387 0.03404384 0.00000000
v -0.03137171 0.03388875 -0.00199997
v -0.03137171 0.03388875 0.00000000
v -0.03079503 0.03358691 -0.00199997
v -0.03079503 0.03358691 0.00000000
v -0.03030735 0.03315585 -0.00199997
v -0.03030735 0.03315585 0.00000000
v -0.02993702 0.03262054 -0.00199997
v -0.02993702 0.03262054 0.00000000
v -0.02970552 0.03201222 -0.00199997
v -0.02970552 0.03201222 0.00000000
v -0.02962630 0.03136616 -0.00199997
v -0.02962630 0.03136616 0.00000000
v -0.02970409 0.03071993 -0.00199997
v -0.02970409 0.03071993 0.00000000
v -0.02993422 0.03011107 -0.00199997
v -0.02993422 0.03011107 0.00000000
v -0.03030335 0.02957499 -0.00199997
v -0.03030335 0.02957499 0.00000000
v -0.02808839 0.03356683 0.00000000
v -0.02870333 0.03446269 0.00000000
v -0.03395634 0.02689617 0.00000000
v -0.03493148 0.02737641 0.00000000
v -0.02769237 0.03255492 0.00000000
v -0.03625452 0.03406840 0.00000000
v -0.03553634 0.03488188 0.00000000
v -0.03465133 0.03551310 0.00000000
v -0.03677046 0.03311157 0.00000000
v -0.03364753 0.03592813 0.00000000
v -0.03289860 0.02664721 0.00000000
v -0.03705483 0.03206431 0.00000000
v -0.02753704 0.03148090 0.00000000
v -0.03180968 0.02664047 0.00000000
v -0.03257620 0.03610670 0.00000000
v -0.02763140 0.03039813 0.00000000
v -0.03709304 0.03097867 0.00000000
v -0.03074657 0.02687633 0.00000000
v -0.03149098 0.03603982 0.00000000
v -0.02797085 0.02936786 0.00000000
v -0.03688222 0.02991300 0.00000000
v -0.02976578 0.02734220 0.00000000
v -0.02838361 0.02865052 0.00000000
v -0.03045028 0.03573149 0.00000000
v -0.02891415 0.02801799 0.00000000
v -0.03643417 0.02892488 0.00000000
v -0.02950376 0.03519612 0.00000000
v -0.03577131 0.02806341 0.00000000
v -0.03631824 0.03403121 -0.00199997
v -0.03592967 0.03451985 -0.00199997
v -0.03573971 0.03471738 -0.00199997
v -0.03556269 0.03488278 -0.00199997
v -0.03516125 0.03520280 -0.00199997
v -0.03505271 0.03527802 -0.00199997
v -0.03442859 0.03563433 -0.00199997
v -0.03688198 0.03294134 -0.00199997
v -0.03676402 0.03323549 -0.00199997
v -0.03668224 0.03341144 -0.00199997
v -0.03643482 0.03385490 -0.00199997
v -0.03428739 0.03569895 -0.00199997
v -0.03394269 0.03583478 -0.00199997
v -0.03364211 0.03592973 -0.00199997
v -0.03344088 0.03598171 -0.00199997
v -0.03709477 0.03214293 -0.00199997
v -0.03705203 0.03235787 -0.00199997
v -0.03297573 0.03606855 -0.00199997
v -0.03224062 0.03611683 -0.00199997
v -0.03708755 0.03047662 -0.00199997
v -0.03716129 0.03113335 -0.00199997
v -0.03716439 0.03142541 -0.00199997
v -0.03715509 0.03164136 -0.00199997
v -0.03188979 0.03610259 -0.00199997
v -0.03151398 0.03606033 -0.00199997
v -0.03681552 0.02954757 -0.00199997
v -0.03692120 0.02983200 -0.00199997
v -0.03705561 0.03031814 -0.00199997
v -0.03083980 0.03591173 -0.00199997
v -0.03065979 0.03585523 -0.00199997
v -0.03015518 0.03565520 -0.00199997
v -0.03632754 0.02864742 -0.00199997
v -0.03635120 0.02868187 -0.00199997
v -0.03673434 0.02936041 -0.00199997
v -0.02987092 0.03551292 -0.00199997
v -0.02967834 0.03540295 -0.00199997
v -0.02902066 0.03492838 -0.00199997
v -0.03601783 0.02824783 -0.00199997
v -0.03570562 0.02792006 -0.00199997
v -0.03566491 0.02788168 -0.00199997
v -0.02899783 0.03490865 -0.00199997
v -0.02862483 0.03454697 -0.00199997
v -0.02832597 0.03418987 -0.00199997
v -0.02829545 0.03414905 -0.00199997
v -0.03501605 0.02737540 -0.00199997
v -0.03490006 0.02730250 -0.00199997
v -0.03457093 0.02711981 -0.00199997
v -0.02787256 0.03345865 -0.00199997
v -0.02781295 0.03333443 -0.00199997
v -0.03409802 0.02691280 -0.00199997
v -0.03396689 0.02686583 -0.00199997
v -0.02767413 0.03299963 -0.00199997
v -0.02752739 0.03252434 -0.00199997
v -0.03329253 0.02668923 -0.00199997
v -0.02749902 0.03240418 -0.00199997
v -0.03287005 0.02663004 -0.00199997
v -0.02740168 0.03173494 -0.00199997
v -0.03242653 0.02660769 -0.00199997
v -0.02739042 0.03144544 -0.00199997
v -0.02739351 0.03124111 -0.00199997
v -0.03167694 0.02665776 -0.00199997
v -0.02743804 0.03075182 -0.00199997
v -0.03133231 0.02671730 -0.00199997
v -0.02748209 0.03049826 -0.00199997
v -0.02758294 0.03009456 -0.00199997
v -0.03062403 0.02691859 -0.00199997
v -0.02771937 0.02970153 -0.00199997
v -0.03038334 0.02701306 -0.00199997
v -0.02775871 0.02960568 -0.00199997
v -0.02788889 0.02932447 -0.00199997
v -0.02990460 0.02724528 -0.00199997
v -0.02964884 0.02739632 -0.00199997
v -0.02819979 0.02879500 -0.00199997
v -0.02945023 0.02752840 -0.00199997
v -0.02823883 0.02873820 -0.00199997
v -0.02849823 0.02839964 -0.00199997
v -0.02878689 0.02808457 -0.00199997
v -0.03200066 0.03026586 0.00926995
v -0.03389167 0.03118777 0.00926995
v -0.03383564 0.03126490 0.00926995
v -0.03351432 0.03165161 0.00926995
v -0.03323209 0.03193116 0.00926995
v -0.03314822 0.03200560 0.00926995
v -0.03150445 0.03070551 0.00926995
v -0.03248423 0.03248679 0.00926995
v -0.03241252 0.03252899 0.00926995
v -0.03202623 0.03272938 0.00926995
v -0.03237730 0.02972030 0.00926995
v -0.03445869 0.03011876 0.00926995
v -0.03437113 0.03033661 0.00926995
v -0.03425347 0.03058809 0.00926995
v -0.03091746 0.03101354 0.00926995
v -0.03153920 0.03292441 0.00926995
v -0.03146779 0.03294813 0.00926995
v -0.03261238 0.02910041 0.00926995
v -0.03473955 0.02884548 0.00926995
v -0.03467828 0.02931940 0.00926995
v -0.03460961 0.02963560 0.00926995
v -0.03027373 0.03117221 0.00926995
v -0.03059917 0.03314691 0.00926995
v -0.03042370 0.03316783 0.00926995
v -0.02984476 0.03319162 0.00926995
v -0.03269231 0.02844226 0.00926995
v -0.03470677 0.02781355 0.00926995
v -0.03474324 0.02816349 0.00926995
v -0.03475129 0.02832561 0.00926995
v -0.02961081 0.03117221 0.00926995
v -0.02947175 0.03317022 0.00926995
v -0.02920341 0.03313684 0.00926995
v -0.02874124 0.03304278 0.00926995
v -0.03261238 0.02778416 0.00926995
v -0.03433597 0.02653115 0.00926995
v -0.03452420 0.02702134 0.00926995
v -0.03453356 0.02705061 0.00926995
v -0.02896714 0.03101354 0.00926995
v -0.02869457 0.03303062 0.00926995
v -0.02797818 0.03277832 0.00926995
v -0.02792042 0.03275221 0.00926995
v -0.03237730 0.02716428 0.00926995
v -0.03407967 0.02603852 0.00926995
v -0.03409820 0.02606987 0.00926995
v -0.02838009 0.03070551 0.00926995
v -0.02746033 0.03250974 0.00926995
v -0.02717649 0.03232592 0.00926995
v -0.02702432 0.03221505 0.00926995
v -0.03200066 0.02661871 0.00926995
v -0.03362411 0.02539974 0.00926995
v -0.03342014 0.02517312 0.00926995
v -0.03326249 0.02501618 0.00926995
v -0.02788388 0.03026586 0.00926995
v -0.02646422 0.03171575 0.00926995
v -0.02641993 0.03166890 0.00926995
v -0.03150445 0.02617907 0.00926995
v -0.03286594 0.02467828 0.00926995
v -0.02608978 0.03127378 0.00926995
v -0.02750730 0.02972030 0.00926995
v -0.03260254 0.02449107 0.00926995
v -0.02587741 0.03096485 0.00926995
v -0.02580124 0.03083980 0.00926995
v -0.03217035 0.02423650 0.00926995
v -0.03091746 0.02587097 0.00926995
v -0.03168994 0.02401882 0.00926995
v -0.03167235 0.02401202 0.00926995
v -0.02545249 0.03011071 0.00926995
v -0.02727222 0.02910041 0.00926995
v -0.02544629 0.03009414 0.00926995
v -0.03119468 0.02385663 0.00926995
v -0.03027373 0.02571231 0.00926995
v -0.02529847 0.02962362 0.00926995
v -0.03068226 0.02374857 0.00926995
v -0.02520012 0.02913665 0.00926995
v -0.02519726 0.02911663 0.00926995
v -0.02719229 0.02844226 0.00926995
v -0.03038316 0.02371191 0.00926995
v -0.02515172 0.02831101 0.00926995
v -0.02516055 0.02812963 0.00926995
v -0.02957022 0.02370685 0.00926995
v -0.02961081 0.02571231 0.00926995
v -0.02944660 0.02371817 0.00926995
v -0.02519428 0.02780264 0.00926995
v -0.02727222 0.02778416 0.00926995
v -0.02898150 0.02378988 0.00926995
v -0.02896714 0.02587097 0.00926995
v -0.02529311 0.02729588 0.00926995
v -0.02534180 0.02711772 0.00926995
v -0.02841901 0.02394056 0.00926995
v -0.02548956 0.02669185 0.00926995
v -0.02750730 0.02716428 0.00926995
v -0.02808427 0.02406626 0.00926995
v -0.02761071 0.02429544 0.00926995
v -0.02838009 0.02617907 0.00926995
v -0.02575099 0.02614480 0.00926995
v -0.02576655 0.02611714 0.00926995
v -0.02740168 0.02441811 0.00926995
v -0.02717006 0.02457141 0.00926995
v -0.02610993 0.02559548 0.00926995
v -0.02788388 0.02661871 0.00926995
v -0.02611947 0.02558284 0.00926995
v -0.02654093 0.02510076 0.00926995
v -0.02838009 0.03070551 0.00776994
v -0.02896714 0.03101354 0.00776994
v -0.02961081 0.03117221 0.00776994
v -0.03269231 0.02844226 0.00776994
v -0.03261238 0.02778416 0.00776994
v -0.03027373 0.03117221 0.00776994
v -0.03237730 0.02716428 0.00776994
v -0.03091746 0.03101354 0.00776994
v -0.03200066 0.02661871 0.00776994
v -0.03150445 0.03070551 0.00776994
v -0.03150445 0.02617907 0.00776994
v -0.03200066 0.03026586 0.00776994
v -0.03091746 0.02587097 0.00776994
v -0.03237730 0.02972030 0.00776994
v -0.03261238 0.02910041 0.00776994
v -0.03027373 0.02571231 0.00776994
v -0.02961081 0.02571231 0.00776994
v -0.02896714 0.02587097 0.00776994
v -0.02838009 0.02617907 0.00776994
v -0.02788388 0.02661871 0.00776994
v -0.02750730 0.02716428 0.00776994
v -0.02727222 0.02778416 0.00776994
v -0.02719229 0.02844226 0.00776994
v -0.02727222 0.02910041 0.00776994
v -0.02750730 0.02972030 0.00776994
v -0.02788388 0.03026586 0.00776994
v -0.02555930 0.03037029 0.00776994
v -0.02595257 0.03108024 0.00776994
v -0.03273320 0.02458059 0.00776994
v -0.03172415 0.02403229 0.00776994
v -0.02529078 0.02959340 0.00776994
v -0.03376823 0.03135335 0.00776994
v -0.03299677 0.03213149 0.00776994
v -0.03204697 0.03271973 0.00776994
v -0.03432637 0.03043699 0.00776994
v -0.03063952 0.02374219 0.00776994
v -0.03122442 0.03302031 0.00776994
v -0.02516043 0.02876657 0.00776994
v -0.03465503 0.02943903 0.00776994
v -0.03034120 0.03317552 0.00776994
v -0.02954334 0.02370905 0.00776994
v -0.02517974 0.02791833 0.00776994
v -0.03463113 0.02740800 0.00776994
v -0.03475332 0.02841150 0.00776994
v -0.02535551 0.02707201 0.00776994
v -0.02919936 0.03313630 0.00776994
v -0.02840298 0.02394592 0.00776994
v -0.03425979 0.02636957 0.00776994
v -0.02569144 0.02625465 0.00776994
v -0.02739471 0.02442240 0.00776994
v -0.02607250 0.02564561 0.00776994
v -0.02839720 0.03294128 0.00776994
v -0.02769458 0.03264117 0.00776994
v -0.02654093 0.02510076 0.00776994
v -0.02703922 0.03222632 0.00776994
v -0.03359895 0.02537018 0.00776994
v -0.02645158 0.03170251 0.00776994
v -0.02654093 0.02510076 0.01076996
v -0.02740168 0.02441811 0.01076996
v -0.02841901 0.02394056 0.01076996
v -0.02957022 0.02370685 0.01076996
v -0.03068226 0.02374857 0.01076996
v -0.03167235 0.02401202 0.01076996
v -0.03260254 0.02449107 0.01076996
v -0.03342014 0.02517312 0.01076996
v -0.03407967 0.02603852 0.01076996
v -0.03453356 0.02705061 0.01076996
v -0.03474324 0.02816349 0.01076996
v -0.03467828 0.02931940 0.01076996
v -0.03437113 0.03033661 0.01076996
v -0.03389167 0.03118777 0.01076996
v -0.03323209 0.03193116 0.01076996
v -0.03241252 0.03252899 0.01076996
v -0.03146779 0.03294813 0.01076996
v -0.03042370 0.03316783 0.01076996
v -0.02947175 0.03317022 0.01076996
v -0.02874124 0.03304278 0.01076996
v -0.02797818 0.03277832 0.01076996
v -0.02717649 0.03232592 0.01076996
v -0.02646422 0.03171575 0.01076996
v -0.02587741 0.03096485 0.01076996
v -0.02544629 0.03009414 0.01076996
v -0.02520012 0.02913665 0.01076996
v -0.02516055 0.02812963 0.01076996
v -0.02534180 0.02711772 0.01076996
v -0.02575099 0.02614480 0.01076996
v -0.02610993 0.02559548 0.01076996
v -0.02878689 0.02808457 -0.00349998
v -0.02833896 0.02860003 -0.00349998
v -0.02810072 0.02894747 -0.00349998
v -0.02809792 0.02895194 -0.00349998
v -0.02788889 0.02932447 -0.00349998
v -0.02763342 0.02993553 -0.00349998
v -0.02762889 0.02994894 -0.00349998
v -0.02751773 0.03033721 -0.00349998
v -0.02743804 0.03075182 -0.00349998
v -0.02740424 0.03105515 -0.00349998
v -0.02739197 0.03153711 -0.00349998
v -0.02743238 0.03203171 -0.00349998
v -0.02744030 0.03208744 -0.00349998
v -0.02752739 0.03252434 -0.00349998
v -0.02767616 0.03300511 -0.00349998
v -0.02778702 0.03327727 -0.00349998
v -0.02801609 0.03372460 -0.00349998
v -0.02810174 0.03386580 -0.00349998
v -0.02829545 0.03414905 -0.00349998
v -0.02870726 0.03463393 -0.00349998
v -0.02884358 0.03476858 -0.00349998
v -0.02924138 0.03510671 -0.00349998
v -0.02946859 0.03526943 -0.00349998
v -0.02967834 0.03540295 -0.00349998
v -0.03036004 0.03574413 -0.00349998
v -0.03045487 0.03578168 -0.00349998
v -0.03097409 0.03594911 -0.00349998
v -0.03134334 0.03603178 -0.00349998
v -0.03151398 0.03606033 -0.00349998
v -0.03236669 0.03611612 -0.00349998
v -0.03238451 0.03611576 -0.00349998
v -0.03290528 0.03607791 -0.00349998
v -0.03343713 0.03598260 -0.00349998
v -0.03344088 0.03598171 -0.00349998
v -0.03423643 0.03572094 -0.00349998
v -0.03444987 0.03562414 -0.00349998
v -0.03471058 0.03548848 -0.00349998
v -0.03516125 0.03520280 -0.00349998
v -0.03537434 0.03504163 -0.00349998
v -0.03578728 0.03467005 -0.00349998
v -0.03613156 0.03428232 -0.00349998
v -0.03615492 0.03425276 -0.00349998
v -0.03643482 0.03385490 -0.00349998
v -0.03674173 0.03328537 -0.00349998
v -0.03680801 0.03313237 -0.00349998
v -0.03697764 0.03264808 -0.00349998
v -0.03708672 0.03218787 -0.00349998
v -0.03709477 0.03214293 -0.00349998
v -0.03716540 0.03133708 -0.00349998
v -0.03715503 0.03101742 -0.00349998
v -0.03713858 0.03082728 -0.00349998
v -0.03705561 0.03031814 -0.00349998
v -0.03696179 0.02995914 -0.00349998
v -0.03681534 0.02954703 -0.00349998
v -0.03659725 0.02908629 -0.00349998
v -0.03657937 0.02905362 -0.00349998
v -0.03632754 0.02864742 -0.00349998
v -0.03600549 0.02823364 -0.00349998
v -0.03581106 0.02802383 -0.00349998
v -0.03543335 0.02767968 -0.00349998
v -0.03526008 0.02754479 -0.00349998
v -0.03501605 0.02737540 -0.00349998
v -0.03436779 0.02702337 -0.00349998
v -0.03429031 0.02698957 -0.00349998
v -0.03380250 0.02681303 -0.00349998
v -0.03336811 0.02670389 -0.00349998
v -0.03329253 0.02668923 -0.00349998
v -0.03255099 0.02660995 -0.00349998
v -0.03236937 0.02660763 -0.00349998
v -0.03188842 0.02663248 -0.00349998
v -0.03152930 0.02668029 -0.00349998
v -0.03133231 0.02671730 -0.00349998
v -0.03063076 0.02691614 -0.00349998
v -0.03038334 0.02701306 -0.00349998
v -0.02967792 0.02737814 -0.00349998
v -0.02962875 0.02740913 -0.00349998
v -0.02921444 0.02770394 -0.00349998
v -0.02919155 0.02772223 -0.00349998
v -0.03433781 0.03044652 0.00772709
v -0.03619104 0.03169441 0.00324023
v -0.03467804 0.02945828 0.00768757
v -0.03582000 0.03265929 0.00335658
v -0.02659600 0.02509617 0.00750268
v -0.03287839 0.02463644 0.00706005
v -0.03372734 0.02542179 0.00723481
v -0.03593689 0.03423559 0.00090115
v -0.03649878 0.03330576 0.00091788
v -0.03524237 0.03353565 0.00343138
v -0.03634303 0.03068804 0.00308454
v -0.03479707 0.02844369 0.00761980
v -0.03470152 0.02745109 0.00752693
v -0.03174275 0.02403348 0.00765943
v -0.03187996 0.02410310 0.00688875
v -0.03626912 0.02969145 0.00289404
v -0.03436136 0.02641862 0.00739896
v -0.03683120 0.03230136 0.00091175
v -0.03067344 0.02374446 0.00754488
v -0.03080821 0.02383595 0.00673324
v -0.03693574 0.03127574 0.00088471
v -0.02873814 0.02790433 0.00067684
v -0.03593355 0.02865171 0.00265443
v -0.02959209 0.02371639 0.00743383
v -0.03682398 0.03027915 0.00083923
v -0.02973508 0.02382981 0.00660312
v -0.03528195 0.02766382 0.00238013
v -0.02847540 0.02395778 0.00732464
v -0.03646886 0.02924889 0.00077027
v -0.02863579 0.02408683 0.00649482
v -0.03440815 0.02691006 0.00212467
v -0.02749484 0.02443540 0.00723445
v -0.02685356 0.02523452 0.00638288
v -0.03582745 0.02825665 0.00067596
v -0.02767437 0.02456587 0.00642276
v -0.02723902 0.02562510 0.00518942
v -0.03340107 0.02642309 0.00191158
v -0.03497964 0.02747136 0.00056953
v -0.03234183 0.02619993 0.00174892
v -0.03398549 0.02692836 0.00045794
v -0.03129804 0.02621799 0.00163573
v -0.03291469 0.02664434 0.00034875
v -0.03023582 0.02647566 0.00156307
v -0.03183424 0.02662014 0.00024868
v -0.02849280 0.02756690 0.00154745
v -0.02930188 0.02693301 0.00153548
v -0.03071969 0.02686327 0.00015604
v -0.02974057 0.02733963 0.00008505
v -0.02583199 0.02626222 0.00710148
v -0.02602893 0.02635771 0.00637823
v -0.02550256 0.02707433 0.00708312
v -0.02569156 0.02715462 0.00640291
v -0.02532863 0.02791619 0.00708038
v -0.02550387 0.02798539 0.00644755
v -0.02530592 0.02876126 0.00709247
v -0.02546513 0.02882474 0.00651091
v -0.02544534 0.02964764 0.00712109
v -0.02558845 0.02971154 0.00659877
v -0.02582639 0.03065282 0.00717586
v -0.02595609 0.03072267 0.00672865
v -0.02765411 0.02864074 0.00162417
v -0.02656322 0.03170251 0.00726765
v -0.02729415 0.02941441 0.00170898
v -0.02669060 0.03177833 0.00691086
v -0.02707839 0.03023248 0.00182158
v -0.02778571 0.03264582 0.00740808
v -0.02701419 0.03106880 0.00196063
v -0.02792292 0.03271377 0.00714683
v -0.02712088 0.03196060 0.00213784
v -0.02916526 0.03312253 0.00755757
v -0.02930831 0.03316396 0.00735772
v -0.03023606 0.03318500 0.00766814
v -0.02748680 0.03297793 0.00237793
v -0.03037244 0.03320431 0.00749010
v -0.02767384 0.03254872 0.00008666
v -0.03122723 0.03301978 0.00776607
v -0.02824354 0.03401964 0.00267619
v -0.03134942 0.03302347 0.00759077
v -0.02805554 0.03355699 0.00015733
v -0.03210908 0.03272479 0.00765467
v -0.02950292 0.03490364 0.00300181
v -0.02879637 0.03460806 0.00026298
v -0.03301841 0.03213769 0.00771147
v -0.03087937 0.03529345 0.00323409
v -0.03377783 0.03135901 0.00773567
v -0.03002488 0.03554815 0.00041032
v -0.03191620 0.03530669 0.00335234
v -0.03140723 0.03601843 0.00055514
v -0.03286051 0.03512078 0.00342417
v -0.03359603 0.03483265 0.00345689
v -0.03247737 0.03607678 0.00065558
v -0.03448474 0.03427541 0.00346470
v -0.03346669 0.03590959 0.00073973
v -0.03423947 0.03561621 0.00079899
v -0.03516608 0.03502643 0.00086083
v 0.02944976 -0.02798897 -0.00199997
v 0.02887344 -0.02829146 -0.00199997
v 0.02887344 -0.02829146 0.00000000
v 0.02944976 -0.02798897 0.00000000
v 0.03008174 -0.02783322 -0.00199997
v 0.03008174 -0.02783322 0.00000000
v 0.03302878 -0.03115969 -0.00199997
v 0.03310722 -0.03051352 -0.00199997
v 0.03310722 -0.03051352 0.00000000
v 0.03302878 -0.03115969 0.00000000
v 0.03073269 -0.02783322 -0.00199997
v 0.03073269 -0.02783322 0.00000000
v 0.03279793 -0.03176826 -0.00199997
v 0.03279793 -0.03176826 0.00000000
v 0.03136461 -0.02798897 -0.00199997
v 0.03136461 -0.02798897 0.00000000
v 0.03242820 -0.03230392 -0.00199997
v 0.03242820 -0.03230392 0.00000000
v 0.03194099 -0.02829146 -0.00199997
v 0.03194099 -0.02829146 0.00000000
v 0.03194099 -0.03273558 -0.00199997
v 0.03194099 -0.03273558 0.00000000
v 0.03242820 -0.02872306 -0.00199997
v 0.03242820 -0.02872306 0.00000000
v 0.03136461 -0.03303807 -0.00199997
v 0.03136461 -0.03303807 0.00000000
v 0.03279793 -0.02925878 -0.00199997
v 0.03279793 -0.02925878 0.00000000
v 0.03302878 -0.02986735 -0.00199997
v 0.03302878 -0.02986735 0.00000000
v 0.03073269 -0.03319382 -0.00199997
v 0.03073269 -0.03319382 0.00000000
v 0.03008174 -0.03319382 -0.00199997
v 0.03008174 -0.03319382 0.00000000
v 0.02944976 -0.03303807 -0.00199997
v 0.02944976 -0.03303807 0.00000000
v 0.02887344 -0.03273558 -0.00199997
v 0.02887344 -0.03273558 0.00000000
v 0.02838623 -0.03230392 -0.00199997
v 0.02838623 -0.03230392 0.00000000
v 0.02801650 -0.03176826 -0.00199997
v 0.02801650 -0.03176826 0.00000000
v 0.02778565 -0.03115969 -0.00199997
v 0.02778565 -0.03115969 0.00000000
v 0.02770721 -0.03051352 -0.00199997
v 0.02770721 -0.03051352 0.00000000
v 0.02778565 -0.02986735 -0.00199997
v 0.02778565 -0.02986735 0.00000000
v 0.02801650 -0.02925878 -0.00199997
v 0.02801650 -0.02925878 0.00000000
v 0.02838623 -0.02872306 -0.00199997
v 0.02838623 -0.02872306 0.00000000
v 0.02616685 -0.03271245 0.00000000
v 0.02678078 -0.03360903 0.00000000
v 0.03204220 -0.02604836 0.00000000
v 0.03301680 -0.02652966 0.00000000
v 0.02577197 -0.03170013 0.00000000
v 0.03433233 -0.03322315 0.00000000
v 0.03361326 -0.03403580 0.00000000
v 0.03272759 -0.03466606 0.00000000
v 0.03484940 -0.03226691 0.00000000
v 0.03172332 -0.03507995 0.00000000
v 0.03098469 -0.02579820 0.00000000
v 0.03513491 -0.03121995 0.00000000
v 0.02561777 -0.03062593 0.00000000
v 0.02989584 -0.02579027 0.00000000
v 0.03065174 -0.03525733 0.00000000
v 0.02571332 -0.02954328 0.00000000
v 0.03517436 -0.03013437 0.00000000
v 0.02883249 -0.02602493 0.00000000
v 0.02956664 -0.03518927 0.00000000
v 0.02605396 -0.02851337 0.00000000
v 0.03496474 -0.02906847 0.00000000
v 0.02785116 -0.02648973 0.00000000
v 0.02646750 -0.02779650 0.00000000
v 0.02852630 -0.03487974 0.00000000
v 0.02699875 -0.02716457 0.00000000
v 0.03451776 -0.02807980 0.00000000
v 0.02758038 -0.03434336 0.00000000
v 0.03385591 -0.02721762 0.00000000
v 0.03439611 -0.03318607 -0.00199997
v 0.03400701 -0.03367424 -0.00199997
v 0.03381687 -0.03387159 -0.00199997
v 0.03363960 -0.03403681 -0.00199997
v 0.03323787 -0.03435629 -0.00199997
v 0.03312927 -0.03443145 -0.00199997
v 0.03250473 -0.03478705 -0.00199997
v 0.03496110 -0.03209680 -0.00199997
v 0.03484284 -0.03239083 -0.00199997
v 0.03476089 -0.03256666 -0.00199997
v 0.03451293 -0.03300988 -0.00199997
v 0.03236347 -0.03485149 -0.00199997
v 0.03201860 -0.03498697 -0.00199997
v 0.03171789 -0.03508156 -0.00199997
v 0.03151667 -0.03513336 -0.00199997
v 0.03517478 -0.03129863 -0.00199997
v 0.03513181 -0.03151351 -0.00199997
v 0.03105133 -0.03521966 -0.00199997
v 0.03031617 -0.03526711 -0.00199997
v 0.03516948 -0.02963227 -0.00199997
v 0.03524243 -0.03028911 -0.00199997
v 0.03524523 -0.03058117 -0.00199997
v 0.03523564 -0.03079712 -0.00199997
v 0.02996540 -0.03525245 -0.00199997
v 0.02958965 -0.03520983 -0.00199997
v 0.03489845 -0.02870291 -0.00199997
v 0.03500378 -0.02898752 -0.00199997
v 0.03513765 -0.02947378 -0.00199997
v 0.02891564 -0.03506046 -0.00199997
v 0.02873563 -0.03500372 -0.00199997
v 0.02823126 -0.03480315 -0.00199997
v 0.03441148 -0.02780228 -0.00199997
v 0.03443503 -0.02783674 -0.00199997
v 0.03481739 -0.02851569 -0.00199997
v 0.02794712 -0.03466057 -0.00199997
v 0.02775466 -0.03455036 -0.00199997
v 0.02709758 -0.03407502 -0.00199997
v 0.03410214 -0.02740228 -0.00199997
v 0.03379034 -0.02707421 -0.00199997
v 0.03374963 -0.02703577 -0.00199997
v 0.02707475 -0.03405529 -0.00199997
v 0.02670216 -0.03369325 -0.00199997
v 0.02640372 -0.03333580 -0.00199997
v 0.02637320 -0.03329491 -0.00199997
v 0.03310143 -0.02652877 -0.00199997
v 0.03298544 -0.02645576 -0.00199997
v 0.03265649 -0.02627265 -0.00199997
v 0.02595114 -0.03260409 -0.00199997
v 0.02589166 -0.03247976 -0.00199997
v 0.03218388 -0.02606511 -0.00199997
v 0.03205281 -0.02601808 -0.00199997
v 0.02575320 -0.03214478 -0.00199997
v 0.02560693 -0.03166937 -0.00199997
v 0.03137862 -0.02584064 -0.00199997
v 0.02557873 -0.03154921 -0.00199997
v 0.03095620 -0.02578103 -0.00199997
v 0.02548211 -0.03087979 -0.00199997
v 0.03051269 -0.02575814 -0.00199997
v 0.02547121 -0.03059029 -0.00199997
v 0.02547448 -0.03038597 -0.00199997
v 0.02976304 -0.02580738 -0.00199997
v 0.02551960 -0.02989673 -0.00199997
v 0.02941834 -0.02586656 -0.00199997
v 0.02556395 -0.02964323 -0.00199997
v 0.02566522 -0.02923965 -0.00199997
v 0.02870988 -0.02606701 -0.00199997
v 0.02580207 -0.02884680 -0.00199997
v 0.02846908 -0.02616125 -0.00199997
v 0.02584159 -0.02875095 -0.00199997
v 0.02597206 -0.02846986 -0.00199997
v 0.02799004 -0.02639293 -0.00199997
v 0.02773416 -0.02654373 -0.00199997
v 0.02628350 -0.02794075 -0.00199997
v 0.02753543 -0.02667552 -0.00199997
v 0.02632260 -0.02788400 -0.00199997
v 0.02658241 -0.02754569 -0.00199997
v 0.02687144 -0.02723097 -0.00199997
v 0.03008282 -0.02941590 0.00926995
v 0.03197276 -0.03033989 0.00926995
v 0.03191661 -0.03041696 0.00926995
v 0.03159487 -0.03080326 0.00926995
v 0.03131234 -0.03108257 0.00926995
v 0.03122842 -0.03115689 0.00926995
v 0.02958607 -0.02985495 0.00926995
v 0.03056383 -0.03163737 0.00926995
v 0.03049212 -0.03167945 0.00926995
v 0.03010559 -0.03187942 0.00926995
v 0.03046000 -0.02887070 0.00926995
v 0.03254097 -0.02927148 0.00926995
v 0.03245311 -0.02948927 0.00926995
v 0.03233522 -0.02974063 0.00926995
v 0.02899873 -0.03016239 0.00926995
v 0.02961832 -0.03207391 0.00926995
v 0.02954691 -0.03209757 0.00926995
v 0.03069579 -0.02825111 0.00926995
v 0.03282320 -0.02799850 0.00926995
v 0.03276145 -0.02847242 0.00926995
v 0.03269243 -0.02878850 0.00926995
v 0.02835488 -0.03032028 0.00926995
v 0.02867805 -0.03229540 0.00926995
v 0.02850258 -0.03231608 0.00926995
v 0.02792364 -0.03233921 0.00926995
v 0.03077644 -0.02759307 0.00926995
v 0.03279161 -0.02696657 0.00926995
v 0.03282767 -0.02731651 0.00926995
v 0.03283554 -0.02747869 0.00926995
v 0.02769190 -0.03031957 0.00926995
v 0.02755057 -0.03231739 0.00926995
v 0.02728229 -0.03228372 0.00926995
v 0.02682024 -0.03218919 0.00926995
v 0.03069722 -0.02693486 0.00926995
v 0.03242218 -0.02568376 0.00926995
v 0.03260993 -0.02617412 0.00926995
v 0.03261923 -0.02620345 0.00926995
v 0.02704840 -0.03016018 0.00926995
v 0.02677357 -0.03217697 0.00926995
v 0.02605748 -0.03192383 0.00926995
v 0.02599978 -0.03189772 0.00926995
v 0.03046286 -0.02631473 0.00926995
v 0.03216648 -0.02519083 0.00926995
v 0.03218495 -0.02522224 0.00926995
v 0.02646172 -0.02985143 0.00926995
v 0.02553993 -0.03165465 0.00926995
v 0.02525633 -0.03147053 0.00926995
v 0.02510428 -0.03135949 0.00926995
v 0.03008687 -0.02576869 0.00926995
v 0.03171163 -0.02455157 0.00926995
v 0.03150796 -0.02432471 0.00926995
v 0.03135043 -0.02416759 0.00926995
v 0.02596598 -0.02941131 0.00926995
v 0.02454471 -0.03085958 0.00926995
v 0.02450048 -0.03081268 0.00926995
v 0.02959114 -0.02532851 0.00926995
v 0.03095430 -0.02382928 0.00926995
v 0.02417075 -0.03041714 0.00926995
v 0.02559000 -0.02886527 0.00926995
v 0.03069108 -0.02364176 0.00926995
v 0.02395874 -0.03010803 0.00926995
v 0.02388268 -0.02998292 0.00926995
v 0.03025919 -0.02338671 0.00926995
v 0.02900445 -0.02501976 0.00926995
v 0.02977901 -0.02316850 0.00926995
v 0.02976143 -0.02316164 0.00926995
v 0.02353477 -0.02925348 0.00926995
v 0.02535557 -0.02824515 0.00926995
v 0.02352857 -0.02923685 0.00926995
v 0.02928394 -0.02300578 0.00926995
v 0.02836096 -0.02486044 0.00926995
v 0.02338129 -0.02876615 0.00926995
v 0.02877163 -0.02289712 0.00926995
v 0.02328354 -0.02827906 0.00926995
v 0.02328062 -0.02825903 0.00926995
v 0.02527642 -0.02758693 0.00926995
v 0.02847254 -0.02286010 0.00926995
v 0.02323603 -0.02745336 0.00926995
v 0.02324509 -0.02727198 0.00926995
v 0.02765965 -0.02285414 0.00926995
v 0.02769798 -0.02485966 0.00926995
v 0.02753597 -0.02286535 0.00926995
v 0.02327919 -0.02694505 0.00926995
v 0.02535706 -0.02692890 0.00926995
v 0.02707082 -0.02293652 0.00926995
v 0.02705413 -0.02501761 0.00926995
v 0.02337849 -0.02643847 0.00926995
v 0.02342736 -0.02626031 0.00926995
v 0.02650821 -0.02308654 0.00926995
v 0.02357566 -0.02583456 0.00926995
v 0.02559286 -0.02630931 0.00926995
v 0.02617329 -0.02321189 0.00926995
v 0.02569949 -0.02344053 0.00926995
v 0.02646678 -0.02532505 0.00926995
v 0.02383768 -0.02528780 0.00926995
v 0.02385330 -0.02526015 0.00926995
v 0.02549028 -0.02356296 0.00926995
v 0.02525854 -0.02371603 0.00926995
v 0.02419722 -0.02473890 0.00926995
v 0.02597004 -0.02576410 0.00926995
v 0.02420681 -0.02472633 0.00926995
v 0.02462875 -0.02424466 0.00926995
v 0.02646172 -0.02985143 0.00776994
v 0.02704840 -0.03016018 0.00776994
v 0.02769190 -0.03031957 0.00776994
v 0.03077644 -0.02759307 0.00776994
v 0.03069722 -0.02693486 0.00776994
v 0.02835488 -0.03032028 0.00776994
v 0.03046286 -0.02631473 0.00776994
v 0.02899873 -0.03016239 0.00776994
v 0.03008687 -0.02576869 0.00776994
v 0.02958607 -0.02985495 0.00776994
v 0.02959114 -0.02532851 0.00776994
v 0.03008282 -0.02941590 0.00776994
v 0.02900445 -0.02501976 0.00776994
v 0.03046000 -0.02887070 0.00776994
v 0.03069579 -0.02825111 0.00776994
v 0.02836096 -0.02486044 0.00776994
v 0.02769798 -0.02485966 0.00776994
v 0.02705413 -0.02501761 0.00776994
v 0.02646678 -0.02532505 0.00776994
v 0.02597004 -0.02576410 0.00776994
v 0.02559286 -0.02630931 0.00776994
v 0.02535706 -0.02692890 0.00776994
v 0.02527642 -0.02758693 0.00776994
v 0.02535557 -0.02824515 0.00776994
v 0.02559000 -0.02886527 0.00776994
v 0.02596598 -0.02941131 0.00776994
v 0.02364128 -0.02951312 0.00776994
v 0.02403378 -0.03022348 0.00776994
v 0.03082162 -0.02373141 0.00776994
v 0.02981317 -0.02318197 0.00776994
v 0.02337366 -0.02873593 0.00776994
v 0.03184914 -0.03050535 0.00776994
v 0.03107678 -0.03128260 0.00776994
v 0.03012633 -0.03186976 0.00776994
v 0.03240823 -0.02958959 0.00776994
v 0.02872890 -0.02289068 0.00776994
v 0.02930343 -0.03216946 0.00776994
v 0.02324420 -0.02790898 0.00776994
v 0.03273802 -0.02859199 0.00776994
v 0.02842009 -0.03232365 0.00776994
v 0.02763277 -0.02285635 0.00776994
v 0.02326446 -0.02706074 0.00776994
v 0.03271645 -0.02656096 0.00776994
v 0.03283745 -0.02756458 0.00776994
v 0.02344119 -0.02621459 0.00776994
v 0.02727824 -0.03228318 0.00776994
v 0.02649211 -0.02309197 0.00776994
v 0.03234624 -0.02552211 0.00776994
v 0.02377802 -0.02539759 0.00776994
v 0.02548331 -0.02356731 0.00776994
v 0.02415978 -0.02478903 0.00776994
v 0.02647638 -0.03208726 0.00776994
v 0.02577406 -0.03178638 0.00776994
v 0.02462875 -0.02424466 0.00776994
v 0.02511918 -0.03137081 0.00776994
v 0.03168654 -0.02452194 0.00776994
v 0.02453207 -0.03084629 0.00776994
v 0.02462875 -0.02424466 0.01076996
v 0.02549028 -0.02356296 0.01076996
v 0.02650821 -0.02308654 0.01076996
v 0.02765965 -0.02285414 0.01076996
v 0.02877163 -0.02289712 0.01076996
v 0.02976143 -0.02316164 0.01076996
v 0.03069108 -0.02364176 0.01076996
v 0.03150796 -0.02432471 0.01076996
v 0.03216648 -0.02519083 0.01076996
v 0.03261923 -0.02620345 0.01076996
v 0.03282767 -0.02731651 0.01076996
v 0.03276145 -0.02847242 0.01076996
v 0.03245311 -0.02948927 0.01076996
v 0.03197276 -0.03033989 0.01076996
v 0.03131234 -0.03108257 0.01076996
v 0.03049212 -0.03167945 0.01076996
v 0.02954691 -0.03209757 0.01076996
v 0.02850258 -0.03231608 0.01076996
v 0.02755057 -0.03231739 0.01076996
v 0.02682024 -0.03218919 0.01076996
v 0.02605748 -0.03192383 0.01076996
v 0.02525633 -0.03147053 0.01076996
v 0.02454471 -0.03085958 0.01076996
v 0.02395874 -0.03010803 0.01076996
v 0.02352857 -0.02923685 0.01076996
v 0.02328354 -0.02827906 0.01076996
v 0.02324509 -0.02727198 0.01076996
v 0.02342736 -0.02626031 0.01076996
v 0.02383768 -0.02528780 0.01076996
v 0.02419722 -0.02473890 0.01076996
v 0.02687144 -0.02723097 -0.00349998
v 0.02642291 -0.02774602 -0.00349998
v 0.02618426 -0.02809309 -0.00349998
v 0.02618145 -0.02809756 -0.00349998
v 0.02597206 -0.02846986 -0.00349998
v 0.02571588 -0.02908068 -0.00349998
v 0.02571135 -0.02909409 -0.00349998
v 0.02559971 -0.02948224 -0.00349998
v 0.02551960 -0.02989673 -0.00349998
v 0.02548545 -0.03020006 -0.00349998
v 0.02547270 -0.03068196 -0.00349998
v 0.02551251 -0.03117662 -0.00349998
v 0.02552038 -0.03123235 -0.00349998
v 0.02560693 -0.03166937 -0.00349998
v 0.02575522 -0.03215032 -0.00349998
v 0.02586579 -0.03242254 -0.00349998
v 0.02609437 -0.03287017 -0.00349998
v 0.02617985 -0.03301143 -0.00349998
v 0.02637320 -0.03329491 -0.00349998
v 0.02678447 -0.03378021 -0.00349998
v 0.02692067 -0.03391504 -0.00349998
v 0.02731806 -0.03425365 -0.00349998
v 0.02754515 -0.03441661 -0.00349998
v 0.02775466 -0.03455036 -0.00349998
v 0.02843600 -0.03489232 -0.00349998
v 0.02853083 -0.03492993 -0.00349998
v 0.02904987 -0.03509795 -0.00349998
v 0.02941900 -0.03518104 -0.00349998
v 0.02958965 -0.03520983 -0.00349998
v 0.03044223 -0.03526651 -0.00349998
v 0.03046011 -0.03526622 -0.00349998
v 0.03098088 -0.03522896 -0.00349998
v 0.03151285 -0.03513419 -0.00349998
v 0.03151667 -0.03513336 -0.00349998
v 0.03231245 -0.03487342 -0.00349998
v 0.03252595 -0.03477692 -0.00349998
v 0.03278684 -0.03464150 -0.00349998
v 0.03323787 -0.03435629 -0.00349998
v 0.03345108 -0.03419542 -0.00349998
v 0.03386443 -0.03382426 -0.00349998
v 0.03420919 -0.03343695 -0.00349998
v 0.03423255 -0.03340739 -0.00349998
v 0.03451293 -0.03300988 -0.00349998
v 0.03482049 -0.03244066 -0.00349998
v 0.03488689 -0.03228771 -0.00349998
v 0.03505706 -0.03180360 -0.00349998
v 0.03516668 -0.03134351 -0.00349998
v 0.03517478 -0.03129863 -0.00349998
v 0.03524631 -0.03049284 -0.00349998
v 0.03523629 -0.03017312 -0.00349998
v 0.03522002 -0.02998304 -0.00349998
v 0.03513765 -0.02947378 -0.00349998
v 0.03504419 -0.02911466 -0.00349998
v 0.03489822 -0.02870237 -0.00349998
v 0.03468066 -0.02824145 -0.00349998
v 0.03466284 -0.02820873 -0.00349998
v 0.03441148 -0.02780228 -0.00349998
v 0.03408986 -0.02738815 -0.00349998
v 0.03389573 -0.02717810 -0.00349998
v 0.03351837 -0.02683353 -0.00349998
v 0.03334522 -0.02669847 -0.00349998
v 0.03310143 -0.02652877 -0.00349998
v 0.03245347 -0.02617597 -0.00349998
v 0.03237605 -0.02614217 -0.00349998
v 0.03188842 -0.02596503 -0.00349998
v 0.03145420 -0.02585542 -0.00349998
v 0.03137862 -0.02584064 -0.00349998
v 0.03063714 -0.02576059 -0.00349998
v 0.03045552 -0.02575808 -0.00349998
v 0.02997457 -0.02578240 -0.00349998
v 0.02961540 -0.02582979 -0.00349998
v 0.02941834 -0.02586656 -0.00349998
v 0.02871662 -0.02606463 -0.00349998
v 0.02846908 -0.02616125 -0.00349998
v 0.02776324 -0.02652555 -0.00349998
v 0.02771401 -0.02655649 -0.00349998
v 0.02729946 -0.02685087 -0.00349998
v 0.02727645 -0.02686911 -0.00349998
v 0.03389942 -0.03181356 0.00335658
v 0.03427153 -0.03084909 0.00324023
v 0.03241974 -0.02959913 0.00772709
v 0.03096675 -0.02378743 0.00706005
v 0.02468383 -0.02424013 0.00750268
v 0.03181487 -0.02457374 0.00723481
v 0.03401458 -0.03338998 0.00090115
v 0.03457748 -0.03246080 0.00091788
v 0.03332084 -0.03268927 0.00343138
v 0.03442466 -0.02984285 0.00308454
v 0.03276103 -0.02861124 0.00768757
v 0.03288120 -0.02759683 0.00761980
v 0.02983176 -0.02318316 0.00765943
v 0.02996897 -0.02325302 0.00688875
v 0.03435188 -0.02884620 0.00289404
v 0.03278678 -0.02660411 0.00752693
v 0.03491103 -0.03145676 0.00091175
v 0.02876281 -0.02289295 0.00754488
v 0.02889746 -0.02298468 0.00673324
v 0.03501671 -0.03043121 0.00088471
v 0.02682292 -0.02705067 0.00067684
v 0.03401744 -0.02780610 0.00265443
v 0.03244775 -0.02557128 0.00739896
v 0.02768146 -0.02286368 0.00743383
v 0.03490608 -0.02943456 0.00083923
v 0.02782434 -0.02297729 0.00660312
v 0.03336697 -0.02681750 0.00238013
v 0.02656453 -0.02310389 0.00732464
v 0.03455209 -0.02840387 0.00077027
v 0.02672475 -0.02323311 0.00649482
v 0.03249400 -0.02606278 0.00212467
v 0.02558350 -0.02358037 0.00723445
v 0.02494132 -0.02437877 0.00638288
v 0.03391176 -0.02741092 0.00067596
v 0.02576285 -0.02371102 0.00642276
v 0.02532631 -0.02476984 0.00518942
v 0.03148746 -0.02557468 0.00191158
v 0.03306484 -0.02662467 0.00056953
v 0.03042846 -0.02535033 0.00174892
v 0.03207129 -0.02608054 0.00045794
v 0.02938467 -0.02536725 0.00163573
v 0.03100085 -0.02579534 0.00034875
v 0.02832216 -0.02562373 0.00156307
v 0.02992039 -0.02576994 0.00024868
v 0.02738767 -0.02608001 0.00153548
v 0.02657788 -0.02671301 0.00154745
v 0.02880561 -0.02601188 0.00015604
v 0.02782595 -0.02648711 0.00008505
v 0.02391856 -0.02540534 0.00710148
v 0.02411538 -0.02550107 0.00637823
v 0.02358818 -0.02621710 0.00708312
v 0.02377712 -0.02629756 0.00640291
v 0.02341336 -0.02705872 0.00708038
v 0.02358853 -0.02712815 0.00644755
v 0.02338975 -0.02790385 0.00709247
v 0.02354884 -0.02796751 0.00651091
v 0.02352815 -0.02879035 0.00712109
v 0.02367115 -0.02885442 0.00659877
v 0.02390807 -0.02979594 0.00717586
v 0.02403765 -0.02986592 0.00672865
v 0.02573806 -0.02778589 0.00162417
v 0.02464371 -0.03084647 0.00726765
v 0.02537721 -0.02855920 0.00170898
v 0.02477103 -0.03092241 0.00691086
v 0.02516055 -0.02937704 0.00182158
v 0.02586519 -0.03179109 0.00740808
v 0.02509540 -0.03021323 0.00196063
v 0.02600228 -0.03185921 0.00714683
v 0.02520114 -0.03110522 0.00213784
v 0.02724421 -0.03226935 0.00755757
v 0.02738720 -0.03231096 0.00735772
v 0.02831488 -0.03233301 0.00766814
v 0.02556592 -0.03212291 0.00237793
v 0.02845126 -0.03235250 0.00749010
v 0.02575343 -0.03169387 0.00008666
v 0.02930629 -0.03216892 0.00776607
v 0.02632147 -0.03316551 0.00267619
v 0.02942842 -0.03217273 0.00759077
v 0.02613401 -0.03270262 0.00015733
v 0.03018844 -0.03187495 0.00765467
v 0.02757984 -0.03405088 0.00300181
v 0.02687364 -0.03375446 0.00026298
v 0.03109848 -0.03128880 0.00771147
v 0.02895587 -0.03444224 0.00323409
v 0.03185874 -0.03051102 0.00773567
v 0.02810108 -0.03469592 0.00041032
v 0.02999269 -0.03445661 0.00335234
v 0.02948290 -0.03516775 0.00055514
v 0.03093719 -0.03427177 0.00342417
v 0.03167301 -0.03398442 0.00345689
v 0.03055298 -0.03522729 0.00065558
v 0.03256237 -0.03342819 0.00346470
v 0.03154253 -0.03506118 0.00073973
v 0.03231561 -0.03476870 0.00079899
v 0.03324282 -0.03417998 0.00086083
v -0.03261727 -0.02783322 0.00000000
v -0.03261727 -0.02783322 -0.00199997
v -0.03324925 -0.02798897 -0.00199997
v -0.03196638 -0.02783322 0.00000000
v -0.03499180 -0.03051352 0.00000000
v -0.03499180 -0.03051352 -0.00199997
v -0.03491336 -0.03115969 -0.00199997
v -0.03324925 -0.02798897 0.00000000
v -0.03382557 -0.02829146 -0.00199997
v -0.03491336 -0.03115969 0.00000000
v -0.03468257 -0.03176826 -0.00199997
v -0.03382557 -0.02829146 0.00000000
v -0.03431278 -0.02872306 -0.00199997
v -0.03468257 -0.03176826 0.00000000
v -0.03431278 -0.03230392 -0.00199997
v -0.03431278 -0.02872306 0.00000000
v -0.03468257 -0.02925878 -0.00199997
v -0.03431278 -0.03230392 0.00000000
v -0.03382557 -0.03273558 -0.00199997
v -0.03468257 -0.02925878 0.00000000
v -0.03491336 -0.02986735 -0.00199997
v -0.03491336 -0.02986735 0.00000000
v -0.03382557 -0.03273558 0.00000000
v -0.03324925 -0.03303807 -0.00199997
v -0.03324925 -0.03303807 0.00000000
v -0.03261727 -0.03319382 -0.00199997
v -0.03261727 -0.03319382 0.00000000
v -0.03196638 -0.03319382 -0.00199997
v -0.03196638 -0.03319382 0.00000000
v -0.03133440 -0.03303807 -0.00199997
v -0.03133440 -0.03303807 0.00000000
v -0.03075808 -0.03273558 -0.00199997
v -0.03075808 -0.03273558 0.00000000
v -0.03027087 -0.03230392 -0.00199997
v -0.03027087 -0.03230392 0.00000000
v -0.02990108 -0.03176826 -0.00199997
v -0.02990108 -0.03176826 0.00000000
v -0.02967029 -0.03115969 -0.00199997
v -0.02967029 -0.03115969 0.00000000
v -0.02959179 -0.03051352 -0.00199997
v -0.02959179 -0.03051352 0.00000000
v -0.02967029 -0.02986735 -0.00199997
v -0.02967029 -0.02986735 0.00000000
v -0.02990108 -0.02925878 -0.00199997
v -0.02990108 -0.02925878 0.00000000
v -0.03027087 -0.02872306 -0.00199997
v -0.03027087 -0.02872306 0.00000000
v -0.03075808 -0.02829146 -0.00199997
v -0.03075808 -0.02829146 0.00000000
v -0.03133440 -0.02798897 -0.00199997
v -0.03133440 -0.02798897 0.00000000
v -0.03196638 -0.02783322 -0.00199997
v -0.02805143 -0.03271245 0.00000000
v -0.02866536 -0.03360903 0.00000000
v -0.03490138 -0.02652966 0.00000000
v -0.03392684 -0.02604836 0.00000000
v -0.02765655 -0.03170013 0.00000000
v -0.03621697 -0.03322315 0.00000000
v -0.03549790 -0.03403580 0.00000000
v -0.03461217 -0.03466606 0.00000000
v -0.03673398 -0.03226691 0.00000000
v -0.03360795 -0.03507995 0.00000000
v -0.03286933 -0.02579820 0.00000000
v -0.02750241 -0.03062593 0.00000000
v -0.03701955 -0.03121995 0.00000000
v -0.03178042 -0.02579027 0.00000000
v -0.03253638 -0.03525733 0.00000000
v -0.02759796 -0.02954328 0.00000000
v -0.03705894 -0.03013437 0.00000000
v -0.03071713 -0.02602493 0.00000000
v -0.02793854 -0.02851337 0.00000000
v -0.03145128 -0.03518927 0.00000000
v -0.03684931 -0.02906847 0.00000000
v -0.02973580 -0.02648973 0.00000000
v -0.02835214 -0.02779650 0.00000000
v -0.02888333 -0.02716457 0.00000000
v -0.03041094 -0.03487974 0.00000000
v -0.03640240 -0.02807980 0.00000000
v -0.02946501 -0.03434336 0.00000000
v -0.03574049 -0.02721762 0.00000000
v -0.03628075 -0.03318607 -0.00199997
v -0.03589159 -0.03367424 -0.00199997
v -0.03570145 -0.03387159 -0.00199997
v -0.03552424 -0.03403681 -0.00199997
v -0.03512251 -0.03435629 -0.00199997
v -0.03501385 -0.03443145 -0.00199997
v -0.03438931 -0.03478705 -0.00199997
v -0.03684568 -0.03209680 -0.00199997
v -0.03672742 -0.03239083 -0.00199997
v -0.03664547 -0.03256666 -0.00199997
v -0.03639757 -0.03300988 -0.00199997
v -0.03424805 -0.03485149 -0.00199997
v -0.03390318 -0.03498697 -0.00199997
v -0.03360247 -0.03508156 -0.00199997
v -0.03340125 -0.03513336 -0.00199997
v -0.03705942 -0.03129863 -0.00199997
v -0.03701645 -0.03151351 -0.00199997
v -0.03293597 -0.03521966 -0.00199997
v -0.03220081 -0.03526711 -0.00199997
v -0.03705406 -0.02963227 -0.00199997
v -0.03712707 -0.03028911 -0.00199997
v -0.03712981 -0.03058117 -0.00199997
v -0.03712022 -0.03079712 -0.00199997
v -0.03185003 -0.03525245 -0.00199997
v -0.03147423 -0.03520983 -0.00199997
v -0.03678303 -0.02870291 -0.00199997
v -0.03688836 -0.02898752 -0.00199997
v -0.03702229 -0.02947378 -0.00199997
v -0.03080022 -0.03506046 -0.00199997
v -0.03062027 -0.03500372 -0.00199997
v -0.03011584 -0.03480315 -0.00199997
v -0.03629606 -0.02780228 -0.00199997
v -0.03631967 -0.02783674 -0.00199997
v -0.03670203 -0.02851569 -0.00199997
v -0.02983176 -0.03466057 -0.00199997
v -0.02963930 -0.03455036 -0.00199997
v -0.02898216 -0.03407502 -0.00199997
v -0.03598678 -0.02740228 -0.00199997
v -0.03567498 -0.02707421 -0.00199997
v -0.03563427 -0.02703577 -0.00199997
v -0.02895933 -0.03405529 -0.00199997
v -0.02858674 -0.03369325 -0.00199997
v -0.02828830 -0.03333580 -0.00199997
v -0.02825784 -0.03329491 -0.00199997
v -0.03498601 -0.02652877 -0.00199997
v -0.03487008 -0.02645576 -0.00199997
v -0.03454113 -0.02627265 -0.00199997
v -0.02783572 -0.03260409 -0.00199997
v -0.02777624 -0.03247976 -0.00199997
v -0.03406852 -0.02606511 -0.00199997
v -0.03393739 -0.02601808 -0.00199997
v -0.02763783 -0.03214478 -0.00199997
v -0.02749156 -0.03166937 -0.00199997
v -0.03326320 -0.02584064 -0.00199997
v -0.02746331 -0.03154921 -0.00199997
v -0.03284084 -0.02578103 -0.00199997
v -0.02736675 -0.03087979 -0.00199997
v -0.03239732 -0.02575814 -0.00199997
v -0.02735584 -0.03059029 -0.00199997
v -0.02735912 -0.03038597 -0.00199997
v -0.03164768 -0.02580738 -0.00199997
v -0.02740424 -0.02989673 -0.00199997
v -0.03130298 -0.02586656 -0.00199997
v -0.02744853 -0.02964323 -0.00199997
v -0.02754986 -0.02923965 -0.00199997
v -0.03059446 -0.02606701 -0.00199997
v -0.02768671 -0.02884680 -0.00199997
v -0.03035372 -0.02616125 -0.00199997
v -0.02772617 -0.02875095 -0.00199997
v -0.02785664 -0.02846986 -0.00199997
v -0.02987468 -0.02639293 -0.00199997
v -0.02961879 -0.02654373 -0.00199997
v -0.02816814 -0.02794075 -0.00199997
v -0.02942001 -0.02667552 -0.00199997
v -0.02820724 -0.02788400 -0.00199997
v -0.02846705 -0.02754569 -0.00199997
v -0.02875608 -0.02723097 -0.00199997
v -0.03385740 -0.03033989 0.00926995
v -0.03196740 -0.02941590 0.00926995
v -0.03380125 -0.03041696 0.00926995
v -0.03347951 -0.03080326 0.00926995
v -0.03319692 -0.03108257 0.00926995
v -0.03311300 -0.03115689 0.00926995
v -0.03147065 -0.02985495 0.00926995
v -0.03244847 -0.03163737 0.00926995
v -0.03237670 -0.03167945 0.00926995
v -0.03199023 -0.03187942 0.00926995
v -0.03442561 -0.02927148 0.00926995
v -0.03234463 -0.02887070 0.00926995
v -0.03433775 -0.02948927 0.00926995
v -0.03421986 -0.02974063 0.00926995
v -0.03088331 -0.03016239 0.00926995
v -0.03150290 -0.03207391 0.00926995
v -0.03143155 -0.03209757 0.00926995
v -0.03470784 -0.02799850 0.00926995
v -0.03258037 -0.02825111 0.00926995
v -0.03464609 -0.02847242 0.00926995
v -0.03457701 -0.02878850 0.00926995
v -0.03023946 -0.03032028 0.00926995
v -0.03056269 -0.03229540 0.00926995
v -0.03038716 -0.03231608 0.00926995
v -0.02980822 -0.03233921 0.00926995
v -0.03266102 -0.02759307 0.00926995
v -0.03467619 -0.02696657 0.00926995
v -0.03471231 -0.02731651 0.00926995
v -0.03472018 -0.02747869 0.00926995
v -0.02957653 -0.03031957 0.00926995
v -0.02943521 -0.03231739 0.00926995
v -0.02916693 -0.03228372 0.00926995
v -0.02870482 -0.03218919 0.00926995
v -0.03430682 -0.02568376 0.00926995
v -0.03258186 -0.02693486 0.00926995
v -0.03449457 -0.02617412 0.00926995
v -0.03450387 -0.02620345 0.00926995
v -0.02893298 -0.03016018 0.00926995
v -0.02865821 -0.03217697 0.00926995
v -0.02794212 -0.03192383 0.00926995
v -0.02788436 -0.03189772 0.00926995
v -0.03405112 -0.02519083 0.00926995
v -0.03234744 -0.02631473 0.00926995
v -0.03406959 -0.02522224 0.00926995
v -0.02834635 -0.02985143 0.00926995
v -0.02742457 -0.03165465 0.00926995
v -0.02714091 -0.03147053 0.00926995
v -0.02698886 -0.03135949 0.00926995
v -0.03359627 -0.02455157 0.00926995
v -0.03197145 -0.02576869 0.00926995
v -0.03339254 -0.02432471 0.00926995
v -0.03323507 -0.02416759 0.00926995
v -0.02785056 -0.02941131 0.00926995
v -0.02642935 -0.03085958 0.00926995
v -0.02638512 -0.03081268 0.00926995
v -0.03147572 -0.02532851 0.00926995
v -0.03283888 -0.02382928 0.00926995
v -0.02605539 -0.03041714 0.00926995
v -0.02747458 -0.02886527 0.00926995
v -0.03257566 -0.02364176 0.00926995
v -0.02584338 -0.03010803 0.00926995
v -0.02576732 -0.02998292 0.00926995
v -0.03214377 -0.02338671 0.00926995
v -0.03088909 -0.02501976 0.00926995
v -0.03166365 -0.02316850 0.00926995
v -0.03164601 -0.02316164 0.00926995
v -0.02541941 -0.02925348 0.00926995
v -0.02724021 -0.02824515 0.00926995
v -0.02541321 -0.02923685 0.00926995
v -0.03116852 -0.02300578 0.00926995
v -0.03024554 -0.02486044 0.00926995
v -0.02526593 -0.02876615 0.00926995
v -0.03065621 -0.02289712 0.00926995
v -0.02516812 -0.02827906 0.00926995
v -0.02516525 -0.02825903 0.00926995
v -0.02716106 -0.02758693 0.00926995
v -0.03035718 -0.02286010 0.00926995
v -0.02512067 -0.02745336 0.00926995
v -0.02512967 -0.02727198 0.00926995
v -0.02954429 -0.02285414 0.00926995
v -0.02958261 -0.02485966 0.00926995
v -0.02942061 -0.02286535 0.00926995
v -0.02516376 -0.02694505 0.00926995
v -0.02724170 -0.02692890 0.00926995
v -0.02895539 -0.02293652 0.00926995
v -0.02893871 -0.02501761 0.00926995
v -0.02526313 -0.02643847 0.00926995
v -0.02531200 -0.02626031 0.00926995
v -0.02839279 -0.02308654 0.00926995
v -0.02546030 -0.02583456 0.00926995
v -0.02747744 -0.02630931 0.00926995
v -0.02805787 -0.02321189 0.00926995
v -0.02758407 -0.02344053 0.00926995
v -0.02835136 -0.02532505 0.00926995
v -0.02572232 -0.02528780 0.00926995
v -0.02573794 -0.02526015 0.00926995
v -0.02737492 -0.02356296 0.00926995
v -0.02714312 -0.02371603 0.00926995
v -0.02785468 -0.02576410 0.00926995
v -0.02608186 -0.02473890 0.00926995
v -0.02609145 -0.02472633 0.00926995
v -0.02651339 -0.02424466 0.00926995
v -0.02893298 -0.03016018 0.00776994
v -0.02834635 -0.02985143 0.00776994
v -0.02957653 -0.03031957 0.00776994
v -0.03258186 -0.02693486 0.00776994
v -0.03266102 -0.02759307 0.00776994
v -0.03023946 -0.03032028 0.00776994
v -0.03234744 -0.02631473 0.00776994
v -0.03088331 -0.03016239 0.00776994
v -0.03197145 -0.02576869 0.00776994
v -0.03147065 -0.02985495 0.00776994
v -0.03147572 -0.02532851 0.00776994
v -0.03196740 -0.02941590 0.00776994
v -0.03088909 -0.02501976 0.00776994
v -0.03234463 -0.02887070 0.00776994
v -0.03258037 -0.02825111 0.00776994
v -0.03024554 -0.02486044 0.00776994
v -0.02958261 -0.02485966 0.00776994
v -0.02893871 -0.02501761 0.00776994
v -0.02835136 -0.02532505 0.00776994
v -0.02785468 -0.02576410 0.00776994
v -0.02747744 -0.02630931 0.00776994
v -0.02724170 -0.02692890 0.00776994
v -0.02716106 -0.02758693 0.00776994
v -0.02724021 -0.02824515 0.00776994
v -0.02747458 -0.02886527 0.00776994
v -0.02785056 -0.02941131 0.00776994
v -0.02552586 -0.02951312 0.00776994
v -0.02591836 -0.03022348 0.00776994
v -0.03169780 -0.02318197 0.00776994
v -0.03270626 -0.02373141 0.00776994
v -0.02525830 -0.02873593 0.00776994
v -0.03373372 -0.03050535 0.00776994
v -0.03296136 -0.03128260 0.00776994
v -0.03201091 -0.03186976 0.00776994
v -0.03429287 -0.02958959 0.00776994
v -0.03118807 -0.03216946 0.00776994
v -0.03061348 -0.02289068 0.00776994
v -0.02512884 -0.02790898 0.00776994
v -0.03462266 -0.02859199 0.00776994
v -0.03030467 -0.03232365 0.00776994
v -0.02951735 -0.02285635 0.00776994
v -0.02514904 -0.02706074 0.00776994
v -0.03460103 -0.02656096 0.00776994
v -0.03472208 -0.02756458 0.00776994
v -0.02532577 -0.02621459 0.00776994
v -0.02916288 -0.03228318 0.00776994
v -0.02837675 -0.02309197 0.00776994
v -0.03423088 -0.02552211 0.00776994
v -0.02566266 -0.02539759 0.00776994
v -0.02736794 -0.02356731 0.00776994
v -0.02836096 -0.03208726 0.00776994
v -0.02604436 -0.02478903 0.00776994
v -0.02765870 -0.03178638 0.00776994
v -0.02651339 -0.02424466 0.00776994
v -0.02700376 -0.03137081 0.00776994
v -0.03357112 -0.02452194 0.00776994
v -0.02641671 -0.03084629 0.00776994
v -0.02651339 -0.02424466 0.01076996
v -0.02737492 -0.02356296 0.01076996
v -0.02839279 -0.02308654 0.01076996
v -0.02954429 -0.02285414 0.01076996
v -0.03065621 -0.02289712 0.01076996
v -0.03164601 -0.02316164 0.01076996
v -0.03257566 -0.02364176 0.01076996
v -0.03339254 -0.02432471 0.01076996
v -0.03405112 -0.02519083 0.01076996
v -0.03450387 -0.02620345 0.01076996
v -0.03471231 -0.02731651 0.01076996
v -0.03464609 -0.02847242 0.01076996
v -0.03433775 -0.02948927 0.01076996
v -0.03385740 -0.03033989 0.01076996
v -0.03319692 -0.03108257 0.01076996
v -0.03237670 -0.03167945 0.01076996
v -0.03143155 -0.03209757 0.01076996
v -0.03038716 -0.03231608 0.01076996
v -0.02943521 -0.03231739 0.01076996
v -0.02870482 -0.03218919 0.01076996
v -0.02794212 -0.03192383 0.01076996
v -0.02714091 -0.03147053 0.01076996
v -0.02642935 -0.03085958 0.01076996
v -0.02584338 -0.03010803 0.01076996
v -0.02541321 -0.02923685 0.01076996
v -0.02516812 -0.02827906 0.01076996
v -0.02512967 -0.02727198 0.01076996
v -0.02531200 -0.02626031 0.01076996
v -0.02572232 -0.02528780 0.01076996
v -0.02608186 -0.02473890 0.01076996
v -0.02875608 -0.02723097 -0.00349998
v -0.02830755 -0.02774602 -0.00349998
v -0.02806890 -0.02809309 -0.00349998
v -0.02806609 -0.02809756 -0.00349998
v -0.02785664 -0.02846986 -0.00349998
v -0.02760046 -0.02908068 -0.00349998
v -0.02759599 -0.02909409 -0.00349998
v -0.02748435 -0.02948224 -0.00349998
v -0.02740424 -0.02989673 -0.00349998
v -0.02737009 -0.03020006 -0.00349998
v -0.02735728 -0.03068196 -0.00349998
v -0.02739709 -0.03117662 -0.00349998
v -0.02740502 -0.03123235 -0.00349998
v -0.02749156 -0.03166937 -0.00349998
v -0.02763986 -0.03215032 -0.00349998
v -0.02775043 -0.03242254 -0.00349998
v -0.02797895 -0.03287017 -0.00349998
v -0.02806442 -0.03301143 -0.00349998
v -0.02825784 -0.03329491 -0.00349998
v -0.02866911 -0.03378021 -0.00349998
v -0.02880525 -0.03391504 -0.00349998
v -0.02920269 -0.03425365 -0.00349998
v -0.02942973 -0.03441661 -0.00349998
v -0.02963930 -0.03455036 -0.00349998
v -0.03032064 -0.03489232 -0.00349998
v -0.03041547 -0.03492993 -0.00349998
v -0.03093445 -0.03509795 -0.00349998
v -0.03130364 -0.03518104 -0.00349998
v -0.03147423 -0.03520983 -0.00349998
v -0.03232687 -0.03526651 -0.00349998
v -0.03234469 -0.03526622 -0.00349998
v -0.03286552 -0.03522896 -0.00349998
v -0.03339743 -0.03513419 -0.00349998
v -0.03340125 -0.03513336 -0.00349998
v -0.03419709 -0.03487342 -0.00349998
v -0.03441059 -0.03477692 -0.00349998
v -0.03467148 -0.03464150 -0.00349998
v -0.03512251 -0.03435629 -0.00349998
v -0.03533571 -0.03419542 -0.00349998
v -0.03574907 -0.03382426 -0.00349998
v -0.03609383 -0.03343695 -0.00349998
v -0.03611719 -0.03340739 -0.00349998
v -0.03639757 -0.03300988 -0.00349998
v -0.03670507 -0.03244066 -0.00349998
v -0.03677153 -0.03228771 -0.00349998
v -0.03694170 -0.03180360 -0.00349998
v -0.03705126 -0.03134351 -0.00349998
v -0.03705942 -0.03129863 -0.00349998
v -0.03713089 -0.03049284 -0.00349998
v -0.03712093 -0.03017312 -0.00349998
v -0.03710466 -0.02998304 -0.00349998
v -0.03702229 -0.02947378 -0.00349998
v -0.03692883 -0.02911466 -0.00349998
v -0.03678286 -0.02870237 -0.00349998
v -0.03656530 -0.02824145 -0.00349998
v -0.03654742 -0.02820873 -0.00349998
v -0.03629606 -0.02780228 -0.00349998
v -0.03597450 -0.02738815 -0.00349998
v -0.03578031 -0.02717810 -0.00349998
v -0.03540295 -0.02683353 -0.00349998
v -0.03522986 -0.02669847 -0.00349998
v -0.03498601 -0.02652877 -0.00349998
v -0.03433811 -0.02617597 -0.00349998
v -0.03426069 -0.02614217 -0.00349998
v -0.03377306 -0.02596503 -0.00349998
v -0.03333878 -0.02585542 -0.00349998
v -0.03326320 -0.02584064 -0.00349998
v -0.03252178 -0.02576059 -0.00349998
v -0.03234016 -0.02575808 -0.00349998
v -0.03185921 -0.02578240 -0.00349998
v -0.03150004 -0.02582979 -0.00349998
v -0.03130298 -0.02586656 -0.00349998
v -0.03060120 -0.02606463 -0.00349998
v -0.03035372 -0.02616125 -0.00349998
v -0.02964788 -0.02652555 -0.00349998
v -0.02959865 -0.02655649 -0.00349998
v -0.02918404 -0.02685087 -0.00349998
v -0.02916109 -0.02686911 -0.00349998
v -0.03615617 -0.03084909 0.00324023
v -0.03430438 -0.02959913 0.00772709
v -0.03464567 -0.02861124 0.00768757
v -0.03578400 -0.03181356 0.00335658
v -0.02656847 -0.02424013 0.00750268
v -0.03285139 -0.02378743 0.00706005
v -0.03369951 -0.02457374 0.00723481
v -0.03646212 -0.03246080 0.00091788
v -0.03589916 -0.03338998 0.00090115
v -0.03520548 -0.03268927 0.00343138
v -0.03630930 -0.02984285 0.00308454
v -0.03476583 -0.02759683 0.00761980
v -0.03171640 -0.02318316 0.00765943
v -0.03185355 -0.02325302 0.00688875
v -0.03623652 -0.02884620 0.00289404
v -0.03467136 -0.02660411 0.00752693
v -0.03679561 -0.03145676 0.00091175
v -0.03064745 -0.02289295 0.00754488
v -0.03078210 -0.02298468 0.00673324
v -0.03690135 -0.03043121 0.00088471
v -0.02870750 -0.02705067 0.00067684
v -0.03590202 -0.02780610 0.00265443
v -0.03433239 -0.02557128 0.00739896
v -0.02956610 -0.02286368 0.00743383
v -0.03679066 -0.02943456 0.00083923
v -0.02970898 -0.02297729 0.00660312
v -0.03525161 -0.02681750 0.00238013
v -0.02844911 -0.02310389 0.00732464
v -0.03643673 -0.02840387 0.00077027
v -0.02860939 -0.02323311 0.00649482
v -0.03437858 -0.02606278 0.00212467
v -0.02746808 -0.02358037 0.00723445
v -0.02682590 -0.02437877 0.00638288
v -0.03579640 -0.02741092 0.00067596
v -0.02764743 -0.02371102 0.00642276
v -0.02721095 -0.02476984 0.00518942
v -0.03337204 -0.02557468 0.00191158
v -0.03494948 -0.02662467 0.00056953
v -0.03231310 -0.02535033 0.00174892
v -0.03395593 -0.02608054 0.00045794
v -0.03126931 -0.02536725 0.00163573
v -0.03288549 -0.02579534 0.00034875
v -0.03020673 -0.02562373 0.00156307
v -0.03180503 -0.02576994 0.00024868
v -0.02927231 -0.02608001 0.00153548
v -0.02846252 -0.02671301 0.00154745
v -0.03069019 -0.02601188 0.00015604
v -0.02971059 -0.02648711 0.00008505
v -0.02580314 -0.02540534 0.00710148
v -0.02599996 -0.02550107 0.00637823
v -0.02547281 -0.02621710 0.00708312
v -0.02566176 -0.02629756 0.00640291
v -0.02529793 -0.02705872 0.00708038
v -0.02547311 -0.02712815 0.00644755
v -0.02527433 -0.02790385 0.00709247
v -0.02543342 -0.02796751 0.00651091
v -0.02541273 -0.02879035 0.00712109
v -0.02555578 -0.02885442 0.00659877
v -0.02579265 -0.02979594 0.00717586
v -0.02592229 -0.02986592 0.00672865
v -0.02762264 -0.02778589 0.00162417
v -0.02652835 -0.03084647 0.00726765
v -0.02726179 -0.02855920 0.00170898
v -0.02665567 -0.03092241 0.00691086
v -0.02704519 -0.02937704 0.00182158
v -0.02774977 -0.03179109 0.00740808
v -0.02697998 -0.03021323 0.00196063
v -0.02788686 -0.03185921 0.00714683
v -0.02708572 -0.03110522 0.00213784
v -0.02912878 -0.03226935 0.00755757
v -0.02927184 -0.03231096 0.00735772
v -0.03019946 -0.03233301 0.00766814
v -0.02745050 -0.03212291 0.00237793
v -0.03033584 -0.03235250 0.00749010
v -0.02763801 -0.03169387 0.00008666
v -0.03119087 -0.03216892 0.00776607
v -0.02820605 -0.03316551 0.00267619
v -0.03131306 -0.03217273 0.00759077
v -0.02801859 -0.03270262 0.00015733
v -0.03207308 -0.03187495 0.00765467
v -0.02946448 -0.03405088 0.00300181
v -0.02875828 -0.03375446 0.00026298
v -0.03298306 -0.03128880 0.00771147
v -0.03084051 -0.03444224 0.00323409
v -0.03374332 -0.03051102 0.00773567
v -0.02998572 -0.03469592 0.00041032
v -0.03187733 -0.03445661 0.00335234
v -0.03136754 -0.03516775 0.00055514
v -0.03282183 -0.03427177 0.00342417
v -0.03355765 -0.03398442 0.00345689
v -0.03243762 -0.03522729 0.00065558
v -0.03444695 -0.03342819 0.00346470
v -0.03342711 -0.03506118 0.00073973
v -0.03420019 -0.03476870 0.00079899
v -0.03512746 -0.03417998 0.00086083
vt 0.00000000 0.00000000
vt 1.00000000 0.00000000
vt 1.00000000 1.00000000
vt 0.00000000 0.00000000
vt 1.00000000 0.00000000
vt 1.00000000 1.00000000
vt 0.00000000 0.00000000
vt 1.00000000 0.00000000
vt 1.00000000 1.00000000
vt 0.00000000 0.00000000
vt 1.00000000 0.00000000
vt 1.00000000 1.00000000
vt 0.00000000 0.00000000
vt 1.00000000 0.00000000
vt 1.00000000 1.00000000
vt 0.00000000 0.00000000
vt 1.00000000 0.00000000
vt 1.00000000 1.00000000
vt 0.00000000 0.00000000
vt 1.00000000 0.00000000
vt 1.00000000 1.00000000
vt 0.00000000 0.00000000
vt 1.00000000 0.00000000
vt 1.00000000 1.00000000
vt 0.00000000 0.00000000
vt 1.00000000 0.00000000
vt 1.00000000 1.00000000
vt 0.00000000 0.00000000
vt 1.00000000 0.00000000
vt 1.00000000 1.00000000
vt 0.00000000 0.00000000
vt 1.00000000 0.00000000
vt 1.00000000 1.00000000
vt 0.00000000 0.00000000
vt 1.00000000 0.00000000
vt 1.00000000 1.00000000
vt 0.00000000 0.00000000
vt 1.00000000 0.00000000
vt 1.00000000 1.00000000
vt 0.00000000 0.00000000
vt 1.00000000 0.00000000
vt 1.00000000 1.00000000
vt 0.00000000 0.00000000
vt 1.00000000 0.00000000
vt 1.00000000 1.00000000
vt 0.00000000 0.00000000
vt 1.00000000 0.00000000
vt 1.00000000 1.00000000
vt 0.00000000 0.00000000
vt 1.00000000 0.00000000
vt 1.00000000 1.00000000
vt 0.00000000 0.00000000
vt 1.00000000 0.00000000
vt 1.00000000 1.00000000
vt 0.00000000 0.00000000
vt 1.00000000 0.00000000
vt 1.00000000 1.00000000
vt 0.00000000 0.00000000
vt 1.00000000 0.00000000
vt 1.00000000 1.00000000
vt 0.00000000 0.00000000
vt 1.00000000 0.00000000
vt 1.00000000 1.00000000
vt 0.00000000 0.00000000
vt 1.00000000 0.00000000
vt 1.00000000 1.00000000
vt 0.00000000 0.00000000
vt 1.00000000 0.00000000
vt 1.00000000 1.00000000
vt 0.00000000 0.00000000
vt 1.00000000 0.00000000
vt 1.00000000 1.00000000
vt 0.00000000 0.00000000
vt 1.00000000 0.00000000
vt 1.00000000 1.00000000
vt 0.00000000 0.00000000
vt 1.00000000 0.00000000
vt 1.00000000 1.00000000
vt 0.00000000 0.00000000
vt 1.00000000 0.00000000
vt 1.00000000 1.00000000
vt 0.00000000 0.00000000
vt 1.00000000 0.00000000
vt 1.00000000 1.00000000
vt 0.00000000 0.00000000
vt 1.00000000 0.00000000
vt 1.00000000 1.00000000
vt 0.00000000 0.00000000
vt 1.00000000 0.00000000
vt 1.00000000 1.00000000
vt 0.00000000 0.00000000
vt 1.00000000 0.00000000
vt 1.00000000 1.00000000
vt 0.00000000 0.00000000
vt 1.00000000 0.00000000
vt 1.00000000 1.00000000
vt 0.00000000 0.00000000
vt 1.00000000 0.00000000
vt 1.00000000 1.00000000
vt 0.00000000 0.00000000
vt 1.00000000 0.00000000
vt 1.00000000 1.00000000
vt 0.00000000 0.00000000
vt 1.00000000 0.00000000
vt 1.00000000 1.00000000
vt 0.00000000 0.00000000
vt 1.00000000 0.00000000
vt 1.00000000 1.00000000
vt 0.00000000 0.00000000
vt 1.00000000 0.00000000
vt 1.00000000 1.00000000
vt 0.00000000 0.00000000
vt 1.00000000 0.00000000
vt 1.00000000 1.00000000
vt 0.00000000 0.00000000
vt 1.00000000 0.00000000
vt 1.00000000 1.00000000
vt 0.00000000 0.00000000
vt 1.00000000 0.00000000
vt 1.00000000 1.00000000
vt 0.00000000 0.00000000
vt 1.00000000 0.00000000
vt 1.00000000 1.00000000
vt 0.00000000 0.00000000
vt 1.00000000 0.00000000
vt 1.00000000 1.00000000
vt 0.00000000 0.00000000
vt 1.00000000 0.00000000
vt 1.00000000 1.00000000
vt 0.00000000 0.00000000
vt 1.00000000 0.00000000
vt 1.00000000 1.00000000
vt 0.00000000 0.00000000
vt 1.00000000 0.00000000
vt 1.00000000 1.00000000
vt 0.00000000 0.00000000
vt 1.00000000 0.00000000
vt 1.00000000 1.00000000
vt 0.00000000 0.00000000
vt 1.00000000 0.00000000
vt 1.00000000 1.00000000
vt 0.00000000 0.00000000
vt 1.00000000 0.00000000
vt 1.00000000 1.00000000
vt 0.00000000 0.00000000
vt 1.00000000 0.00000000
vt 1.00000000 1.00000000
vt 0.00000000 0.00000000
vt 1.00000000 0.00000000
vt 1.00000000 1.00000000
vt 0.00000000 0.00000000
vt 1.00000000 0.00000000
vt 1.00000000 1.00000000
vt 0.00000000 0.00000000
vt 1.00000000 0.00000000
vt 1.00000000 1.00000000
vt 0.00000000 0.00000000
vt 1.00000000 0.00000000
vt 1.00000000 1.00000000
vt 0.00000000 0.00000000
vt 1.00000000 0.00000000
vt 1.00000000 1.00000000
vt 0.00000000 0.00000000
vt 1.00000000 0.00000000
vt 1.00000000 1.00000000
vt 0.00000000 0.00000000
vt 1.00000000 0.00000000
vt 1.00000000 1.00000000
vt 0.00000000 0.00000000
vt 1.00000000 0.00000000
vt 1.00000000 1.00000000
vt 0.00000000 0.00000000
vt 1.00000000 0.00000000
vt 1.00000000 1.00000000
vt 0.00000000 0.00000000
vt 1.00000000 0.00000000
vt 1.00000000 1.00000000
vt 0.00000000 0.00000000
vt 1.00000000 0.00000000
vt 1.00000000 1.00000000
vt 0.00000000 0.00000000
vt 1.00000000 0.00000000
vt 1.00000000 1.00000000
vt 0.00000000 0.00000000
vt 1.00000000 0.00000000
vt 1.00000000 1.00000000
vt 0.00000000 0.00000000
vt 1.00000000 0.00000000
vt 1.00000000 1.00000000
vt 0.00000000 0.00000000
vt 1.00000000 0.00000000
vt 1.00000000 1.00000000
vt 0.00000000 0.00000000
vt 1.00000000 0.00000000
vt 1.00000000 1.00000000
vt 0.00000000 0.00000000
vt 1.00000000 0.00000000
vt 1.00000000 1.00000000
vt 0.00000000 0.00000000
vt 1.00000000 0.00000000
vt 1.00000000 1.00000000
vt 0.00000000 0.00000000
vt 1.00000000 0.00000000
vt 1.00000000 1.00000000
vt 0.00000000 0.00000000
vt 1.00000000 0.00000000
vt 1.00000000 1.00000000
vt 0.00000000 0.00000000
vt 1.00000000 0.00000000
vt 1.00000000 1.00000000
vt 0.00000000 0.00000000
vt 1.00000000 0.00000000
vt 1.00000000 1.00000000
vt 0.00000000 0.00000000
vt 1.00000000 0.00000000
vt 1.00000000 1.00000000
vt 0.00000000 0.00000000
vt 1.00000000 0.00000000
vt 1.00000000 1.00000000
vt 0.00000000 0.00000000
vt 1.00000000 0.00000000
vt 1.00000000 1.00000000
vt 0.00000000 0.00000000
vt 1.00000000 0.00000000
vt 1.00000000 1.00000000
vt 0.00000000 0.00000000
vt 1.00000000 0.00000000
vt 1.00000000 1.00000000
vt 0.00000000 0.00000000
vt 1.00000000 0.00000000
vt 1.00000000 1.00000000
vt 0.00000000 0.00000000
vt 1.00000000 0.00000000
vt 1.00000000 1.00000000
vt 0.00000000 0.00000000
vt 1.00000000 0.00000000
vt 1.00000000 1.00000000
vt 0.00000000 0.00000000
vt 1.00000000 0.00000000
vt 1.00000000 1.00000000
vt 0.00000000 0.00000000
vt 1.00000000 0.00000000
vt 1.00000000 1.00000000
vt 0.00000000 0.00000000
vt 1.00000000 0.00000000
vt 1.00000000 1.00000000
vt 0.00000000 0.00000000
vt 1.00000000 0.00000000
vt 1.00000000 1.00000000
vt 0.00000000 0.00000000
vt 1.00000000 0.00000000
vt 1.00000000 1.00000000
vt 0.00000000 0.00000000
vt 1.00000000 0.00000000
vt 1.00000000 1.00000000
vt 0.00000000 0.00000000
vt 1.00000000 0.00000000
vt 1.00000000 1.00000000
vt 0.00000000 0.00000000
vt 1.00000000 0.00000000
vt 1.00000000 1.00000000
vt 0.00000000 0.00000000
vt 1.00000000 0.00000000
vt 1.00000000 1.00000000
vt 0.00000000 0.00000000
vt 1.00000000 0.00000000
vt 1.00000000 1.00000000
vt 0.00000000 0.00000000
vt 1.00000000 0.00000000
vt 1.00000000 1.00000000
vt 0.00000000 0.00000000
vt 1.00000000 0.00000000
vt 1.00000000 1.00000000
vt 0.00000000 0.00000000
vt 1.00000000 0.00000000
vt 1.00000000 1.00000000
vt 0.00000000 0.00000000
vt 1.00000000 0.00000000
vt 1.00000000 1.00000000
vt 0.00000000 0.00000000
vt 1.00000000 0.00000000
vt 1.00000000 1.00000000
vt 0.00000000 0.00000000
vt 1.00000000 0.00000000
vt 1.00000000 1.00000000
vt 0.00000000 0.00000000
vt 1.00000000 0.00000000
vt 1.00000000 1.00000000
vt 0.00000000 0.00000000
vt 1.00000000 0.00000000
vt 1.00000000 1.00000000
vt 0.00000000 0.00000000
vt 1.00000000 0.00000000
vt 1.00000000 1.00000000
vt 0.00000000 0.00000000
vt 1.00000000 0.00000000
vt 1.00000000 1.00000000
vt 0.00000000 0.00000000
vt 1.00000000 0.00000000
vt 1.00000000 1.00000000
vt 0.00000000 0.00000000
vt 1.00000000 0.00000000
vt 1.00000000 1.00000000
vt 0.00000000 0.00000000
vt 1.00000000 0.00000000
vt 1.00000000 1.00000000
vt 0.00000000 0.00000000
vt 1.00000000 0.00000000
vt 1.00000000 1.00000000
vt 0.00000000 0.00000000
vt 1.00000000 0.00000000
vt 1.00000000 1.00000000
vt 0.00000000 0.00000000
vt 1.00000000 0.00000000
vt 1.00000000 1.00000000
vt 0.00000000 0.00000000
vt 1.00000000 0.00000000
vt 1.00000000 1.00000000
vt 0.00000000 0.00000000
vt 1.00000000 0.00000000
vt 1.00000000 1.00000000
vt 0.00000000 0.00000000
vt 1.00000000 0.00000000
vt 1.00000000 1.00000000
vt 0.00000000 0.00000000
vt 1.00000000 0.00000000
vt 1.00000000 1.00000000
vt 0.00000000 0.00000000
vt 1.00000000 0.00000000
vt 1.00000000 1.00000000
vt 0.00000000 0.00000000
vt 1.00000000 0.00000000
vt 1.00000000 1.00000000
vt 0.00000000 0.00000000
vt 1.00000000 0.00000000
vt 1.00000000 1.00000000
vt 0.00000000 0.00000000
vt 1.00000000 0.00000000
vt 1.00000000 1.00000000
vt 0.00000000 0.00000000
vt 1.00000000 0.00000000
vt 1.00000000 1.00000000
vt 0.00000000 0.00000000
vt 1.00000000 0.00000000
vt 1.00000000 1.00000000
vt 0.00000000 0.00000000
vt 1.00000000 0.00000000
vt 1.00000000 1.00000000
vt 0.00000000 0.00000000
vt 1.00000000 0.00000000
vt 1.00000000 1.00000000
vt 0.00000000 0.00000000
vt 1.00000000 0.00000000
vt 1.00000000 1.00000000
vt 0.00000000 0.00000000
vt 1.00000000 0.00000000
vt 1.00000000 1.00000000
vt 0.00000000 0.00000000
vt 1.00000000 0.00000000
vt 1.00000000 1.00000000
vt 0.00000000 0.00000000
vt 1.00000000 0.00000000
vt 1.00000000 1.00000000
vt 0.00000000 0.00000000
vt 1.00000000 0.00000000
vt 1.00000000 1.00000000
vt 0.00000000 0.00000000
vt 1.00000000 0.00000000
vt 1.00000000 1.00000000
vt 0.00000000 0.00000000
vt 1.00000000 0.00000000
vt 1.00000000 1.00000000
vt 0.00000000 0.00000000
vt 1.00000000 0.00000000
vt 1.00000000 1.00000000
vt 0.00000000 0.00000000
vt 1.00000000 0.00000000
vt 1.00000000 1.00000000
vt 0.00000000 0.00000000
vt 1.00000000 0.00000000
vt 1.00000000 1.00000000
vt 0.00000000 0.00000000
vt 1.00000000 0.00000000
vt 1.00000000 1.00000000
vt 0.00000000 0.00000000
vt 1.00000000 0.00000000
vt 1.00000000 1.00000000
vt 0.00000000 0.00000000
vt 1.00000000 0.00000000
vt 1.00000000 1.00000000
vt 0.00000000 0.00000000
vt 1.00000000 0.00000000
vt 1.00000000 1.00000000
vt 0.00000000 0.00000000
vt 1.00000000 0.00000000
vt 1.00000000 1.00000000
vt 0.00000000 0.00000000
vt 1.00000000 0.00000000
vt 1.00000000 1.00000000
vt 0.00000000 0.00000000
vt 1.00000000 0.00000000
vt 1.00000000 1.00000000
vt 0.00000000 0.00000000
vt 1.00000000 0.00000000
vt 1.00000000 1.00000000
vt 0.00000000 0.00000000
vt 1.00000000 0.00000000
vt 1.00000000 1.00000000
vt 0.00000000 0.00000000
vt 1.00000000 0.00000000
vt 1.00000000 1.00000000
vt 0.00000000 0.00000000
vt 1.00000000 0.00000000
vt 1.00000000 1.00000000
vt 0.00000000 0.00000000
vt 1.00000000 0.00000000
vt 1.00000000 1.00000000
vt 0.00000000 0.00000000
vt 1.00000000 0.00000000
vt 1.00000000 1.00000000
vt 0.00000000 0.00000000
vt 1.00000000 0.00000000
vt 1.00000000 1.00000000
vt 0.00000000 0.00000000
vt 1.00000000 0.00000000
vt 1.00000000 1.00000000
vt 0.00000000 0.00000000
vt 1.00000000 0.00000000
vt 1.00000000 1.00000000
vt 0.00000000 0.00000000
vt 1.00000000 0.00000000
vt 1.00000000 1.00000000
vt 0.00000000 0.00000000
vt 1.00000000 0.00000000
vt 1.00000000 1.00000000
vt 0.00000000 0.00000000
vt 1.00000000 0.00000000
vt 1.00000000 1.00000000
vt 0.00000000 0.00000000
vt 1.00000000 0.00000000
vt 1.00000000 1.00000000
vt 0.00000000 0.00000000
vt 1.00000000 0.00000000
vt 1.00000000 1.00000000
vt 0.00000000 0.00000000
vt 1.00000000 0.00000000
vt 1.00000000 1.00000000
vt 0.00000000 0.00000000
vt 1.00000000 0.00000000
vt 1.00000000 1.00000000
vt 0.00000000 0.00000000
vt 1.00000000 0.00000000
vt 1.00000000 1.00000000
vt 0.00000000 0.00000000
vt 1.00000000 0.00000000
vt 1.00000000 1.00000000
vt 0.00000000 0.00000000
vt 1.00000000 0.00000000
vt 1.00000000 1.00000000
vt 0.00000000 0.00000000
vt 1.00000000 0.00000000
vt 1.00000000 1.00000000
vt 0.00000000 0.00000000
vt 1.00000000 0.00000000
vt 1.00000000 1.00000000
vt 0.00000000 0.00000000
vt 1.00000000 0.00000000
vt 1.00000000 1.00000000
vt 0.00000000 0.00000000
vt 1.00000000 0.00000000
vt 1.00000000 1.00000000
vt 0.00000000 0.00000000
vt 1.00000000 0.00000000
vt 1.00000000 1.00000000
vt 0.00000000 0.00000000
vt 1.00000000 0.00000000
vt 1.00000000 1.00000000
vt 0.00000000 0.00000000
vt 1.00000000 0.00000000
vt 1.00000000 1.00000000
vt 0.00000000 0.00000000
vt 1.00000000 0.00000000
vt 1.00000000 1.00000000
vt 0.00000000 0.00000000
vt 1.00000000 0.00000000
vt 1.00000000 1.00000000
vt 0.00000000 0.00000000
vt 1.00000000 0.00000000
vt 1.00000000 1.00000000
vt 0.00000000 0.00000000
vt 1.00000000 0.00000000
vt 1.00000000 1.00000000
vt 0.00000000 0.00000000
vt 1.00000000 0.00000000
vt 1.00000000 1.00000000
vt 0.00000000 0.00000000
vt 1.00000000 0.00000000
vt 1.00000000 1.00000000
vt 0.00000000 0.00000000
vt 1.00000000 0.00000000
vt 1.00000000 1.00000000
vt 0.00000000 0.00000000
vt 1.00000000 0.00000000
vt 1.00000000 1.00000000
vt 0.00000000 0.00000000
vt 1.00000000 0.00000000
vt 1.00000000 1.00000000
vt 0.00000000 0.00000000
vt 1.00000000 0.00000000
vt 1.00000000 1.00000000
vt 0.00000000 0.00000000
vt 1.00000000 0.00000000
vt 1.00000000 1.00000000
vt 0.00000000 0.00000000
vt 1.00000000 0.00000000
vt 1.00000000 1.00000000
vt 0.00000000 0.00000000
vt 1.00000000 0.00000000
vt 1.00000000 1.00000000
vt 0.00000000 0.00000000
vt 1.00000000 0.00000000
vt 1.00000000 1.00000000
vt 0.00000000 0.00000000
vt 1.00000000 0.00000000
vt 1.00000000 1.00000000
vt 0.00000000 0.00000000
vt 1.00000000 0.00000000
vt 1.00000000 1.00000000
vt 0.00000000 0.00000000
vt 1.00000000 0.00000000
vt 1.00000000 1.00000000
vt 0.00000000 0.00000000
vt 1.00000000 0.00000000
vt 1.00000000 1.00000000
vt 0.00000000 0.00000000
vt 1.00000000 0.00000000
vt 1.00000000 1.00000000
vt 0.00000000 0.00000000
vt 1.00000000 0.00000000
vt 1.00000000 1.00000000
vt 0.00000000 0.00000000
vt 1.00000000 0.00000000
vt 1.00000000 1.00000000
vt 0.00000000 0.00000000
vt 1.00000000 0.00000000
vt 1.00000000 1.00000000
vt 0.00000000 0.00000000
vt 1.00000000 0.00000000
vt 1.00000000 1.00000000
vt 0.00000000 0.00000000
vt 1.00000000 0.00000000
vt 1.00000000 1.00000000
vt 0.00000000 0.00000000
vt 1.00000000 0.00000000
vt 1.00000000 1.00000000
vt 0.00000000 0.00000000
vt 1.00000000 0.00000000
vt 1.00000000 1.00000000
vt 0.00000000 0.00000000
vt 1.00000000 0.00000000
vt 1.00000000 1.00000000
vt 0.00000000 0.00000000
vt 1.00000000 0.00000000
vt 1.00000000 1.00000000
vt 0.00000000 0.00000000
vt 1.00000000 0.00000000
vt 1.00000000 1.00000000
vt 0.00000000 0.00000000
vt 1.00000000 0.00000000
vt 1.00000000 1.00000000
vt 0.00000000 0.00000000
vt 1.00000000 0.00000000
vt 1.00000000 1.00000000
vt 0.00000000 0.00000000
vt 1.00000000 0.00000000
vt 1.00000000 1.00000000
vt 0.00000000 0.00000000
vt 1.00000000 0.00000000
vt 1.00000000 1.00000000
vt 0.00000000 0.00000000
vt 1.00000000 0.00000000
vt 1.00000000 1.00000000
vt 0.00000000 0.00000000
vt 1.00000000 0.00000000
vt 1.00000000 1.00000000
vt 0.00000000 0.00000000
vt 1.00000000 0.00000000
vt 1.00000000 1.00000000
vt 0.00000000 0.00000000
vt 1.00000000 0.00000000
vt 1.00000000 1.00000000
vt 0.00000000 0.00000000
vt 1.00000000 0.00000000
vt 1.00000000 1.00000000
vt 0.00000000 0.00000000
vt 1.00000000 0.00000000
vt 1.00000000 1.00000000
vt 0.00000000 0.00000000
vt 1.00000000 0.00000000
vt 1.00000000 1.00000000
vt 0.00000000 0.00000000
vt 1.00000000 0.00000000
vt 1.00000000 1.00000000
vt 0.00000000 0.00000000
vt 1.00000000 0.00000000
vt 1.00000000 1.00000000
vt 0.00000000 0.00000000
vt 1.00000000 0.00000000
vt 1.00000000 1.00000000
vt 0.00000000 0.00000000
vt 1.00000000 0.00000000
vt 1.00000000 1.00000000
vt 0.00000000 0.00000000
vt 1.00000000 0.00000000
vt 1.00000000 1.00000000
vt 0.00000000 0.00000000
vt 1.00000000 0.00000000
vt 1.00000000 1.00000000
vt 0.00000000 0.00000000
vt 1.00000000 0.00000000
vt 1.00000000 1.00000000
vt 0.00000000 0.00000000
vt 1.00000000 0.00000000
vt 1.00000000 1.00000000
vt 0.00000000 0.00000000
vt 1.00000000 0.00000000
vt 1.00000000 1.00000000
vt 0.00000000 0.00000000
vt 1.00000000 0.00000000
vt 1.00000000 1.00000000
vt 0.00000000 0.00000000
vt 1.00000000 0.00000000
vt 1.00000000 1.00000000
vt 0.00000000 0.00000000
vt 1.00000000 0.00000000
vt 1.00000000 1.00000000
vt 0.00000000 0.00000000
vt 1.00000000 0.00000000
vt 1.00000000 1.00000000
vt 0.00000000 0.00000000
vt 1.00000000 0.00000000
vt 1.00000000 1.00000000
vt 0.00000000 0.00000000
vt 1.00000000 0.00000000
vt 1.00000000 1.00000000
vt 0.00000000 0.00000000
vt 1.00000000 0.00000000
vt 1.00000000 1.00000000
vt 0.00000000 0.00000000
vt 1.00000000 0.00000000
vt 1.00000000 1.00000000
vt 0.00000000 0.00000000
vt 1.00000000 0.00000000
vt 1.00000000 1.00000000
vt 0.00000000 0.00000000
vt 1.00000000 0.00000000
vt 1.00000000 1.00000000
vt 0.00000000 0.00000000
vt 1.00000000 0.00000000
vt 1.00000000 1.00000000
vt 0.00000000 0.00000000
vt 1.00000000 0.00000000
vt 1.00000000 1.00000000
vt 0.00000000 0.00000000
vt 1.00000000 0.00000000
vt 1.00000000 1.00000000
vt 0.00000000 0.00000000
vt 1.00000000 0.00000000
vt 1.00000000 1.00000000
vt 0.00000000 0.00000000
vt 1.00000000 0.00000000
vt 1.00000000 1.00000000
vt 0.00000000 0.00000000
vt 1.00000000 0.00000000
vt 1.00000000 1.00000000
vt 0.00000000 0.00000000
vt 1.00000000 0.00000000
vt 1.00000000 1.00000000
vt 0.00000000 0.00000000
vt 1.00000000 0.00000000
vt 1.00000000 1.00000000
vt 0.00000000 0.00000000
vt 1.00000000 0.00000000
vt 1.00000000 1.00000000
vt 0.00000000 0.00000000
vt 1.00000000 0.00000000
vt 1.00000000 1.00000000
vt 0.00000000 0.00000000
vt 1.00000000 0.00000000
vt 1.00000000 1.00000000
vt 0.00000000 0.00000000
vt 1.00000000 0.00000000
vt 1.00000000 1.00000000
vt 0.00000000 0.00000000
vt 1.00000000 0.00000000
vt 1.00000000 1.00000000
vt 0.00000000 0.00000000
vt 1.00000000 0.00000000
vt 1.00000000 1.00000000
vt 0.00000000 0.00000000
vt 1.00000000 0.00000000
vt 1.00000000 1.00000000
vt 0.00000000 0.00000000
vt 1.00000000 0.00000000
vt 1.00000000 1.00000000
vt 0.00000000 0.00000000
vt 1.00000000 0.00000000
vt 1.00000000 1.00000000
vt 0.00000000 0.00000000
vt 1.00000000 0.00000000
vt 1.00000000 1.00000000
vt 0.00000000 0.00000000
vt 1.00000000 0.00000000
vt 1.00000000 1.00000000
vt 0.00000000 0.00000000
vt 1.00000000 0.00000000
vt 1.00000000 1.00000000
vt 0.00000000 0.00000000
vt 1.00000000 0.00000000
vt 1.00000000 1.00000000
vt 0.00000000 0.00000000
vt 1.00000000 0.00000000
vt 1.00000000 1.00000000
vt 0.00000000 0.00000000
vt 1.00000000 0.00000000
vt 1.00000000 1.00000000
vt 0.00000000 0.00000000
vt 1.00000000 0.00000000
vt 1.00000000 1.00000000
vt 0.00000000 0.00000000
vt 1.00000000 0.00000000
vt 1.00000000 1.00000000
vt 0.00000000 0.00000000
vt 1.00000000 0.00000000
vt 1.00000000 1.00000000
vt 0.00000000 0.00000000
vt 1.00000000 0.00000000
vt 1.00000000 1.00000000
vt 0.00000000 0.00000000
vt 1.00000000 0.00000000
vt 1.00000000 1.00000000
vt 0.00000000 0.00000000
vt 1.00000000 0.00000000
vt 1.00000000 1.00000000
vt 0.00000000 0.00000000
vt 1.00000000 0.00000000
vt 1.00000000 1.00000000
vt 0.00000000 0.00000000
vt 1.00000000 0.00000000
vt 1.00000000 1.00000000
vt 0.00000000 0.00000000
vt 1.00000000 0.00000000
vt 1.00000000 1.00000000
vt 0.00000000 0.00000000
vt 1.00000000 0.00000000
vt 1.00000000 1.00000000
vt 0.00000000 0.00000000
vt 1.00000000 0.00000000
vt 1.00000000 1.00000000
vt 0.00000000 0.00000000
vt 1.00000000 0.00000000
vt 1.00000000 1.00000000
vt 0.00000000 0.00000000
vt 1.00000000 0.00000000
vt 1.00000000 1.00000000
vt 0.00000000 0.00000000
vt 1.00000000 0.00000000
vt 1.00000000 1.00000000
vt 0.00000000 0.00000000
vt 1.00000000 0.00000000
vt 1.00000000 1.00000000
vt 0.00000000 0.00000000
vt 1.00000000 0.00000000
vt 1.00000000 1.00000000
vt 0.00000000 0.00000000
vt 1.00000000 0.00000000
vt 1.00000000 1.00000000
vt 0.00000000 0.00000000
vt 1.00000000 0.00000000
vt 1.00000000 1.00000000
vt 0.00000000 0.00000000
vt 1.00000000 0.00000000
vt 1.00000000 1.00000000
vt 0.00000000 0.00000000
vt 1.00000000 0.00000000
vt 1.00000000 1.00000000
vt 0.00000000 0.00000000
vt 1.00000000 0.00000000
vt 1.00000000 1.00000000
vt 0.00000000 0.00000000
vt 1.00000000 0.00000000
vt 1.00000000 1.00000000
vt 0.00000000 0.00000000
vt 1.00000000 0.00000000
vt 1.00000000 1.00000000
vt 0.00000000 0.00000000
vt 1.00000000 0.00000000
vt 1.00000000 1.00000000
vt 0.00000000 0.00000000
vt 1.00000000 0.00000000
vt 1.00000000 1.00000000
vt 0.00000000 0.00000000
vt 1.00000000 0.00000000
vt 1.00000000 1.00000000
vt 0.00000000 0.00000000
vt 1.00000000 0.00000000
vt 1.00000000 1.00000000
vt 0.00000000 0.00000000
vt 1.00000000 0.00000000
vt 1.00000000 1.00000000
vt 0.00000000 0.00000000
vt 1.00000000 0.00000000
vt 1.00000000 1.00000000
vt 0.00000000 0.00000000
vt 1.00000000 0.00000000
vt 1.00000000 1.00000000
vt 0.00000000 0.00000000
vt 1.00000000 0.00000000
vt 1.00000000 1.00000000
vt 0.00000000 0.00000000
vt 1.00000000 0.00000000
vt 1.00000000 1.00000000
vt 0.00000000 0.00000000
vt 1.00000000 0.00000000
vt 1.00000000 1.00000000
vt 0.00000000 0.00000000
vt 1.00000000 0.00000000
vt 1.00000000 1.00000000
vt 0.00000000 0.00000000
vt 1.00000000 0.00000000
vt 1.00000000 1.00000000
vt 0.00000000 0.00000000
vt 1.00000000 0.00000000
vt 1.00000000 1.00000000
vt 0.00000000 0.00000000
vt 1.00000000 0.00000000
vt 1.00000000 1.00000000
vt 0.00000000 0.00000000
vt 1.00000000 0.00000000
vt 1.00000000 1.00000000
vt 0.00000000 0.00000000
vt 1.00000000 0.00000000
vt 1.00000000 1.00000000
vt 0.00000000 0.00000000
vt 1.00000000 0.00000000
vt 1.00000000 1.00000000
vt 0.00000000 0.00000000
vt 1.00000000 0.00000000
vt 1.00000000 1.00000000
vt 0.00000000 0.00000000
vt 1.00000000 0.00000000
vt 1.00000000 1.00000000
vt 0.00000000 0.00000000
vt 1.00000000 0.00000000
vt 1.00000000 1.00000000
vt 0.00000000 0.00000000
vt 1.00000000 0.00000000
vt 1.00000000 1.00000000
vt 0.00000000 0.00000000
vt 1.00000000 0.00000000
vt 1.00000000 1.00000000
vt 0.00000000 0.00000000
vt 1.00000000 0.00000000
vt 1.00000000 1.00000000
vt 0.00000000 0.00000000
vt 1.00000000 0.00000000
vt 1.00000000 1.00000000
vt 0.00000000 0.00000000
vt 1.00000000 0.00000000
vt 1.00000000 1.00000000
vt 0.00000000 0.00000000
vt 1.00000000 0.00000000
vt 1.00000000 1.00000000
vt 0.00000000 0.00000000
vt 1.00000000 0.00000000
vt 1.00000000 1.00000000
vt 0.00000000 0.00000000
vt 1.00000000 0.00000000
vt 1.00000000 1.00000000
vt 0.00000000 0.00000000
vt 1.00000000 0.00000000
vt 1.00000000 1.00000000
vt 0.00000000 0.00000000
vt 1.00000000 0.00000000
vt 1.00000000 1.00000000
vt 0.00000000 0.00000000
vt 1.00000000 0.00000000
vt 1.00000000 1.00000000
vt 0.00000000 0.00000000
vt 1.00000000 0.00000000
vt 1.00000000 1.00000000
vt 0.00000000 0.00000000
vt 1.00000000 0.00000000
vt 1.00000000 1.00000000
vt 0.00000000 0.00000000
vt 1.00000000 0.00000000
vt 1.00000000 1.00000000
vt 0.00000000 0.00000000
vt 1.00000000 0.00000000
vt 1.00000000 1.00000000
vt 0.00000000 0.00000000
vt 1.00000000 0.00000000
vt 1.00000000 1.00000000
vt 0.00000000 0.00000000
vt 1.00000000 0.00000000
vt 1.00000000 1.00000000
vt 0.00000000 0.00000000
vt 1.00000000 0.00000000
vt 1.00000000 1.00000000
vt 0.00000000 0.00000000
vt 1.00000000 0.00000000
vt 1.00000000 1.00000000
vt 0.00000000 0.00000000
vt 1.00000000 0.00000000
vt 1.00000000 1.00000000
vt 0.00000000 0.00000000
vt 1.00000000 0.00000000
vt 1.00000000 1.00000000
vt 0.00000000 0.00000000
vt 1.00000000 0.00000000
vt 1.00000000 1.00000000
vt 0.00000000 0.00000000
vt 1.00000000 0.00000000
vt 1.00000000 1.00000000
vt 0.00000000 0.00000000
vt 1.00000000 0.00000000
vt 1.00000000 1.00000000
vt 0.00000000 0.00000000
vt 1.00000000 0.00000000
vt 1.00000000 1.00000000
vt 0.00000000 0.00000000
vt 1.00000000 0.00000000
vt 1.00000000 1.00000000
vt 0.00000000 0.00000000
vt 1.00000000 0.00000000
vt 1.00000000 1.00000000
vt 0.00000000 0.00000000
vt 1.00000000 0.00000000
vt 1.00000000 1.00000000
vt 0.00000000 0.00000000
vt 1.00000000 0.00000000
vt 1.00000000 1.00000000
vt 0.00000000 0.00000000
vt 1.00000000 0.00000000
vt 1.00000000 1.00000000
vt 0.00000000 0.00000000
vt 1.00000000 0.00000000
vt 1.00000000 1.00000000
vt 0.00000000 0.00000000
vt 1.00000000 0.00000000
vt 1.00000000 1.00000000
vt 0.00000000 0.00000000
vt 1.00000000 0.00000000
vt 1.00000000 1.00000000
vt 0.00000000 0.00000000
vt 1.00000000 0.00000000
vt 1.00000000 1.00000000
vt 0.00000000 0.00000000
vt 1.00000000 0.00000000
vt 1.00000000 1.00000000
vt 0.00000000 0.00000000
vt 1.00000000 0.00000000
vt 1.00000000 1.00000000
vt 0.00000000 0.00000000
vt 1.00000000 0.00000000
vt 1.00000000 1.00000000
vt 0.00000000 0.00000000
vt 1.00000000 0.00000000
vt 1.00000000 1.00000000
vt 0.00000000 0.00000000
vt 1.00000000 0.00000000
vt 1.00000000 1.00000000
vt 0.00000000 0.00000000
vt 1.00000000 0.00000000
vt 1.00000000 1.00000000
vt 0.00000000 0.00000000
vt 1.00000000 0.00000000
vt 1.00000000 1.00000000
vt 0.00000000 0.00000000
vt 1.00000000 0.00000000
vt 1.00000000 1.00000000
vt 0.00000000 0.00000000
vt 1.00000000 0.00000000
vt 1.00000000 1.00000000
vt 0.00000000 0.00000000
vt 1.00000000 0.00000000
vt 1.00000000 1.00000000
vt 0.00000000 0.00000000
vt 1.00000000 0.00000000
vt 1.00000000 1.00000000
vt 0.00000000 0.00000000
vt 1.00000000 0.00000000
vt 1.00000000 1.00000000
vt 0.00000000 0.00000000
vt 1.00000000 0.00000000
vt 1.00000000 1.00000000
vt 0.00000000 0.00000000
vt 1.00000000 0.00000000
vt 1.00000000 1.00000000
vt 0.00000000 0.00000000
vt 1.00000000 0.00000000
vt 1.00000000 1.00000000
vt 0.00000000 0.00000000
vt 1.00000000 0.00000000
vt 1.00000000 1.00000000
vt 0.00000000 0.00000000
vt 1.00000000 0.00000000
vt 1.00000000 1.00000000
vt 0.00000000 0.00000000
vt 1.00000000 0.00000000
vt 1.00000000 1.00000000
vt 0.00000000 0.00000000
vt 1.00000000 0.00000000
vt 1.00000000 1.00000000
vt 0.00000000 0.00000000
vt 1.00000000 0.00000000
vt 1.00000000 1.00000000
vt 0.00000000 0.00000000
vt 1.00000000 0.00000000
vt 1.00000000 1.00000000
vt 0.00000000 0.00000000
vt 1.00000000 0.00000000
vt 1.00000000 1.00000000
vt 0.00000000 0.00000000
vt 1.00000000 0.00000000
vt 1.00000000 1.00000000
vt 0.00000000 0.00000000
vt 1.00000000 0.00000000
vt 1.00000000 1.00000000
vt 0.00000000 0.00000000
vt 1.00000000 0.00000000
vt 1.00000000 1.00000000
vt 0.00000000 0.00000000
vt 1.00000000 0.00000000
vt 1.00000000 1.00000000
vt 0.00000000 0.00000000
vt 1.00000000 0.00000000
vt 1.00000000 1.00000000
vt 0.00000000 0.00000000
vt 1.00000000 0.00000000
vt 1.00000000 1.00000000
vt 0.00000000 0.00000000
vt 1.00000000 0.00000000
vt 1.00000000 1.00000000
vt 0.00000000 0.00000000
vt 1.00000000 0.00000000
vt 1.00000000 1.00000000
vt 0.00000000 0.00000000
vt 1.00000000 0.00000000
vt 1.00000000 1.00000000
vt 0.00000000 0.00000000
vt 1.00000000 0.00000000
vt 1.00000000 1.00000000
vt 0.00000000 0.00000000
vt 1.00000000 0.00000000
vt 1.00000000 1.00000000
vt 0.00000000 0.00000000
vt 1.00000000 0.00000000
vt 1.00000000 1.00000000
vt 0.00000000 0.00000000
vt 1.00000000 0.00000000
vt 1.00000000 1.00000000
vt 0.00000000 0.00000000
vt 1.00000000 0.00000000
vt 1.00000000 1.00000000
vt 0.00000000 0.00000000
vt 1.00000000 0.00000000
vt 1.00000000 1.00000000
vt 0.00000000 0.00000000
vt 1.00000000 0.00000000
vt 1.00000000 1.00000000
vt 0.00000000 0.00000000
vt 1.00000000 0.00000000
vt 1.00000000 1.00000000
vt 0.00000000 0.00000000
vt 1.00000000 0.00000000
vt 1.00000000 1.00000000
vt 0.00000000 0.00000000
vt 1.00000000 0.00000000
vt 1.00000000 1.00000000
vt 0.00000000 0.00000000
vt 1.00000000 0.00000000
vt 1.00000000 1.00000000
vt 0.00000000 0.00000000
vt 1.00000000 0.00000000
vt 1.00000000 1.00000000
vt 0.00000000 0.00000000
vt 1.00000000 0.00000000
vt 1.00000000 1.00000000
vt 0.00000000 0.00000000
vt 1.00000000 0.00000000
vt 1.00000000 1.00000000
vt 0.00000000 0.00000000
vt 1.00000000 0.00000000
vt 1.00000000 1.00000000
vt 0.00000000 0.00000000
vt 1.00000000 0.00000000
vt 1.00000000 1.00000000
vt 0.00000000 0.00000000
vt 1.00000000 0.00000000
vt 1.00000000 1.00000000
vt 0.00000000 0.00000000
vt 1.00000000 0.00000000
vt 1.00000000 1.00000000
vt 0.00000000 0.00000000
vt 1.00000000 0.00000000
vt 1.00000000 1.00000000
vt 0.00000000 0.00000000
vt 1.00000000 0.00000000
vt 1.00000000 1.00000000
vt 0.00000000 0.00000000
vt 1.00000000 0.00000000
vt 1.00000000 1.00000000
vt 0.00000000 0.00000000
vt 1.00000000 0.00000000
vt 1.00000000 1.00000000
vt 0.00000000 0.00000000
vt 1.00000000 0.00000000
vt 1.00000000 1.00000000
vt 0.00000000 0.00000000
vt 1.00000000 0.00000000
vt 1.00000000 1.00000000
vt 0.00000000 0.00000000
vt 1.00000000 0.00000000
vt 1.00000000 1.00000000
vt 0.00000000 0.00000000
vt 1.00000000 0.00000000
vt 1.00000000 1.00000000
vt 0.00000000 0.00000000
vt 1.00000000 0.00000000
vt 1.00000000 1.00000000
vt 0.00000000 0.00000000
vt 1.00000000 0.00000000
vt 1.00000000 1.00000000
vt 0.00000000 0.00000000
vt 1.00000000 0.00000000
vt 1.00000000 1.00000000
vt 0.00000000 0.00000000
vt 1.00000000 0.00000000
vt 1.00000000 1.00000000
vt 0.00000000 0.00000000
vt 1.00000000 0.00000000
vt 1.00000000 1.00000000
vt 0.00000000 0.00000000
vt 1.00000000 0.00000000
vt 1.00000000 1.00000000
vt 0.00000000 0.00000000
vt 1.00000000 0.00000000
vt 1.00000000 1.00000000
vt 0.00000000 0.00000000
vt 1.00000000 0.00000000
vt 1.00000000 1.00000000
vt 0.00000000 0.00000000
vt 1.00000000 0.00000000
vt 1.00000000 1.00000000
vt 0.00000000 0.00000000
vt 1.00000000 0.00000000
vt 1.00000000 1.00000000
vt 0.00000000 0.00000000
vt 1.00000000 0.00000000
vt 1.00000000 1.00000000
vt 0.00000000 0.00000000
vt 1.00000000 0.00000000
vt 1.00000000 1.00000000
vt 0.00000000 0.00000000
vt 1.00000000 0.00000000
vt 1.00000000 1.00000000
vt 0.00000000 0.00000000
vt 1.00000000 0.00000000
vt 1.00000000 1.00000000
vt 0.00000000 0.00000000
vt 1.00000000 0.00000000
vt 1.00000000 1.00000000
vt 0.00000000 0.00000000
vt 1.00000000 0.00000000
vt 1.00000000 1.00000000
vt 0.00000000 0.00000000
vt 1.00000000 0.00000000
vt 1.00000000 1.00000000
vt 0.00000000 0.00000000
vt 1.00000000 0.00000000
vt 1.00000000 1.00000000
vt 0.00000000 0.00000000
vt 1.00000000 0.00000000
vt 1.00000000 1.00000000
vt 0.00000000 0.00000000
vt 1.00000000 0.00000000
vt 1.00000000 1.00000000
vt 0.00000000 0.00000000
vt 1.00000000 0.00000000
vt 1.00000000 1.00000000
vt 0.00000000 0.00000000
vt 1.00000000 0.00000000
vt 1.00000000 1.00000000
vt 0.00000000 0.00000000
vt 1.00000000 0.00000000
vt 1.00000000 1.00000000
vt 0.00000000 0.00000000
vt 1.00000000 0.00000000
vt 1.00000000 1.00000000
vt 0.00000000 0.00000000
vt 1.00000000 0.00000000
vt 1.00000000 1.00000000
vt 0.00000000 0.00000000
vt 1.00000000 0.00000000
vt 1.00000000 1.00000000
vt 0.00000000 0.00000000
vt 1.00000000 0.00000000
vt 1.00000000 1.00000000
vt 0.00000000 0.00000000
vt 1.00000000 0.00000000
vt 1.00000000 1.00000000
vt 0.00000000 0.00000000
vt 1.00000000 0.00000000
vt 1.00000000 1.00000000
vt 0.00000000 0.00000000
vt 1.00000000 0.00000000
vt 1.00000000 1.00000000
vt 0.00000000 0.00000000
vt 1.00000000 0.00000000
vt 1.00000000 1.00000000
vt 0.00000000 0.00000000
vt 1.00000000 0.00000000
vt 1.00000000 1.00000000
vt 0.00000000 0.00000000
vt 1.00000000 0.00000000
vt 1.00000000 1.00000000
vt 0.00000000 0.00000000
vt 1.00000000 0.00000000
vt 1.00000000 1.00000000
vt 0.00000000 0.00000000
vt 1.00000000 0.00000000
vt 1.00000000 1.00000000
vt 0.00000000 0.00000000
vt 1.00000000 0.00000000
vt 1.00000000 1.00000000
vt 0.00000000 0.00000000
vt 1.00000000 0.00000000
vt 1.00000000 1.00000000
vt 0.00000000 0.00000000
vt 1.00000000 0.00000000
vt 1.00000000 1.00000000
vt 0.00000000 0.00000000
vt 1.00000000 0.00000000
vt 1.00000000 1.00000000
vt 0.00000000 0.00000000
vt 1.00000000 0.00000000
vt 1.00000000 1.00000000
vt 0.00000000 0.00000000
vt 1.00000000 0.00000000
vt 1.00000000 1.00000000
vt 0.00000000 0.00000000
vt 1.00000000 0.00000000
vt 1.00000000 1.00000000
vt 0.00000000 0.00000000
vt 1.00000000 0.00000000
vt 1.00000000 1.00000000
vt 0.00000000 0.00000000
vt 1.00000000 0.00000000
vt 1.00000000 1.00000000
vt 0.00000000 0.00000000
vt 1.00000000 0.00000000
vt 1.00000000 1.00000000
vt 0.00000000 0.00000000
vt 1.00000000 0.00000000
vt 1.00000000 1.00000000
vt 0.00000000 0.00000000
vt 1.00000000 0.00000000
vt 1.00000000 1.00000000
vt 0.00000000 0.00000000
vt 1.00000000 0.00000000
vt 1.00000000 1.00000000
vt 0.00000000 0.00000000
vt 1.00000000 0.00000000
vt 1.00000000 1.00000000
vt 0.00000000 0.00000000
vt 1.00000000 0.00000000
vt 1.00000000 1.00000000
vt 0.00000000 0.00000000
vt 1.00000000 0.00000000
vt 1.00000000 1.00000000
vt 0.00000000 0.00000000
vt 1.00000000 0.00000000
vt 1.00000000 1.00000000
vt 0.00000000 0.00000000
vt 1.00000000 0.00000000
vt 1.00000000 1.00000000
vt 0.00000000 0.00000000
vt 1.00000000 0.00000000
vt 1.00000000 1.00000000
vt 0.00000000 0.00000000
vt 1.00000000 0.00000000
vt 1.00000000 1.00000000
vt 0.00000000 0.00000000
vt 1.00000000 0.00000000
vt 1.00000000 1.00000000
vt 0.00000000 0.00000000
vt 1.00000000 0.00000000
vt 1.00000000 1.00000000
vt 0.00000000 0.00000000
vt 1.00000000 0.00000000
vt 1.00000000 1.00000000
vt 0.00000000 0.00000000
vt 1.00000000 0.00000000
vt 1.00000000 1.00000000
vt 0.00000000 0.00000000
vt 1.00000000 0.00000000
vt 1.00000000 1.00000000
vt 0.00000000 0.00000000
vt 1.00000000 0.00000000
vt 1.00000000 1.00000000
vt 0.00000000 0.00000000
vt 1.00000000 0.00000000
vt 1.00000000 1.00000000
vt 0.00000000 0.00000000
vt 1.00000000 0.00000000
vt 1.00000000 1.00000000
vt 0.00000000 0.00000000
vt 1.00000000 0.00000000
vt 1.00000000 1.00000000
vt 0.00000000 0.00000000
vt 1.00000000 0.00000000
vt 1.00000000 1.00000000
vt 0.00000000 0.00000000
vt 1.00000000 0.00000000
vt 1.00000000 1.00000000
vt 0.00000000 0.00000000
vt 1.00000000 0.00000000
vt 1.00000000 1.00000000
vt 0.00000000 0.00000000
vt 1.00000000 0.00000000
vt 1.00000000 1.00000000
vt 0.00000000 0.00000000
vt 1.00000000 0.00000000
vt 1.00000000 1.00000000
vt 0.00000000 0.00000000
vt 1.00000000 0.00000000
vt 1.00000000 1.00000000
vt 0.00000000 0.00000000
vt 1.00000000 0.00000000
vt 1.00000000 1.00000000
vt 0.00000000 0.00000000
vt 1.00000000 0.00000000
vt 1.00000000 1.00000000
vt 0.00000000 0.00000000
vt 1.00000000 0.00000000
vt 1.00000000 1.00000000
vt 0.00000000 0.00000000
vt 1.00000000 0.00000000
vt 1.00000000 1.00000000
vt 0.00000000 0.00000000
vt 1.00000000 0.00000000
vt 1.00000000 1.00000000
vt 0.00000000 0.00000000
vt 1.00000000 0.00000000
vt 1.00000000 1.00000000
vt 0.00000000 0.00000000
vt 1.00000000 0.00000000
vt 1.00000000 1.00000000
vt 0.00000000 0.00000000
vt 1.00000000 0.00000000
vt 1.00000000 1.00000000
vt 0.00000000 0.00000000
vt 1.00000000 0.00000000
vt 1.00000000 1.00000000
vt 0.00000000 0.00000000
vt 1.00000000 0.00000000
vt 1.00000000 1.00000000
vt 0.00000000 0.00000000
vt 1.00000000 0.00000000
vt 1.00000000 1.00000000
vt 0.00000000 0.00000000
vt 1.00000000 0.00000000
vt 1.00000000 1.00000000
vt 0.00000000 0.00000000
vt 1.00000000 0.00000000
vt 1.00000000 1.00000000
vt 0.00000000 0.00000000
vt 1.00000000 0.00000000
vt 1.00000000 1.00000000
vt 0.00000000 0.00000000
vt 1.00000000 0.00000000
vt 1.00000000 1.00000000
vt 0.00000000 0.00000000
vt 1.00000000 0.00000000
vt 1.00000000 1.00000000
vt 0.00000000 0.00000000
vt 1.00000000 0.00000000
vt 1.00000000 1.00000000
vt 0.00000000 0.00000000
vt 1.00000000 0.00000000
vt 1.00000000 1.00000000
vt 0.00000000 0.00000000
vt 1.00000000 0.00000000
vt 1.00000000 1.00000000
vt 0.00000000 0.00000000
vt 1.00000000 0.00000000
vt 1.00000000 1.00000000
vt 0.00000000 0.00000000
vt 1.00000000 0.00000000
vt 1.00000000 1.00000000
vt 0.00000000 0.00000000
vt 1.00000000 0.00000000
vt 1.00000000 1.00000000
vt 0.00000000 0.00000000
vt 1.00000000 0.00000000
vt 1.00000000 1.00000000
vt 0.00000000 0.00000000
vt 1.00000000 0.00000000
vt 1.00000000 1.00000000
vt 0.00000000 0.00000000
vt 1.00000000 0.00000000
vt 1.00000000 1.00000000
vt 0.00000000 0.00000000
vt 1.00000000 0.00000000
vt 1.00000000 1.00000000
vt 0.00000000 0.00000000
vt 1.00000000 0.00000000
vt 1.00000000 1.00000000
vt 0.00000000 0.00000000
vt 1.00000000 0.00000000
vt 1.00000000 1.00000000
vt 0.00000000 0.00000000
vt 1.00000000 0.00000000
vt 1.00000000 1.00000000
vt 0.00000000 0.00000000
vt 1.00000000 0.00000000
vt 1.00000000 1.00000000
vt 0.00000000 0.00000000
vt 1.00000000 0.00000000
vt 1.00000000 1.00000000
vt 0.00000000 0.00000000
vt 1.00000000 0.00000000
vt 1.00000000 1.00000000
vt 0.00000000 0.00000000
vt 1.00000000 0.00000000
vt 1.00000000 1.00000000
vt 0.00000000 0.00000000
vt 1.00000000 0.00000000
vt 1.00000000 1.00000000
vt 0.00000000 0.00000000
vt 1.00000000 0.00000000
vt 1.00000000 1.00000000
vt 0.00000000 0.00000000
vt 1.00000000 0.00000000
vt 1.00000000 1.00000000
vt 0.00000000 0.00000000
vt 1.00000000 0.00000000
vt 1.00000000 1.00000000
vt 0.00000000 0.00000000
vt 1.00000000 0.00000000
vt 1.00000000 1.00000000
vt 0.00000000 0.00000000
vt 1.00000000 0.00000000
vt 1.00000000 1.00000000
vt 0.00000000 0.00000000
vt 1.00000000 0.00000000
vt 1.00000000 1.00000000
vt 0.00000000 0.00000000
vt 1.00000000 0.00000000
vt 1.00000000 1.00000000
vt 0.00000000 0.00000000
vt 1.00000000 0.00000000
vt 1.00000000 1.00000000
vt 0.00000000 0.00000000
vt 1.00000000 0.00000000
vt 1.00000000 1.00000000
vt 0.00000000 0.00000000
vt 1.00000000 0.00000000
vt 1.00000000 1.00000000
vt 0.00000000 0.00000000
vt 1.00000000 0.00000000
vt 1.00000000 1.00000000
vt 0.00000000 0.00000000
vt 1.00000000 0.00000000
vt 1.00000000 1.00000000
vt 0.00000000 0.00000000
vt 1.00000000 0.00000000
vt 1.00000000 1.00000000
vt 0.00000000 0.00000000
vt 1.00000000 0.00000000
vt 1.00000000 1.00000000
vt 0.00000000 0.00000000
vt 1.00000000 0.00000000
vt 1.00000000 1.00000000
vt 0.00000000 0.00000000
vt 1.00000000 0.00000000
vt 1.00000000 1.00000000
vt 0.00000000 0.00000000
vt 1.00000000 0.00000000
vt 1.00000000 1.00000000
vt 0.00000000 0.00000000
vt 1.00000000 0.00000000
vt 1.00000000 1.00000000
vt 0.00000000 0.00000000
vt 1.00000000 0.00000000
vt 1.00000000 1.00000000
vt 0.00000000 0.00000000
vt 1.00000000 0.00000000
vt 1.00000000 1.00000000
vt 0.00000000 0.00000000
vt 1.00000000 0.00000000
vt 1.00000000 1.00000000
vt 0.00000000 0.00000000
vt 1.00000000 0.00000000
vt 1.00000000 1.00000000
vt 0.00000000 0.00000000
vt 1.00000000 0.00000000
vt 1.00000000 1.00000000
vt 0.00000000 0.00000000
vt 1.00000000 0.00000000
vt 1.00000000 1.00000000
vt 0.00000000 0.00000000
vt 1.00000000 0.00000000
vt 1.00000000 1.00000000
vt 0.00000000 0.00000000
vt 1.00000000 0.00000000
vt 1.00000000 1.00000000
vt 0.00000000 0.00000000
vt 1.00000000 0.00000000
vt 1.00000000 1.00000000
vt 0.00000000 0.00000000
vt 1.00000000 0.00000000
vt 1.00000000 1.00000000
vt 0.00000000 0.00000000
vt 1.00000000 0.00000000
vt 1.00000000 1.00000000
vt 0.00000000 0.00000000
vt 1.00000000 0.00000000
vt 1.00000000 1.00000000
vt 0.00000000 0.00000000
vt 1.00000000 0.00000000
vt 1.00000000 1.00000000
vt 0.00000000 0.00000000
vt 1.00000000 0.00000000
vt 1.00000000 1.00000000
vt 0.00000000 0.00000000
vt 1.00000000 0.00000000
vt 1.00000000 1.00000000
vt 0.00000000 0.00000000
vt 1.00000000 0.00000000
vt 1.00000000 1.00000000
vt 0.00000000 0.00000000
vt 1.00000000 0.00000000
vt 1.00000000 1.00000000
vt 0.00000000 0.00000000
vt 1.00000000 0.00000000
vt 1.00000000 1.00000000
vt 0.00000000 0.00000000
vt 1.00000000 0.00000000
vt 1.00000000 1.00000000
vt 0.00000000 0.00000000
vt 1.00000000 0.00000000
vt 1.00000000 1.00000000
vt 0.00000000 0.00000000
vt 1.00000000 0.00000000
vt 1.00000000 1.00000000
vt 0.00000000 0.00000000
vt 1.00000000 0.00000000
vt 1.00000000 1.00000000
vt 0.00000000 0.00000000
vt 1.00000000 0.00000000
vt 1.00000000 1.00000000
vt 0.00000000 0.00000000
vt 1.00000000 0.00000000
vt 1.00000000 1.00000000
vt 0.00000000 0.00000000
vt 1.00000000 0.00000000
vt 1.00000000 1.00000000
vt 0.00000000 0.00000000
vt 1.00000000 0.00000000
vt 1.00000000 1.00000000
vt 0.00000000 0.00000000
vt 1.00000000 0.00000000
vt 1.00000000 1.00000000
vt 0.00000000 0.00000000
vt 1.00000000 0.00000000
vt 1.00000000 1.00000000
vt 0.00000000 0.00000000
vt 1.00000000 0.00000000
vt 1.00000000 1.00000000
vt 0.00000000 0.00000000
vt 1.00000000 0.00000000
vt 1.00000000 1.00000000
vt 0.00000000 0.00000000
vt 1.00000000 0.00000000
vt 1.00000000 1.00000000
vt 0.00000000 0.00000000
vt 1.00000000 0.00000000
vt 1.00000000 1.00000000
vt 0.00000000 0.00000000
vt 1.00000000 0.00000000
vt 1.00000000 1.00000000
vt 0.00000000 0.00000000
vt 1.00000000 0.00000000
vt 1.00000000 1.00000000
vt 0.00000000 0.00000000
vt 1.00000000 0.00000000
vt 1.00000000 1.00000000
vt 0.00000000 0.00000000
vt 1.00000000 0.00000000
vt 1.00000000 1.00000000
vt 0.00000000 0.00000000
vt 1.00000000 0.00000000
vt 1.00000000 1.00000000
vt 0.00000000 0.00000000
vt 1.00000000 0.00000000
vt 1.00000000 1.00000000
vt 0.00000000 0.00000000
vt 1.00000000 0.00000000
vt 1.00000000 1.00000000
vt 0.00000000 0.00000000
vt 1.00000000 0.00000000
vt 1.00000000 1.00000000
vt 0.00000000 0.00000000
vt 1.00000000 0.00000000
vt 1.00000000 1.00000000
vt 0.00000000 0.00000000
vt 1.00000000 0.00000000
vt 1.00000000 1.00000000
vt 0.00000000 0.00000000
vt 1.00000000 0.00000000
vt 1.00000000 1.00000000
vt 0.00000000 0.00000000
vt 1.00000000 0.00000000
vt 1.00000000 1.00000000
vt 0.00000000 0.00000000
vt 1.00000000 0.00000000
vt 1.00000000 1.00000000
vt 0.00000000 0.00000000
vt 1.00000000 0.00000000
vt 1.00000000 1.00000000
vt 0.00000000 0.00000000
vt 1.00000000 0.00000000
vt 1.00000000 1.00000000
vt 0.00000000 0.00000000
vt 1.00000000 0.00000000
vt 1.00000000 1.00000000
vt 0.00000000 0.00000000
vt 1.00000000 0.00000000
vt 1.00000000 1.00000000
vt 0.00000000 0.00000000
vt 1.00000000 0.00000000
vt 1.00000000 1.00000000
vt 0.00000000 0.00000000
vt 1.00000000 0.00000000
vt 1.00000000 1.00000000
vt 0.00000000 0.00000000
vt 1.00000000 0.00000000
vt 1.00000000 1.00000000
vt 0.00000000 0.00000000
vt 1.00000000 0.00000000
vt 1.00000000 1.00000000
vt 0.00000000 0.00000000
vt 1.00000000 0.00000000
vt 1.00000000 1.00000000
vt 0.00000000 0.00000000
vt 1.00000000 0.00000000
vt 1.00000000 1.00000000
vt 0.00000000 0.00000000
vt 1.00000000 0.00000000
vt 1.00000000 1.00000000
vt 0.00000000 0.00000000
vt 1.00000000 0.00000000
vt 1.00000000 1.00000000
vt 0.00000000 0.00000000
vt 1.00000000 0.00000000
vt 1.00000000 1.00000000
vt 0.00000000 0.00000000
vt 1.00000000 0.00000000
vt 1.00000000 1.00000000
vt 0.00000000 0.00000000
vt 1.00000000 0.00000000
vt 1.00000000 1.00000000
vt 0.00000000 0.00000000
vt 1.00000000 0.00000000
vt 1.00000000 1.00000000
vt 0.00000000 0.00000000
vt 1.00000000 0.00000000
vt 1.00000000 1.00000000
vt 0.00000000 0.00000000
vt 1.00000000 0.00000000
vt 1.00000000 1.00000000
vt 0.00000000 0.00000000
vt 1.00000000 0.00000000
vt 1.00000000 1.00000000
vt 0.00000000 0.00000000
vt 1.00000000 0.00000000
vt 1.00000000 1.00000000
vt 0.00000000 0.00000000
vt 1.00000000 0.00000000
vt 1.00000000 1.00000000
vt 0.00000000 0.00000000
vt 1.00000000 0.00000000
vt 1.00000000 1.00000000
vt 0.00000000 0.00000000
vt 1.00000000 0.00000000
vt 1.00000000 1.00000000
vt 0.00000000 0.00000000
vt 1.00000000 0.00000000
vt 1.00000000 1.00000000
vt 0.00000000 0.00000000
vt 1.00000000 0.00000000
vt 1.00000000 1.00000000
vt 0.00000000 0.00000000
vt 1.00000000 0.00000000
vt 1.00000000 1.00000000
vt 0.00000000 0.00000000
vt 1.00000000 0.00000000
vt 1.00000000 1.00000000
vt 0.00000000 0.00000000
vt 1.00000000 0.00000000
vt 1.00000000 1.00000000
vt 0.00000000 0.00000000
vt 1.00000000 0.00000000
vt 1.00000000 1.00000000
vt 0.00000000 0.00000000
vt 1.00000000 0.00000000
vt 1.00000000 1.00000000
vt 0.00000000 0.00000000
vt 1.00000000 0.00000000
vt 1.00000000 1.00000000
vt 0.00000000 0.00000000
vt 1.00000000 0.00000000
vt 1.00000000 1.00000000
vt 0.00000000 0.00000000
vt 1.00000000 0.00000000
vt 1.00000000 1.00000000
vt 0.00000000 0.00000000
vt 1.00000000 0.00000000
vt 1.00000000 1.00000000
vt 0.00000000 0.00000000
vt 1.00000000 0.00000000
vt 1.00000000 1.00000000
vt 0.00000000 0.00000000
vt 1.00000000 0.00000000
vt 1.00000000 1.00000000
vt 0.00000000 0.00000000
vt 1.00000000 0.00000000
vt 1.00000000 1.00000000
vt 0.00000000 0.00000000
vt 1.00000000 0.00000000
vt 1.00000000 1.00000000
vt 0.00000000 0.00000000
vt 1.00000000 0.00000000
vt 1.00000000 1.00000000
vt 0.00000000 0.00000000
vt 1.00000000 0.00000000
vt 1.00000000 1.00000000
vt 0.00000000 0.00000000
vt 1.00000000 0.00000000
vt 1.00000000 1.00000000
vt 0.00000000 0.00000000
vt 1.00000000 0.00000000
vt 1.00000000 1.00000000
vt 0.00000000 0.00000000
vt 1.00000000 0.00000000
vt 1.00000000 1.00000000
vt 0.00000000 0.00000000
vt 1.00000000 0.00000000
vt 1.00000000 1.00000000
vt 0.00000000 0.00000000
vt 1.00000000 0.00000000
vt 1.00000000 1.00000000
vt 0.00000000 0.00000000
vt 1.00000000 0.00000000
vt 1.00000000 1.00000000
vt 0.00000000 0.00000000
vt 1.00000000 0.00000000
vt 1.00000000 1.00000000
vt 0.00000000 0.00000000
vt 1.00000000 0.00000000
vt 1.00000000 1.00000000
vt 0.00000000 0.00000000
vt 1.00000000 0.00000000
vt 1.00000000 1.00000000
vt 0.00000000 0.00000000
vt 1.00000000 0.00000000
vt 1.00000000 1.00000000
vt 0.00000000 0.00000000
vt 1.00000000 0.00000000
vt 1.00000000 1.00000000
vt 0.00000000 0.00000000
vt 1.00000000 0.00000000
vt 1.00000000 1.00000000
vt 0.00000000 0.00000000
vt 1.00000000 0.00000000
vt 1.00000000 1.00000000
vt 0.00000000 0.00000000
vt 1.00000000 0.00000000
vt 1.00000000 1.00000000
vt 0.00000000 0.00000000
vt 1.00000000 0.00000000
vt 1.00000000 1.00000000
vt 0.00000000 0.00000000
vt 1.00000000 0.00000000
vt 1.00000000 1.00000000
vt 0.00000000 0.00000000
vt 1.00000000 0.00000000
vt 1.00000000 1.00000000
vt 0.00000000 0.00000000
vt 1.00000000 0.00000000
vt 1.00000000 1.00000000
vt 0.00000000 0.00000000
vt 1.00000000 0.00000000
vt 1.00000000 1.00000000
vt 0.00000000 0.00000000
vt 1.00000000 0.00000000
vt 1.00000000 1.00000000
vt 0.00000000 0.00000000
vt 1.00000000 0.00000000
vt 1.00000000 1.00000000
vt 0.00000000 0.00000000
vt 1.00000000 0.00000000
vt 1.00000000 1.00000000
vt 0.00000000 0.00000000
vt 1.00000000 0.00000000
vt 1.00000000 1.00000000
vt 0.00000000 0.00000000
vt 1.00000000 0.00000000
vt 1.00000000 1.00000000
vt 0.00000000 0.00000000
vt 1.00000000 0.00000000
vt 1.00000000 1.00000000
vt 0.00000000 0.00000000
vt 1.00000000 0.00000000
vt 1.00000000 1.00000000
vt 0.00000000 0.00000000
vt 1.00000000 0.00000000
vt 1.00000000 1.00000000
vt 0.00000000 0.00000000
vt 1.00000000 0.00000000
vt 1.00000000 1.00000000
vt 0.00000000 0.00000000
vt 1.00000000 0.00000000
vt 1.00000000 1.00000000
vt 0.00000000 0.00000000
vt 1.00000000 0.00000000
vt 1.00000000 1.00000000
vt 0.00000000 0.00000000
vt 1.00000000 0.00000000
vt 1.00000000 1.00000000
vt 0.00000000 0.00000000
vt 1.00000000 0.00000000
vt 1.00000000 1.00000000
vt 0.00000000 0.00000000
vt 1.00000000 0.00000000
vt 1.00000000 1.00000000
vt 0.00000000 0.00000000
vt 1.00000000 0.00000000
vt 1.00000000 1.00000000
vt 0.00000000 0.00000000
vt 1.00000000 0.00000000
vt 1.00000000 1.00000000
vt 0.00000000 0.00000000
vt 1.00000000 0.00000000
vt 1.00000000 1.00000000
vt 0.00000000 0.00000000
vt 1.00000000 0.00000000
vt 1.00000000 1.00000000
vt 0.00000000 0.00000000
vt 1.00000000 0.00000000
vt 1.00000000 1.00000000
vt 0.00000000 0.00000000
vt 1.00000000 0.00000000
vt 1.00000000 1.00000000
vt 0.00000000 0.00000000
vt 1.00000000 0.00000000
vt 1.00000000 1.00000000
vt 0.00000000 0.00000000
vt 1.00000000 0.00000000
vt 1.00000000 1.00000000
vt 0.00000000 0.00000000
vt 1.00000000 0.00000000
vt 1.00000000 1.00000000
vt 0.00000000 0.00000000
vt 1.00000000 0.00000000
vt 1.00000000 1.00000000
vt 0.00000000 0.00000000
vt 1.00000000 0.00000000
vt 1.00000000 1.00000000
vt 0.00000000 0.00000000
vt 1.00000000 0.00000000
vt 1.00000000 1.00000000
vt 0.00000000 0.00000000
vt 1.00000000 0.00000000
vt 1.00000000 1.00000000
vt 0.00000000 0.00000000
vt 1.00000000 0.00000000
vt 1.00000000 1.00000000
vt 0.00000000 0.00000000
vt 1.00000000 0.00000000
vt 1.00000000 1.00000000
vt 0.00000000 0.00000000
vt 1.00000000 0.00000000
vt 1.00000000 1.00000000
vt 0.00000000 0.00000000
vt 1.00000000 0.00000000
vt 1.00000000 1.00000000
vt 0.00000000 0.00000000
vt 1.00000000 0.00000000
vt 1.00000000 1.00000000
vt 0.00000000 0.00000000
vt 1.00000000 0.00000000
vt 1.00000000 1.00000000
vt 0.00000000 0.00000000
vt 1.00000000 0.00000000
vt 1.00000000 1.00000000
vt 0.00000000 0.00000000
vt 1.00000000 0.00000000
vt 1.00000000 1.00000000
vt 0.00000000 0.00000000
vt 1.00000000 0.00000000
vt 1.00000000 1.00000000
vt 0.00000000 0.00000000
vt 1.00000000 0.00000000
vt 1.00000000 1.00000000
vt 0.00000000 0.00000000
vt 1.00000000 0.00000000
vt 1.00000000 1.00000000
vt 0.00000000 0.00000000
vt 1.00000000 0.00000000
vt 1.00000000 1.00000000
vt 0.00000000 0.00000000
vt 1.00000000 0.00000000
vt 1.00000000 1.00000000
vt 0.00000000 0.00000000
vt 1.00000000 0.00000000
vt 1.00000000 1.00000000
vt 0.00000000 0.00000000
vt 1.00000000 0.00000000
vt 1.00000000 1.00000000
vt 0.00000000 0.00000000
vt 1.00000000 0.00000000
vt 1.00000000 1.00000000
vt 0.00000000 0.00000000
vt 1.00000000 0.00000000
vt 1.00000000 1.00000000
vt 0.00000000 0.00000000
vt 1.00000000 0.00000000
vt 1.00000000 1.00000000
vt 0.00000000 0.00000000
vt 1.00000000 0.00000000
vt 1.00000000 1.00000000
vt 0.00000000 0.00000000
vt 1.00000000 0.00000000
vt 1.00000000 1.00000000
vt 0.00000000 0.00000000
vt 1.00000000 0.00000000
vt 1.00000000 1.00000000
vt 0.00000000 0.00000000
vt 1.00000000 0.00000000
vt 1.00000000 1.00000000
vt 0.00000000 0.00000000
vt 1.00000000 0.00000000
vt 1.00000000 1.00000000
vt 0.00000000 0.00000000
vt 1.00000000 0.00000000
vt 1.00000000 1.00000000
vt 0.00000000 0.00000000
vt 1.00000000 0.00000000
vt 1.00000000 1.00000000
vt 0.00000000 0.00000000
vt 1.00000000 0.00000000
vt 1.00000000 1.00000000
vt 0.00000000 0.00000000
vt 1.00000000 0.00000000
vt 1.00000000 1.00000000
vt 0.00000000 0.00000000
vt 1.00000000 0.00000000
vt 1.00000000 1.00000000
vt 0.00000000 0.00000000
vt 1.00000000 0.00000000
vt 1.00000000 1.00000000
vt 0.00000000 0.00000000
vt 1.00000000 0.00000000
vt 1.00000000 1.00000000
vt 0.00000000 0.00000000
vt 1.00000000 0.00000000
vt 1.00000000 1.00000000
vt 0.00000000 0.00000000
vt 1.00000000 0.00000000
vt 1.00000000 1.00000000
vt 0.00000000 0.00000000
vt 1.00000000 0.00000000
vt 1.00000000 1.00000000
vt 0.00000000 0.00000000
vt 1.00000000 0.00000000
vt 1.00000000 1.00000000
vt 0.00000000 0.00000000
vt 1.00000000 0.00000000
vt 1.00000000 1.00000000
vt 0.00000000 0.00000000
vt 1.00000000 0.00000000
vt 1.00000000 1.00000000
vt 0.00000000 0.00000000
vt 1.00000000 0.00000000
vt 1.00000000 1.00000000
vt 0.00000000 0.00000000
vt 1.00000000 0.00000000
vt 1.00000000 1.00000000
vt 0.00000000 0.00000000
vt 1.00000000 0.00000000
vt 1.00000000 1.00000000
vt 0.00000000 0.00000000
vt 1.00000000 0.00000000
vt 1.00000000 1.00000000
vt 0.00000000 0.00000000
vt 1.00000000 0.00000000
vt 1.00000000 1.00000000
vt 0.00000000 0.00000000
vt 1.00000000 0.00000000
vt 1.00000000 1.00000000
vt 0.00000000 0.00000000
vt 1.00000000 0.00000000
vt 1.00000000 1.00000000
vt 0.00000000 0.00000000
vt 1.00000000 0.00000000
vt 1.00000000 1.00000000
vt 0.00000000 0.00000000
vt 1.00000000 0.00000000
vt 1.00000000 1.00000000
vt 0.00000000 0.00000000
vt 1.00000000 0.00000000
vt 1.00000000 1.00000000
vt 0.00000000 0.00000000
vt 1.00000000 0.00000000
vt 1.00000000 1.00000000
vt 0.00000000 0.00000000
vt 1.00000000 0.00000000
vt 1.00000000 1.00000000
vt 0.00000000 0.00000000
vt 1.00000000 0.00000000
vt 1.00000000 1.00000000
vt 0.00000000 0.00000000
vt 1.00000000 0.00000000
vt 1.00000000 1.00000000
vt 0.00000000 0.00000000
vt 1.00000000 0.00000000
vt 1.00000000 1.00000000
vt 0.00000000 0.00000000
vt 1.00000000 0.00000000
vt 1.00000000 1.00000000
vt 0.00000000 0.00000000
vt 1.00000000 0.00000000
vt 1.00000000 1.00000000
vt 0.00000000 0.00000000
vt 1.00000000 0.00000000
vt 1.00000000 1.00000000
vt 0.00000000 0.00000000
vt 1.00000000 0.00000000
vt 1.00000000 1.00000000
vt 0.00000000 0.00000000
vt 1.00000000 0.00000000
vt 1.00000000 1.00000000
vt 0.00000000 0.00000000
vt 1.00000000 0.00000000
vt 1.00000000 1.00000000
vt 0.00000000 0.00000000
vt 1.00000000 0.00000000
vt 1.00000000 1.00000000
vt 0.00000000 0.00000000
vt 1.00000000 0.00000000
vt 1.00000000 1.00000000
vt 0.00000000 0.00000000
vt 1.00000000 0.00000000
vt 1.00000000 1.00000000
vt 0.00000000 0.00000000
vt 1.00000000 0.00000000
vt 1.00000000 1.00000000
vt 0.00000000 0.00000000
vt 1.00000000 0.00000000
vt 1.00000000 1.00000000
vt 0.00000000 0.00000000
vt 1.00000000 0.00000000
vt 1.00000000 1.00000000
vt 0.00000000 0.00000000
vt 1.00000000 0.00000000
vt 1.00000000 1.00000000
vt 0.00000000 0.00000000
vt 1.00000000 0.00000000
vt 1.00000000 1.00000000
vt 0.00000000 0.00000000
vt 1.00000000 0.00000000
vt 1.00000000 1.00000000
vt 0.00000000 0.00000000
vt 1.00000000 0.00000000
vt 1.00000000 1.00000000
vt 0.00000000 0.00000000
vt 1.00000000 0.00000000
vt 1.00000000 1.00000000
vt 0.00000000 0.00000000
vt 1.00000000 0.00000000
vt 1.00000000 1.00000000
vt 0.00000000 0.00000000
vt 1.00000000 0.00000000
vt 1.00000000 1.00000000
vt 0.00000000 0.00000000
vt 1.00000000 0.00000000
vt 1.00000000 1.00000000
vt 0.00000000 0.00000000
vt 1.00000000 0.00000000
vt 1.00000000 1.00000000
vt 0.00000000 0.00000000
vt 1.00000000 0.00000000
vt 1.00000000 1.00000000
vt 0.00000000 0.00000000
vt 1.00000000 0.00000000
vt 1.00000000 1.00000000
vt 0.00000000 0.00000000
vt 1.00000000 0.00000000
vt 1.00000000 1.00000000
vt 0.00000000 0.00000000
vt 1.00000000 0.00000000
vt 1.00000000 1.00000000
vt 0.00000000 0.00000000
vt 1.00000000 0.00000000
vt 1.00000000 1.00000000
vt 0.00000000 0.00000000
vt 1.00000000 0.00000000
vt 1.00000000 1.00000000
vt 0.00000000 0.00000000
vt 1.00000000 0.00000000
vt 1.00000000 1.00000000
vt 0.00000000 0.00000000
vt 1.00000000 0.00000000
vt 1.00000000 1.00000000
vt 0.00000000 0.00000000
vt 1.00000000 0.00000000
vt 1.00000000 1.00000000
vt 0.00000000 0.00000000
vt 1.00000000 0.00000000
vt 1.00000000 1.00000000
vt 0.00000000 0.00000000
vt 1.00000000 0.00000000
vt 1.00000000 1.00000000
vt 0.00000000 0.00000000
vt 1.00000000 0.00000000
vt 1.00000000 1.00000000
vt 0.00000000 0.00000000
vt 1.00000000 0.00000000
vt 1.00000000 1.00000000
vt 0.00000000 0.00000000
vt 1.00000000 0.00000000
vt 1.00000000 1.00000000
vt 0.00000000 0.00000000
vt 1.00000000 0.00000000
vt 1.00000000 1.00000000
vt 0.00000000 0.00000000
vt 1.00000000 0.00000000
vt 1.00000000 1.00000000
vt 0.00000000 0.00000000
vt 1.00000000 0.00000000
vt 1.00000000 1.00000000
vt 0.00000000 0.00000000
vt 1.00000000 0.00000000
vt 1.00000000 1.00000000
vt 0.00000000 0.00000000
vt 1.00000000 0.00000000
vt 1.00000000 1.00000000
vt 0.00000000 0.00000000
vt 1.00000000 0.00000000
vt 1.00000000 1.00000000
vt 0.00000000 0.00000000
vt 1.00000000 0.00000000
vt 1.00000000 1.00000000
vt 0.00000000 0.00000000
vt 1.00000000 0.00000000
vt 1.00000000 1.00000000
vt 0.00000000 0.00000000
vt 1.00000000 0.00000000
vt 1.00000000 1.00000000
vt 0.00000000 0.00000000
vt 1.00000000 0.00000000
vt 1.00000000 1.00000000
vt 0.00000000 0.00000000
vt 1.00000000 0.00000000
vt 1.00000000 1.00000000
vt 0.00000000 0.00000000
vt 1.00000000 0.00000000
vt 1.00000000 1.00000000
vt 0.00000000 0.00000000
vt 1.00000000 0.00000000
vt 1.00000000 1.00000000
vt 0.00000000 0.00000000
vt 1.00000000 0.00000000
vt 1.00000000 1.00000000
vt 0.00000000 0.00000000
vt 1.00000000 0.00000000
vt 1.00000000 1.00000000
vt 0.00000000 0.00000000
vt 1.00000000 0.00000000
vt 1.00000000 1.00000000
vt 0.00000000 0.00000000
vt 1.00000000 0.00000000
vt 1.00000000 1.00000000
vt 0.00000000 0.00000000
vt 1.00000000 0.00000000
vt 1.00000000 1.00000000
vt 0.00000000 0.00000000
vt 1.00000000 0.00000000
vt 1.00000000 1.00000000
vt 0.00000000 0.00000000
vt 1.00000000 0.00000000
vt 1.00000000 1.00000000
vt 0.00000000 0.00000000
vt 1.00000000 0.00000000
vt 1.00000000 1.00000000
vt 0.00000000 0.00000000
vt 1.00000000 0.00000000
vt 1.00000000 1.00000000
vt 0.00000000 0.00000000
vt 1.00000000 0.00000000
vt 1.00000000 1.00000000
vt 0.00000000 0.00000000
vt 1.00000000 0.00000000
vt 1.00000000 1.00000000
vt 0.00000000 0.00000000
vt 1.00000000 0.00000000
vt 1.00000000 1.00000000
vt 0.00000000 0.00000000
vt 1.00000000 0.00000000
vt 1.00000000 1.00000000
vt 0.00000000 0.00000000
vt 1.00000000 0.00000000
vt 1.00000000 1.00000000
vt 0.00000000 0.00000000
vt 1.00000000 0.00000000
vt 1.00000000 1.00000000
vt 0.00000000 0.00000000
vt 1.00000000 0.00000000
vt 1.00000000 1.00000000
vt 0.00000000 0.00000000
vt 1.00000000 0.00000000
vt 1.00000000 1.00000000
vt 0.00000000 0.00000000
vt 1.00000000 0.00000000
vt 1.00000000 1.00000000
vt 0.00000000 0.00000000
vt 1.00000000 0.00000000
vt 1.00000000 1.00000000
vt 0.00000000 0.00000000
vt 1.00000000 0.00000000
vt 1.00000000 1.00000000
vt 0.00000000 0.00000000
vt 1.00000000 0.00000000
vt 1.00000000 1.00000000
vt 0.00000000 0.00000000
vt 1.00000000 0.00000000
vt 1.00000000 1.00000000
vt 0.00000000 0.00000000
vt 1.00000000 0.00000000
vt 1.00000000 1.00000000
vt 0.00000000 0.00000000
vt 1.00000000 0.00000000
vt 1.00000000 1.00000000
vt 0.00000000 0.00000000
vt 1.00000000 0.00000000
vt 1.00000000 1.00000000
vt 0.00000000 0.00000000
vt 1.00000000 0.00000000
vt 1.00000000 1.00000000
vt 0.00000000 0.00000000
vt 1.00000000 0.00000000
vt 1.00000000 1.00000000
vt 0.00000000 0.00000000
vt 1.00000000 0.00000000
vt 1.00000000 1.00000000
vt 0.00000000 0.00000000
vt 1.00000000 0.00000000
vt 1.00000000 1.00000000
vt 0.00000000 0.00000000
vt 1.00000000 0.00000000
vt 1.00000000 1.00000000
vt 0.00000000 0.00000000
vt 1.00000000 0.00000000
vt 1.00000000 1.00000000
vt 0.00000000 0.00000000
vt 1.00000000 0.00000000
vt 1.00000000 1.00000000
vt 0.00000000 0.00000000
vt 1.00000000 0.00000000
vt 1.00000000 1.00000000
vt 0.00000000 0.00000000
vt 1.00000000 0.00000000
vt 1.00000000 1.00000000
vt 0.00000000 0.00000000
vt 1.00000000 0.00000000
vt 1.00000000 1.00000000
vt 0.00000000 0.00000000
vt 1.00000000 0.00000000
vt 1.00000000 1.00000000
vt 0.00000000 0.00000000
vt 1.00000000 0.00000000
vt 1.00000000 1.00000000
vt 0.00000000 0.00000000
vt 1.00000000 0.00000000
vt 1.00000000 1.00000000
vt 0.00000000 0.00000000
vt 1.00000000 0.00000000
vt 1.00000000 1.00000000
vt 0.00000000 0.00000000
vt 1.00000000 0.00000000
vt 1.00000000 1.00000000
vt 0.00000000 0.00000000
vt 1.00000000 0.00000000
vt 1.00000000 1.00000000
vt 0.00000000 0.00000000
vt 1.00000000 0.00000000
vt 1.00000000 1.00000000
vt 0.00000000 0.00000000
vt 1.00000000 0.00000000
vt 1.00000000 1.00000000
vt 0.00000000 0.00000000
vt 1.00000000 0.00000000
vt 1.00000000 1.00000000
vt 0.00000000 0.00000000
vt 1.00000000 0.00000000
vt 1.00000000 1.00000000
vt 0.00000000 0.00000000
vt 1.00000000 0.00000000
vt 1.00000000 1.00000000
vt 0.00000000 0.00000000
vt 1.00000000 0.00000000
vt 1.00000000 1.00000000
vt 0.00000000 0.00000000
vt 1.00000000 0.00000000
vt 1.00000000 1.00000000
vt 0.00000000 0.00000000
vt 1.00000000 0.00000000
vt 1.00000000 1.00000000
vt 0.00000000 0.00000000
vt 1.00000000 0.00000000
vt 1.00000000 1.00000000
vt 0.00000000 0.00000000
vt 1.00000000 0.00000000
vt 1.00000000 1.00000000
vt 0.00000000 0.00000000
vt 1.00000000 0.00000000
vt 1.00000000 1.00000000
vt 0.00000000 0.00000000
vt 1.00000000 0.00000000
vt 1.00000000 1.00000000
vt 0.00000000 0.00000000
vt 1.00000000 0.00000000
vt 1.00000000 1.00000000
vt 0.00000000 0.00000000
vt 1.00000000 0.00000000
vt 1.00000000 1.00000000
vt 0.00000000 0.00000000
vt 1.00000000 0.00000000
vt 1.00000000 1.00000000
vt 0.00000000 0.00000000
vt 1.00000000 0.00000000
vt 1.00000000 1.00000000
vt 0.00000000 0.00000000
vt 1.00000000 0.00000000
vt 1.00000000 1.00000000
vt 0.00000000 0.00000000
vt 1.00000000 0.00000000
vt 1.00000000 1.00000000
vt 0.00000000 0.00000000
vt 1.00000000 0.00000000
vt 1.00000000 1.00000000
vt 0.00000000 0.00000000
vt 1.00000000 0.00000000
vt 1.00000000 1.00000000
vt 0.00000000 0.00000000
vt 1.00000000 0.00000000
vt 1.00000000 1.00000000
vt 0.00000000 0.00000000
vt 1.00000000 0.00000000
vt 1.00000000 1.00000000
vt 0.00000000 0.00000000
vt 1.00000000 0.00000000
vt 1.00000000 1.00000000
vt 0.00000000 0.00000000
vt 1.00000000 0.00000000
vt 1.00000000 1.00000000
vt 0.00000000 0.00000000
vt 1.00000000 0.00000000
vt 1.00000000 1.00000000
vt 0.00000000 0.00000000
vt 1.00000000 0.00000000
vt 1.00000000 1.00000000
vt 0.00000000 0.00000000
vt 1.00000000 0.00000000
vt 1.00000000 1.00000000
vt 0.00000000 0.00000000
vt 1.00000000 0.00000000
vt 1.00000000 1.00000000
vt 0.00000000 0.00000000
vt 1.00000000 0.00000000
vt 1.00000000 1.00000000
vt 0.00000000 0.00000000
vt 1.00000000 0.00000000
vt 1.00000000 1.00000000
vt 0.00000000 0.00000000
vt 1.00000000 0.00000000
vt 1.00000000 1.00000000
vt 0.00000000 0.00000000
vt 1.00000000 0.00000000
vt 1.00000000 1.00000000
vt 0.00000000 0.00000000
vt 1.00000000 0.00000000
vt 1.00000000 1.00000000
vt 0.00000000 0.00000000
vt 1.00000000 0.00000000
vt 1.00000000 1.00000000
vt 0.00000000 0.00000000
vt 1.00000000 0.00000000
vt 1.00000000 1.00000000
vt 0.00000000 0.00000000
vt 1.00000000 0.00000000
vt 1.00000000 1.00000000
vt 0.00000000 0.00000000
vt 1.00000000 0.00000000
vt 1.00000000 1.00000000
vt 0.00000000 0.00000000
vt 1.00000000 0.00000000
vt 1.00000000 1.00000000
vt 0.00000000 0.00000000
vt 1.00000000 0.00000000
vt 1.00000000 1.00000000
vt 0.00000000 0.00000000
vt 1.00000000 0.00000000
vt 1.00000000 1.00000000
vt 0.00000000 0.00000000
vt 1.00000000 0.00000000
vt 1.00000000 1.00000000
vt 0.00000000 0.00000000
vt 1.00000000 0.00000000
vt 1.00000000 1.00000000
vt 0.00000000 0.00000000
vt 1.00000000 0.00000000
vt 1.00000000 1.00000000
vt 0.00000000 0.00000000
vt 1.00000000 0.00000000
vt 1.00000000 1.00000000
vt 0.00000000 0.00000000
vt 1.00000000 0.00000000
vt 1.00000000 1.00000000
vt 0.00000000 0.00000000
vt 1.00000000 0.00000000
vt 1.00000000 1.00000000
vt 0.00000000 0.00000000
vt 1.00000000 0.00000000
vt 1.00000000 1.00000000
vt 0.00000000 0.00000000
vt 1.00000000 0.00000000
vt 1.00000000 1.00000000
vt 0.00000000 0.00000000
vt 1.00000000 0.00000000
vt 1.00000000 1.00000000
vt 0.00000000 0.00000000
vt 1.00000000 0.00000000
vt 1.00000000 1.00000000
vt 0.00000000 0.00000000
vt 1.00000000 0.00000000
vt 1.00000000 1.00000000
vt 0.00000000 0.00000000
vt 1.00000000 0.00000000
vt 1.00000000 1.00000000
vt 0.00000000 0.00000000
vt 1.00000000 0.00000000
vt 1.00000000 1.00000000
vt 0.00000000 0.00000000
vt 1.00000000 0.00000000
vt 1.00000000 1.00000000
vt 0.00000000 0.00000000
vt 1.00000000 0.00000000
vt 1.00000000 1.00000000
vt 0.00000000 0.00000000
vt 1.00000000 0.00000000
vt 1.00000000 1.00000000
vt 0.00000000 0.00000000
vt 1.00000000 0.00000000
vt 1.00000000 1.00000000
vt 0.00000000 0.00000000
vt 1.00000000 0.00000000
vt 1.00000000 1.00000000
vt 0.00000000 0.00000000
vt 1.00000000 0.00000000
vt 1.00000000 1.00000000
vt 0.00000000 0.00000000
vt 1.00000000 0.00000000
vt 1.00000000 1.00000000
vt 0.00000000 0.00000000
vt 1.00000000 0.00000000
vt 1.00000000 1.00000000
vt 0.00000000 0.00000000
vt 1.00000000 0.00000000
vt 1.00000000 1.00000000
vt 0.00000000 0.00000000
vt 1.00000000 0.00000000
vt 1.00000000 1.00000000
vt 0.00000000 0.00000000
vt 1.00000000 0.00000000
vt 1.00000000 1.00000000
vt 0.00000000 0.00000000
vt 1.00000000 0.00000000
vt 1.00000000 1.00000000
vt 0.00000000 0.00000000
vt 1.00000000 0.00000000
vt 1.00000000 1.00000000
vt 0.00000000 0.00000000
vt 1.00000000 0.00000000
vt 1.00000000 1.00000000
vt 0.00000000 0.00000000
vt 1.00000000 0.00000000
vt 1.00000000 1.00000000
vt 0.00000000 0.00000000
vt 1.00000000 0.00000000
vt 1.00000000 1.00000000
vt 0.00000000 0.00000000
vt 1.00000000 0.00000000
vt 1.00000000 1.00000000
vt 0.00000000 0.00000000
vt 1.00000000 0.00000000
vt 1.00000000 1.00000000
vt 0.00000000 0.00000000
vt 1.00000000 0.00000000
vt 1.00000000 1.00000000
vt 0.00000000 0.00000000
vt 1.00000000 0.00000000
vt 1.00000000 1.00000000
vt 0.00000000 0.00000000
vt 1.00000000 0.00000000
vt 1.00000000 1.00000000
vt 0.00000000 0.00000000
vt 1.00000000 0.00000000
vt 1.00000000 1.00000000
vt 0.00000000 0.00000000
vt 1.00000000 0.00000000
vt 1.00000000 1.00000000
vt 0.00000000 0.00000000
vt 1.00000000 0.00000000
vt 1.00000000 1.00000000
vt 0.00000000 0.00000000
vt 1.00000000 0.00000000
vt 1.00000000 1.00000000
vt 0.00000000 0.00000000
vt 1.00000000 0.00000000
vt 1.00000000 1.00000000
vt 0.00000000 0.00000000
vt 1.00000000 0.00000000
vt 1.00000000 1.00000000
vt 0.00000000 0.00000000
vt 1.00000000 0.00000000
vt 1.00000000 1.00000000
vt 0.00000000 0.00000000
vt 1.00000000 0.00000000
vt 1.00000000 1.00000000
vt 0.00000000 0.00000000
vt 1.00000000 0.00000000
vt 1.00000000 1.00000000
vt 0.00000000 0.00000000
vt 1.00000000 0.00000000
vt 1.00000000 1.00000000
vt 0.00000000 0.00000000
vt 1.00000000 0.00000000
vt 1.00000000 1.00000000
vt 0.00000000 0.00000000
vt 1.00000000 0.00000000
vt 1.00000000 1.00000000
vt 0.00000000 0.00000000
vt 1.00000000 0.00000000
vt 1.00000000 1.00000000
vt 0.00000000 0.00000000
vt 1.00000000 0.00000000
vt 1.00000000 1.00000000
vt 0.00000000 0.00000000
vt 1.00000000 0.00000000
vt 1.00000000 1.00000000
vt 0.00000000 0.00000000
vt 1.00000000 0.00000000
vt 1.00000000 1.00000000
vt 0.00000000 0.00000000
vt 1.00000000 0.00000000
vt 1.00000000 1.00000000
vt 0.00000000 0.00000000
vt 1.00000000 0.00000000
vt 1.00000000 1.00000000
vt 0.00000000 0.00000000
vt 1.00000000 0.00000000
vt 1.00000000 1.00000000
vt 0.00000000 0.00000000
vt 1.00000000 0.00000000
vt 1.00000000 1.00000000
vt 0.00000000 0.00000000
vt 1.00000000 0.00000000
vt 1.00000000 1.00000000
vt 0.00000000 0.00000000
vt 1.00000000 0.00000000
vt 1.00000000 1.00000000
vt 0.00000000 0.00000000
vt 1.00000000 0.00000000
vt 1.00000000 1.00000000
vt 0.00000000 0.00000000
vt 1.00000000 0.00000000
vt 1.00000000 1.00000000
vt 0.00000000 0.00000000
vt 1.00000000 0.00000000
vt 1.00000000 1.00000000
vt 0.00000000 0.00000000
vt 1.00000000 0.00000000
vt 1.00000000 1.00000000
vt 0.00000000 0.00000000
vt 1.00000000 0.00000000
vt 1.00000000 1.00000000
vt 0.00000000 0.00000000
vt 1.00000000 0.00000000
vt 1.00000000 1.00000000
vt 0.00000000 0.00000000
vt 1.00000000 0.00000000
vt 1.00000000 1.00000000
vt 0.00000000 0.00000000
vt 1.00000000 0.00000000
vt 1.00000000 1.00000000
vt 0.00000000 0.00000000
vt 1.00000000 0.00000000
vt 1.00000000 1.00000000
vt 0.00000000 0.00000000
vt 1.00000000 0.00000000
vt 1.00000000 1.00000000
vt 0.00000000 0.00000000
vt 1.00000000 0.00000000
vt 1.00000000 1.00000000
vt 0.00000000 0.00000000
vt 1.00000000 0.00000000
vt 1.00000000 1.00000000
vt 0.00000000 0.00000000
vt 1.00000000 0.00000000
vt 1.00000000 1.00000000
vt 0.00000000 0.00000000
vt 1.00000000 0.00000000
vt 1.00000000 1.00000000
vt 0.00000000 0.00000000
vt 1.00000000 0.00000000
vt 1.00000000 1.00000000
vt 0.00000000 0.00000000
vt 1.00000000 0.00000000
vt 1.00000000 1.00000000
vt 0.00000000 0.00000000
vt 1.00000000 0.00000000
vt 1.00000000 1.00000000
vt 0.00000000 0.00000000
vt 1.00000000 0.00000000
vt 1.00000000 1.00000000
vt 0.00000000 0.00000000
vt 1.00000000 0.00000000
vt 1.00000000 1.00000000
vt 0.00000000 0.00000000
vt 1.00000000 0.00000000
vt 1.00000000 1.00000000
vt 0.00000000 0.00000000
vt 1.00000000 0.00000000
vt 1.00000000 1.00000000
vt 0.00000000 0.00000000
vt 1.00000000 0.00000000
vt 1.00000000 1.00000000
vt 0.00000000 0.00000000
vt 1.00000000 0.00000000
vt 1.00000000 1.00000000
vt 0.00000000 0.00000000
vt 1.00000000 0.00000000
vt 1.00000000 1.00000000
vt 0.00000000 0.00000000
vt 1.00000000 0.00000000
vt 1.00000000 1.00000000
vt 0.00000000 0.00000000
vt 1.00000000 0.00000000
vt 1.00000000 1.00000000
vt 0.00000000 0.00000000
vt 1.00000000 0.00000000
vt 1.00000000 1.00000000
vt 0.00000000 0.00000000
vt 1.00000000 0.00000000
vt 1.00000000 1.00000000
vt 0.00000000 0.00000000
vt 1.00000000 0.00000000
vt 1.00000000 1.00000000
vt 0.00000000 0.00000000
vt 1.00000000 0.00000000
vt 1.00000000 1.00000000
vt 0.00000000 0.00000000
vt 1.00000000 0.00000000
vt 1.00000000 1.00000000
vt 0.00000000 0.00000000
vt 1.00000000 0.00000000
vt 1.00000000 1.00000000
vt 0.00000000 0.00000000
vt 1.00000000 0.00000000
vt 1.00000000 1.00000000
vt 0.00000000 0.00000000
vt 1.00000000 0.00000000
vt 1.00000000 1.00000000
vt 0.00000000 0.00000000
vt 1.00000000 0.00000000
vt 1.00000000 1.00000000
vt 0.00000000 0.00000000
vt 1.00000000 0.00000000
vt 1.00000000 1.00000000
vt 0.00000000 0.00000000
vt 1.00000000 0.00000000
vt 1.00000000 1.00000000
vt 0.00000000 0.00000000
vt 1.00000000 0.00000000
vt 1.00000000 1.00000000
vt 0.00000000 0.00000000
vt 1.00000000 0.00000000
vt 1.00000000 1.00000000
vt 0.00000000 0.00000000
vt 1.00000000 0.00000000
vt 1.00000000 1.00000000
vt 0.00000000 0.00000000
vt 1.00000000 0.00000000
vt 1.00000000 1.00000000
vt 0.00000000 0.00000000
vt 1.00000000 0.00000000
vt 1.00000000 1.00000000
vt 0.00000000 0.00000000
vt 1.00000000 0.00000000
vt 1.00000000 1.00000000
vt 0.00000000 0.00000000
vt 1.00000000 0.00000000
vt 1.00000000 1.00000000
vt 0.00000000 0.00000000
vt 1.00000000 0.00000000
vt 1.00000000 1.00000000
vt 0.00000000 0.00000000
vt 1.00000000 0.00000000
vt 1.00000000 1.00000000
vt 0.00000000 0.00000000
vt 1.00000000 0.00000000
vt 1.00000000 1.00000000
vt 0.00000000 0.00000000
vt 1.00000000 0.00000000
vt 1.00000000 1.00000000
vt 0.00000000 0.00000000
vt 1.00000000 0.00000000
vt 1.00000000 1.00000000
vt 0.00000000 0.00000000
vt 1.00000000 0.00000000
vt 1.00000000 1.00000000
vt 0.00000000 0.00000000
vt 1.00000000 0.00000000
vt 1.00000000 1.00000000
vt 0.00000000 0.00000000
vt 1.00000000 0.00000000
vt 1.00000000 1.00000000
vt 0.00000000 0.00000000
vt 1.00000000 0.00000000
vt 1.00000000 1.00000000
vt 0.00000000 0.00000000
vt 1.00000000 0.00000000
vt 1.00000000 1.00000000
vt 0.00000000 0.00000000
vt 1.00000000 0.00000000
vt 1.00000000 1.00000000
vt 0.00000000 0.00000000
vt 1.00000000 0.00000000
vt 1.00000000 1.00000000
vt 0.00000000 0.00000000
vt 1.00000000 0.00000000
vt 1.00000000 1.00000000
vt 0.00000000 0.00000000
vt 1.00000000 0.00000000
vt 1.00000000 1.00000000
vt 0.00000000 0.00000000
vt 1.00000000 0.00000000
vt 1.00000000 1.00000000
vt 0.00000000 0.00000000
vt 1.00000000 0.00000000
vt 1.00000000 1.00000000
vt 0.00000000 0.00000000
vt 1.00000000 0.00000000
vt 1.00000000 1.00000000
vt 0.00000000 0.00000000
vt 1.00000000 0.00000000
vt 1.00000000 1.00000000
vt 0.00000000 0.00000000
vt 1.00000000 0.00000000
vt 1.00000000 1.00000000
vt 0.00000000 0.00000000
vt 1.00000000 0.00000000
vt 1.00000000 1.00000000
vt 0.00000000 0.00000000
vt 1.00000000 0.00000000
vt 1.00000000 1.00000000
vt 0.00000000 0.00000000
vt 1.00000000 0.00000000
vt 1.00000000 1.00000000
vt 0.00000000 0.00000000
vt 1.00000000 0.00000000
vt 1.00000000 1.00000000
vt 0.00000000 0.00000000
vt 1.00000000 0.00000000
vt 1.00000000 1.00000000
vt 0.00000000 0.00000000
vt 1.00000000 0.00000000
vt 1.00000000 1.00000000
vt 0.00000000 0.00000000
vt 1.00000000 0.00000000
vt 1.00000000 1.00000000
vt 0.00000000 0.00000000
vt 1.00000000 0.00000000
vt 1.00000000 1.00000000
vt 0.00000000 0.00000000
vt 1.00000000 0.00000000
vt 1.00000000 1.00000000
vt 0.00000000 0.00000000
vt 1.00000000 0.00000000
vt 1.00000000 1.00000000
vt 0.00000000 0.00000000
vt 1.00000000 0.00000000
vt 1.00000000 1.00000000
vt 0.00000000 0.00000000
vt 1.00000000 0.00000000
vt 1.00000000 1.00000000
vt 0.00000000 0.00000000
vt 1.00000000 0.00000000
vt 1.00000000 1.00000000
vt 0.00000000 0.00000000
vt 1.00000000 0.00000000
vt 1.00000000 1.00000000
vt 0.00000000 0.00000000
vt 1.00000000 0.00000000
vt 1.00000000 1.00000000
vt 0.00000000 0.00000000
vt 1.00000000 0.00000000
vt 1.00000000 1.00000000
vt 0.00000000 0.00000000
vt 1.00000000 0.00000000
vt 1.00000000 1.00000000
vt 0.00000000 0.00000000
vt 1.00000000 0.00000000
vt 1.00000000 1.00000000
vt 0.00000000 0.00000000
vt 1.00000000 0.00000000
vt 1.00000000 1.00000000
vt 0.00000000 0.00000000
vt 1.00000000 0.00000000
vt 1.00000000 1.00000000
vt 0.00000000 0.00000000
vt 1.00000000 0.00000000
vt 1.00000000 1.00000000
vt 0.00000000 0.00000000
vt 1.00000000 0.00000000
vt 1.00000000 1.00000000
vt 0.00000000 0.00000000
vt 1.00000000 0.00000000
vt 1.00000000 1.00000000
vt 0.00000000 0.00000000
vt 1.00000000 0.00000000
vt 1.00000000 1.00000000
vt 0.00000000 0.00000000
vt 1.00000000 0.00000000
vt 1.00000000 1.00000000
vt 0.00000000 0.00000000
vt 1.00000000 0.00000000
vt 1.00000000 1.00000000
vt 0.00000000 0.00000000
vt 1.00000000 0.00000000
vt 1.00000000 1.00000000
vt 0.00000000 0.00000000
vt 1.00000000 0.00000000
vt 1.00000000 1.00000000
vt 0.00000000 0.00000000
vt 1.00000000 0.00000000
vt 1.00000000 1.00000000
vt 0.00000000 0.00000000
vt 1.00000000 0.00000000
vt 1.00000000 1.00000000
vt 0.00000000 0.00000000
vt 1.00000000 0.00000000
vt 1.00000000 1.00000000
vt 0.00000000 0.00000000
vt 1.00000000 0.00000000
vt 1.00000000 1.00000000
vt 0.00000000 0.00000000
vt 1.00000000 0.00000000
vt 1.00000000 1.00000000
vt 0.00000000 0.00000000
vt 1.00000000 0.00000000
vt 1.00000000 1.00000000
vt 0.00000000 0.00000000
vt 1.00000000 0.00000000
vt 1.00000000 1.00000000
vt 0.00000000 0.00000000
vt 1.00000000 0.00000000
vt 1.00000000 1.00000000
vt 0.00000000 0.00000000
vt 1.00000000 0.00000000
vt 1.00000000 1.00000000
vt 0.00000000 0.00000000
vt 1.00000000 0.00000000
vt 1.00000000 1.00000000
vt 0.00000000 0.00000000
vt 1.00000000 0.00000000
vt 1.00000000 1.00000000
vt 0.00000000 0.00000000
vt 1.00000000 0.00000000
vt 1.00000000 1.00000000
vt 0.00000000 0.00000000
vt 1.00000000 0.00000000
vt 1.00000000 1.00000000
vt 0.00000000 0.00000000
vt 1.00000000 0.00000000
vt 1.00000000 1.00000000
vt 0.00000000 0.00000000
vt 1.00000000 0.00000000
vt 1.00000000 1.00000000
vt 0.00000000 0.00000000
vt 1.00000000 0.00000000
vt 1.00000000 1.00000000
vt 0.00000000 0.00000000
vt 1.00000000 0.00000000
vt 1.00000000 1.00000000
vt 0.00000000 0.00000000
vt 1.00000000 0.00000000
vt 1.00000000 1.00000000
vt 0.00000000 0.00000000
vt 1.00000000 0.00000000
vt 1.00000000 1.00000000
vt 0.00000000 0.00000000
vt 1.00000000 0.00000000
vt 1.00000000 1.00000000
vt 0.00000000 0.00000000
vt 1.00000000 0.00000000
vt 1.00000000 1.00000000
vt 0.00000000 0.00000000
vt 1.00000000 0.00000000
vt 1.00000000 1.00000000
vt 0.00000000 0.00000000
vt 1.00000000 0.00000000
vt 1.00000000 1.00000000
vt 0.00000000 0.00000000
vt 1.00000000 0.00000000
vt 1.00000000 1.00000000
vt 0.00000000 0.00000000
vt 1.00000000 0.00000000
vt 1.00000000 1.00000000
vt 0.00000000 0.00000000
vt 1.00000000 0.00000000
vt 1.00000000 1.00000000
vt 0.00000000 0.00000000
vt 1.00000000 0.00000000
vt 1.00000000 1.00000000
vt 0.00000000 0.00000000
vt 1.00000000 0.00000000
vt 1.00000000 1.00000000
vt 0.00000000 0.00000000
vt 1.00000000 0.00000000
vt 1.00000000 1.00000000
vt 0.00000000 0.00000000
vt 1.00000000 0.00000000
vt 1.00000000 1.00000000
vt 0.00000000 0.00000000
vt 1.00000000 0.00000000
vt 1.00000000 1.00000000
vt 0.00000000 0.00000000
vt 1.00000000 0.00000000
vt 1.00000000 1.00000000
vt 0.00000000 0.00000000
vt 1.00000000 0.00000000
vt 1.00000000 1.00000000
vt 0.00000000 0.00000000
vt 1.00000000 0.00000000
vt 1.00000000 1.00000000
vt 0.00000000 0.00000000
vt 1.00000000 0.00000000
vt 1.00000000 1.00000000
vt 0.00000000 0.00000000
vt 1.00000000 0.00000000
vt 1.00000000 1.00000000
vt 0.00000000 0.00000000
vt 1.00000000 0.00000000
vt 1.00000000 1.00000000
vt 0.00000000 0.00000000
vt 1.00000000 0.00000000
vt 1.00000000 1.00000000
vt 0.00000000 0.00000000
vt 1.00000000 0.00000000
vt 1.00000000 1.00000000
vt 0.00000000 0.00000000
vt 1.00000000 0.00000000
vt 1.00000000 1.00000000
vt 0.00000000 0.00000000
vt 1.00000000 0.00000000
vt 1.00000000 1.00000000
vt 0.00000000 0.00000000
vt 1.00000000 0.00000000
vt 1.00000000 1.00000000
vt 0.00000000 0.00000000
vt 1.00000000 0.00000000
vt 1.00000000 1.00000000
vt 0.00000000 0.00000000
vt 1.00000000 0.00000000
vt 1.00000000 1.00000000
vt 0.00000000 0.00000000
vt 1.00000000 0.00000000
vt 1.00000000 1.00000000
vt 0.00000000 0.00000000
vt 1.00000000 0.00000000
vt 1.00000000 1.00000000
vt 0.00000000 0.00000000
vt 1.00000000 0.00000000
vt 1.00000000 1.00000000
vt 0.00000000 0.00000000
vt 1.00000000 0.00000000
vt 1.00000000 1.00000000
vt 0.00000000 0.00000000
vt 1.00000000 0.00000000
vt 1.00000000 1.00000000
vt 0.00000000 0.00000000
vt 1.00000000 0.00000000
vt 1.00000000 1.00000000
vt 0.00000000 0.00000000
vt 1.00000000 0.00000000
vt 1.00000000 1.00000000
vt 0.00000000 0.00000000
vt 1.00000000 0.00000000
vt 1.00000000 1.00000000
vt 0.00000000 0.00000000
vt 1.00000000 0.00000000
vt 1.00000000 1.00000000
vt 0.00000000 0.00000000
vt 1.00000000 0.00000000
vt 1.00000000 1.00000000
vt 0.00000000 0.00000000
vt 1.00000000 0.00000000
vt 1.00000000 1.00000000
vt 0.00000000 0.00000000
vt 1.00000000 0.00000000
vt 1.00000000 1.00000000
vt 0.00000000 0.00000000
vt 1.00000000 0.00000000
vt 1.00000000 1.00000000
vt 0.00000000 0.00000000
vt 1.00000000 0.00000000
vt 1.00000000 1.00000000
vt 0.00000000 0.00000000
vt 1.00000000 0.00000000
vt 1.00000000 1.00000000
vt 0.00000000 0.00000000
vt 1.00000000 0.00000000
vt 1.00000000 1.00000000
vt 0.00000000 0.00000000
vt 1.00000000 0.00000000
vt 1.00000000 1.00000000
vt 0.00000000 0.00000000
vt 1.00000000 0.00000000
vt 1.00000000 1.00000000
vt 0.00000000 0.00000000
vt 1.00000000 0.00000000
vt 1.00000000 1.00000000
vt 0.00000000 0.00000000
vt 1.00000000 0.00000000
vt 1.00000000 1.00000000
vt 0.00000000 0.00000000
vt 1.00000000 0.00000000
vt 1.00000000 1.00000000
vt 0.00000000 0.00000000
vt 1.00000000 0.00000000
vt 1.00000000 1.00000000
vt 0.00000000 0.00000000
vt 1.00000000 0.00000000
vt 1.00000000 1.00000000
vt 0.00000000 0.00000000
vt 1.00000000 0.00000000
vt 1.00000000 1.00000000
vt 0.00000000 0.00000000
vt 1.00000000 0.00000000
vt 1.00000000 1.00000000
vt 0.00000000 0.00000000
vt 1.00000000 0.00000000
vt 1.00000000 1.00000000
vt 0.00000000 0.00000000
vt 1.00000000 0.00000000
vt 1.00000000 1.00000000
vt 0.00000000 0.00000000
vt 1.00000000 0.00000000
vt 1.00000000 1.00000000
vt 0.00000000 0.00000000
vt 1.00000000 0.00000000
vt 1.00000000 1.00000000
vt 0.00000000 0.00000000
vt 1.00000000 0.00000000
vt 1.00000000 1.00000000
vt 0.00000000 0.00000000
vt 1.00000000 0.00000000
vt 1.00000000 1.00000000
vt 0.00000000 0.00000000
vt 1.00000000 0.00000000
vt 1.00000000 1.00000000
vt 0.00000000 0.00000000
vt 1.00000000 0.00000000
vt 1.00000000 1.00000000
vt 0.00000000 0.00000000
vt 1.00000000 0.00000000
vt 1.00000000 1.00000000
vt 0.00000000 0.00000000
vt 1.00000000 0.00000000
vt 1.00000000 1.00000000
vt 0.00000000 0.00000000
vt 1.00000000 0.00000000
vt 1.00000000 1.00000000
vt 0.00000000 0.00000000
vt 1.00000000 0.00000000
vt 1.00000000 1.00000000
vt 0.00000000 0.00000000
vt 1.00000000 0.00000000
vt 1.00000000 1.00000000
vt 0.00000000 0.00000000
vt 1.00000000 0.00000000
vt 1.00000000 1.00000000
vt 0.00000000 0.00000000
vt 1.00000000 0.00000000
vt 1.00000000 1.00000000
vt 0.00000000 0.00000000
vt 1.00000000 0.00000000
vt 1.00000000 1.00000000
vt 0.00000000 0.00000000
vt 1.00000000 0.00000000
vt 1.00000000 1.00000000
vt 0.00000000 0.00000000
vt 1.00000000 0.00000000
vt 1.00000000 1.00000000
vt 0.00000000 0.00000000
vt 1.00000000 0.00000000
vt 1.00000000 1.00000000
vt 0.00000000 0.00000000
vt 1.00000000 0.00000000
vt 1.00000000 1.00000000
vt 0.00000000 0.00000000
vt 1.00000000 0.00000000
vt 1.00000000 1.00000000
vt 0.00000000 0.00000000
vt 1.00000000 0.00000000
vt 1.00000000 1.00000000
vt 0.00000000 0.00000000
vt 1.00000000 0.00000000
vt 1.00000000 1.00000000
vt 0.00000000 0.00000000
vt 1.00000000 0.00000000
vt 1.00000000 1.00000000
vt 0.00000000 0.00000000
vt 1.00000000 0.00000000
vt 1.00000000 1.00000000
vt 0.00000000 0.00000000
vt 1.00000000 0.00000000
vt 1.00000000 1.00000000
vt 0.00000000 0.00000000
vt 1.00000000 0.00000000
vt 1.00000000 1.00000000
vt 0.00000000 0.00000000
vt 1.00000000 0.00000000
vt 1.00000000 1.00000000
vt 0.00000000 0.00000000
vt 1.00000000 0.00000000
vt 1.00000000 1.00000000
vt 0.00000000 0.00000000
vt 1.00000000 0.00000000
vt 1.00000000 1.00000000
vt 0.00000000 0.00000000
vt 1.00000000 0.00000000
vt 1.00000000 1.00000000
vt 0.00000000 0.00000000
vt 1.00000000 0.00000000
vt 1.00000000 1.00000000
vt 0.00000000 0.00000000
vt 1.00000000 0.00000000
vt 1.00000000 1.00000000
vt 0.00000000 0.00000000
vt 1.00000000 0.00000000
vt 1.00000000 1.00000000
vt 0.00000000 0.00000000
vt 1.00000000 0.00000000
vt 1.00000000 1.00000000
vt 0.00000000 0.00000000
vt 1.00000000 0.00000000
vt 1.00000000 1.00000000
vt 0.00000000 0.00000000
vt 1.00000000 0.00000000
vt 1.00000000 1.00000000
vt 0.00000000 0.00000000
vt 1.00000000 0.00000000
vt 1.00000000 1.00000000
vt 0.00000000 0.00000000
vt 1.00000000 0.00000000
vt 1.00000000 1.00000000
vt 0.00000000 0.00000000
vt 1.00000000 0.00000000
vt 1.00000000 1.00000000
vt 0.00000000 0.00000000
vt 1.00000000 0.00000000
vt 1.00000000 1.00000000
vt 0.00000000 0.00000000
vt 1.00000000 0.00000000
vt 1.00000000 1.00000000
vt 0.00000000 0.00000000
vt 1.00000000 0.00000000
vt 1.00000000 1.00000000
vt 0.00000000 0.00000000
vt 1.00000000 0.00000000
vt 1.00000000 1.00000000
vt 0.00000000 0.00000000
vt 1.00000000 0.00000000
vt 1.00000000 1.00000000
vt 0.00000000 0.00000000
vt 1.00000000 0.00000000
vt 1.00000000 1.00000000
vt 0.00000000 0.00000000
vt 1.00000000 0.00000000
vt 1.00000000 1.00000000
vt 0.00000000 0.00000000
vt 1.00000000 0.00000000
vt 1.00000000 1.00000000
vt 0.00000000 0.00000000
vt 1.00000000 0.00000000
vt 1.00000000 1.00000000
vt 0.00000000 0.00000000
vt 1.00000000 0.00000000
vt 1.00000000 1.00000000
vt 0.00000000 0.00000000
vt 1.00000000 0.00000000
vt 1.00000000 1.00000000
vt 0.00000000 0.00000000
vt 1.00000000 0.00000000
vt 1.00000000 1.00000000
vt 0.00000000 0.00000000
vt 1.00000000 0.00000000
vt 1.00000000 1.00000000
vt 0.00000000 0.00000000
vt 1.00000000 0.00000000
vt 1.00000000 1.00000000
vt 0.00000000 0.00000000
vt 1.00000000 0.00000000
vt 1.00000000 1.00000000
vt 0.00000000 0.00000000
vt 1.00000000 0.00000000
vt 1.00000000 1.00000000
vt 0.00000000 0.00000000
vt 1.00000000 0.00000000
vt 1.00000000 1.00000000
vt 0.00000000 0.00000000
vt 1.00000000 0.00000000
vt 1.00000000 1.00000000
vt 0.00000000 0.00000000
vt 1.00000000 0.00000000
vt 1.00000000 1.00000000
vt 0.00000000 0.00000000
vt 1.00000000 0.00000000
vt 1.00000000 1.00000000
vt 0.00000000 0.00000000
vt 1.00000000 0.00000000
vt 1.00000000 1.00000000
vt 0.00000000 0.00000000
vt 1.00000000 0.00000000
vt 1.00000000 1.00000000
vt 0.00000000 0.00000000
vt 1.00000000 0.00000000
vt 1.00000000 1.00000000
vt 0.00000000 0.00000000
vt 1.00000000 0.00000000
vt 1.00000000 1.00000000
vt 0.00000000 0.00000000
vt 1.00000000 0.00000000
vt 1.00000000 1.00000000
vt 0.00000000 0.00000000
vt 1.00000000 0.00000000
vt 1.00000000 1.00000000
vt 0.00000000 0.00000000
vt 1.00000000 0.00000000
vt 1.00000000 1.00000000
vt 0.00000000 0.00000000
vt 1.00000000 0.00000000
vt 1.00000000 1.00000000
vt 0.00000000 0.00000000
vt 1.00000000 0.00000000
vt 1.00000000 1.00000000
vt 0.00000000 0.00000000
vt 1.00000000 0.00000000
vt 1.00000000 1.00000000
vt 0.00000000 0.00000000
vt 1.00000000 0.00000000
vt 1.00000000 1.00000000
vt 0.00000000 0.00000000
vt 1.00000000 0.00000000
vt 1.00000000 1.00000000
vt 0.00000000 0.00000000
vt 1.00000000 0.00000000
vt 1.00000000 1.00000000
vt 0.00000000 0.00000000
vt 1.00000000 0.00000000
vt 1.00000000 1.00000000
vt 0.00000000 0.00000000
vt 1.00000000 0.00000000
vt 1.00000000 1.00000000
vt 0.00000000 0.00000000
vt 1.00000000 0.00000000
vt 1.00000000 1.00000000
vt 0.00000000 0.00000000
vt 1.00000000 0.00000000
vt 1.00000000 1.00000000
vt 0.00000000 0.00000000
vt 1.00000000 0.00000000
vt 1.00000000 1.00000000
vt 0.00000000 0.00000000
vt 1.00000000 0.00000000
vt 1.00000000 1.00000000
vt 0.00000000 0.00000000
vt 1.00000000 0.00000000
vt 1.00000000 1.00000000
vt 0.00000000 0.00000000
vt 1.00000000 0.00000000
vt 1.00000000 1.00000000
vt 0.00000000 0.00000000
vt 1.00000000 0.00000000
vt 1.00000000 1.00000000
vt 0.00000000 0.00000000
vt 1.00000000 0.00000000
vt 1.00000000 1.00000000
vt 0.00000000 0.00000000
vt 1.00000000 0.00000000
vt 1.00000000 1.00000000
vt 0.00000000 0.00000000
vt 1.00000000 0.00000000
vt 1.00000000 1.00000000
vt 0.00000000 0.00000000
vt 1.00000000 0.00000000
vt 1.00000000 1.00000000
vt 0.00000000 0.00000000
vt 1.00000000 0.00000000
vt 1.00000000 1.00000000
vt 0.00000000 0.00000000
vt 1.00000000 0.00000000
vt 1.00000000 1.00000000
vt 0.00000000 0.00000000
vt 1.00000000 0.00000000
vt 1.00000000 1.00000000
vt 0.00000000 0.00000000
vt 1.00000000 0.00000000
vt 1.00000000 1.00000000
vt 0.00000000 0.00000000
vt 1.00000000 0.00000000
vt 1.00000000 1.00000000
vt 0.00000000 0.00000000
vt 1.00000000 0.00000000
vt 1.00000000 1.00000000
vt 0.00000000 0.00000000
vt 1.00000000 0.00000000
vt 1.00000000 1.00000000
vt 0.00000000 0.00000000
vt 1.00000000 0.00000000
vt 1.00000000 1.00000000
vt 0.00000000 0.00000000
vt 1.00000000 0.00000000
vt 1.00000000 1.00000000
vt 0.00000000 0.00000000
vt 1.00000000 0.00000000
vt 1.00000000 1.00000000
vt 0.00000000 0.00000000
vt 1.00000000 0.00000000
vt 1.00000000 1.00000000
vt 0.00000000 0.00000000
vt 1.00000000 0.00000000
vt 1.00000000 1.00000000
vt 0.00000000 0.00000000
vt 1.00000000 0.00000000
vt 1.00000000 1.00000000
vt 0.00000000 0.00000000
vt 1.00000000 0.00000000
vt 1.00000000 1.00000000
vt 0.00000000 0.00000000
vt 1.00000000 0.00000000
vt 1.00000000 1.00000000
vt 0.00000000 0.00000000
vt 1.00000000 0.00000000
vt 1.00000000 1.00000000
vt 0.00000000 0.00000000
vt 1.00000000 0.00000000
vt 1.00000000 1.00000000
vt 0.00000000 0.00000000
vt 1.00000000 0.00000000
vt 1.00000000 1.00000000
vt 0.00000000 0.00000000
vt 1.00000000 0.00000000
vt 1.00000000 1.00000000
vt 0.00000000 0.00000000
vt 1.00000000 0.00000000
vt 1.00000000 1.00000000
vt 0.00000000 0.00000000
vt 1.00000000 0.00000000
vt 1.00000000 1.00000000
vt 0.00000000 0.00000000
vt 1.00000000 0.00000000
vt 1.00000000 1.00000000
vt 0.00000000 0.00000000
vt 1.00000000 0.00000000
vt 1.00000000 1.00000000
vt 0.00000000 0.00000000
vt 1.00000000 0.00000000
vt 1.00000000 1.00000000
vt 0.00000000 0.00000000
vt 1.00000000 0.00000000
vt 1.00000000 1.00000000
vt 0.00000000 0.00000000
vt 1.00000000 0.00000000
vt 1.00000000 1.00000000
vt 0.00000000 0.00000000
vt 1.00000000 0.00000000
vt 1.00000000 1.00000000
vt 0.00000000 0.00000000
vt 1.00000000 0.00000000
vt 1.00000000 1.00000000
vt 0.00000000 0.00000000
vt 1.00000000 0.00000000
vt 1.00000000 1.00000000
vt 0.00000000 0.00000000
vt 1.00000000 0.00000000
vt 1.00000000 1.00000000
vt 0.00000000 0.00000000
vt 1.00000000 0.00000000
vt 1.00000000 1.00000000
vt 0.00000000 0.00000000
vt 1.00000000 0.00000000
vt 1.00000000 1.00000000
vt 0.00000000 0.00000000
vt 1.00000000 0.00000000
vt 1.00000000 1.00000000
vt 0.00000000 0.00000000
vt 1.00000000 0.00000000
vt 1.00000000 1.00000000
vt 0.00000000 0.00000000
vt 1.00000000 0.00000000
vt 1.00000000 1.00000000
vt 0.00000000 0.00000000
vt 1.00000000 0.00000000
vt 1.00000000 1.00000000
vt 0.00000000 0.00000000
vt 1.00000000 0.00000000
vt 1.00000000 1.00000000
vt 0.00000000 0.00000000
vt 1.00000000 0.00000000
vt 1.00000000 1.00000000
vt 0.00000000 0.00000000
vt 1.00000000 0.00000000
vt 1.00000000 1.00000000
vt 0.00000000 0.00000000
vt 1.00000000 0.00000000
vt 1.00000000 1.00000000
vt 0.00000000 0.00000000
vt 1.00000000 0.00000000
vt 1.00000000 1.00000000
vt 0.00000000 0.00000000
vt 1.00000000 0.00000000
vt 1.00000000 1.00000000
vt 0.00000000 0.00000000
vt 1.00000000 0.00000000
vt 1.00000000 1.00000000
vt 0.00000000 0.00000000
vt 1.00000000 0.00000000
vt 1.00000000 1.00000000
vt 0.00000000 0.00000000
vt 1.00000000 0.00000000
vt 1.00000000 1.00000000
vt 0.00000000 0.00000000
vt 1.00000000 0.00000000
vt 1.00000000 1.00000000
vt 0.00000000 0.00000000
vt 1.00000000 0.00000000
vt 1.00000000 1.00000000
vt 0.00000000 0.00000000
vt 1.00000000 0.00000000
vt 1.00000000 1.00000000
vt 0.00000000 0.00000000
vt 1.00000000 0.00000000
vt 1.00000000 1.00000000
vt 0.00000000 0.00000000
vt 1.00000000 0.00000000
vt 1.00000000 1.00000000
vt 0.00000000 0.00000000
vt 1.00000000 0.00000000
vt 1.00000000 1.00000000
vt 0.00000000 0.00000000
vt 1.00000000 0.00000000
vt 1.00000000 1.00000000
vt 0.00000000 0.00000000
vt 1.00000000 0.00000000
vt 1.00000000 1.00000000
vt 0.00000000 0.00000000
vt 1.00000000 0.00000000
vt 1.00000000 1.00000000
vt 0.00000000 0.00000000
vt 1.00000000 0.00000000
vt 1.00000000 1.00000000
vt 0.00000000 0.00000000
vt 1.00000000 0.00000000
vt 1.00000000 1.00000000
vt 0.00000000 0.00000000
vt 1.00000000 0.00000000
vt 1.00000000 1.00000000
vt 0.00000000 0.00000000
vt 1.00000000 0.00000000
vt 1.00000000 1.00000000
vt 0.00000000 0.00000000
vt 1.00000000 0.00000000
vt 1.00000000 1.00000000
vt 0.00000000 0.00000000
vt 1.00000000 0.00000000
vt 1.00000000 1.00000000
vt 0.00000000 0.00000000
vt 1.00000000 0.00000000
vt 1.00000000 1.00000000
vt 0.00000000 0.00000000
vt 1.00000000 0.00000000
vt 1.00000000 1.00000000
vt 0.00000000 0.00000000
vt 1.00000000 0.00000000
vt 1.00000000 1.00000000
vt 0.00000000 0.00000000
vt 1.00000000 0.00000000
vt 1.00000000 1.00000000
vt 0.00000000 0.00000000
vt 1.00000000 0.00000000
vt 1.00000000 1.00000000
vt 0.00000000 0.00000000
vt 1.00000000 0.00000000
vt 1.00000000 1.00000000
vt 0.00000000 0.00000000
vt 1.00000000 0.00000000
vt 1.00000000 1.00000000
vt 0.00000000 0.00000000
vt 1.00000000 0.00000000
vt 1.00000000 1.00000000
vt 0.00000000 0.00000000
vt 1.00000000 0.00000000
vt 1.00000000 1.00000000
vt 0.00000000 0.00000000
vt 1.00000000 0.00000000
vt 1.00000000 1.00000000
vt 0.00000000 0.00000000
vt 1.00000000 0.00000000
vt 1.00000000 1.00000000
vt 0.00000000 0.00000000
vt 1.00000000 0.00000000
vt 1.00000000 1.00000000
vt 0.00000000 0.00000000
vt 1.00000000 0.00000000
vt 1.00000000 1.00000000
vt 0.00000000 0.00000000
vt 1.00000000 0.00000000
vt 1.00000000 1.00000000
vt 0.00000000 0.00000000
vt 1.00000000 0.00000000
vt 1.00000000 1.00000000
vt 0.00000000 0.00000000
vt 1.00000000 0.00000000
vt 1.00000000 1.00000000
vt 0.00000000 0.00000000
vt 1.00000000 0.00000000
vt 1.00000000 1.00000000
vt 0.00000000 0.00000000
vt 1.00000000 0.00000000
vt 1.00000000 1.00000000
vt 0.00000000 0.00000000
vt 1.00000000 0.00000000
vt 1.00000000 1.00000000
vt 0.00000000 0.00000000
vt 1.00000000 0.00000000
vt 1.00000000 1.00000000
vt 0.00000000 0.00000000
vt 1.00000000 0.00000000
vt 1.00000000 1.00000000
vt 0.00000000 0.00000000
vt 1.00000000 0.00000000
vt 1.00000000 1.00000000
vt 0.00000000 0.00000000
vt 1.00000000 0.00000000
vt 1.00000000 1.00000000
vt 0.00000000 0.00000000
vt 1.00000000 0.00000000
vt 1.00000000 1.00000000
vt 0.00000000 0.00000000
vt 1.00000000 0.00000000
vt 1.00000000 1.00000000
vt 0.00000000 0.00000000
vt 1.00000000 0.00000000
vt 1.00000000 1.00000000
vt 0.00000000 0.00000000
vt 1.00000000 0.00000000
vt 1.00000000 1.00000000
vt 0.00000000 0.00000000
vt 1.00000000 0.00000000
vt 1.00000000 1.00000000
vt 0.00000000 0.00000000
vt 1.00000000 0.00000000
vt 1.00000000 1.00000000
vt 0.00000000 0.00000000
vt 1.00000000 0.00000000
vt 1.00000000 1.00000000
vt 0.00000000 0.00000000
vt 1.00000000 0.00000000
vt 1.00000000 1.00000000
vt 0.00000000 0.00000000
vt 1.00000000 0.00000000
vt 1.00000000 1.00000000
vt 0.00000000 0.00000000
vt 1.00000000 0.00000000
vt 1.00000000 1.00000000
vt 0.00000000 0.00000000
vt 1.00000000 0.00000000
vt 1.00000000 1.00000000
vt 0.00000000 0.00000000
vt 1.00000000 0.00000000
vt 1.00000000 1.00000000
vt 0.00000000 0.00000000
vt 1.00000000 0.00000000
vt 1.00000000 1.00000000
vt 0.00000000 0.00000000
vt 1.00000000 0.00000000
vt 1.00000000 1.00000000
vt 0.00000000 0.00000000
vt 1.00000000 0.00000000
vt 1.00000000 1.00000000
vt 0.00000000 0.00000000
vt 1.00000000 0.00000000
vt 1.00000000 1.00000000
vt 0.00000000 0.00000000
vt 1.00000000 0.00000000
vt 1.00000000 1.00000000
vt 0.00000000 0.00000000
vt 1.00000000 0.00000000
vt 1.00000000 1.00000000
vt 0.00000000 0.00000000
vt 1.00000000 0.00000000
vt 1.00000000 1.00000000
vt 0.00000000 0.00000000
vt 1.00000000 0.00000000
vt 1.00000000 1.00000000
vt 0.00000000 0.00000000
vt 1.00000000 0.00000000
vt 1.00000000 1.00000000
vt 0.00000000 0.00000000
vt 1.00000000 0.00000000
vt 1.00000000 1.00000000
vt 0.00000000 0.00000000
vt 1.00000000 0.00000000
vt 1.00000000 1.00000000
vt 0.00000000 0.00000000
vt 1.00000000 0.00000000
vt 1.00000000 1.00000000
vt 0.00000000 0.00000000
vt 1.00000000 0.00000000
vt 1.00000000 1.00000000
vt 0.00000000 0.00000000
vt 1.00000000 0.00000000
vt 1.00000000 1.00000000
vt 0.00000000 0.00000000
vt 1.00000000 0.00000000
vt 1.00000000 1.00000000
vt 0.00000000 0.00000000
vt 1.00000000 0.00000000
vt 1.00000000 1.00000000
vt 0.00000000 0.00000000
vt 1.00000000 0.00000000
vt 1.00000000 1.00000000
vt 0.00000000 0.00000000
vt 1.00000000 0.00000000
vt 1.00000000 1.00000000
vt 0.00000000 0.00000000
vt 1.00000000 0.00000000
vt 1.00000000 1.00000000
vt 0.00000000 0.00000000
vt 1.00000000 0.00000000
vt 1.00000000 1.00000000
vt 0.00000000 0.00000000
vt 1.00000000 0.00000000
vt 1.00000000 1.00000000
vt 0.00000000 0.00000000
vt 1.00000000 0.00000000
vt 1.00000000 1.00000000
vt 0.00000000 0.00000000
vt 1.00000000 0.00000000
vt 1.00000000 1.00000000
vt 0.00000000 0.00000000
vt 1.00000000 0.00000000
vt 1.00000000 1.00000000
vt 0.00000000 0.00000000
vt 1.00000000 0.00000000
vt 1.00000000 1.00000000
vt 0.00000000 0.00000000
vt 1.00000000 0.00000000
vt 1.00000000 1.00000000
vt 0.00000000 0.00000000
vt 1.00000000 0.00000000
vt 1.00000000 1.00000000
vt 0.00000000 0.00000000
vt 1.00000000 0.00000000
vt 1.00000000 1.00000000
vt 0.00000000 0.00000000
vt 1.00000000 0.00000000
vt 1.00000000 1.00000000
vt 0.00000000 0.00000000
vt 1.00000000 0.00000000
vt 1.00000000 1.00000000
vt 0.00000000 0.00000000
vt 1.00000000 0.00000000
vt 1.00000000 1.00000000
vt 0.00000000 0.00000000
vt 1.00000000 0.00000000
vt 1.00000000 1.00000000
vt 0.00000000 0.00000000
vt 1.00000000 0.00000000
vt 1.00000000 1.00000000
vt 0.00000000 0.00000000
vt 1.00000000 0.00000000
vt 1.00000000 1.00000000
vt 0.00000000 0.00000000
vt 1.00000000 0.00000000
vt 1.00000000 1.00000000
vt 0.00000000 0.00000000
vt 1.00000000 0.00000000
vt 1.00000000 1.00000000
vt 0.00000000 0.00000000
vt 1.00000000 0.00000000
vt 1.00000000 1.00000000
vt 0.00000000 0.00000000
vt 1.00000000 0.00000000
vt 1.00000000 1.00000000
vt 0.00000000 0.00000000
vt 1.00000000 0.00000000
vt 1.00000000 1.00000000
vt 0.00000000 0.00000000
vt 1.00000000 0.00000000
vt 1.00000000 1.00000000
vt 0.00000000 0.00000000
vt 1.00000000 0.00000000
vt 1.00000000 1.00000000
vt 0.00000000 0.00000000
vt 1.00000000 0.00000000
vt 1.00000000 1.00000000
vt 0.00000000 0.00000000
vt 1.00000000 0.00000000
vt 1.00000000 1.00000000
vt 0.00000000 0.00000000
vt 1.00000000 0.00000000
vt 1.00000000 1.00000000
vt 0.00000000 0.00000000
vt 1.00000000 0.00000000
vt 1.00000000 1.00000000
vt 0.00000000 0.00000000
vt 1.00000000 0.00000000
vt 1.00000000 1.00000000
vt 0.00000000 0.00000000
vt 1.00000000 0.00000000
vt 1.00000000 1.00000000
vt 0.00000000 0.00000000
vt 1.00000000 0.00000000
vt 1.00000000 1.00000000
vt 0.00000000 0.00000000
vt 1.00000000 0.00000000
vt 1.00000000 1.00000000
vt 0.00000000 0.00000000
vt 1.00000000 0.00000000
vt 1.00000000 1.00000000
vt 0.00000000 0.00000000
vt 1.00000000 0.00000000
vt 1.00000000 1.00000000
vt 0.00000000 0.00000000
vt 1.00000000 0.00000000
vt 1.00000000 1.00000000
vt 0.00000000 0.00000000
vt 1.00000000 0.00000000
vt 1.00000000 1.00000000
vt 0.00000000 0.00000000
vt 1.00000000 0.00000000
vt 1.00000000 1.00000000
vt 0.00000000 0.00000000
vt 1.00000000 0.00000000
vt 1.00000000 1.00000000
vt 0.00000000 0.00000000
vt 1.00000000 0.00000000
vt 1.00000000 1.00000000
vt 0.00000000 0.00000000
vt 1.00000000 0.00000000
vt 1.00000000 1.00000000
vt 0.00000000 0.00000000
vt 1.00000000 0.00000000
vt 1.00000000 1.00000000
vt 0.00000000 0.00000000
vt 1.00000000 0.00000000
vt 1.00000000 1.00000000
vt 0.00000000 0.00000000
vt 1.00000000 0.00000000
vt 1.00000000 1.00000000
vt 0.00000000 0.00000000
vt 1.00000000 0.00000000
vt 1.00000000 1.00000000
vt 0.00000000 0.00000000
vt 1.00000000 0.00000000
vt 1.00000000 1.00000000
vt 0.00000000 0.00000000
vt 1.00000000 0.00000000
vt 1.00000000 1.00000000
vt 0.00000000 0.00000000
vt 1.00000000 0.00000000
vt 1.00000000 1.00000000
vt 0.00000000 0.00000000
vt 1.00000000 0.00000000
vt 1.00000000 1.00000000
vt 0.00000000 0.00000000
vt 1.00000000 0.00000000
vt 1.00000000 1.00000000
vt 0.00000000 0.00000000
vt 1.00000000 0.00000000
vt 1.00000000 1.00000000
vt 0.00000000 0.00000000
vt 1.00000000 0.00000000
vt 1.00000000 1.00000000
vt 0.00000000 0.00000000
vt 1.00000000 0.00000000
vt 1.00000000 1.00000000
vt 0.00000000 0.00000000
vt 1.00000000 0.00000000
vt 1.00000000 1.00000000
vt 0.00000000 0.00000000
vt 1.00000000 0.00000000
vt 1.00000000 1.00000000
vt 0.00000000 0.00000000
vt 1.00000000 0.00000000
vt 1.00000000 1.00000000
vt 0.00000000 0.00000000
vt 1.00000000 0.00000000
vt 1.00000000 1.00000000
vt 0.00000000 0.00000000
vt 1.00000000 0.00000000
vt 1.00000000 1.00000000
vt 0.00000000 0.00000000
vt 1.00000000 0.00000000
vt 1.00000000 1.00000000
vt 0.00000000 0.00000000
vt 1.00000000 0.00000000
vt 1.00000000 1.00000000
vt 0.00000000 0.00000000
vt 1.00000000 0.00000000
vt 1.00000000 1.00000000
vt 0.00000000 0.00000000
vt 1.00000000 0.00000000
vt 1.00000000 1.00000000
vt 0.00000000 0.00000000
vt 1.00000000 0.00000000
vt 1.00000000 1.00000000
vt 0.00000000 0.00000000
vt 1.00000000 0.00000000
vt 1.00000000 1.00000000
vt 0.00000000 0.00000000
vt 1.00000000 0.00000000
vt 1.00000000 1.00000000
vt 0.00000000 0.00000000
vt 1.00000000 0.00000000
vt 1.00000000 1.00000000
vt 0.00000000 0.00000000
vt 1.00000000 0.00000000
vt 1.00000000 1.00000000
vt 0.00000000 0.00000000
vt 1.00000000 0.00000000
vt 1.00000000 1.00000000
vt 0.00000000 0.00000000
vt 1.00000000 0.00000000
vt 1.00000000 1.00000000
vt 0.00000000 0.00000000
vt 1.00000000 0.00000000
vt 1.00000000 1.00000000
vt 0.00000000 0.00000000
vt 1.00000000 0.00000000
vt 1.00000000 1.00000000
vt 0.00000000 0.00000000
vt 1.00000000 0.00000000
vt 1.00000000 1.00000000
vt 0.00000000 0.00000000
vt 1.00000000 0.00000000
vt 1.00000000 1.00000000
vt 0.00000000 0.00000000
vt 1.00000000 0.00000000
vt 1.00000000 1.00000000
vt 0.00000000 0.00000000
vt 1.00000000 0.00000000
vt 1.00000000 1.00000000
vt 0.00000000 0.00000000
vt 1.00000000 0.00000000
vt 1.00000000 1.00000000
vt 0.00000000 0.00000000
vt 1.00000000 0.00000000
vt 1.00000000 1.00000000
vt 0.00000000 0.00000000
vt 1.00000000 0.00000000
vt 1.00000000 1.00000000
vt 0.00000000 0.00000000
vt 1.00000000 0.00000000
vt 1.00000000 1.00000000
vt 0.00000000 0.00000000
vt 1.00000000 0.00000000
vt 1.00000000 1.00000000
vt 0.00000000 0.00000000
vt 1.00000000 0.00000000
vt 1.00000000 1.00000000
vt 0.00000000 0.00000000
vt 1.00000000 0.00000000
vt 1.00000000 1.00000000
vt 0.00000000 0.00000000
vt 1.00000000 0.00000000
vt 1.00000000 1.00000000
vt 0.00000000 0.00000000
vt 1.00000000 0.00000000
vt 1.00000000 1.00000000
vt 0.00000000 0.00000000
vt 1.00000000 0.00000000
vt 1.00000000 1.00000000
vt 0.00000000 0.00000000
vt 1.00000000 0.00000000
vt 1.00000000 1.00000000
vt 0.00000000 0.00000000
vt 1.00000000 0.00000000
vt 1.00000000 1.00000000
vt 0.00000000 0.00000000
vt 1.00000000 0.00000000
vt 1.00000000 1.00000000
vt 0.00000000 0.00000000
vt 1.00000000 0.00000000
vt 1.00000000 1.00000000
vt 0.00000000 0.00000000
vt 1.00000000 0.00000000
vt 1.00000000 1.00000000
vt 0.00000000 0.00000000
vt 1.00000000 0.00000000
vt 1.00000000 1.00000000
vt 0.00000000 0.00000000
vt 1.00000000 0.00000000
vt 1.00000000 1.00000000
vt 0.00000000 0.00000000
vt 1.00000000 0.00000000
vt 1.00000000 1.00000000
vt 0.00000000 0.00000000
vt 1.00000000 0.00000000
vt 1.00000000 1.00000000
vt 0.00000000 0.00000000
vt 1.00000000 0.00000000
vt 1.00000000 1.00000000
vt 0.00000000 0.00000000
vt 1.00000000 0.00000000
vt 1.00000000 1.00000000
vt 0.00000000 0.00000000
vt 1.00000000 0.00000000
vt 1.00000000 1.00000000
vt 0.00000000 0.00000000
vt 1.00000000 0.00000000
vt 1.00000000 1.00000000
vt 0.00000000 0.00000000
vt 1.00000000 0.00000000
vt 1.00000000 1.00000000
vt 0.00000000 0.00000000
vt 1.00000000 0.00000000
vt 1.00000000 1.00000000
vt 0.00000000 0.00000000
vt 1.00000000 0.00000000
vt 1.00000000 1.00000000
vt 0.00000000 0.00000000
vt 1.00000000 0.00000000
vt 1.00000000 1.00000000
vt 0.00000000 0.00000000
vt 1.00000000 0.00000000
vt 1.00000000 1.00000000
vt 0.00000000 0.00000000
vt 1.00000000 0.00000000
vt 1.00000000 1.00000000
vt 0.00000000 0.00000000
vt 1.00000000 0.00000000
vt 1.00000000 1.00000000
vt 0.00000000 0.00000000
vt 1.00000000 0.00000000
vt 1.00000000 1.00000000
vt 0.00000000 0.00000000
vt 1.00000000 0.00000000
vt 1.00000000 1.00000000
vt 0.00000000 0.00000000
vt 1.00000000 0.00000000
vt 1.00000000 1.00000000
vt 0.00000000 0.00000000
vt 1.00000000 0.00000000
vt 1.00000000 1.00000000
vt 0.00000000 0.00000000
vt 1.00000000 0.00000000
vt 1.00000000 1.00000000
vt 0.00000000 0.00000000
vt 1.00000000 0.00000000
vt 1.00000000 1.00000000
vt 0.00000000 0.00000000
vt 1.00000000 0.00000000
vt 1.00000000 1.00000000
vt 0.00000000 0.00000000
vt 1.00000000 0.00000000
vt 1.00000000 1.00000000
vt 0.00000000 0.00000000
vt 1.00000000 0.00000000
vt 1.00000000 1.00000000
vt 0.00000000 0.00000000
vt 1.00000000 0.00000000
vt 1.00000000 1.00000000
vt 0.00000000 0.00000000
vt 1.00000000 0.00000000
vt 1.00000000 1.00000000
vt 0.00000000 0.00000000
vt 1.00000000 0.00000000
vt 1.00000000 1.00000000
vt 0.00000000 0.00000000
vt 1.00000000 0.00000000
vt 1.00000000 1.00000000
vt 0.00000000 0.00000000
vt 1.00000000 0.00000000
vt 1.00000000 1.00000000
vt 0.00000000 0.00000000
vt 1.00000000 0.00000000
vt 1.00000000 1.00000000
vt 0.00000000 0.00000000
vt 1.00000000 0.00000000
vt 1.00000000 1.00000000
vt 0.00000000 0.00000000
vt 1.00000000 0.00000000
vt 1.00000000 1.00000000
vt 0.00000000 0.00000000
vt 1.00000000 0.00000000
vt 1.00000000 1.00000000
vt 0.00000000 0.00000000
vt 1.00000000 0.00000000
vt 1.00000000 1.00000000
vt 0.00000000 0.00000000
vt 1.00000000 0.00000000
vt 1.00000000 1.00000000
vt 0.00000000 0.00000000
vt 1.00000000 0.00000000
vt 1.00000000 1.00000000
vt 0.00000000 0.00000000
vt 1.00000000 0.00000000
vt 1.00000000 1.00000000
vt 0.00000000 0.00000000
vt 1.00000000 0.00000000
vt 1.00000000 1.00000000
vt 0.00000000 0.00000000
vt 1.00000000 0.00000000
vt 1.00000000 1.00000000
vt 0.00000000 0.00000000
vt 1.00000000 0.00000000
vt 1.00000000 1.00000000
vt 0.00000000 0.00000000
vt 1.00000000 0.00000000
vt 1.00000000 1.00000000
vt 0.00000000 0.00000000
vt 1.00000000 0.00000000
vt 1.00000000 1.00000000
vt 0.00000000 0.00000000
vt 1.00000000 0.00000000
vt 1.00000000 1.00000000
vt 0.00000000 0.00000000
vt 1.00000000 0.00000000
vt 1.00000000 1.00000000
vt 0.00000000 0.00000000
vt 1.00000000 0.00000000
vt 1.00000000 1.00000000
vt 0.00000000 0.00000000
vt 1.00000000 0.00000000
vt 1.00000000 1.00000000
vt 0.00000000 0.00000000
vt 1.00000000 0.00000000
vt 1.00000000 1.00000000
vt 0.00000000 0.00000000
vt 1.00000000 0.00000000
vt 1.00000000 1.00000000
vt 0.00000000 0.00000000
vt 1.00000000 0.00000000
vt 1.00000000 1.00000000
vt 0.00000000 0.00000000
vt 1.00000000 0.00000000
vt 1.00000000 1.00000000
vt 0.00000000 0.00000000
vt 1.00000000 0.00000000
vt 1.00000000 1.00000000
vt 0.00000000 0.00000000
vt 1.00000000 0.00000000
vt 1.00000000 1.00000000
vt 0.00000000 0.00000000
vt 1.00000000 0.00000000
vt 1.00000000 1.00000000
vt 0.00000000 0.00000000
vt 1.00000000 0.00000000
vt 1.00000000 1.00000000
vt 0.00000000 0.00000000
vt 1.00000000 0.00000000
vt 1.00000000 1.00000000
vt 0.00000000 0.00000000
vt 1.00000000 0.00000000
vt 1.00000000 1.00000000
vt 0.00000000 0.00000000
vt 1.00000000 0.00000000
vt 1.00000000 1.00000000
vt 0.00000000 0.00000000
vt 1.00000000 0.00000000
vt 1.00000000 1.00000000
vt 0.00000000 0.00000000
vt 1.00000000 0.00000000
vt 1.00000000 1.00000000
vt 0.00000000 0.00000000
vt 1.00000000 0.00000000
vt 1.00000000 1.00000000
vt 0.00000000 0.00000000
vt 1.00000000 0.00000000
vt 1.00000000 1.00000000
vt 0.00000000 0.00000000
vt 1.00000000 0.00000000
vt 1.00000000 1.00000000
vt 0.00000000 0.00000000
vt 1.00000000 0.00000000
vt 1.00000000 1.00000000
vt 0.00000000 0.00000000
vt 1.00000000 0.00000000
vt 1.00000000 1.00000000
vt 0.00000000 0.00000000
vt 1.00000000 0.00000000
vt 1.00000000 1.00000000
vt 0.00000000 0.00000000
vt 1.00000000 0.00000000
vt 1.00000000 1.00000000
vt 0.00000000 0.00000000
vt 1.00000000 0.00000000
vt 1.00000000 1.00000000
vt 0.00000000 0.00000000
vt 1.00000000 0.00000000
vt 1.00000000 1.00000000
vt 0.00000000 0.00000000
vt 1.00000000 0.00000000
vt 1.00000000 1.00000000
vt 0.00000000 0.00000000
vt 1.00000000 0.00000000
vt 1.00000000 1.00000000
vt 0.00000000 0.00000000
vt 1.00000000 0.00000000
vt 1.00000000 1.00000000
vt 0.00000000 0.00000000
vt 1.00000000 0.00000000
vt 1.00000000 1.00000000
vt 0.00000000 0.00000000
vt 1.00000000 0.00000000
vt 1.00000000 1.00000000
vt 0.00000000 0.00000000
vt 1.00000000 0.00000000
vt 1.00000000 1.00000000
vt 0.00000000 0.00000000
vt 1.00000000 0.00000000
vt 1.00000000 1.00000000
vt 0.00000000 0.00000000
vt 1.00000000 0.00000000
vt 1.00000000 1.00000000
vt 0.00000000 0.00000000
vt 1.00000000 0.00000000
vt 1.00000000 1.00000000
vt 0.00000000 0.00000000
vt 1.00000000 0.00000000
vt 1.00000000 1.00000000
vt 0.00000000 0.00000000
vt 1.00000000 0.00000000
vt 1.00000000 1.00000000
vt 0.00000000 0.00000000
vt 1.00000000 0.00000000
vt 1.00000000 1.00000000
vt 0.00000000 0.00000000
vt 1.00000000 0.00000000
vt 1.00000000 1.00000000
vt 0.00000000 0.00000000
vt 1.00000000 0.00000000
vt 1.00000000 1.00000000
vt 0.00000000 0.00000000
vt 1.00000000 0.00000000
vt 1.00000000 1.00000000
vt 0.00000000 0.00000000
vt 1.00000000 0.00000000
vt 1.00000000 1.00000000
vt 0.00000000 0.00000000
vt 1.00000000 0.00000000
vt 1.00000000 1.00000000
vt 0.00000000 0.00000000
vt 1.00000000 0.00000000
vt 1.00000000 1.00000000
vt 0.00000000 0.00000000
vt 1.00000000 0.00000000
vt 1.00000000 1.00000000
vt 0.00000000 0.00000000
vt 1.00000000 0.00000000
vt 1.00000000 1.00000000
vt 0.00000000 0.00000000
vt 1.00000000 0.00000000
vt 1.00000000 1.00000000
vt 0.00000000 0.00000000
vt 1.00000000 0.00000000
vt 1.00000000 1.00000000
vt 0.00000000 0.00000000
vt 1.00000000 0.00000000
vt 1.00000000 1.00000000
vt 0.00000000 0.00000000
vt 1.00000000 0.00000000
vt 1.00000000 1.00000000
vt 0.00000000 0.00000000
vt 1.00000000 0.00000000
vt 1.00000000 1.00000000
vt 0.00000000 0.00000000
vt 1.00000000 0.00000000
vt 1.00000000 1.00000000
vt 0.00000000 0.00000000
vt 1.00000000 0.00000000
vt 1.00000000 1.00000000
vt 0.00000000 0.00000000
vt 1.00000000 0.00000000
vt 1.00000000 1.00000000
vt 0.00000000 0.00000000
vt 1.00000000 0.00000000
vt 1.00000000 1.00000000
vt 0.00000000 0.00000000
vt 1.00000000 0.00000000
vt 1.00000000 1.00000000
vt 0.00000000 0.00000000
vt 1.00000000 0.00000000
vt 1.00000000 1.00000000
vt 0.00000000 0.00000000
vt 1.00000000 0.00000000
vt 1.00000000 1.00000000
vt 0.00000000 0.00000000
vt 1.00000000 0.00000000
vt 1.00000000 1.00000000
vt 0.00000000 0.00000000
vt 1.00000000 0.00000000
vt 1.00000000 1.00000000
vt 0.00000000 0.00000000
vt 1.00000000 0.00000000
vt 1.00000000 1.00000000
vt 0.00000000 0.00000000
vt 1.00000000 0.00000000
vt 1.00000000 1.00000000
vt 0.00000000 0.00000000
vt 1.00000000 0.00000000
vt 1.00000000 1.00000000
vt 0.00000000 0.00000000
vt 1.00000000 0.00000000
vt 1.00000000 1.00000000
vt 0.00000000 0.00000000
vt 1.00000000 0.00000000
vt 1.00000000 1.00000000
vt 0.00000000 0.00000000
vt 1.00000000 0.00000000
vt 1.00000000 1.00000000
vt 0.00000000 0.00000000
vt 1.00000000 0.00000000
vt 1.00000000 1.00000000
vt 0.00000000 0.00000000
vt 1.00000000 0.00000000
vt 1.00000000 1.00000000
vt 0.00000000 0.00000000
vt 1.00000000 0.00000000
vt 1.00000000 1.00000000
vt 0.00000000 0.00000000
vt 1.00000000 0.00000000
vt 1.00000000 1.00000000
vt 0.00000000 0.00000000
vt 1.00000000 0.00000000
vt 1.00000000 1.00000000
vt 0.00000000 0.00000000
vt 1.00000000 0.00000000
vt 1.00000000 1.00000000
vt 0.00000000 0.00000000
vt 1.00000000 0.00000000
vt 1.00000000 1.00000000
vt 0.00000000 0.00000000
vt 1.00000000 0.00000000
vt 1.00000000 1.00000000
vt 0.00000000 0.00000000
vt 1.00000000 0.00000000
vt 1.00000000 1.00000000
vt 0.00000000 0.00000000
vt 1.00000000 0.00000000
vt 1.00000000 1.00000000
vt 0.00000000 0.00000000
vt 1.00000000 0.00000000
vt 1.00000000 1.00000000
vt 0.00000000 0.00000000
vt 1.00000000 0.00000000
vt 1.00000000 1.00000000
vt 0.00000000 0.00000000
vt 1.00000000 0.00000000
vt 1.00000000 1.00000000
vt 0.00000000 0.00000000
vt 1.00000000 0.00000000
vt 1.00000000 1.00000000
vt 0.00000000 0.00000000
vt 1.00000000 0.00000000
vt 1.00000000 1.00000000
vt 0.00000000 0.00000000
vt 1.00000000 0.00000000
vt 1.00000000 1.00000000
vt 0.00000000 0.00000000
vt 1.00000000 0.00000000
vt 1.00000000 1.00000000
vt 0.00000000 0.00000000
vt 1.00000000 0.00000000
vt 1.00000000 1.00000000
vt 0.00000000 0.00000000
vt 1.00000000 0.00000000
vt 1.00000000 1.00000000
vt 0.00000000 0.00000000
vt 1.00000000 0.00000000
vt 1.00000000 1.00000000
vt 0.00000000 0.00000000
vt 1.00000000 0.00000000
vt 1.00000000 1.00000000
vt 0.00000000 0.00000000
vt 1.00000000 0.00000000
vt 1.00000000 1.00000000
vt 0.00000000 0.00000000
vt 1.00000000 0.00000000
vt 1.00000000 1.00000000
vt 0.00000000 0.00000000
vt 1.00000000 0.00000000
vt 1.00000000 1.00000000
vt 0.00000000 0.00000000
vt 1.00000000 0.00000000
vt 1.00000000 1.00000000
vt 0.00000000 0.00000000
vt 1.00000000 0.00000000
vt 1.00000000 1.00000000
vt 0.00000000 0.00000000
vt 1.00000000 0.00000000
vt 1.00000000 1.00000000
vt 0.00000000 0.00000000
vt 1.00000000 0.00000000
vt 1.00000000 1.00000000
vt 0.00000000 0.00000000
vt 1.00000000 0.00000000
vt 1.00000000 1.00000000
vt 0.00000000 0.00000000
vt 1.00000000 0.00000000
vt 1.00000000 1.00000000
vt 0.00000000 0.00000000
vt 1.00000000 0.00000000
vt 1.00000000 1.00000000
vt 0.00000000 0.00000000
vt 1.00000000 0.00000000
vt 1.00000000 1.00000000
vt 0.00000000 0.00000000
vt 1.00000000 0.00000000
vt 1.00000000 1.00000000
vt 0.00000000 0.00000000
vt 1.00000000 0.00000000
vt 1.00000000 1.00000000
vt 0.00000000 0.00000000
vt 1.00000000 0.00000000
vt 1.00000000 1.00000000
vt 0.00000000 0.00000000
vt 1.00000000 0.00000000
vt 1.00000000 1.00000000
vt 0.00000000 0.00000000
vt 1.00000000 0.00000000
vt 1.00000000 1.00000000
vt 0.00000000 0.00000000
vt 1.00000000 0.00000000
vt 1.00000000 1.00000000
vt 0.00000000 0.00000000
vt 1.00000000 0.00000000
vt 1.00000000 1.00000000
vt 0.00000000 0.00000000
vt 1.00000000 0.00000000
vt 1.00000000 1.00000000
vt 0.00000000 0.00000000
vt 1.00000000 0.00000000
vt 1.00000000 1.00000000
vt 0.00000000 0.00000000
vt 1.00000000 0.00000000
vt 1.00000000 1.00000000
vt 0.00000000 0.00000000
vt 1.00000000 0.00000000
vt 1.00000000 1.00000000
vt 0.00000000 0.00000000
vt 1.00000000 0.00000000
vt 1.00000000 1.00000000
vt 0.00000000 0.00000000
vt 1.00000000 0.00000000
vt 1.00000000 1.00000000
vt 0.00000000 0.00000000
vt 1.00000000 0.00000000
vt 1.00000000 1.00000000
vt 0.00000000 0.00000000
vt 1.00000000 0.00000000
vt 1.00000000 1.00000000
vt 0.00000000 0.00000000
vt 1.00000000 0.00000000
vt 1.00000000 1.00000000
vt 0.00000000 0.00000000
vt 1.00000000 0.00000000
vt 1.00000000 1.00000000
vt 0.00000000 0.00000000
vt 1.00000000 0.00000000
vt 1.00000000 1.00000000
vt 0.00000000 0.00000000
vt 1.00000000 0.00000000
vt 1.00000000 1.00000000
vt 0.00000000 0.00000000
vt 1.00000000 0.00000000
vt 1.00000000 1.00000000
vt 0.00000000 0.00000000
vt 1.00000000 0.00000000
vt 1.00000000 1.00000000
vt 0.00000000 0.00000000
vt 1.00000000 0.00000000
vt 1.00000000 1.00000000
vt 0.00000000 0.00000000
vt 1.00000000 0.00000000
vt 1.00000000 1.00000000
vt 0.00000000 0.00000000
vt 1.00000000 0.00000000
vt 1.00000000 1.00000000
vt 0.00000000 0.00000000
vt 1.00000000 0.00000000
vt 1.00000000 1.00000000
vt 0.00000000 0.00000000
vt 1.00000000 0.00000000
vt 1.00000000 1.00000000
vt 0.00000000 0.00000000
vt 1.00000000 0.00000000
vt 1.00000000 1.00000000
vt 0.00000000 0.00000000
vt 1.00000000 0.00000000
vt 1.00000000 1.00000000
vt 0.00000000 0.00000000
vt 1.00000000 0.00000000
vt 1.00000000 1.00000000
vt 0.00000000 0.00000000
vt 1.00000000 0.00000000
vt 1.00000000 1.00000000
vt 0.00000000 0.00000000
vt 1.00000000 0.00000000
vt 1.00000000 1.00000000
vt 0.00000000 0.00000000
vt 1.00000000 0.00000000
vt 1.00000000 1.00000000
vt 0.00000000 0.00000000
vt 1.00000000 0.00000000
vt 1.00000000 1.00000000
vt 0.00000000 0.00000000
vt 1.00000000 0.00000000
vt 1.00000000 1.00000000
vt 0.00000000 0.00000000
vt 1.00000000 0.00000000
vt 1.00000000 1.00000000
vt 0.00000000 0.00000000
vt 1.00000000 0.00000000
vt 1.00000000 1.00000000
vt 0.00000000 0.00000000
vt 1.00000000 0.00000000
vt 1.00000000 1.00000000
vt 0.00000000 0.00000000
vt 1.00000000 0.00000000
vt 1.00000000 1.00000000
vt 0.00000000 0.00000000
vt 1.00000000 0.00000000
vt 1.00000000 1.00000000
vt 0.00000000 0.00000000
vt 1.00000000 0.00000000
vt 1.00000000 1.00000000
vt 0.00000000 0.00000000
vt 1.00000000 0.00000000
vt 1.00000000 1.00000000
vt 0.00000000 0.00000000
vt 1.00000000 0.00000000
vt 1.00000000 1.00000000
vt 0.00000000 0.00000000
vt 1.00000000 0.00000000
vt 1.00000000 1.00000000
vt 0.00000000 0.00000000
vt 1.00000000 0.00000000
vt 1.00000000 1.00000000
vt 0.00000000 0.00000000
vt 1.00000000 0.00000000
vt 1.00000000 1.00000000
vt 0.00000000 0.00000000
vt 1.00000000 0.00000000
vt 1.00000000 1.00000000
vt 0.00000000 0.00000000
vt 1.00000000 0.00000000
vt 1.00000000 1.00000000
vt 0.00000000 0.00000000
vt 1.00000000 0.00000000
vt 1.00000000 1.00000000
vt 0.00000000 0.00000000
vt 1.00000000 0.00000000
vt 1.00000000 1.00000000
vt 0.00000000 0.00000000
vt 1.00000000 0.00000000
vt 1.00000000 1.00000000
vt 0.00000000 0.00000000
vt 1.00000000 0.00000000
vt 1.00000000 1.00000000
vt 0.00000000 0.00000000
vt 1.00000000 0.00000000
vt 1.00000000 1.00000000
vt 0.00000000 0.00000000
vt 1.00000000 0.00000000
vt 1.00000000 1.00000000
vt 0.00000000 0.00000000
vt 1.00000000 0.00000000
vt 1.00000000 1.00000000
vt 0.00000000 0.00000000
vt 1.00000000 0.00000000
vt 1.00000000 1.00000000
vt 0.00000000 0.00000000
vt 1.00000000 0.00000000
vt 1.00000000 1.00000000
vt 0.00000000 0.00000000
vt 1.00000000 0.00000000
vt 1.00000000 1.00000000
vt 0.00000000 0.00000000
vt 1.00000000 0.00000000
vt 1.00000000 1.00000000
vt 0.00000000 0.00000000
vt 1.00000000 0.00000000
vt 1.00000000 1.00000000
vt 0.00000000 0.00000000
vt 1.00000000 0.00000000
vt 1.00000000 1.00000000
vt 0.00000000 0.00000000
vt 1.00000000 0.00000000
vt 1.00000000 1.00000000
vt 0.00000000 0.00000000
vt 1.00000000 0.00000000
vt 1.00000000 1.00000000
vt 0.00000000 0.00000000
vt 1.00000000 0.00000000
vt 1.00000000 1.00000000
vt 0.00000000 0.00000000
vt 1.00000000 0.00000000
vt 1.00000000 1.00000000
vt 0.00000000 0.00000000
vt 1.00000000 0.00000000
vt 1.00000000 1.00000000
vt 0.00000000 0.00000000
vt 1.00000000 0.00000000
vt 1.00000000 1.00000000
vt 0.00000000 0.00000000
vt 1.00000000 0.00000000
vt 1.00000000 1.00000000
vt 0.00000000 0.00000000
vt 1.00000000 0.00000000
vt 1.00000000 1.00000000
vt 0.00000000 0.00000000
vt 1.00000000 0.00000000
vt 1.00000000 1.00000000
vt 0.00000000 0.00000000
vt 1.00000000 0.00000000
vt 1.00000000 1.00000000
vt 0.00000000 0.00000000
vt 1.00000000 0.00000000
vt 1.00000000 1.00000000
vt 0.00000000 0.00000000
vt 1.00000000 0.00000000
vt 1.00000000 1.00000000
vt 0.00000000 0.00000000
vt 1.00000000 0.00000000
vt 1.00000000 1.00000000
vt 0.00000000 0.00000000
vt 1.00000000 0.00000000
vt 1.00000000 1.00000000
vt 0.00000000 0.00000000
vt 1.00000000 0.00000000
vt 1.00000000 1.00000000
vt 0.00000000 0.00000000
vt 1.00000000 0.00000000
vt 1.00000000 1.00000000
vt 0.00000000 0.00000000
vt 1.00000000 0.00000000
vt 1.00000000 1.00000000
vt 0.00000000 0.00000000
vt 1.00000000 0.00000000
vt 1.00000000 1.00000000
vt 0.00000000 0.00000000
vt 1.00000000 0.00000000
vt 1.00000000 1.00000000
vt 0.00000000 0.00000000
vt 1.00000000 0.00000000
vt 1.00000000 1.00000000
vt 0.00000000 0.00000000
vt 1.00000000 0.00000000
vt 1.00000000 1.00000000
vt 0.00000000 0.00000000
vt 1.00000000 0.00000000
vt 1.00000000 1.00000000
vt 0.00000000 0.00000000
vt 1.00000000 0.00000000
vt 1.00000000 1.00000000
vt 0.00000000 0.00000000
vt 1.00000000 0.00000000
vt 1.00000000 1.00000000
vt 0.00000000 0.00000000
vt 1.00000000 0.00000000
vt 1.00000000 1.00000000
vt 0.00000000 0.00000000
vt 1.00000000 0.00000000
vt 1.00000000 1.00000000
vt 0.00000000 0.00000000
vt 1.00000000 0.00000000
vt 1.00000000 1.00000000
vt 0.00000000 0.00000000
vt 1.00000000 0.00000000
vt 1.00000000 1.00000000
vt 0.00000000 0.00000000
vt 1.00000000 0.00000000
vt 1.00000000 1.00000000
vt 0.00000000 0.00000000
vt 1.00000000 0.00000000
vt 1.00000000 1.00000000
vt 0.00000000 0.00000000
vt 1.00000000 0.00000000
vt 1.00000000 1.00000000
vt 0.00000000 0.00000000
vt 1.00000000 0.00000000
vt 1.00000000 1.00000000
vt 0.00000000 0.00000000
vt 1.00000000 0.00000000
vt 1.00000000 1.00000000
vt 0.00000000 0.00000000
vt 1.00000000 0.00000000
vt 1.00000000 1.00000000
vt 0.00000000 0.00000000
vt 1.00000000 0.00000000
vt 1.00000000 1.00000000
vt 0.00000000 0.00000000
vt 1.00000000 0.00000000
vt 1.00000000 1.00000000
vt 0.00000000 0.00000000
vt 1.00000000 0.00000000
vt 1.00000000 1.00000000
vt 0.00000000 0.00000000
vt 1.00000000 0.00000000
vt 1.00000000 1.00000000
vt 0.00000000 0.00000000
vt 1.00000000 0.00000000
vt 1.00000000 1.00000000
vt 0.00000000 0.00000000
vt 1.00000000 0.00000000
vt 1.00000000 1.00000000
vt 0.00000000 0.00000000
vt 1.00000000 0.00000000
vt 1.00000000 1.00000000
vt 0.00000000 0.00000000
vt 1.00000000 0.00000000
vt 1.00000000 1.00000000
vt 0.00000000 0.00000000
vt 1.00000000 0.00000000
vt 1.00000000 1.00000000
vt 0.00000000 0.00000000
vt 1.00000000 0.00000000
vt 1.00000000 1.00000000
vt 0.00000000 0.00000000
vt 1.00000000 0.00000000
vt 1.00000000 1.00000000
vt 0.00000000 0.00000000
vt 1.00000000 0.00000000
vt 1.00000000 1.00000000
vt 0.00000000 0.00000000
vt 1.00000000 0.00000000
vt 1.00000000 1.00000000
vt 0.00000000 0.00000000
vt 1.00000000 0.00000000
vt 1.00000000 1.00000000
vt 0.00000000 0.00000000
vt 1.00000000 0.00000000
vt 1.00000000 1.00000000
vt 0.00000000 0.00000000
vt 1.00000000 0.00000000
vt 1.00000000 1.00000000
vt 0.00000000 0.00000000
vt 1.00000000 0.00000000
vt 1.00000000 1.00000000
vt 0.00000000 0.00000000
vt 1.00000000 0.00000000
vt 1.00000000 1.00000000
vt 0.00000000 0.00000000
vt 1.00000000 0.00000000
vt 1.00000000 1.00000000
vt 0.00000000 0.00000000
vt 1.00000000 0.00000000
vt 1.00000000 1.00000000
vt 0.00000000 0.00000000
vt 1.00000000 0.00000000
vt 1.00000000 1.00000000
vt 0.00000000 0.00000000
vt 1.00000000 0.00000000
vt 1.00000000 1.00000000
vt 0.00000000 0.00000000
vt 1.00000000 0.00000000
vt 1.00000000 1.00000000
vt 0.00000000 0.00000000
vt 1.00000000 0.00000000
vt 1.00000000 1.00000000
vt 0.00000000 0.00000000
vt 1.00000000 0.00000000
vt 1.00000000 1.00000000
vt 0.00000000 0.00000000
vt 1.00000000 0.00000000
vt 1.00000000 1.00000000
vt 0.00000000 0.00000000
vt 1.00000000 0.00000000
vt 1.00000000 1.00000000
vt 0.00000000 0.00000000
vt 1.00000000 0.00000000
vt 1.00000000 1.00000000
vt 0.00000000 0.00000000
vt 1.00000000 0.00000000
vt 1.00000000 1.00000000
vt 0.00000000 0.00000000
vt 1.00000000 0.00000000
vt 1.00000000 1.00000000
vt 0.00000000 0.00000000
vt 1.00000000 0.00000000
vt 1.00000000 1.00000000
vt 0.00000000 0.00000000
vt 1.00000000 0.00000000
vt 1.00000000 1.00000000
vt 0.00000000 0.00000000
vt 1.00000000 0.00000000
vt 1.00000000 1.00000000
vt 0.00000000 0.00000000
vt 1.00000000 0.00000000
vt 1.00000000 1.00000000
vt 0.00000000 0.00000000
vt 1.00000000 0.00000000
vt 1.00000000 1.00000000
vt 0.00000000 0.00000000
vt 1.00000000 0.00000000
vt 1.00000000 1.00000000
vt 0.00000000 0.00000000
vt 1.00000000 0.00000000
vt 1.00000000 1.00000000
vt 0.00000000 0.00000000
vt 1.00000000 0.00000000
vt 1.00000000 1.00000000
vt 0.00000000 0.00000000
vt 1.00000000 0.00000000
vt 1.00000000 1.00000000
vt 0.00000000 0.00000000
vt 1.00000000 0.00000000
vt 1.00000000 1.00000000
vt 0.00000000 0.00000000
vt 1.00000000 0.00000000
vt 1.00000000 1.00000000
vt 0.00000000 0.00000000
vt 1.00000000 0.00000000
vt 1.00000000 1.00000000
vt 0.00000000 0.00000000
vt 1.00000000 0.00000000
vt 1.00000000 1.00000000
vt 0.00000000 0.00000000
vt 1.00000000 0.00000000
vt 1.00000000 1.00000000
vt 0.00000000 0.00000000
vt 1.00000000 0.00000000
vt 1.00000000 1.00000000
vt 0.00000000 0.00000000
vt 1.00000000 0.00000000
vt 1.00000000 1.00000000
vt 0.00000000 0.00000000
vt 1.00000000 0.00000000
vt 1.00000000 1.00000000
vt 0.00000000 0.00000000
vt 1.00000000 0.00000000
vt 1.00000000 1.00000000
vt 0.00000000 0.00000000
vt 1.00000000 0.00000000
vt 1.00000000 1.00000000
vt 0.00000000 0.00000000
vt 1.00000000 0.00000000
vt 1.00000000 1.00000000
vt 0.00000000 0.00000000
vt 1.00000000 0.00000000
vt 1.00000000 1.00000000
vt 0.00000000 0.00000000
vt 1.00000000 0.00000000
vt 1.00000000 1.00000000
vt 0.00000000 0.00000000
vt 1.00000000 0.00000000
vt 1.00000000 1.00000000
vt 0.00000000 0.00000000
vt 1.00000000 0.00000000
vt 1.00000000 1.00000000
vt 0.00000000 0.00000000
vt 1.00000000 0.00000000
vt 1.00000000 1.00000000
vt 0.00000000 0.00000000
vt 1.00000000 0.00000000
vt 1.00000000 1.00000000
vt 0.00000000 0.00000000
vt 1.00000000 0.00000000
vt 1.00000000 1.00000000
vt 0.00000000 0.00000000
vt 1.00000000 0.00000000
vt 1.00000000 1.00000000
vt 0.00000000 0.00000000
vt 1.00000000 0.00000000
vt 1.00000000 1.00000000
vt 0.00000000 0.00000000
vt 1.00000000 0.00000000
vt 1.00000000 1.00000000
vt 0.00000000 0.00000000
vt 1.00000000 0.00000000
vt 1.00000000 1.00000000
vt 0.00000000 0.00000000
vt 1.00000000 0.00000000
vt 1.00000000 1.00000000
vt 0.00000000 0.00000000
vt 1.00000000 0.00000000
vt 1.00000000 1.00000000
vt 0.00000000 0.00000000
vt 1.00000000 0.00000000
vt 1.00000000 1.00000000
vt 0.00000000 0.00000000
vt 1.00000000 0.00000000
vt 1.00000000 1.00000000
vt 0.00000000 0.00000000
vt 1.00000000 0.00000000
vt 1.00000000 1.00000000
vt 0.00000000 0.00000000
vt 1.00000000 0.00000000
vt 1.00000000 1.00000000
vt 0.00000000 0.00000000
vt 1.00000000 0.00000000
vt 1.00000000 1.00000000
vt 0.00000000 0.00000000
vt 1.00000000 0.00000000
vt 1.00000000 1.00000000
vt 0.00000000 0.00000000
vt 1.00000000 0.00000000
vt 1.00000000 1.00000000
vt 0.00000000 0.00000000
vt 1.00000000 0.00000000
vt 1.00000000 1.00000000
vt 0.00000000 0.00000000
vt 1.00000000 0.00000000
vt 1.00000000 1.00000000
vt 0.00000000 0.00000000
vt 1.00000000 0.00000000
vt 1.00000000 1.00000000
vt 0.00000000 0.00000000
vt 1.00000000 0.00000000
vt 1.00000000 1.00000000
vt 0.00000000 0.00000000
vt 1.00000000 0.00000000
vt 1.00000000 1.00000000
vt 0.00000000 0.00000000
vt 1.00000000 0.00000000
vt 1.00000000 1.00000000
vt 0.00000000 0.00000000
vt 1.00000000 0.00000000
vt 1.00000000 1.00000000
vt 0.00000000 0.00000000
vt 1.00000000 0.00000000
vt 1.00000000 1.00000000
vt 0.00000000 0.00000000
vt 1.00000000 0.00000000
vt 1.00000000 1.00000000
vt 0.00000000 0.00000000
vt 1.00000000 0.00000000
vt 1.00000000 1.00000000
vt 0.00000000 0.00000000
vt 1.00000000 0.00000000
vt 1.00000000 1.00000000
vt 0.00000000 0.00000000
vt 1.00000000 0.00000000
vt 1.00000000 1.00000000
vt 0.00000000 0.00000000
vt 1.00000000 0.00000000
vt 1.00000000 1.00000000
vt 0.00000000 0.00000000
vt 1.00000000 0.00000000
vt 1.00000000 1.00000000
vt 0.00000000 0.00000000
vt 1.00000000 0.00000000
vt 1.00000000 1.00000000
vt 0.00000000 0.00000000
vt 1.00000000 0.00000000
vt 1.00000000 1.00000000
vt 0.00000000 0.00000000
vt 1.00000000 0.00000000
vt 1.00000000 1.00000000
vt 0.00000000 0.00000000
vt 1.00000000 0.00000000
vt 1.00000000 1.00000000
vt 0.00000000 0.00000000
vt 1.00000000 0.00000000
vt 1.00000000 1.00000000
vt 0.00000000 0.00000000
vt 1.00000000 0.00000000
vt 1.00000000 1.00000000
vt 0.00000000 0.00000000
vt 1.00000000 0.00000000
vt 1.00000000 1.00000000
vt 0.00000000 0.00000000
vt 1.00000000 0.00000000
vt 1.00000000 1.00000000
vt 0.00000000 0.00000000
vt 1.00000000 0.00000000
vt 1.00000000 1.00000000
vt 0.00000000 0.00000000
vt 1.00000000 0.00000000
vt 1.00000000 1.00000000
vt 0.00000000 0.00000000
vt 1.00000000 0.00000000
vt 1.00000000 1.00000000
vt 0.00000000 0.00000000
vt 1.00000000 0.00000000
vt 1.00000000 1.00000000
vt 0.00000000 0.00000000
vt 1.00000000 0.00000000
vt 1.00000000 1.00000000
vt 0.00000000 0.00000000
vt 1.00000000 0.00000000
vt 1.00000000 1.00000000
vt 0.00000000 0.00000000
vt 1.00000000 0.00000000
vt 1.00000000 1.00000000
vt 0.00000000 0.00000000
vt 1.00000000 0.00000000
vt 1.00000000 1.00000000
vt 0.00000000 0.00000000
vt 1.00000000 0.00000000
vt 1.00000000 1.00000000
vt 0.00000000 0.00000000
vt 1.00000000 0.00000000
vt 1.00000000 1.00000000
vt 0.00000000 0.00000000
vt 1.00000000 0.00000000
vt 1.00000000 1.00000000
vt 0.00000000 0.00000000
vt 1.00000000 0.00000000
vt 1.00000000 1.00000000
vt 0.00000000 0.00000000
vt 1.00000000 0.00000000
vt 1.00000000 1.00000000
vt 0.00000000 0.00000000
vt 1.00000000 0.00000000
vt 1.00000000 1.00000000
vt 0.00000000 0.00000000
vt 1.00000000 0.00000000
vt 1.00000000 1.00000000
vt 0.00000000 0.00000000
vt 1.00000000 0.00000000
vt 1.00000000 1.00000000
vt 0.00000000 0.00000000
vt 1.00000000 0.00000000
vt 1.00000000 1.00000000
vt 0.00000000 0.00000000
vt 1.00000000 0.00000000
vt 1.00000000 1.00000000
vt 0.00000000 0.00000000
vt 1.00000000 0.00000000
vt 1.00000000 1.00000000
vt 0.00000000 0.00000000
vt 1.00000000 0.00000000
vt 1.00000000 1.00000000
vt 0.00000000 0.00000000
vt 1.00000000 0.00000000
vt 1.00000000 1.00000000
vt 0.00000000 0.00000000
vt 1.00000000 0.00000000
vt 1.00000000 1.00000000
vt 0.00000000 0.00000000
vt 1.00000000 0.00000000
vt 1.00000000 1.00000000
vt 0.00000000 0.00000000
vt 1.00000000 0.00000000
vt 1.00000000 1.00000000
vt 0.00000000 0.00000000
vt 1.00000000 0.00000000
vt 1.00000000 1.00000000
vt 0.00000000 0.00000000
vt 1.00000000 0.00000000
vt 1.00000000 1.00000000
vt 0.00000000 0.00000000
vt 1.00000000 0.00000000
vt 1.00000000 1.00000000
vt 0.00000000 0.00000000
vt 1.00000000 0.00000000
vt 1.00000000 1.00000000
vt 0.00000000 0.00000000
vt 1.00000000 0.00000000
vt 1.00000000 1.00000000
vt 0.00000000 0.00000000
vt 1.00000000 0.00000000
vt 1.00000000 1.00000000
vt 0.00000000 0.00000000
vt 1.00000000 0.00000000
vt 1.00000000 1.00000000
vt 0.00000000 0.00000000
vt 1.00000000 0.00000000
vt 1.00000000 1.00000000
vt 0.00000000 0.00000000
vt 1.00000000 0.00000000
vt 1.00000000 1.00000000
vt 0.00000000 0.00000000
vt 1.00000000 0.00000000
vt 1.00000000 1.00000000
vt 0.00000000 0.00000000
vt 1.00000000 0.00000000
vt 1.00000000 1.00000000
vt 0.00000000 0.00000000
vt 1.00000000 0.00000000
vt 1.00000000 1.00000000
vt 0.00000000 0.00000000
vt 1.00000000 0.00000000
vt 1.00000000 1.00000000
vt 0.00000000 0.00000000
vt 1.00000000 0.00000000
vt 1.00000000 1.00000000
vt 0.00000000 0.00000000
vt 1.00000000 0.00000000
vt 1.00000000 1.00000000
vt 0.00000000 0.00000000
vt 1.00000000 0.00000000
vt 1.00000000 1.00000000
vt 0.00000000 0.00000000
vt 1.00000000 0.00000000
vt 1.00000000 1.00000000
vt 0.00000000 0.00000000
vt 1.00000000 0.00000000
vt 1.00000000 1.00000000
vt 0.00000000 0.00000000
vt 1.00000000 0.00000000
vt 1.00000000 1.00000000
vt 0.00000000 0.00000000
vt 1.00000000 0.00000000
vt 1.00000000 1.00000000
vt 0.00000000 0.00000000
vt 1.00000000 0.00000000
vt 1.00000000 1.00000000
vt 0.00000000 0.00000000
vt 1.00000000 0.00000000
vt 1.00000000 1.00000000
vt 0.00000000 0.00000000
vt 1.00000000 0.00000000
vt 1.00000000 1.00000000
vt 0.00000000 0.00000000
vt 1.00000000 0.00000000
vt 1.00000000 1.00000000
vt 0.00000000 0.00000000
vt 1.00000000 0.00000000
vt 1.00000000 1.00000000
vt 0.00000000 0.00000000
vt 1.00000000 0.00000000
vt 1.00000000 1.00000000
vt 0.00000000 0.00000000
vt 1.00000000 0.00000000
vt 1.00000000 1.00000000
vt 0.00000000 0.00000000
vt 1.00000000 0.00000000
vt 1.00000000 1.00000000
vt 0.00000000 0.00000000
vt 1.00000000 0.00000000
vt 1.00000000 1.00000000
vt 0.00000000 0.00000000
vt 1.00000000 0.00000000
vt 1.00000000 1.00000000
vt 0.00000000 0.00000000
vt 1.00000000 0.00000000
vt 1.00000000 1.00000000
vt 0.00000000 0.00000000
vt 1.00000000 0.00000000
vt 1.00000000 1.00000000
vt 0.00000000 0.00000000
vt 1.00000000 0.00000000
vt 1.00000000 1.00000000
vt 0.00000000 0.00000000
vt 1.00000000 0.00000000
vt 1.00000000 1.00000000
vt 0.00000000 0.00000000
vt 1.00000000 0.00000000
vt 1.00000000 1.00000000
vt 0.00000000 0.00000000
vt 1.00000000 0.00000000
vt 1.00000000 1.00000000
vt 0.00000000 0.00000000
vt 1.00000000 0.00000000
vt 1.00000000 1.00000000
vt 0.00000000 0.00000000
vt 1.00000000 0.00000000
vt 1.00000000 1.00000000
vt 0.00000000 0.00000000
vt 1.00000000 0.00000000
vt 1.00000000 1.00000000
vt 0.00000000 0.00000000
vt 1.00000000 0.00000000
vt 1.00000000 1.00000000
vt 0.00000000 0.00000000
vt 1.00000000 0.00000000
vt 1.00000000 1.00000000
vt 0.00000000 0.00000000
vt 1.00000000 0.00000000
vt 1.00000000 1.00000000
vt 0.00000000 0.00000000
vt 1.00000000 0.00000000
vt 1.00000000 1.00000000
vt 0.00000000 0.00000000
vt 1.00000000 0.00000000
vt 1.00000000 1.00000000
vt 0.00000000 0.00000000
vt 1.00000000 0.00000000
vt 1.00000000 1.00000000
vt 0.00000000 0.00000000
vt 1.00000000 0.00000000
vt 1.00000000 1.00000000
vt 0.00000000 0.00000000
vt 1.00000000 0.00000000
vt 1.00000000 1.00000000
vt 0.00000000 0.00000000
vt 1.00000000 0.00000000
vt 1.00000000 1.00000000
vt 0.00000000 0.00000000
vt 1.00000000 0.00000000
vt 1.00000000 1.00000000
vt 0.00000000 0.00000000
vt 1.00000000 0.00000000
vt 1.00000000 1.00000000
vt 0.00000000 0.00000000
vt 1.00000000 0.00000000
vt 1.00000000 1.00000000
vt 0.00000000 0.00000000
vt 1.00000000 0.00000000
vt 1.00000000 1.00000000
vt 0.00000000 0.00000000
vt 1.00000000 0.00000000
vt 1.00000000 1.00000000
vt 0.00000000 0.00000000
vt 1.00000000 0.00000000
vt 1.00000000 1.00000000
vt 0.00000000 0.00000000
vt 1.00000000 0.00000000
vt 1.00000000 1.00000000
vt 0.00000000 0.00000000
vt 1.00000000 0.00000000
vt 1.00000000 1.00000000
vt 0.00000000 0.00000000
vt 1.00000000 0.00000000
vt 1.00000000 1.00000000
vt 0.00000000 0.00000000
vt 1.00000000 0.00000000
vt 1.00000000 1.00000000
vt 0.00000000 0.00000000
vt 1.00000000 0.00000000
vt 1.00000000 1.00000000
vt 0.00000000 0.00000000
vt 1.00000000 0.00000000
vt 1.00000000 1.00000000
vt 0.00000000 0.00000000
vt 1.00000000 0.00000000
vt 1.00000000 1.00000000
vt 0.00000000 0.00000000
vt 1.00000000 0.00000000
vt 1.00000000 1.00000000
vt 0.00000000 0.00000000
vt 1.00000000 0.00000000
vt 1.00000000 1.00000000
vt 0.00000000 0.00000000
vt 1.00000000 0.00000000
vt 1.00000000 1.00000000
vt 0.00000000 0.00000000
vt 1.00000000 0.00000000
vt 1.00000000 1.00000000
vt 0.00000000 0.00000000
vt 1.00000000 0.00000000
vt 1.00000000 1.00000000
vt 0.00000000 0.00000000
vt 1.00000000 0.00000000
vt 1.00000000 1.00000000
vt 0.00000000 0.00000000
vt 1.00000000 0.00000000
vt 1.00000000 1.00000000
vt 0.00000000 0.00000000
vt 1.00000000 0.00000000
vt 1.00000000 1.00000000
vt 0.00000000 0.00000000
vt 1.00000000 0.00000000
vt 1.00000000 1.00000000
vt 0.00000000 0.00000000
vt 1.00000000 0.00000000
vt 1.00000000 1.00000000
vt 0.00000000 0.00000000
vt 1.00000000 0.00000000
vt 1.00000000 1.00000000
vt 0.00000000 0.00000000
vt 1.00000000 0.00000000
vt 1.00000000 1.00000000
vt 0.00000000 0.00000000
vt 1.00000000 0.00000000
vt 1.00000000 1.00000000
vt 0.00000000 0.00000000
vt 1.00000000 0.00000000
vt 1.00000000 1.00000000
vt 0.00000000 0.00000000
vt 1.00000000 0.00000000
vt 1.00000000 1.00000000
vt 0.00000000 0.00000000
vt 1.00000000 0.00000000
vt 1.00000000 1.00000000
vt 0.00000000 0.00000000
vt 1.00000000 0.00000000
vt 1.00000000 1.00000000
vt 0.00000000 0.00000000
vt 1.00000000 0.00000000
vt 1.00000000 1.00000000
vt 0.00000000 0.00000000
vt 1.00000000 0.00000000
vt 1.00000000 1.00000000
vt 0.00000000 0.00000000
vt 1.00000000 0.00000000
vt 1.00000000 1.00000000
vt 0.00000000 0.00000000
vt 1.00000000 0.00000000
vt 1.00000000 1.00000000
vt 0.00000000 0.00000000
vt 1.00000000 0.00000000
vt 1.00000000 1.00000000
vt 0.00000000 0.00000000
vt 1.00000000 0.00000000
vt 1.00000000 1.00000000
vt 0.00000000 0.00000000
vt 1.00000000 0.00000000
vt 1.00000000 1.00000000
vt 0.00000000 0.00000000
vt 1.00000000 0.00000000
vt 1.00000000 1.00000000
vt 0.00000000 0.00000000
vt 1.00000000 0.00000000
vt 1.00000000 1.00000000
vt 0.00000000 0.00000000
vt 1.00000000 0.00000000
vt 1.00000000 1.00000000
vt 0.00000000 0.00000000
vt 1.00000000 0.00000000
vt 1.00000000 1.00000000
vt 0.00000000 0.00000000
vt 1.00000000 0.00000000
vt 1.00000000 1.00000000
vt 0.00000000 0.00000000
vt 1.00000000 0.00000000
vt 1.00000000 1.00000000
vt 0.00000000 0.00000000
vt 1.00000000 0.00000000
vt 1.00000000 1.00000000
vt 0.00000000 0.00000000
vt 1.00000000 0.00000000
vt 1.00000000 1.00000000
vt 0.00000000 0.00000000
vt 1.00000000 0.00000000
vt 1.00000000 1.00000000
vt 0.00000000 0.00000000
vt 1.00000000 0.00000000
vt 1.00000000 1.00000000
vt 0.00000000 0.00000000
vt 1.00000000 0.00000000
vt 1.00000000 1.00000000
vt 0.00000000 0.00000000
vt 1.00000000 0.00000000
vt 1.00000000 1.00000000
vt 0.00000000 0.00000000
vt 1.00000000 0.00000000
vt 1.00000000 1.00000000
vt 0.00000000 0.00000000
vt 1.00000000 0.00000000
vt 1.00000000 1.00000000
vt 0.00000000 0.00000000
vt 1.00000000 0.00000000
vt 1.00000000 1.00000000
vt 0.00000000 0.00000000
vt 1.00000000 0.00000000
vt 1.00000000 1.00000000
vt 0.00000000 0.00000000
vt 1.00000000 0.00000000
vt 1.00000000 1.00000000
vt 0.00000000 0.00000000
vt 1.00000000 0.00000000
vt 1.00000000 1.00000000
vt 0.00000000 0.00000000
vt 1.00000000 0.00000000
vt 1.00000000 1.00000000
vt 0.00000000 0.00000000
vt 1.00000000 0.00000000
vt 1.00000000 1.00000000
vt 0.00000000 0.00000000
vt 1.00000000 0.00000000
vt 1.00000000 1.00000000
vt 0.00000000 0.00000000
vt 1.00000000 0.00000000
vt 1.00000000 1.00000000
vt 0.00000000 0.00000000
vt 1.00000000 0.00000000
vt 1.00000000 1.00000000
vt 0.00000000 0.00000000
vt 1.00000000 0.00000000
vt 1.00000000 1.00000000
vt 0.00000000 0.00000000
vt 1.00000000 0.00000000
vt 1.00000000 1.00000000
vt 0.00000000 0.00000000
vt 1.00000000 0.00000000
vt 1.00000000 1.00000000
vt 0.00000000 0.00000000
vt 1.00000000 0.00000000
vt 1.00000000 1.00000000
vt 0.00000000 0.00000000
vt 1.00000000 0.00000000
vt 1.00000000 1.00000000
vt 0.00000000 0.00000000
vt 1.00000000 0.00000000
vt 1.00000000 1.00000000
vt 0.00000000 0.00000000
vt 1.00000000 0.00000000
vt 1.00000000 1.00000000
vt 0.00000000 0.00000000
vt 1.00000000 0.00000000
vt 1.00000000 1.00000000
vt 0.00000000 0.00000000
vt 1.00000000 0.00000000
vt 1.00000000 1.00000000
vt 0.00000000 0.00000000
vt 1.00000000 0.00000000
vt 1.00000000 1.00000000
vt 0.00000000 0.00000000
vt 1.00000000 0.00000000
vt 1.00000000 1.00000000
vt 0.00000000 0.00000000
vt 1.00000000 0.00000000
vt 1.00000000 1.00000000
vt 0.00000000 0.00000000
vt 1.00000000 0.00000000
vt 1.00000000 1.00000000
vt 0.00000000 0.00000000
vt 1.00000000 0.00000000
vt 1.00000000 1.00000000
vt 0.00000000 0.00000000
vt 1.00000000 0.00000000
vt 1.00000000 1.00000000
vt 0.00000000 0.00000000
vt 1.00000000 0.00000000
vt 1.00000000 1.00000000
vt 0.00000000 0.00000000
vt 1.00000000 0.00000000
vt 1.00000000 1.00000000
vt 0.00000000 0.00000000
vt 1.00000000 0.00000000
vt 1.00000000 1.00000000
vt 0.00000000 0.00000000
vt 1.00000000 0.00000000
vt 1.00000000 1.00000000
vt 0.00000000 0.00000000
vt 1.00000000 0.00000000
vt 1.00000000 1.00000000
vt 0.00000000 0.00000000
vt 1.00000000 0.00000000
vt 1.00000000 1.00000000
vt 0.00000000 0.00000000
vt 1.00000000 0.00000000
vt 1.00000000 1.00000000
vt 0.00000000 0.00000000
vt 1.00000000 0.00000000
vt 1.00000000 1.00000000
vt 0.00000000 0.00000000
vt 1.00000000 0.00000000
vt 1.00000000 1.00000000
vt 0.00000000 0.00000000
vt 1.00000000 0.00000000
vt 1.00000000 1.00000000
vt 0.00000000 0.00000000
vt 1.00000000 0.00000000
vt 1.00000000 1.00000000
vt 0.00000000 0.00000000
vt 1.00000000 0.00000000
vt 1.00000000 1.00000000
vt 0.00000000 0.00000000
vt 1.00000000 0.00000000
vt 1.00000000 1.00000000
vt 0.00000000 0.00000000
vt 1.00000000 0.00000000
vt 1.00000000 1.00000000
vt 0.00000000 0.00000000
vt 1.00000000 0.00000000
vt 1.00000000 1.00000000
vt 0.00000000 0.00000000
vt 1.00000000 0.00000000
vt 1.00000000 1.00000000
vt 0.00000000 0.00000000
vt 1.00000000 0.00000000
vt 1.00000000 1.00000000
vt 0.00000000 0.00000000
vt 1.00000000 0.00000000
vt 1.00000000 1.00000000
vt 0.00000000 0.00000000
vt 1.00000000 0.00000000
vt 1.00000000 1.00000000
vt 0.00000000 0.00000000
vt 1.00000000 0.00000000
vt 1.00000000 1.00000000
vt 0.00000000 0.00000000
vt 1.00000000 0.00000000
vt 1.00000000 1.00000000
vt 0.00000000 0.00000000
vt 1.00000000 0.00000000
vt 1.00000000 1.00000000
vt 0.00000000 0.00000000
vt 1.00000000 0.00000000
vt 1.00000000 1.00000000
vt 0.00000000 0.00000000
vt 1.00000000 0.00000000
vt 1.00000000 1.00000000
vt 0.00000000 0.00000000
vt 1.00000000 0.00000000
vt 1.00000000 1.00000000
vt 0.00000000 0.00000000
vt 1.00000000 0.00000000
vt 1.00000000 1.00000000
vt 0.00000000 0.00000000
vt 1.00000000 0.00000000
vt 1.00000000 1.00000000
vt 0.00000000 0.00000000
vt 1.00000000 0.00000000
vt 1.00000000 1.00000000
vt 0.00000000 0.00000000
vt 1.00000000 0.00000000
vt 1.00000000 1.00000000
vt 0.00000000 0.00000000
vt 1.00000000 0.00000000
vt 1.00000000 1.00000000
vt 0.00000000 0.00000000
vt 1.00000000 0.00000000
vt 1.00000000 1.00000000
vt 0.00000000 0.00000000
vt 1.00000000 0.00000000
vt 1.00000000 1.00000000
vt 0.00000000 0.00000000
vt 1.00000000 0.00000000
vt 1.00000000 1.00000000
vt 0.00000000 0.00000000
vt 1.00000000 0.00000000
vt 1.00000000 1.00000000
vt 0.00000000 0.00000000
vt 1.00000000 0.00000000
vt 1.00000000 1.00000000
vt 0.00000000 0.00000000
vt 1.00000000 0.00000000
vt 1.00000000 1.00000000
vt 0.00000000 0.00000000
vt 1.00000000 0.00000000
vt 1.00000000 1.00000000
vt 0.00000000 0.00000000
vt 1.00000000 0.00000000
vt 1.00000000 1.00000000
vt 0.00000000 0.00000000
vt 1.00000000 0.00000000
vt 1.00000000 1.00000000
vt 0.00000000 0.00000000
vt 1.00000000 0.00000000
vt 1.00000000 1.00000000
vt 0.00000000 0.00000000
vt 1.00000000 0.00000000
vt 1.00000000 1.00000000
vt 0.00000000 0.00000000
vt 1.00000000 0.00000000
vt 1.00000000 1.00000000
vt 0.00000000 0.00000000
vt 1.00000000 0.00000000
vt 1.00000000 1.00000000
vt 0.00000000 0.00000000
vt 1.00000000 0.00000000
vt 1.00000000 1.00000000
vt 0.00000000 0.00000000
vt 1.00000000 0.00000000
vt 1.00000000 1.00000000
vt 0.00000000 0.00000000
vt 1.00000000 0.00000000
vt 1.00000000 1.00000000
vt 0.00000000 0.00000000
vt 1.00000000 0.00000000
vt 1.00000000 1.00000000
vt 0.00000000 0.00000000
vt 1.00000000 0.00000000
vt 1.00000000 1.00000000
vt 0.00000000 0.00000000
vt 1.00000000 0.00000000
vt 1.00000000 1.00000000
vt 0.00000000 0.00000000
vt 1.00000000 0.00000000
vt 1.00000000 1.00000000
vt 0.00000000 0.00000000
vt 1.00000000 0.00000000
vt 1.00000000 1.00000000
vt 0.00000000 0.00000000
vt 1.00000000 0.00000000
vt 1.00000000 1.00000000
vt 0.00000000 0.00000000
vt 1.00000000 0.00000000
vt 1.00000000 1.00000000
vt 0.00000000 0.00000000
vt 1.00000000 0.00000000
vt 1.00000000 1.00000000
vt 0.00000000 0.00000000
vt 1.00000000 0.00000000
vt 1.00000000 1.00000000
vt 0.00000000 0.00000000
vt 1.00000000 0.00000000
vt 1.00000000 1.00000000
vt 0.00000000 0.00000000
vt 1.00000000 0.00000000
vt 1.00000000 1.00000000
vt 0.00000000 0.00000000
vt 1.00000000 0.00000000
vt 1.00000000 1.00000000
vt 0.00000000 0.00000000
vt 1.00000000 0.00000000
vt 1.00000000 1.00000000
vt 0.00000000 0.00000000
vt 1.00000000 0.00000000
vt 1.00000000 1.00000000
vt 0.00000000 0.00000000
vt 1.00000000 0.00000000
vt 1.00000000 1.00000000
vt 0.00000000 0.00000000
vt 1.00000000 0.00000000
vt 1.00000000 1.00000000
vt 0.00000000 0.00000000
vt 1.00000000 0.00000000
vt 1.00000000 1.00000000
vt 0.00000000 0.00000000
vt 1.00000000 0.00000000
vt 1.00000000 1.00000000
vt 0.00000000 0.00000000
vt 1.00000000 0.00000000
vt 1.00000000 1.00000000
vt 0.00000000 0.00000000
vt 1.00000000 0.00000000
vt 1.00000000 1.00000000
vt 0.00000000 0.00000000
vt 1.00000000 0.00000000
vt 1.00000000 1.00000000
vt 0.00000000 0.00000000
vt 1.00000000 0.00000000
vt 1.00000000 1.00000000
vt 0.00000000 0.00000000
vt 1.00000000 0.00000000
vt 1.00000000 1.00000000
vt 0.00000000 0.00000000
vt 1.00000000 0.00000000
vt 1.00000000 1.00000000
vt 0.00000000 0.00000000
vt 1.00000000 0.00000000
vt 1.00000000 1.00000000
vt 0.00000000 0.00000000
vt 1.00000000 0.00000000
vt 1.00000000 1.00000000
vt 0.00000000 0.00000000
vt 1.00000000 0.00000000
vt 1.00000000 1.00000000
vt 0.00000000 0.00000000
vt 1.00000000 0.00000000
vt 1.00000000 1.00000000
vt 0.00000000 0.00000000
vt 1.00000000 0.00000000
vt 1.00000000 1.00000000
vt 0.00000000 0.00000000
vt 1.00000000 0.00000000
vt 1.00000000 1.00000000
vt 0.00000000 0.00000000
vt 1.00000000 0.00000000
vt 1.00000000 1.00000000
vt 0.00000000 0.00000000
vt 1.00000000 0.00000000
vt 1.00000000 1.00000000
vt 0.00000000 0.00000000
vt 1.00000000 0.00000000
vt 1.00000000 1.00000000
vt 0.00000000 0.00000000
vt 1.00000000 0.00000000
vt 1.00000000 1.00000000
vt 0.00000000 0.00000000
vt 1.00000000 0.00000000
vt 1.00000000 1.00000000
vt 0.00000000 0.00000000
vt 1.00000000 0.00000000
vt 1.00000000 1.00000000
vt 0.00000000 0.00000000
vt 1.00000000 0.00000000
vt 1.00000000 1.00000000
vt 0.00000000 0.00000000
vt 1.00000000 0.00000000
vt 1.00000000 1.00000000
vt 0.00000000 0.00000000
vt 1.00000000 0.00000000
vt 1.00000000 1.00000000
vt 0.00000000 0.00000000
vt 1.00000000 0.00000000
vt 1.00000000 1.00000000
vt 0.00000000 0.00000000
vt 1.00000000 0.00000000
vt 1.00000000 1.00000000
vt 0.00000000 0.00000000
vt 1.00000000 0.00000000
vt 1.00000000 1.00000000
vt 0.00000000 0.00000000
vt 1.00000000 0.00000000
vt 1.00000000 1.00000000
vt 0.00000000 0.00000000
vt 1.00000000 0.00000000
vt 1.00000000 1.00000000
vt 0.00000000 0.00000000
vt 1.00000000 0.00000000
vt 1.00000000 1.00000000
vt 0.00000000 0.00000000
vt 1.00000000 0.00000000
vt 1.00000000 1.00000000
vt 0.00000000 0.00000000
vt 1.00000000 0.00000000
vt 1.00000000 1.00000000
vt 0.00000000 0.00000000
vt 1.00000000 0.00000000
vt 1.00000000 1.00000000
vt 0.00000000 0.00000000
vt 1.00000000 0.00000000
vt 1.00000000 1.00000000
vt 0.00000000 0.00000000
vt 1.00000000 0.00000000
vt 1.00000000 1.00000000
vt 0.00000000 0.00000000
vt 1.00000000 0.00000000
vt 1.00000000 1.00000000
vt 0.00000000 0.00000000
vt 1.00000000 0.00000000
vt 1.00000000 1.00000000
vt 0.00000000 0.00000000
vt 1.00000000 0.00000000
vt 1.00000000 1.00000000
vt 0.00000000 0.00000000
vt 1.00000000 0.00000000
vt 1.00000000 1.00000000
vt 0.00000000 0.00000000
vt 1.00000000 0.00000000
vt 1.00000000 1.00000000
vt 0.00000000 0.00000000
vt 1.00000000 0.00000000
vt 1.00000000 1.00000000
vt 0.00000000 0.00000000
vt 1.00000000 0.00000000
vt 1.00000000 1.00000000
vt 0.00000000 0.00000000
vt 1.00000000 0.00000000
vt 1.00000000 1.00000000
vt 0.00000000 0.00000000
vt 1.00000000 0.00000000
vt 1.00000000 1.00000000
vt 0.00000000 0.00000000
vt 1.00000000 0.00000000
vt 1.00000000 1.00000000
vt 0.00000000 0.00000000
vt 1.00000000 0.00000000
vt 1.00000000 1.00000000
vt 0.00000000 0.00000000
vt 1.00000000 0.00000000
vt 1.00000000 1.00000000
vt 0.00000000 0.00000000
vt 1.00000000 0.00000000
vt 1.00000000 1.00000000
vt 0.00000000 0.00000000
vt 1.00000000 0.00000000
vt 1.00000000 1.00000000
vt 0.00000000 0.00000000
vt 1.00000000 0.00000000
vt 1.00000000 1.00000000
vt 0.00000000 0.00000000
vt 1.00000000 0.00000000
vt 1.00000000 1.00000000
vt 0.00000000 0.00000000
vt 1.00000000 0.00000000
vt 1.00000000 1.00000000
vt 0.00000000 0.00000000
vt 1.00000000 0.00000000
vt 1.00000000 1.00000000
vt 0.00000000 0.00000000
vt 1.00000000 0.00000000
vt 1.00000000 1.00000000
vt 0.00000000 0.00000000
vt 1.00000000 0.00000000
vt 1.00000000 1.00000000
vt 0.00000000 0.00000000
vt 1.00000000 0.00000000
vt 1.00000000 1.00000000
vt 0.00000000 0.00000000
vt 1.00000000 0.00000000
vt 1.00000000 1.00000000
vt 0.00000000 0.00000000
vt 1.00000000 0.00000000
vt 1.00000000 1.00000000
vt 0.00000000 0.00000000
vt 1.00000000 0.00000000
vt 1.00000000 1.00000000
vt 0.00000000 0.00000000
vt 1.00000000 0.00000000
vt 1.00000000 1.00000000
vt 0.00000000 0.00000000
vt 1.00000000 0.00000000
vt 1.00000000 1.00000000
vt 0.00000000 0.00000000
vt 1.00000000 0.00000000
vt 1.00000000 1.00000000
vt 0.00000000 0.00000000
vt 1.00000000 0.00000000
vt 1.00000000 1.00000000
vt 0.00000000 0.00000000
vt 1.00000000 0.00000000
vt 1.00000000 1.00000000
vt 0.00000000 0.00000000
vt 1.00000000 0.00000000
vt 1.00000000 1.00000000
vt 0.00000000 0.00000000
vt 1.00000000 0.00000000
vt 1.00000000 1.00000000
vt 0.00000000 0.00000000
vt 1.00000000 0.00000000
vt 1.00000000 1.00000000
vt 0.00000000 0.00000000
vt 1.00000000 0.00000000
vt 1.00000000 1.00000000
vt 0.00000000 0.00000000
vt 1.00000000 0.00000000
vt 1.00000000 1.00000000
vt 0.00000000 0.00000000
vt 1.00000000 0.00000000
vt 1.00000000 1.00000000
vt 0.00000000 0.00000000
vt 1.00000000 0.00000000
vt 1.00000000 1.00000000
vt 0.00000000 0.00000000
vt 1.00000000 0.00000000
vt 1.00000000 1.00000000
vt 0.00000000 0.00000000
vt 1.00000000 0.00000000
vt 1.00000000 1.00000000
vt 0.00000000 0.00000000
vt 1.00000000 0.00000000
vt 1.00000000 1.00000000
vt 0.00000000 0.00000000
vt 1.00000000 0.00000000
vt 1.00000000 1.00000000
vt 0.00000000 0.00000000
vt 1.00000000 0.00000000
vt 1.00000000 1.00000000
vt 0.00000000 0.00000000
vt 1.00000000 0.00000000
vt 1.00000000 1.00000000
vt 0.00000000 0.00000000
vt 1.00000000 0.00000000
vt 1.00000000 1.00000000
vt 0.00000000 0.00000000
vt 1.00000000 0.00000000
vt 1.00000000 1.00000000
vt 0.00000000 0.00000000
vt 1.00000000 0.00000000
vt 1.00000000 1.00000000
vt 0.00000000 0.00000000
vt 1.00000000 0.00000000
vt 1.00000000 1.00000000
vt 0.00000000 0.00000000
vt 1.00000000 0.00000000
vt 1.00000000 1.00000000
vt 0.00000000 0.00000000
vt 1.00000000 0.00000000
vt 1.00000000 1.00000000
vt 0.00000000 0.00000000
vt 1.00000000 0.00000000
vt 1.00000000 1.00000000
vt 0.00000000 0.00000000
vt 1.00000000 0.00000000
vt 1.00000000 1.00000000
vt 0.00000000 0.00000000
vt 1.00000000 0.00000000
vt 1.00000000 1.00000000
vt 0.00000000 0.00000000
vt 1.00000000 0.00000000
vt 1.00000000 1.00000000
vt 0.00000000 0.00000000
vt 1.00000000 0.00000000
vt 1.00000000 1.00000000
vt 0.00000000 0.00000000
vt 1.00000000 0.00000000
vt 1.00000000 1.00000000
vt 0.00000000 0.00000000
vt 1.00000000 0.00000000
vt 1.00000000 1.00000000
vt 0.00000000 0.00000000
vt 1.00000000 0.00000000
vt 1.00000000 1.00000000
vt 0.00000000 0.00000000
vt 1.00000000 0.00000000
vt 1.00000000 1.00000000
vt 0.00000000 0.00000000
vt 1.00000000 0.00000000
vt 1.00000000 1.00000000
vt 0.00000000 0.00000000
vt 1.00000000 0.00000000
vt 1.00000000 1.00000000
vt 0.00000000 0.00000000
vt 1.00000000 0.00000000
vt 1.00000000 1.00000000
vt 0.00000000 0.00000000
vt 1.00000000 0.00000000
vt 1.00000000 1.00000000
vt 0.00000000 0.00000000
vt 1.00000000 0.00000000
vt 1.00000000 1.00000000
vt 0.00000000 0.00000000
vt 1.00000000 0.00000000
vt 1.00000000 1.00000000
vt 0.00000000 0.00000000
vt 1.00000000 0.00000000
vt 1.00000000 1.00000000
vt 0.00000000 0.00000000
vt 1.00000000 0.00000000
vt 1.00000000 1.00000000
vt 0.00000000 0.00000000
vt 1.00000000 0.00000000
vt 1.00000000 1.00000000
vt 0.00000000 0.00000000
vt 1.00000000 0.00000000
vt 1.00000000 1.00000000
vt 0.00000000 0.00000000
vt 1.00000000 0.00000000
vt 1.00000000 1.00000000
vt 0.00000000 0.00000000
vt 1.00000000 0.00000000
vt 1.00000000 1.00000000
vt 0.00000000 0.00000000
vt 1.00000000 0.00000000
vt 1.00000000 1.00000000
vt 0.00000000 0.00000000
vt 1.00000000 0.00000000
vt 1.00000000 1.00000000
vt 0.00000000 0.00000000
vt 1.00000000 0.00000000
vt 1.00000000 1.00000000
vt 0.00000000 0.00000000
vt 1.00000000 0.00000000
vt 1.00000000 1.00000000
vt 0.00000000 0.00000000
vt 1.00000000 0.00000000
vt 1.00000000 1.00000000
vt 0.00000000 0.00000000
vt 1.00000000 0.00000000
vt 1.00000000 1.00000000
vt 0.00000000 0.00000000
vt 1.00000000 0.00000000
vt 1.00000000 1.00000000
vt 0.00000000 0.00000000
vt 1.00000000 0.00000000
vt 1.00000000 1.00000000
vt 0.00000000 0.00000000
vt 1.00000000 0.00000000
vt 1.00000000 1.00000000
vt 0.00000000 0.00000000
vt 1.00000000 0.00000000
vt 1.00000000 1.00000000
vt 0.00000000 0.00000000
vt 1.00000000 0.00000000
vt 1.00000000 1.00000000
vt 0.00000000 0.00000000
vt 1.00000000 0.00000000
vt 1.00000000 1.00000000
vt 0.00000000 0.00000000
vt 1.00000000 0.00000000
vt 1.00000000 1.00000000
vt 0.00000000 0.00000000
vt 1.00000000 0.00000000
vt 1.00000000 1.00000000
vt 0.00000000 0.00000000
vt 1.00000000 0.00000000
vt 1.00000000 1.00000000
vt 0.00000000 0.00000000
vt 1.00000000 0.00000000
vt 1.00000000 1.00000000
vt 0.00000000 0.00000000
vt 1.00000000 0.00000000
vt 1.00000000 1.00000000
vt 0.00000000 0.00000000
vt 1.00000000 0.00000000
vt 1.00000000 1.00000000
vt 0.00000000 0.00000000
vt 1.00000000 0.00000000
vt 1.00000000 1.00000000
vt 0.00000000 0.00000000
vt 1.00000000 0.00000000
vt 1.00000000 1.00000000
vt 0.00000000 0.00000000
vt 1.00000000 0.00000000
vt 1.00000000 1.00000000
vt 0.00000000 0.00000000
vt 1.00000000 0.00000000
vt 1.00000000 1.00000000
vt 0.00000000 0.00000000
vt 1.00000000 0.00000000
vt 1.00000000 1.00000000
vt 0.00000000 0.00000000
vt 1.00000000 0.00000000
vt 1.00000000 1.00000000
vt 0.00000000 0.00000000
vt 1.00000000 0.00000000
vt 1.00000000 1.00000000
vt 0.00000000 0.00000000
vt 1.00000000 0.00000000
vt 1.00000000 1.00000000
vt 0.00000000 0.00000000
vt 1.00000000 0.00000000
vt 1.00000000 1.00000000
vt 0.00000000 0.00000000
vt 1.00000000 0.00000000
vt 1.00000000 1.00000000
vt 0.00000000 0.00000000
vt 1.00000000 0.00000000
vt 1.00000000 1.00000000
vt 0.00000000 0.00000000
vt 1.00000000 0.00000000
vt 1.00000000 1.00000000
vt 0.00000000 0.00000000
vt 1.00000000 0.00000000
vt 1.00000000 1.00000000
vt 0.00000000 0.00000000
vt 1.00000000 0.00000000
vt 1.00000000 1.00000000
vt 0.00000000 0.00000000
vt 1.00000000 0.00000000
vt 1.00000000 1.00000000
vt 0.00000000 0.00000000
vt 1.00000000 0.00000000
vt 1.00000000 1.00000000
vt 0.00000000 0.00000000
vt 1.00000000 0.00000000
vt 1.00000000 1.00000000
vt 0.00000000 0.00000000
vt 1.00000000 0.00000000
vt 1.00000000 1.00000000
vt 0.00000000 0.00000000
vt 1.00000000 0.00000000
vt 1.00000000 1.00000000
vt 0.00000000 0.00000000
vt 1.00000000 0.00000000
vt 1.00000000 1.00000000
vt 0.00000000 0.00000000
vt 1.00000000 0.00000000
vt 1.00000000 1.00000000
vt 0.00000000 0.00000000
vt 1.00000000 0.00000000
vt 1.00000000 1.00000000
vt 0.00000000 0.00000000
vt 1.00000000 0.00000000
vt 1.00000000 1.00000000
vt 0.00000000 0.00000000
vt 1.00000000 0.00000000
vt 1.00000000 1.00000000
vt 0.00000000 0.00000000
vt 1.00000000 0.00000000
vt 1.00000000 1.00000000
vt 0.00000000 0.00000000
vt 1.00000000 0.00000000
vt 1.00000000 1.00000000
vt 0.00000000 0.00000000
vt 1.00000000 0.00000000
vt 1.00000000 1.00000000
vt 0.00000000 0.00000000
vt 1.00000000 0.00000000
vt 1.00000000 1.00000000
vt 0.00000000 0.00000000
vt 1.00000000 0.00000000
vt 1.00000000 1.00000000
vt 0.00000000 0.00000000
vt 1.00000000 0.00000000
vt 1.00000000 1.00000000
vt 0.00000000 0.00000000
vt 1.00000000 0.00000000
vt 1.00000000 1.00000000
vt 0.00000000 0.00000000
vt 1.00000000 0.00000000
vt 1.00000000 1.00000000
vt 0.00000000 0.00000000
vt 1.00000000 0.00000000
vt 1.00000000 1.00000000
vt 0.00000000 0.00000000
vt 1.00000000 0.00000000
vt 1.00000000 1.00000000
vt 0.00000000 0.00000000
vt 1.00000000 0.00000000
vt 1.00000000 1.00000000
vt 0.00000000 0.00000000
vt 1.00000000 0.00000000
vt 1.00000000 1.00000000
vt 0.00000000 0.00000000
vt 1.00000000 0.00000000
vt 1.00000000 1.00000000
vt 0.00000000 0.00000000
vt 1.00000000 0.00000000
vt 1.00000000 1.00000000
vt 0.00000000 0.00000000
vt 1.00000000 0.00000000
vt 1.00000000 1.00000000
vt 0.00000000 0.00000000
vt 1.00000000 0.00000000
vt 1.00000000 1.00000000
vt 0.00000000 0.00000000
vt 1.00000000 0.00000000
vt 1.00000000 1.00000000
vt 0.00000000 0.00000000
vt 1.00000000 0.00000000
vt 1.00000000 1.00000000
vt 0.00000000 0.00000000
vt 1.00000000 0.00000000
vt 1.00000000 1.00000000
vt 0.00000000 0.00000000
vt 1.00000000 0.00000000
vt 1.00000000 1.00000000
vt 0.00000000 0.00000000
vt 1.00000000 0.00000000
vt 1.00000000 1.00000000
vt 0.00000000 0.00000000
vt 1.00000000 0.00000000
vt 1.00000000 1.00000000
vt 0.00000000 0.00000000
vt 1.00000000 0.00000000
vt 1.00000000 1.00000000
vt 0.00000000 0.00000000
vt 1.00000000 0.00000000
vt 1.00000000 1.00000000
vt 0.00000000 0.00000000
vt 1.00000000 0.00000000
vt 1.00000000 1.00000000
vt 0.00000000 0.00000000
vt 1.00000000 0.00000000
vt 1.00000000 1.00000000
vt 0.00000000 0.00000000
vt 1.00000000 0.00000000
vt 1.00000000 1.00000000
vt 0.00000000 0.00000000
vt 1.00000000 0.00000000
vt 1.00000000 1.00000000
vt 0.00000000 0.00000000
vt 1.00000000 0.00000000
vt 1.00000000 1.00000000
vt 0.00000000 0.00000000
vt 1.00000000 0.00000000
vt 1.00000000 1.00000000
vt 0.00000000 0.00000000
vt 1.00000000 0.00000000
vt 1.00000000 1.00000000
vt 0.00000000 0.00000000
vt 1.00000000 0.00000000
vt 1.00000000 1.00000000
vt 0.00000000 0.00000000
vt 1.00000000 0.00000000
vt 1.00000000 1.00000000
vt 0.00000000 0.00000000
vt 1.00000000 0.00000000
vt 1.00000000 1.00000000
vt 0.00000000 0.00000000
vt 1.00000000 0.00000000
vt 1.00000000 1.00000000
vt 0.00000000 0.00000000
vt 1.00000000 0.00000000
vt 1.00000000 1.00000000
vt 0.00000000 0.00000000
vt 1.00000000 0.00000000
vt 1.00000000 1.00000000
vt 0.00000000 0.00000000
vt 1.00000000 0.00000000
vt 1.00000000 1.00000000
vt 0.00000000 0.00000000
vt 1.00000000 0.00000000
vt 1.00000000 1.00000000
vt 0.00000000 0.00000000
vt 1.00000000 0.00000000
vt 1.00000000 1.00000000
vt 0.00000000 0.00000000
vt 1.00000000 0.00000000
vt 1.00000000 1.00000000
vt 0.00000000 0.00000000
vt 1.00000000 0.00000000
vt 1.00000000 1.00000000
vt 0.00000000 0.00000000
vt 1.00000000 0.00000000
vt 1.00000000 1.00000000
vt 0.00000000 0.00000000
vt 1.00000000 0.00000000
vt 1.00000000 1.00000000
vt 0.00000000 0.00000000
vt 1.00000000 0.00000000
vt 1.00000000 1.00000000
vt 0.00000000 0.00000000
vt 1.00000000 0.00000000
vt 1.00000000 1.00000000
vt 0.00000000 0.00000000
vt 1.00000000 0.00000000
vt 1.00000000 1.00000000
vt 0.00000000 0.00000000
vt 1.00000000 0.00000000
vt 1.00000000 1.00000000
vt 0.00000000 0.00000000
vt 1.00000000 0.00000000
vt 1.00000000 1.00000000
vt 0.00000000 0.00000000
vt 1.00000000 0.00000000
vt 1.00000000 1.00000000
vt 0.00000000 0.00000000
vt 1.00000000 0.00000000
vt 1.00000000 1.00000000
vt 0.00000000 0.00000000
vt 1.00000000 0.00000000
vt 1.00000000 1.00000000
vt 0.00000000 0.00000000
vt 1.00000000 0.00000000
vt 1.00000000 1.00000000
vt 0.00000000 0.00000000
vt 1.00000000 0.00000000
vt 1.00000000 1.00000000
vt 0.00000000 0.00000000
vt 1.00000000 0.00000000
vt 1.00000000 1.00000000
vt 0.00000000 0.00000000
vt 1.00000000 0.00000000
vt 1.00000000 1.00000000
vt 0.00000000 0.00000000
vt 1.00000000 0.00000000
vt 1.00000000 1.00000000
vt 0.00000000 0.00000000
vt 1.00000000 0.00000000
vt 1.00000000 1.00000000
vt 0.00000000 0.00000000
vt 1.00000000 0.00000000
vt 1.00000000 1.00000000
vt 0.00000000 0.00000000
vt 1.00000000 0.00000000
vt 1.00000000 1.00000000
vt 0.00000000 0.00000000
vt 1.00000000 0.00000000
vt 1.00000000 1.00000000
vt 0.00000000 0.00000000
vt 1.00000000 0.00000000
vt 1.00000000 1.00000000
vt 0.00000000 0.00000000
vt 1.00000000 0.00000000
vt 1.00000000 1.00000000
vt 0.00000000 0.00000000
vt 1.00000000 0.00000000
vt 1.00000000 1.00000000
vt 0.00000000 0.00000000
vt 1.00000000 0.00000000
vt 1.00000000 1.00000000
vt 0.00000000 0.00000000
vt 1.00000000 0.00000000
vt 1.00000000 1.00000000
vt 0.00000000 0.00000000
vt 1.00000000 0.00000000
vt 1.00000000 1.00000000
vt 0.00000000 0.00000000
vt 1.00000000 0.00000000
vt 1.00000000 1.00000000
vt 0.00000000 0.00000000
vt 1.00000000 0.00000000
vt 1.00000000 1.00000000
vt 0.00000000 0.00000000
vt 1.00000000 0.00000000
vt 1.00000000 1.00000000
vt 0.00000000 0.00000000
vt 1.00000000 0.00000000
vt 1.00000000 1.00000000
vt 0.00000000 0.00000000
vt 1.00000000 0.00000000
vt 1.00000000 1.00000000
vt 0.00000000 0.00000000
vt 1.00000000 0.00000000
vt 1.00000000 1.00000000
vt 0.00000000 0.00000000
vt 1.00000000 0.00000000
vt 1.00000000 1.00000000
vt 0.00000000 0.00000000
vt 1.00000000 0.00000000
vt 1.00000000 1.00000000
vt 0.00000000 0.00000000
vt 1.00000000 0.00000000
vt 1.00000000 1.00000000
vt 0.00000000 0.00000000
vt 1.00000000 0.00000000
vt 1.00000000 1.00000000
vt 0.00000000 0.00000000
vt 1.00000000 0.00000000
vt 1.00000000 1.00000000
vt 0.00000000 0.00000000
vt 1.00000000 0.00000000
vt 1.00000000 1.00000000
vt 0.00000000 0.00000000
vt 1.00000000 0.00000000
vt 1.00000000 1.00000000
vt 0.00000000 0.00000000
vt 1.00000000 0.00000000
vt 1.00000000 1.00000000
vt 0.00000000 0.00000000
vt 1.00000000 0.00000000
vt 1.00000000 1.00000000
vt 0.00000000 0.00000000
vt 1.00000000 0.00000000
vt 1.00000000 1.00000000
vt 0.00000000 0.00000000
vt 1.00000000 0.00000000
vt 1.00000000 1.00000000
vt 0.00000000 0.00000000
vt 1.00000000 0.00000000
vt 1.00000000 1.00000000
vt 0.00000000 0.00000000
vt 1.00000000 0.00000000
vt 1.00000000 1.00000000
vt 0.00000000 0.00000000
vt 1.00000000 0.00000000
vt 1.00000000 1.00000000
vt 0.00000000 0.00000000
vt 1.00000000 0.00000000
vt 1.00000000 1.00000000
vt 0.00000000 0.00000000
vt 1.00000000 0.00000000
vt 1.00000000 1.00000000
vt 0.00000000 0.00000000
vt 1.00000000 0.00000000
vt 1.00000000 1.00000000
vt 0.00000000 0.00000000
vt 1.00000000 0.00000000
vt 1.00000000 1.00000000
vt 0.00000000 0.00000000
vt 1.00000000 0.00000000
vt 1.00000000 1.00000000
vt 0.00000000 0.00000000
vt 1.00000000 0.00000000
vt 1.00000000 1.00000000
vt 0.00000000 0.00000000
vt 1.00000000 0.00000000
vt 1.00000000 1.00000000
vt 0.00000000 0.00000000
vt 1.00000000 0.00000000
vt 1.00000000 1.00000000
vt 0.00000000 0.00000000
vt 1.00000000 0.00000000
vt 1.00000000 1.00000000
vt 0.00000000 0.00000000
vt 1.00000000 0.00000000
vt 1.00000000 1.00000000
vt 0.00000000 0.00000000
vt 1.00000000 0.00000000
vt 1.00000000 1.00000000
vt 0.00000000 0.00000000
vt 1.00000000 0.00000000
vt 1.00000000 1.00000000
vt 0.00000000 0.00000000
vt 1.00000000 0.00000000
vt 1.00000000 1.00000000
vt 0.00000000 0.00000000
vt 1.00000000 0.00000000
vt 1.00000000 1.00000000
vt 0.00000000 0.00000000
vt 1.00000000 0.00000000
vt 1.00000000 1.00000000
vt 0.00000000 0.00000000
vt 1.00000000 0.00000000
vt 1.00000000 1.00000000
vt 0.00000000 0.00000000
vt 1.00000000 0.00000000
vt 1.00000000 1.00000000
vt 0.00000000 0.00000000
vt 1.00000000 0.00000000
vt 1.00000000 1.00000000
vt 0.00000000 0.00000000
vt 1.00000000 0.00000000
vt 1.00000000 1.00000000
vt 0.00000000 0.00000000
vt 1.00000000 0.00000000
vt 1.00000000 1.00000000
vt 0.00000000 0.00000000
vt 1.00000000 0.00000000
vt 1.00000000 1.00000000
vt 0.00000000 0.00000000
vt 1.00000000 0.00000000
vt 1.00000000 1.00000000
vt 0.00000000 0.00000000
vt 1.00000000 0.00000000
vt 1.00000000 1.00000000
vt 0.00000000 0.00000000
vt 1.00000000 0.00000000
vt 1.00000000 1.00000000
vt 0.00000000 0.00000000
vt 1.00000000 0.00000000
vt 1.00000000 1.00000000
vt 0.00000000 0.00000000
vt 1.00000000 0.00000000
vt 1.00000000 1.00000000
vt 0.00000000 0.00000000
vt 1.00000000 0.00000000
vt 1.00000000 1.00000000
vt 0.00000000 0.00000000
vt 1.00000000 0.00000000
vt 1.00000000 1.00000000
vt 0.00000000 0.00000000
vt 1.00000000 0.00000000
vt 1.00000000 1.00000000
vt 0.00000000 0.00000000
vt 1.00000000 0.00000000
vt 1.00000000 1.00000000
vt 0.00000000 0.00000000
vt 1.00000000 0.00000000
vt 1.00000000 1.00000000
vt 0.00000000 0.00000000
vt 1.00000000 0.00000000
vt 1.00000000 1.00000000
vt 0.00000000 0.00000000
vt 1.00000000 0.00000000
vt 1.00000000 1.00000000
vt 0.00000000 0.00000000
vt 1.00000000 0.00000000
vt 1.00000000 1.00000000
vt 0.00000000 0.00000000
vt 1.00000000 0.00000000
vt 1.00000000 1.00000000
vt 0.00000000 0.00000000
vt 1.00000000 0.00000000
vt 1.00000000 1.00000000
vt 0.00000000 0.00000000
vt 1.00000000 0.00000000
vt 1.00000000 1.00000000
vt 0.00000000 0.00000000
vt 1.00000000 0.00000000
vt 1.00000000 1.00000000
vt 0.00000000 0.00000000
vt 1.00000000 0.00000000
vt 1.00000000 1.00000000
vt 0.00000000 0.00000000
vt 1.00000000 0.00000000
vt 1.00000000 1.00000000
vt 0.00000000 0.00000000
vt 1.00000000 0.00000000
vt 1.00000000 1.00000000
vt 0.00000000 0.00000000
vt 1.00000000 0.00000000
vt 1.00000000 1.00000000
vt 0.00000000 0.00000000
vt 1.00000000 0.00000000
vt 1.00000000 1.00000000
vt 0.00000000 0.00000000
vt 1.00000000 0.00000000
vt 1.00000000 1.00000000
vt 0.00000000 0.00000000
vt 1.00000000 0.00000000
vt 1.00000000 1.00000000
vt 0.00000000 0.00000000
vt 1.00000000 0.00000000
vt 1.00000000 1.00000000
vt 0.00000000 0.00000000
vt 1.00000000 0.00000000
vt 1.00000000 1.00000000
vt 0.00000000 0.00000000
vt 1.00000000 0.00000000
vt 1.00000000 1.00000000
vt 0.00000000 0.00000000
vt 1.00000000 0.00000000
vt 1.00000000 1.00000000
vt 0.00000000 0.00000000
vt 1.00000000 0.00000000
vt 1.00000000 1.00000000
vt 0.00000000 0.00000000
vt 1.00000000 0.00000000
vt 1.00000000 1.00000000
vt 0.00000000 0.00000000
vt 1.00000000 0.00000000
vt 1.00000000 1.00000000
vt 0.00000000 0.00000000
vt 1.00000000 0.00000000
vt 1.00000000 1.00000000
vt 0.00000000 0.00000000
vt 1.00000000 0.00000000
vt 1.00000000 1.00000000
vt 0.00000000 0.00000000
vt 1.00000000 0.00000000
vt 1.00000000 1.00000000
vt 0.00000000 0.00000000
vt 1.00000000 0.00000000
vt 1.00000000 1.00000000
vt 0.00000000 0.00000000
vt 1.00000000 0.00000000
vt 1.00000000 1.00000000
vt 0.00000000 0.00000000
vt 1.00000000 0.00000000
vt 1.00000000 1.00000000
vt 0.00000000 0.00000000
vt 1.00000000 0.00000000
vt 1.00000000 1.00000000
vt 0.00000000 0.00000000
vt 1.00000000 0.00000000
vt 1.00000000 1.00000000
vt 0.00000000 0.00000000
vt 1.00000000 0.00000000
vt 1.00000000 1.00000000
vt 0.00000000 0.00000000
vt 1.00000000 0.00000000
vt 1.00000000 1.00000000
vt 0.00000000 0.00000000
vt 1.00000000 0.00000000
vt 1.00000000 1.00000000
vt 0.00000000 0.00000000
vt 1.00000000 0.00000000
vt 1.00000000 1.00000000
vt 0.00000000 0.00000000
vt 1.00000000 0.00000000
vt 1.00000000 1.00000000
vt 0.00000000 0.00000000
vt 1.00000000 0.00000000
vt 1.00000000 1.00000000
vt 0.00000000 0.00000000
vt 1.00000000 0.00000000
vt 1.00000000 1.00000000
vt 0.00000000 0.00000000
vt 1.00000000 0.00000000
vt 1.00000000 1.00000000
vt 0.00000000 0.00000000
vt 1.00000000 0.00000000
vt 1.00000000 1.00000000
vt 0.00000000 0.00000000
vt 1.00000000 0.00000000
vt 1.00000000 1.00000000
vt 0.00000000 0.00000000
vt 1.00000000 0.00000000
vt 1.00000000 1.00000000
vt 0.00000000 0.00000000
vt 1.00000000 0.00000000
vt 1.00000000 1.00000000
vt 0.00000000 0.00000000
vt 1.00000000 0.00000000
vt 1.00000000 1.00000000
vt 0.00000000 0.00000000
vt 1.00000000 0.00000000
vt 1.00000000 1.00000000
vt 0.00000000 0.00000000
vt 1.00000000 0.00000000
vt 1.00000000 1.00000000
vt 0.00000000 0.00000000
vt 1.00000000 0.00000000
vt 1.00000000 1.00000000
vt 0.00000000 0.00000000
vt 1.00000000 0.00000000
vt 1.00000000 1.00000000
vt 0.00000000 0.00000000
vt 1.00000000 0.00000000
vt 1.00000000 1.00000000
vt 0.00000000 0.00000000
vt 1.00000000 0.00000000
vt 1.00000000 1.00000000
vt 0.00000000 0.00000000
vt 1.00000000 0.00000000
vt 1.00000000 1.00000000
vt 0.00000000 0.00000000
vt 1.00000000 0.00000000
vt 1.00000000 1.00000000
vt 0.00000000 0.00000000
vt 1.00000000 0.00000000
vt 1.00000000 1.00000000
vt 0.00000000 0.00000000
vt 1.00000000 0.00000000
vt 1.00000000 1.00000000
vt 0.00000000 0.00000000
vt 1.00000000 0.00000000
vt 1.00000000 1.00000000
vt 0.00000000 0.00000000
vt 1.00000000 0.00000000
vt 1.00000000 1.00000000
vt 0.00000000 0.00000000
vt 1.00000000 0.00000000
vt 1.00000000 1.00000000
vt 0.00000000 0.00000000
vt 1.00000000 0.00000000
vt 1.00000000 1.00000000
vt 0.00000000 0.00000000
vt 1.00000000 0.00000000
vt 1.00000000 1.00000000
vt 0.00000000 0.00000000
vt 1.00000000 0.00000000
vt 1.00000000 1.00000000
vt 0.00000000 0.00000000
vt 1.00000000 0.00000000
vt 1.00000000 1.00000000
vt 0.00000000 0.00000000
vt 1.00000000 0.00000000
vt 1.00000000 1.00000000
vt 0.00000000 0.00000000
vt 1.00000000 0.00000000
vt 1.00000000 1.00000000
vt 0.00000000 0.00000000
vt 1.00000000 0.00000000
vt 1.00000000 1.00000000
vt 0.00000000 0.00000000
vt 1.00000000 0.00000000
vt 1.00000000 1.00000000
vt 0.00000000 0.00000000
vt 1.00000000 0.00000000
vt 1.00000000 1.00000000
vt 0.00000000 0.00000000
vt 1.00000000 0.00000000
vt 1.00000000 1.00000000
vt 0.00000000 0.00000000
vt 1.00000000 0.00000000
vt 1.00000000 1.00000000
vt 0.00000000 0.00000000
vt 1.00000000 0.00000000
vt 1.00000000 1.00000000
vt 0.00000000 0.00000000
vt 1.00000000 0.00000000
vt 1.00000000 1.00000000
vt 0.00000000 0.00000000
vt 1.00000000 0.00000000
vt 1.00000000 1.00000000
vt 0.00000000 0.00000000
vt 1.00000000 0.00000000
vt 1.00000000 1.00000000
vt 0.00000000 0.00000000
vt 1.00000000 0.00000000
vt 1.00000000 1.00000000
vt 0.00000000 0.00000000
vt 1.00000000 0.00000000
vt 1.00000000 1.00000000
vt 0.00000000 0.00000000
vt 1.00000000 0.00000000
vt 1.00000000 1.00000000
vt 0.00000000 0.00000000
vt 1.00000000 0.00000000
vt 1.00000000 1.00000000
vt 0.00000000 0.00000000
vt 1.00000000 0.00000000
vt 1.00000000 1.00000000
vt 0.00000000 0.00000000
vt 1.00000000 0.00000000
vt 1.00000000 1.00000000
vt 0.00000000 0.00000000
vt 1.00000000 0.00000000
vt 1.00000000 1.00000000
vt 0.00000000 0.00000000
vt 1.00000000 0.00000000
vt 1.00000000 1.00000000
vt 0.00000000 0.00000000
vt 1.00000000 0.00000000
vt 1.00000000 1.00000000
vt 0.00000000 0.00000000
vt 1.00000000 0.00000000
vt 1.00000000 1.00000000
vt 0.00000000 0.00000000
vt 1.00000000 0.00000000
vt 1.00000000 1.00000000
vt 0.00000000 0.00000000
vt 1.00000000 0.00000000
vt 1.00000000 1.00000000
vt 0.00000000 0.00000000
vt 1.00000000 0.00000000
vt 1.00000000 1.00000000
vt 0.00000000 0.00000000
vt 1.00000000 0.00000000
vt 1.00000000 1.00000000
vt 0.00000000 0.00000000
vt 1.00000000 0.00000000
vt 1.00000000 1.00000000
vt 0.00000000 0.00000000
vt 1.00000000 0.00000000
vt 1.00000000 1.00000000
vt 0.00000000 0.00000000
vt 1.00000000 0.00000000
vt 1.00000000 1.00000000
vt 0.00000000 0.00000000
vt 1.00000000 0.00000000
vt 1.00000000 1.00000000
vt 0.00000000 0.00000000
vt 1.00000000 0.00000000
vt 1.00000000 1.00000000
vt 0.00000000 0.00000000
vt 1.00000000 0.00000000
vt 1.00000000 1.00000000
vt 0.00000000 0.00000000
vt 1.00000000 0.00000000
vt 1.00000000 1.00000000
vt 0.00000000 0.00000000
vt 1.00000000 0.00000000
vt 1.00000000 1.00000000
vt 0.00000000 0.00000000
vt 1.00000000 0.00000000
vt 1.00000000 1.00000000
vt 0.00000000 0.00000000
vt 1.00000000 0.00000000
vt 1.00000000 1.00000000
vt 0.00000000 0.00000000
vt 1.00000000 0.00000000
vt 1.00000000 1.00000000
vt 0.00000000 0.00000000
vt 1.00000000 0.00000000
vt 1.00000000 1.00000000
vt 0.00000000 0.00000000
vt 1.00000000 0.00000000
vt 1.00000000 1.00000000
vt 0.00000000 0.00000000
vt 1.00000000 0.00000000
vt 1.00000000 1.00000000
vt 0.00000000 0.00000000
vt 1.00000000 0.00000000
vt 1.00000000 1.00000000
vt 0.00000000 0.00000000
vt 1.00000000 0.00000000
vt 1.00000000 1.00000000
vt 0.00000000 0.00000000
vt 1.00000000 0.00000000
vt 1.00000000 1.00000000
vt 0.00000000 0.00000000
vt 1.00000000 0.00000000
vt 1.00000000 1.00000000
vt 0.00000000 0.00000000
vt 1.00000000 0.00000000
vt 1.00000000 1.00000000
vt 0.00000000 0.00000000
vt 1.00000000 0.00000000
vt 1.00000000 1.00000000
vt 0.00000000 0.00000000
vt 1.00000000 0.00000000
vt 1.00000000 1.00000000
vt 0.00000000 0.00000000
vt 1.00000000 0.00000000
vt 1.00000000 1.00000000
vt 0.00000000 0.00000000
vt 1.00000000 0.00000000
vt 1.00000000 1.00000000
vt 0.00000000 0.00000000
vt 1.00000000 0.00000000
vt 1.00000000 1.00000000
vt 0.00000000 0.00000000
vt 1.00000000 0.00000000
vt 1.00000000 1.00000000
vt 0.00000000 0.00000000
vt 1.00000000 0.00000000
vt 1.00000000 1.00000000
vt 0.00000000 0.00000000
vt 1.00000000 0.00000000
vt 1.00000000 1.00000000
vt 0.00000000 0.00000000
vt 1.00000000 0.00000000
vt 1.00000000 1.00000000
vt 0.00000000 0.00000000
vt 1.00000000 0.00000000
vt 1.00000000 1.00000000
vt 0.00000000 0.00000000
vt 1.00000000 0.00000000
vt 1.00000000 1.00000000
vt 0.00000000 0.00000000
vt 1.00000000 0.00000000
vt 1.00000000 1.00000000
vt 0.00000000 0.00000000
vt 1.00000000 0.00000000
vt 1.00000000 1.00000000
vt 0.00000000 0.00000000
vt 1.00000000 0.00000000
vt 1.00000000 1.00000000
vt 0.00000000 0.00000000
vt 1.00000000 0.00000000
vt 1.00000000 1.00000000
vt 0.00000000 0.00000000
vt 1.00000000 0.00000000
vt 1.00000000 1.00000000
vt 0.00000000 0.00000000
vt 1.00000000 0.00000000
vt 1.00000000 1.00000000
vt 0.00000000 0.00000000
vt 1.00000000 0.00000000
vt 1.00000000 1.00000000
vt 0.00000000 0.00000000
vt 1.00000000 0.00000000
vt 1.00000000 1.00000000
vt 0.00000000 0.00000000
vt 1.00000000 0.00000000
vt 1.00000000 1.00000000
vt 0.00000000 0.00000000
vt 1.00000000 0.00000000
vt 1.00000000 1.00000000
vt 0.00000000 0.00000000
vt 1.00000000 0.00000000
vt 1.00000000 1.00000000
vt 0.00000000 0.00000000
vt 1.00000000 0.00000000
vt 1.00000000 1.00000000
vt 0.00000000 0.00000000
vt 1.00000000 0.00000000
vt 1.00000000 1.00000000
vt 0.00000000 0.00000000
vt 1.00000000 0.00000000
vt 1.00000000 1.00000000
vt 0.00000000 0.00000000
vt 1.00000000 0.00000000
vt 1.00000000 1.00000000
vt 0.00000000 0.00000000
vt 1.00000000 0.00000000
vt 1.00000000 1.00000000
vt 0.00000000 0.00000000
vt 1.00000000 0.00000000
vt 1.00000000 1.00000000
vt 0.00000000 0.00000000
vt 1.00000000 0.00000000
vt 1.00000000 1.00000000
vt 0.00000000 0.00000000
vt 1.00000000 0.00000000
vt 1.00000000 1.00000000
vt 0.00000000 0.00000000
vt 1.00000000 0.00000000
vt 1.00000000 1.00000000
vt 0.00000000 0.00000000
vt 1.00000000 0.00000000
vt 1.00000000 1.00000000
vt 0.00000000 0.00000000
vt 1.00000000 0.00000000
vt 1.00000000 1.00000000
vt 0.00000000 0.00000000
vt 1.00000000 0.00000000
vt 1.00000000 1.00000000
vt 0.00000000 0.00000000
vt 1.00000000 0.00000000
vt 1.00000000 1.00000000
vt 0.00000000 0.00000000
vt 1.00000000 0.00000000
vt 1.00000000 1.00000000
vt 0.00000000 0.00000000
vt 1.00000000 0.00000000
vt 1.00000000 1.00000000
vt 0.00000000 0.00000000
vt 1.00000000 0.00000000
vt 1.00000000 1.00000000
vt 0.00000000 0.00000000
vt 1.00000000 0.00000000
vt 1.00000000 1.00000000
vt 0.00000000 0.00000000
vt 1.00000000 0.00000000
vt 1.00000000 1.00000000
vt 0.00000000 0.00000000
vt 1.00000000 0.00000000
vt 1.00000000 1.00000000
vt 0.00000000 0.00000000
vt 1.00000000 0.00000000
vt 1.00000000 1.00000000
vt 0.00000000 0.00000000
vt 1.00000000 0.00000000
vt 1.00000000 1.00000000
vt 0.00000000 0.00000000
vt 1.00000000 0.00000000
vt 1.00000000 1.00000000
vt 0.00000000 0.00000000
vt 1.00000000 0.00000000
vt 1.00000000 1.00000000
vt 0.00000000 0.00000000
vt 1.00000000 0.00000000
vt 1.00000000 1.00000000
vt 0.00000000 0.00000000
vt 1.00000000 0.00000000
vt 1.00000000 1.00000000
vt 0.00000000 0.00000000
vt 1.00000000 0.00000000
vt 1.00000000 1.00000000
vt 0.00000000 0.00000000
vt 1.00000000 0.00000000
vt 1.00000000 1.00000000
vt 0.00000000 0.00000000
vt 1.00000000 0.00000000
vt 1.00000000 1.00000000
vt 0.00000000 0.00000000
vt 1.00000000 0.00000000
vt 1.00000000 1.00000000
vt 0.00000000 0.00000000
vt 1.00000000 0.00000000
vt 1.00000000 1.00000000
vt 0.00000000 0.00000000
vt 1.00000000 0.00000000
vt 1.00000000 1.00000000
vt 0.00000000 0.00000000
vt 1.00000000 0.00000000
vt 1.00000000 1.00000000
vt 0.00000000 0.00000000
vt 1.00000000 0.00000000
vt 1.00000000 1.00000000
vt 0.00000000 0.00000000
vt 1.00000000 0.00000000
vt 1.00000000 1.00000000
vt 0.00000000 0.00000000
vt 1.00000000 0.00000000
vt 1.00000000 1.00000000
vt 0.00000000 0.00000000
vt 1.00000000 0.00000000
vt 1.00000000 1.00000000
vt 0.00000000 0.00000000
vt 1.00000000 0.00000000
vt 1.00000000 1.00000000
vt 0.00000000 0.00000000
vt 1.00000000 0.00000000
vt 1.00000000 1.00000000
vt 0.00000000 0.00000000
vt 1.00000000 0.00000000
vt 1.00000000 1.00000000
vt 0.00000000 0.00000000
vt 1.00000000 0.00000000
vt 1.00000000 1.00000000
vt 0.00000000 0.00000000
vt 1.00000000 0.00000000
vt 1.00000000 1.00000000
vt 0.00000000 0.00000000
vt 1.00000000 0.00000000
vt 1.00000000 1.00000000
vt 0.00000000 0.00000000
vt 1.00000000 0.00000000
vt 1.00000000 1.00000000
vt 0.00000000 0.00000000
vt 1.00000000 0.00000000
vt 1.00000000 1.00000000
vt 0.00000000 0.00000000
vt 1.00000000 0.00000000
vt 1.00000000 1.00000000
vt 0.00000000 0.00000000
vt 1.00000000 0.00000000
vt 1.00000000 1.00000000
vt 0.00000000 0.00000000
vt 1.00000000 0.00000000
vt 1.00000000 1.00000000
vt 0.00000000 0.00000000
vt 1.00000000 0.00000000
vt 1.00000000 1.00000000
vt 0.00000000 0.00000000
vt 1.00000000 0.00000000
vt 1.00000000 1.00000000
vt 0.00000000 0.00000000
vt 1.00000000 0.00000000
vt 1.00000000 1.00000000
vt 0.00000000 0.00000000
vt 1.00000000 0.00000000
vt 1.00000000 1.00000000
vt 0.00000000 0.00000000
vt 1.00000000 0.00000000
vt 1.00000000 1.00000000
vt 0.00000000 0.00000000
vt 1.00000000 0.00000000
vt 1.00000000 1.00000000
vt 0.00000000 0.00000000
vt 1.00000000 0.00000000
vt 1.00000000 1.00000000
vt 0.00000000 0.00000000
vt 1.00000000 0.00000000
vt 1.00000000 1.00000000
vt 0.00000000 0.00000000
vt 1.00000000 0.00000000
vt 1.00000000 1.00000000
vt 0.00000000 0.00000000
vt 1.00000000 0.00000000
vt 1.00000000 1.00000000
vt 0.00000000 0.00000000
vt 1.00000000 0.00000000
vt 1.00000000 1.00000000
vt 0.00000000 0.00000000
vt 1.00000000 0.00000000
vt 1.00000000 1.00000000
vt 0.00000000 0.00000000
vt 1.00000000 0.00000000
vt 1.00000000 1.00000000
vt 0.00000000 0.00000000
vt 1.00000000 0.00000000
vt 1.00000000 1.00000000
vt 0.00000000 0.00000000
vt 1.00000000 0.00000000
vt 1.00000000 1.00000000
vt 0.00000000 0.00000000
vt 1.00000000 0.00000000
vt 1.00000000 1.00000000
vt 0.00000000 0.00000000
vt 1.00000000 0.00000000
vt 1.00000000 1.00000000
vt 0.00000000 0.00000000
vt 1.00000000 0.00000000
vt 1.00000000 1.00000000
vt 0.00000000 0.00000000
vt 1.00000000 0.00000000
vt 1.00000000 1.00000000
vt 0.00000000 0.00000000
vt 1.00000000 0.00000000
vt 1.00000000 1.00000000
vt 0.00000000 0.00000000
vt 1.00000000 0.00000000
vt 1.00000000 1.00000000
vt 0.00000000 0.00000000
vt 1.00000000 0.00000000
vt 1.00000000 1.00000000
vt 0.00000000 0.00000000
vt 1.00000000 0.00000000
vt 1.00000000 1.00000000
vt 0.00000000 0.00000000
vt 1.00000000 0.00000000
vt 1.00000000 1.00000000
vt 0.00000000 0.00000000
vt 1.00000000 0.00000000
vt 1.00000000 1.00000000
vt 0.00000000 0.00000000
vt 1.00000000 0.00000000
vt 1.00000000 1.00000000
vt 0.00000000 0.00000000
vt 1.00000000 0.00000000
vt 1.00000000 1.00000000
vt 0.00000000 0.00000000
vt 1.00000000 0.00000000
vt 1.00000000 1.00000000
vt 0.00000000 0.00000000
vt 1.00000000 0.00000000
vt 1.00000000 1.00000000
vt 0.00000000 0.00000000
vt 1.00000000 0.00000000
vt 1.00000000 1.00000000
vt 0.00000000 0.00000000
vt 1.00000000 0.00000000
vt 1.00000000 1.00000000
vt 0.00000000 0.00000000
vt 1.00000000 0.00000000
vt 1.00000000 1.00000000
vt 0.00000000 0.00000000
vt 1.00000000 0.00000000
vt 1.00000000 1.00000000
vt 0.00000000 0.00000000
vt 1.00000000 0.00000000
vt 1.00000000 1.00000000
vt 0.00000000 0.00000000
vt 1.00000000 0.00000000
vt 1.00000000 1.00000000
vt 0.00000000 0.00000000
vt 1.00000000 0.00000000
vt 1.00000000 1.00000000
vt 0.00000000 0.00000000
vt 1.00000000 0.00000000
vt 1.00000000 1.00000000
vt 0.00000000 0.00000000
vt 1.00000000 0.00000000
vt 1.00000000 1.00000000
vt 0.00000000 0.00000000
vt 1.00000000 0.00000000
vt 1.00000000 1.00000000
vt 0.00000000 0.00000000
vt 1.00000000 0.00000000
vt 1.00000000 1.00000000
vt 0.00000000 0.00000000
vt 1.00000000 0.00000000
vt 1.00000000 1.00000000
vt 0.00000000 0.00000000
vt 1.00000000 0.00000000
vt 1.00000000 1.00000000
vt 0.00000000 0.00000000
vt 1.00000000 0.00000000
vt 1.00000000 1.00000000
vt 0.00000000 0.00000000
vt 1.00000000 0.00000000
vt 1.00000000 1.00000000
vt 0.00000000 0.00000000
vt 1.00000000 0.00000000
vt 1.00000000 1.00000000
vt 0.00000000 0.00000000
vt 1.00000000 0.00000000
vt 1.00000000 1.00000000
vt 0.00000000 0.00000000
vt 1.00000000 0.00000000
vt 1.00000000 1.00000000
vt 0.00000000 0.00000000
vt 1.00000000 0.00000000
vt 1.00000000 1.00000000
vt 0.00000000 0.00000000
vt 1.00000000 0.00000000
vt 1.00000000 1.00000000
vt 0.00000000 0.00000000
vt 1.00000000 0.00000000
vt 1.00000000 1.00000000
vt 0.00000000 0.00000000
vt 1.00000000 0.00000000
vt 1.00000000 1.00000000
vt 0.00000000 0.00000000
vt 1.00000000 0.00000000
vt 1.00000000 1.00000000
vt 0.00000000 0.00000000
vt 1.00000000 0.00000000
vt 1.00000000 1.00000000
vt 0.00000000 0.00000000
vt 1.00000000 0.00000000
vt 1.00000000 1.00000000
vt 0.00000000 0.00000000
vt 1.00000000 0.00000000
vt 1.00000000 1.00000000
vt 0.00000000 0.00000000
vt 1.00000000 0.00000000
vt 1.00000000 1.00000000
vt 0.00000000 0.00000000
vt 1.00000000 0.00000000
vt 1.00000000 1.00000000
vt 0.00000000 0.00000000
vt 1.00000000 0.00000000
vt 1.00000000 1.00000000
vt 0.00000000 0.00000000
vt 1.00000000 0.00000000
vt 1.00000000 1.00000000
vt 0.00000000 0.00000000
vt 1.00000000 0.00000000
vt 1.00000000 1.00000000
vt 0.00000000 0.00000000
vt 1.00000000 0.00000000
vt 1.00000000 1.00000000
vt 0.00000000 0.00000000
vt 1.00000000 0.00000000
vt 1.00000000 1.00000000
vt 0.00000000 0.00000000
vt 1.00000000 0.00000000
vt 1.00000000 1.00000000
vt 0.00000000 0.00000000
vt 1.00000000 0.00000000
vt 1.00000000 1.00000000
vt 0.00000000 0.00000000
vt 1.00000000 0.00000000
vt 1.00000000 1.00000000
vt 0.00000000 0.00000000
vt 1.00000000 0.00000000
vt 1.00000000 1.00000000
vt 0.00000000 0.00000000
vt 1.00000000 0.00000000
vt 1.00000000 1.00000000
vt 0.00000000 0.00000000
vt 1.00000000 0.00000000
vt 1.00000000 1.00000000
vt 0.00000000 0.00000000
vt 1.00000000 0.00000000
vt 1.00000000 1.00000000
vt 0.00000000 0.00000000
vt 1.00000000 0.00000000
vt 1.00000000 1.00000000
vt 0.00000000 0.00000000
vt 1.00000000 0.00000000
vt 1.00000000 1.00000000
vt 0.00000000 0.00000000
vt 1.00000000 0.00000000
vt 1.00000000 1.00000000
vt 0.00000000 0.00000000
vt 1.00000000 0.00000000
vt 1.00000000 1.00000000
vt 0.00000000 0.00000000
vt 1.00000000 0.00000000
vt 1.00000000 1.00000000
vt 0.00000000 0.00000000
vt 1.00000000 0.00000000
vt 1.00000000 1.00000000
vt 0.00000000 0.00000000
vt 1.00000000 0.00000000
vt 1.00000000 1.00000000
vt 0.00000000 0.00000000
vt 1.00000000 0.00000000
vt 1.00000000 1.00000000
vt 0.00000000 0.00000000
vt 1.00000000 0.00000000
vt 1.00000000 1.00000000
vt 0.00000000 0.00000000
vt 1.00000000 0.00000000
vt 1.00000000 1.00000000
vt 0.00000000 0.00000000
vt 1.00000000 0.00000000
vt 1.00000000 1.00000000
vt 0.00000000 0.00000000
vt 1.00000000 0.00000000
vt 1.00000000 1.00000000
vt 0.00000000 0.00000000
vt 1.00000000 0.00000000
vt 1.00000000 1.00000000
vt 0.00000000 0.00000000
vt 1.00000000 0.00000000
vt 1.00000000 1.00000000
vt 0.00000000 0.00000000
vt 1.00000000 0.00000000
vt 1.00000000 1.00000000
vt 0.00000000 0.00000000
vt 1.00000000 0.00000000
vt 1.00000000 1.00000000
vt 0.00000000 0.00000000
vt 1.00000000 0.00000000
vt 1.00000000 1.00000000
vt 0.00000000 0.00000000
vt 1.00000000 0.00000000
vt 1.00000000 1.00000000
vt 0.00000000 0.00000000
vt 1.00000000 0.00000000
vt 1.00000000 1.00000000
vt 0.00000000 0.00000000
vt 1.00000000 0.00000000
vt 1.00000000 1.00000000
vt 0.00000000 0.00000000
vt 1.00000000 0.00000000
vt 1.00000000 1.00000000
vt 0.00000000 0.00000000
vt 1.00000000 0.00000000
vt 1.00000000 1.00000000
vt 0.00000000 0.00000000
vt 1.00000000 0.00000000
vt 1.00000000 1.00000000
vt 0.00000000 0.00000000
vt 1.00000000 0.00000000
vt 1.00000000 1.00000000
vt 0.00000000 0.00000000
vt 1.00000000 0.00000000
vt 1.00000000 1.00000000
vt 0.00000000 0.00000000
vt 1.00000000 0.00000000
vt 1.00000000 1.00000000
vt 0.00000000 0.00000000
vt 1.00000000 0.00000000
vt 1.00000000 1.00000000
vt 0.00000000 0.00000000
vt 1.00000000 0.00000000
vt 1.00000000 1.00000000
vt 0.00000000 0.00000000
vt 1.00000000 0.00000000
vt 1.00000000 1.00000000
vt 0.00000000 0.00000000
vt 1.00000000 0.00000000
vt 1.00000000 1.00000000
vt 0.00000000 0.00000000
vt 1.00000000 0.00000000
vt 1.00000000 1.00000000
vt 0.00000000 0.00000000
vt 1.00000000 0.00000000
vt 1.00000000 1.00000000
vt 0.00000000 0.00000000
vt 1.00000000 0.00000000
vt 1.00000000 1.00000000
vt 0.00000000 0.00000000
vt 1.00000000 0.00000000
vt 1.00000000 1.00000000
vt 0.00000000 0.00000000
vt 1.00000000 0.00000000
vt 1.00000000 1.00000000
vt 0.00000000 0.00000000
vt 1.00000000 0.00000000
vt 1.00000000 1.00000000
vt 0.00000000 0.00000000
vt 1.00000000 0.00000000
vt 1.00000000 1.00000000
vt 0.00000000 0.00000000
vt 1.00000000 0.00000000
vt 1.00000000 1.00000000
vt 0.00000000 0.00000000
vt 1.00000000 0.00000000
vt 1.00000000 1.00000000
vt 0.00000000 0.00000000
vt 1.00000000 0.00000000
vt 1.00000000 1.00000000
vt 0.00000000 0.00000000
vt 1.00000000 0.00000000
vt 1.00000000 1.00000000
vt 0.00000000 0.00000000
vt 1.00000000 0.00000000
vt 1.00000000 1.00000000
vt 0.00000000 0.00000000
vt 1.00000000 0.00000000
vt 1.00000000 1.00000000
vt 0.00000000 0.00000000
vt 1.00000000 0.00000000
vt 1.00000000 1.00000000
vt 0.00000000 0.00000000
vt 1.00000000 0.00000000
vt 1.00000000 1.00000000
vt 0.00000000 0.00000000
vt 1.00000000 0.00000000
vt 1.00000000 1.00000000
vt 0.00000000 0.00000000
vt 1.00000000 0.00000000
vt 1.00000000 1.00000000
vt 0.00000000 0.00000000
vt 1.00000000 0.00000000
vt 1.00000000 1.00000000
vt 0.00000000 0.00000000
vt 1.00000000 0.00000000
vt 1.00000000 1.00000000
vt 0.00000000 0.00000000
vt 1.00000000 0.00000000
vt 1.00000000 1.00000000
vt 0.00000000 0.00000000
vt 1.00000000 0.00000000
vt 1.00000000 1.00000000
vt 0.00000000 0.00000000
vt 1.00000000 0.00000000
vt 1.00000000 1.00000000
vt 0.00000000 0.00000000
vt 1.00000000 0.00000000
vt 1.00000000 1.00000000
vt 0.00000000 0.00000000
vt 1.00000000 0.00000000
vt 1.00000000 1.00000000
vt 0.00000000 0.00000000
vt 1.00000000 0.00000000
vt 1.00000000 1.00000000
vt 0.00000000 0.00000000
vt 1.00000000 0.00000000
vt 1.00000000 1.00000000
vt 0.00000000 0.00000000
vt 1.00000000 0.00000000
vt 1.00000000 1.00000000
vt 0.00000000 0.00000000
vt 1.00000000 0.00000000
vt 1.00000000 1.00000000
vt 0.00000000 0.00000000
vt 1.00000000 0.00000000
vt 1.00000000 1.00000000
vt 0.00000000 0.00000000
vt 1.00000000 0.00000000
vt 1.00000000 1.00000000
vt 0.00000000 0.00000000
vt 1.00000000 0.00000000
vt 1.00000000 1.00000000
vt 0.00000000 0.00000000
vt 1.00000000 0.00000000
vt 1.00000000 1.00000000
vt 0.00000000 0.00000000
vt 1.00000000 0.00000000
vt 1.00000000 1.00000000
vt 0.00000000 0.00000000
vt 1.00000000 0.00000000
vt 1.00000000 1.00000000
vt 0.00000000 0.00000000
vt 1.00000000 0.00000000
vt 1.00000000 1.00000000
vt 0.00000000 0.00000000
vt 1.00000000 0.00000000
vt 1.00000000 1.00000000
vt 0.00000000 0.00000000
vt 1.00000000 0.00000000
vt 1.00000000 1.00000000
vt 0.00000000 0.00000000
vt 1.00000000 0.00000000
vt 1.00000000 1.00000000
vt 0.00000000 0.00000000
vt 1.00000000 0.00000000
vt 1.00000000 1.00000000
vt 0.00000000 0.00000000
vt 1.00000000 0.00000000
vt 1.00000000 1.00000000
vt 0.00000000 0.00000000
vt 1.00000000 0.00000000
vt 1.00000000 1.00000000
vt 0.00000000 0.00000000
vt 1.00000000 0.00000000
vt 1.00000000 1.00000000
vt 0.00000000 0.00000000
vt 1.00000000 0.00000000
vt 1.00000000 1.00000000
vt 0.00000000 0.00000000
vt 1.00000000 0.00000000
vt 1.00000000 1.00000000
vt 0.00000000 0.00000000
vt 1.00000000 0.00000000
vt 1.00000000 1.00000000
vt 0.00000000 0.00000000
vt 1.00000000 0.00000000
vt 1.00000000 1.00000000
vt 0.00000000 0.00000000
vt 1.00000000 0.00000000
vt 1.00000000 1.00000000
vt 0.00000000 0.00000000
vt 1.00000000 0.00000000
vt 1.00000000 1.00000000
vt 0.00000000 0.00000000
vt 1.00000000 0.00000000
vt 1.00000000 1.00000000
vt 0.00000000 0.00000000
vt 1.00000000 0.00000000
vt 1.00000000 1.00000000
vt 0.00000000 0.00000000
vt 1.00000000 0.00000000
vt 1.00000000 1.00000000
vt 0.00000000 0.00000000
vt 1.00000000 0.00000000
vt 1.00000000 1.00000000
vt 0.00000000 0.00000000
vt 1.00000000 0.00000000
vt 1.00000000 1.00000000
vt 0.00000000 0.00000000
vt 1.00000000 0.00000000
vt 1.00000000 1.00000000
vt 0.00000000 0.00000000
vt 1.00000000 0.00000000
vt 1.00000000 1.00000000
vt 0.00000000 0.00000000
vt 1.00000000 0.00000000
vt 1.00000000 1.00000000
vt 0.00000000 0.00000000
vt 1.00000000 0.00000000
vt 1.00000000 1.00000000
vt 0.00000000 0.00000000
vt 1.00000000 0.00000000
vt 1.00000000 1.00000000
vt 0.00000000 0.00000000
vt 1.00000000 0.00000000
vt 1.00000000 1.00000000
vt 0.00000000 0.00000000
vt 1.00000000 0.00000000
vt 1.00000000 1.00000000
vt 0.00000000 0.00000000
vt 1.00000000 0.00000000
vt 1.00000000 1.00000000
vt 0.00000000 0.00000000
vt 1.00000000 0.00000000
vt 1.00000000 1.00000000
vt 0.00000000 0.00000000
vt 1.00000000 0.00000000
vt 1.00000000 1.00000000
vt 0.00000000 0.00000000
vt 1.00000000 0.00000000
vt 1.00000000 1.00000000
vt 0.00000000 0.00000000
vt 1.00000000 0.00000000
vt 1.00000000 1.00000000
vt 0.00000000 0.00000000
vt 1.00000000 0.00000000
vt 1.00000000 1.00000000
vt 0.00000000 0.00000000
vt 1.00000000 0.00000000
vt 1.00000000 1.00000000
vt 0.00000000 0.00000000
vt 1.00000000 0.00000000
vt 1.00000000 1.00000000
vt 0.00000000 0.00000000
vt 1.00000000 0.00000000
vt 1.00000000 1.00000000
vt 0.00000000 0.00000000
vt 1.00000000 0.00000000
vt 1.00000000 1.00000000
vt 0.00000000 0.00000000
vt 1.00000000 0.00000000
vt 1.00000000 1.00000000
vt 0.00000000 0.00000000
vt 1.00000000 0.00000000
vt 1.00000000 1.00000000
vt 0.00000000 0.00000000
vt 1.00000000 0.00000000
vt 1.00000000 1.00000000
vt 0.00000000 0.00000000
vt 1.00000000 0.00000000
vt 1.00000000 1.00000000
vt 0.00000000 0.00000000
vt 1.00000000 0.00000000
vt 1.00000000 1.00000000
vt 0.00000000 0.00000000
vt 1.00000000 0.00000000
vt 1.00000000 1.00000000
vt 0.00000000 0.00000000
vt 1.00000000 0.00000000
vt 1.00000000 1.00000000
vt 0.00000000 0.00000000
vt 1.00000000 0.00000000
vt 1.00000000 1.00000000
vt 0.00000000 0.00000000
vt 1.00000000 0.00000000
vt 1.00000000 1.00000000
vt 0.00000000 0.00000000
vt 1.00000000 0.00000000
vt 1.00000000 1.00000000
vt 0.00000000 0.00000000
vt 1.00000000 0.00000000
vt 1.00000000 1.00000000
vt 0.00000000 0.00000000
vt 1.00000000 0.00000000
vt 1.00000000 1.00000000
vt 0.00000000 0.00000000
vt 1.00000000 0.00000000
vt 1.00000000 1.00000000
vt 0.00000000 0.00000000
vt 1.00000000 0.00000000
vt 1.00000000 1.00000000
vt 0.00000000 0.00000000
vt 1.00000000 0.00000000
vt 1.00000000 1.00000000
vt 0.00000000 0.00000000
vt 1.00000000 0.00000000
vt 1.00000000 1.00000000
vt 0.00000000 0.00000000
vt 1.00000000 0.00000000
vt 1.00000000 1.00000000
vt 0.00000000 0.00000000
vt 1.00000000 0.00000000
vt 1.00000000 1.00000000
vt 0.00000000 0.00000000
vt 1.00000000 0.00000000
vt 1.00000000 1.00000000
vt 0.00000000 0.00000000
vt 1.00000000 0.00000000
vt 1.00000000 1.00000000
vt 0.00000000 0.00000000
vt 1.00000000 0.00000000
vt 1.00000000 1.00000000
vt 0.00000000 0.00000000
vt 1.00000000 0.00000000
vt 1.00000000 1.00000000
vt 0.00000000 0.00000000
vt 1.00000000 0.00000000
vt 1.00000000 1.00000000
vt 0.00000000 0.00000000
vt 1.00000000 0.00000000
vt 1.00000000 1.00000000
vt 0.00000000 0.00000000
vt 1.00000000 0.00000000
vt 1.00000000 1.00000000
vt 0.00000000 0.00000000
vt 1.00000000 0.00000000
vt 1.00000000 1.00000000
vt 0.00000000 0.00000000
vt 1.00000000 0.00000000
vt 1.00000000 1.00000000
vt 0.00000000 0.00000000
vt 1.00000000 0.00000000
vt 1.00000000 1.00000000
vt 0.00000000 0.00000000
vt 1.00000000 0.00000000
vt 1.00000000 1.00000000
vt 0.00000000 0.00000000
vt 1.00000000 0.00000000
vt 1.00000000 1.00000000
vt 0.00000000 0.00000000
vt 1.00000000 0.00000000
vt 1.00000000 1.00000000
vt 0.00000000 0.00000000
vt 1.00000000 0.00000000
vt 1.00000000 1.00000000
vt 0.00000000 0.00000000
vt 1.00000000 0.00000000
vt 1.00000000 1.00000000
vt 0.00000000 0.00000000
vt 1.00000000 0.00000000
vt 1.00000000 1.00000000
vt 0.00000000 0.00000000
vt 1.00000000 0.00000000
vt 1.00000000 1.00000000
vt 0.00000000 0.00000000
vt 1.00000000 0.00000000
vt 1.00000000 1.00000000
vt 0.00000000 0.00000000
vt 1.00000000 0.00000000
vt 1.00000000 1.00000000
vt 0.00000000 0.00000000
vt 1.00000000 0.00000000
vt 1.00000000 1.00000000
vt 0.00000000 0.00000000
vt 1.00000000 0.00000000
vt 1.00000000 1.00000000
vt 0.00000000 0.00000000
vt 1.00000000 0.00000000
vt 1.00000000 1.00000000
vt 0.00000000 0.00000000
vt 1.00000000 0.00000000
vt 1.00000000 1.00000000
vt 0.00000000 0.00000000
vt 1.00000000 0.00000000
vt 1.00000000 1.00000000
vt 0.00000000 0.00000000
vt 1.00000000 0.00000000
vt 1.00000000 1.00000000
vt 0.00000000 0.00000000
vt 1.00000000 0.00000000
vt 1.00000000 1.00000000
vt 0.00000000 0.00000000
vt 1.00000000 0.00000000
vt 1.00000000 1.00000000
vt 0.00000000 0.00000000
vt 1.00000000 0.00000000
vt 1.00000000 1.00000000
vt 0.00000000 0.00000000
vt 1.00000000 0.00000000
vt 1.00000000 1.00000000
vt 0.00000000 0.00000000
vt 1.00000000 0.00000000
vt 1.00000000 1.00000000
vt 0.00000000 0.00000000
vt 1.00000000 0.00000000
vt 1.00000000 1.00000000
vt 0.00000000 0.00000000
vt 1.00000000 0.00000000
vt 1.00000000 1.00000000
vt 0.00000000 0.00000000
vt 1.00000000 0.00000000
vt 1.00000000 1.00000000
vt 0.00000000 0.00000000
vt 1.00000000 0.00000000
vt 1.00000000 1.00000000
vt 0.00000000 0.00000000
vt 1.00000000 0.00000000
vt 1.00000000 1.00000000
vt 0.00000000 0.00000000
vt 1.00000000 0.00000000
vt 1.00000000 1.00000000
vt 0.00000000 0.00000000
vt 1.00000000 0.00000000
vt 1.00000000 1.00000000
vt 0.00000000 0.00000000
vt 1.00000000 0.00000000
vt 1.00000000 1.00000000
vt 0.00000000 0.00000000
vt 1.00000000 0.00000000
vt 1.00000000 1.00000000
vt 0.00000000 0.00000000
vt 1.00000000 0.00000000
vt 1.00000000 1.00000000
vt 0.00000000 0.00000000
vt 1.00000000 0.00000000
vt 1.00000000 1.00000000
vt 0.00000000 0.00000000
vt 1.00000000 0.00000000
vt 1.00000000 1.00000000
vt 0.00000000 0.00000000
vt 1.00000000 0.00000000
vt 1.00000000 1.00000000
vt 0.00000000 0.00000000
vt 1.00000000 0.00000000
vt 1.00000000 1.00000000
vt 0.00000000 0.00000000
vt 1.00000000 0.00000000
vt 1.00000000 1.00000000
vt 0.00000000 0.00000000
vt 1.00000000 0.00000000
vt 1.00000000 1.00000000
vt 0.00000000 0.00000000
vt 1.00000000 0.00000000
vt 1.00000000 1.00000000
vt 0.00000000 0.00000000
vt 1.00000000 0.00000000
vt 1.00000000 1.00000000
vt 0.00000000 0.00000000
vt 1.00000000 0.00000000
vt 1.00000000 1.00000000
vt 0.00000000 0.00000000
vt 1.00000000 0.00000000
vt 1.00000000 1.00000000
vt 0.00000000 0.00000000
vt 1.00000000 0.00000000
vt 1.00000000 1.00000000
vt 0.00000000 0.00000000
vt 1.00000000 0.00000000
vt 1.00000000 1.00000000
vt 0.00000000 0.00000000
vt 1.00000000 0.00000000
vt 1.00000000 1.00000000
vt 0.00000000 0.00000000
vt 1.00000000 0.00000000
vt 1.00000000 1.00000000
vt 0.00000000 0.00000000
vt 1.00000000 0.00000000
vt 1.00000000 1.00000000
vt 0.00000000 0.00000000
vt 1.00000000 0.00000000
vt 1.00000000 1.00000000
vt 0.00000000 0.00000000
vt 1.00000000 0.00000000
vt 1.00000000 1.00000000
vt 0.00000000 0.00000000
vt 1.00000000 0.00000000
vt 1.00000000 1.00000000
vt 0.00000000 0.00000000
vt 1.00000000 0.00000000
vt 1.00000000 1.00000000
vt 0.00000000 0.00000000
vt 1.00000000 0.00000000
vt 1.00000000 1.00000000
vt 0.00000000 0.00000000
vt 1.00000000 0.00000000
vt 1.00000000 1.00000000
vt 0.00000000 0.00000000
vt 1.00000000 0.00000000
vt 1.00000000 1.00000000
vt 0.00000000 0.00000000
vt 1.00000000 0.00000000
vt 1.00000000 1.00000000
vt 0.00000000 0.00000000
vt 1.00000000 0.00000000
vt 1.00000000 1.00000000
vt 0.00000000 0.00000000
vt 1.00000000 0.00000000
vt 1.00000000 1.00000000
vt 0.00000000 0.00000000
vt 1.00000000 0.00000000
vt 1.00000000 1.00000000
vt 0.00000000 0.00000000
vt 1.00000000 0.00000000
vt 1.00000000 1.00000000
vt 0.00000000 0.00000000
vt 1.00000000 0.00000000
vt 1.00000000 1.00000000
vt 0.00000000 0.00000000
vt 1.00000000 0.00000000
vt 1.00000000 1.00000000
vt 0.00000000 0.00000000
vt 1.00000000 0.00000000
vt 1.00000000 1.00000000
vt 0.00000000 0.00000000
vt 1.00000000 0.00000000
vt 1.00000000 1.00000000
vt 0.00000000 0.00000000
vt 1.00000000 0.00000000
vt 1.00000000 1.00000000
vt 0.00000000 0.00000000
vt 1.00000000 0.00000000
vt 1.00000000 1.00000000
vt 0.00000000 0.00000000
vt 1.00000000 0.00000000
vt 1.00000000 1.00000000
vt 0.00000000 0.00000000
vt 1.00000000 0.00000000
vt 1.00000000 1.00000000
vt 0.00000000 0.00000000
vt 1.00000000 0.00000000
vt 1.00000000 1.00000000
vt 0.00000000 0.00000000
vt 1.00000000 0.00000000
vt 1.00000000 1.00000000
vt 0.00000000 0.00000000
vt 1.00000000 0.00000000
vt 1.00000000 1.00000000
vt 0.00000000 0.00000000
vt 1.00000000 0.00000000
vt 1.00000000 1.00000000
vt 0.00000000 0.00000000
vt 1.00000000 0.00000000
vt 1.00000000 1.00000000
vt 0.00000000 0.00000000
vt 1.00000000 0.00000000
vt 1.00000000 1.00000000
vt 0.00000000 0.00000000
vt 1.00000000 0.00000000
vt 1.00000000 1.00000000
vt 0.00000000 0.00000000
vt 1.00000000 0.00000000
vt 1.00000000 1.00000000
vt 0.00000000 0.00000000
vt 1.00000000 0.00000000
vt 1.00000000 1.00000000
vt 0.00000000 0.00000000
vt 1.00000000 0.00000000
vt 1.00000000 1.00000000
vt 0.00000000 0.00000000
vt 1.00000000 0.00000000
vt 1.00000000 1.00000000
vt 0.00000000 0.00000000
vt 1.00000000 0.00000000
vt 1.00000000 1.00000000
vt 0.00000000 0.00000000
vt 1.00000000 0.00000000
vt 1.00000000 1.00000000
vt 0.00000000 0.00000000
vt 1.00000000 0.00000000
vt 1.00000000 1.00000000
vt 0.00000000 0.00000000
vt 1.00000000 0.00000000
vt 1.00000000 1.00000000
vt 0.00000000 0.00000000
vt 1.00000000 0.00000000
vt 1.00000000 1.00000000
vt 0.00000000 0.00000000
vt 1.00000000 0.00000000
vt 1.00000000 1.00000000
vt 0.00000000 0.00000000
vt 1.00000000 0.00000000
vt 1.00000000 1.00000000
vt 0.00000000 0.00000000
vt 1.00000000 0.00000000
vt 1.00000000 1.00000000
vt 0.00000000 0.00000000
vt 1.00000000 0.00000000
vt 1.00000000 1.00000000
vt 0.00000000 0.00000000
vt 1.00000000 0.00000000
vt 1.00000000 1.00000000
vt 0.00000000 0.00000000
vt 1.00000000 0.00000000
vt 1.00000000 1.00000000
vt 0.00000000 0.00000000
vt 1.00000000 0.00000000
vt 1.00000000 1.00000000
vt 0.00000000 0.00000000
vt 1.00000000 0.00000000
vt 1.00000000 1.00000000
vt 0.00000000 0.00000000
vt 1.00000000 0.00000000
vt 1.00000000 1.00000000
vt 0.00000000 0.00000000
vt 1.00000000 0.00000000
vt 1.00000000 1.00000000
vt 0.00000000 0.00000000
vt 1.00000000 0.00000000
vt 1.00000000 1.00000000
vt 0.00000000 0.00000000
vt 1.00000000 0.00000000
vt 1.00000000 1.00000000
vt 0.00000000 0.00000000
vt 1.00000000 0.00000000
vt 1.00000000 1.00000000
vt 0.00000000 0.00000000
vt 1.00000000 0.00000000
vt 1.00000000 1.00000000
vt 0.00000000 0.00000000
vt 1.00000000 0.00000000
vt 1.00000000 1.00000000
vt 0.00000000 0.00000000
vt 1.00000000 0.00000000
vt 1.00000000 1.00000000
vt 0.00000000 0.00000000
vt 1.00000000 0.00000000
vt 1.00000000 1.00000000
vt 0.00000000 0.00000000
vt 1.00000000 0.00000000
vt 1.00000000 1.00000000
vt 0.00000000 0.00000000
vt 1.00000000 0.00000000
vt 1.00000000 1.00000000
vt 0.00000000 0.00000000
vt 1.00000000 0.00000000
vt 1.00000000 1.00000000
vt 0.00000000 0.00000000
vt 1.00000000 0.00000000
vt 1.00000000 1.00000000
vt 0.00000000 0.00000000
vt 1.00000000 0.00000000
vt 1.00000000 1.00000000
vt 0.00000000 0.00000000
vt 1.00000000 0.00000000
vt 1.00000000 1.00000000
vt 0.00000000 0.00000000
vt 1.00000000 0.00000000
vt 1.00000000 1.00000000
vt 0.00000000 0.00000000
vt 1.00000000 0.00000000
vt 1.00000000 1.00000000
vt 0.00000000 0.00000000
vt 1.00000000 0.00000000
vt 1.00000000 1.00000000
vt 0.00000000 0.00000000
vt 1.00000000 0.00000000
vt 1.00000000 1.00000000
vt 0.00000000 0.00000000
vt 1.00000000 0.00000000
vt 1.00000000 1.00000000
vt 0.00000000 0.00000000
vt 1.00000000 0.00000000
vt 1.00000000 1.00000000
vt 0.00000000 0.00000000
vt 1.00000000 0.00000000
vt 1.00000000 1.00000000
vt 0.00000000 0.00000000
vt 1.00000000 0.00000000
vt 1.00000000 1.00000000
vt 0.00000000 0.00000000
vt 1.00000000 0.00000000
vt 1.00000000 1.00000000
vt 0.00000000 0.00000000
vt 1.00000000 0.00000000
vt 1.00000000 1.00000000
vt 0.00000000 0.00000000
vt 1.00000000 0.00000000
vt 1.00000000 1.00000000
vt 0.00000000 0.00000000
vt 1.00000000 0.00000000
vt 1.00000000 1.00000000
vt 0.00000000 0.00000000
vt 1.00000000 0.00000000
vt 1.00000000 1.00000000
vt 0.00000000 0.00000000
vt 1.00000000 0.00000000
vt 1.00000000 1.00000000
vt 0.00000000 0.00000000
vt 1.00000000 0.00000000
vt 1.00000000 1.00000000
vt 0.00000000 0.00000000
vt 1.00000000 0.00000000
vt 1.00000000 1.00000000
vt 0.00000000 0.00000000
vt 1.00000000 0.00000000
vt 1.00000000 1.00000000
vt 0.00000000 0.00000000
vt 1.00000000 0.00000000
vt 1.00000000 1.00000000
vt 0.00000000 0.00000000
vt 1.00000000 0.00000000
vt 1.00000000 1.00000000
vt 0.00000000 0.00000000
vt 1.00000000 0.00000000
vt 1.00000000 1.00000000
vt 0.00000000 0.00000000
vt 1.00000000 0.00000000
vt 1.00000000 1.00000000
vt 0.00000000 0.00000000
vt 1.00000000 0.00000000
vt 1.00000000 1.00000000
vt 0.00000000 0.00000000
vt 1.00000000 0.00000000
vt 1.00000000 1.00000000
vt 0.00000000 0.00000000
vt 1.00000000 0.00000000
vt 1.00000000 1.00000000
vt 0.00000000 0.00000000
vt 1.00000000 0.00000000
vt 1.00000000 1.00000000
vt 0.00000000 0.00000000
vt 1.00000000 0.00000000
vt 1.00000000 1.00000000
vt 0.00000000 0.00000000
vt 1.00000000 0.00000000
vt 1.00000000 1.00000000
vt 0.00000000 0.00000000
vt 1.00000000 0.00000000
vt 1.00000000 1.00000000
vt 0.00000000 0.00000000
vt 1.00000000 0.00000000
vt 1.00000000 1.00000000
vt 0.00000000 0.00000000
vt 1.00000000 0.00000000
vt 1.00000000 1.00000000
vt 0.00000000 0.00000000
vt 1.00000000 0.00000000
vt 1.00000000 1.00000000
vt 0.00000000 0.00000000
vt 1.00000000 0.00000000
vt 1.00000000 1.00000000
vt 0.00000000 0.00000000
vt 1.00000000 0.00000000
vt 1.00000000 1.00000000
vt 0.00000000 0.00000000
vt 1.00000000 0.00000000
vt 1.00000000 1.00000000
vt 0.00000000 0.00000000
vt 1.00000000 0.00000000
vt 1.00000000 1.00000000
vt 0.00000000 0.00000000
vt 1.00000000 0.00000000
vt 1.00000000 1.00000000
vt 0.00000000 0.00000000
vt 1.00000000 0.00000000
vt 1.00000000 1.00000000
vt 0.00000000 0.00000000
vt 1.00000000 0.00000000
vt 1.00000000 1.00000000
vt 0.00000000 0.00000000
vt 1.00000000 0.00000000
vt 1.00000000 1.00000000
vt 0.00000000 0.00000000
vt 1.00000000 0.00000000
vt 1.00000000 1.00000000
vt 0.00000000 0.00000000
vt 1.00000000 0.00000000
vt 1.00000000 1.00000000
vt 0.00000000 0.00000000
vt 1.00000000 0.00000000
vt 1.00000000 1.00000000
vt 0.00000000 0.00000000
vt 1.00000000 0.00000000
vt 1.00000000 1.00000000
vt 0.00000000 0.00000000
vt 1.00000000 0.00000000
vt 1.00000000 1.00000000
vt 0.00000000 0.00000000
vt 1.00000000 0.00000000
vt 1.00000000 1.00000000
vt 0.00000000 0.00000000
vt 1.00000000 0.00000000
vt 1.00000000 1.00000000
vt 0.00000000 0.00000000
vt 1.00000000 0.00000000
vt 1.00000000 1.00000000
vt 0.00000000 0.00000000
vt 1.00000000 0.00000000
vt 1.00000000 1.00000000
vt 0.00000000 0.00000000
vt 1.00000000 0.00000000
vt 1.00000000 1.00000000
vt 0.00000000 0.00000000
vt 1.00000000 0.00000000
vt 1.00000000 1.00000000
vt 0.00000000 0.00000000
vt 1.00000000 0.00000000
vt 1.00000000 1.00000000
vt 0.00000000 0.00000000
vt 1.00000000 0.00000000
vt 1.00000000 1.00000000
vt 0.00000000 0.00000000
vt 1.00000000 0.00000000
vt 1.00000000 1.00000000
vt 0.00000000 0.00000000
vt 1.00000000 0.00000000
vt 1.00000000 1.00000000
vt 0.00000000 0.00000000
vt 1.00000000 0.00000000
vt 1.00000000 1.00000000
vt 0.00000000 0.00000000
vt 1.00000000 0.00000000
vt 1.00000000 1.00000000
vt 0.00000000 0.00000000
vt 1.00000000 0.00000000
vt 1.00000000 1.00000000
vt 0.00000000 0.00000000
vt 1.00000000 0.00000000
vt 1.00000000 1.00000000
vt 0.00000000 0.00000000
vt 1.00000000 0.00000000
vt 1.00000000 1.00000000
vt 0.00000000 0.00000000
vt 1.00000000 0.00000000
vt 1.00000000 1.00000000
vt 0.00000000 0.00000000
vt 1.00000000 0.00000000
vt 1.00000000 1.00000000
vt 0.00000000 0.00000000
vt 1.00000000 0.00000000
vt 1.00000000 1.00000000
vt 0.00000000 0.00000000
vt 1.00000000 0.00000000
vt 1.00000000 1.00000000
vt 0.00000000 0.00000000
vt 1.00000000 0.00000000
vt 1.00000000 1.00000000
vt 0.00000000 0.00000000
vt 1.00000000 0.00000000
vt 1.00000000 1.00000000
vt 0.00000000 0.00000000
vt 1.00000000 0.00000000
vt 1.00000000 1.00000000
vt 0.00000000 0.00000000
vt 1.00000000 0.00000000
vt 1.00000000 1.00000000
vt 0.00000000 0.00000000
vt 1.00000000 0.00000000
vt 1.00000000 1.00000000
vt 0.00000000 0.00000000
vt 1.00000000 0.00000000
vt 1.00000000 1.00000000
vt 0.00000000 0.00000000
vt 1.00000000 0.00000000
vt 1.00000000 1.00000000
vt 0.00000000 0.00000000
vt 1.00000000 0.00000000
vt 1.00000000 1.00000000
vt 0.00000000 0.00000000
vt 1.00000000 0.00000000
vt 1.00000000 1.00000000
vt 0.00000000 0.00000000
vt 1.00000000 0.00000000
vt 1.00000000 1.00000000
vt 0.00000000 0.00000000
vt 1.00000000 0.00000000
vt 1.00000000 1.00000000
vt 0.00000000 0.00000000
vt 1.00000000 0.00000000
vt 1.00000000 1.00000000
vt 0.00000000 0.00000000
vt 1.00000000 0.00000000
vt 1.00000000 1.00000000
vt 0.00000000 0.00000000
vt 1.00000000 0.00000000
vt 1.00000000 1.00000000
vt 0.00000000 0.00000000
vt 1.00000000 0.00000000
vt 1.00000000 1.00000000
vt 0.00000000 0.00000000
vt 1.00000000 0.00000000
vt 1.00000000 1.00000000
vt 0.00000000 0.00000000
vt 1.00000000 0.00000000
vt 1.00000000 1.00000000
vt 0.00000000 0.00000000
vt 1.00000000 0.00000000
vt 1.00000000 1.00000000
vt 0.00000000 0.00000000
vt 1.00000000 0.00000000
vt 1.00000000 1.00000000
vt 0.00000000 0.00000000
vt 1.00000000 0.00000000
vt 1.00000000 1.00000000
vt 0.00000000 0.00000000
vt 1.00000000 0.00000000
vt 1.00000000 1.00000000
vt 0.00000000 0.00000000
vt 1.00000000 0.00000000
vt 1.00000000 1.00000000
vt 0.00000000 0.00000000
vt 1.00000000 0.00000000
vt 1.00000000 1.00000000
vt 0.00000000 0.00000000
vt 1.00000000 0.00000000
vt 1.00000000 1.00000000
vt 0.00000000 0.00000000
vt 1.00000000 0.00000000
vt 1.00000000 1.00000000
vt 0.00000000 0.00000000
vt 1.00000000 0.00000000
vt 1.00000000 1.00000000
vt 0.00000000 0.00000000
vt 1.00000000 0.00000000
vt 1.00000000 1.00000000
vt 0.00000000 0.00000000
vt 1.00000000 0.00000000
vt 1.00000000 1.00000000
vt 0.00000000 0.00000000
vt 1.00000000 0.00000000
vt 1.00000000 1.00000000
vt 0.00000000 0.00000000
vt 1.00000000 0.00000000
vt 1.00000000 1.00000000
vt 0.00000000 0.00000000
vt 1.00000000 0.00000000
vt 1.00000000 1.00000000
vt 0.00000000 0.00000000
vt 1.00000000 0.00000000
vt 1.00000000 1.00000000
vt 0.00000000 0.00000000
vt 1.00000000 0.00000000
vt 1.00000000 1.00000000
vt 0.00000000 0.00000000
vt 1.00000000 0.00000000
vt 1.00000000 1.00000000
vt 0.00000000 0.00000000
vt 1.00000000 0.00000000
vt 1.00000000 1.00000000
vt 0.00000000 0.00000000
vt 1.00000000 0.00000000
vt 1.00000000 1.00000000
vt 0.00000000 0.00000000
vt 1.00000000 0.00000000
vt 1.00000000 1.00000000
vt 0.00000000 0.00000000
vt 1.00000000 0.00000000
vt 1.00000000 1.00000000
vt 0.00000000 0.00000000
vt 1.00000000 0.00000000
vt 1.00000000 1.00000000
vt 0.00000000 0.00000000
vt 1.00000000 0.00000000
vt 1.00000000 1.00000000
vt 0.00000000 0.00000000
vt 1.00000000 0.00000000
vt 1.00000000 1.00000000
vt 0.00000000 0.00000000
vt 1.00000000 0.00000000
vt 1.00000000 1.00000000
vt 0.00000000 0.00000000
vt 1.00000000 0.00000000
vt 1.00000000 1.00000000
vt 0.00000000 0.00000000
vt 1.00000000 0.00000000
vt 1.00000000 1.00000000
vt 0.00000000 0.00000000
vt 1.00000000 0.00000000
vt 1.00000000 1.00000000
vt 0.00000000 0.00000000
vt 1.00000000 0.00000000
vt 1.00000000 1.00000000
vt 0.00000000 0.00000000
vt 1.00000000 0.00000000
vt 1.00000000 1.00000000
vt 0.00000000 0.00000000
vt 1.00000000 0.00000000
vt 1.00000000 1.00000000
vt 0.00000000 0.00000000
vt 1.00000000 0.00000000
vt 1.00000000 1.00000000
vt 0.00000000 0.00000000
vt 1.00000000 0.00000000
vt 1.00000000 1.00000000
vt 0.00000000 0.00000000
vt 1.00000000 0.00000000
vt 1.00000000 1.00000000
vt 0.00000000 0.00000000
vt 1.00000000 0.00000000
vt 1.00000000 1.00000000
vt 0.00000000 0.00000000
vt 1.00000000 0.00000000
vt 1.00000000 1.00000000
vt 0.00000000 0.00000000
vt 1.00000000 0.00000000
vt 1.00000000 1.00000000
vt 0.00000000 0.00000000
vt 1.00000000 0.00000000
vt 1.00000000 1.00000000
vt 0.00000000 0.00000000
vt 1.00000000 0.00000000
vt 1.00000000 1.00000000
vt 0.00000000 0.00000000
vt 1.00000000 0.00000000
vt 1.00000000 1.00000000
vt 0.00000000 0.00000000
vt 1.00000000 0.00000000
vt 1.00000000 1.00000000
vt 0.00000000 0.00000000
vt 1.00000000 0.00000000
vt 1.00000000 1.00000000
vt 0.00000000 0.00000000
vt 1.00000000 0.00000000
vt 1.00000000 1.00000000
vt 0.00000000 0.00000000
vt 1.00000000 0.00000000
vt 1.00000000 1.00000000
vt 0.00000000 0.00000000
vt 1.00000000 0.00000000
vt 1.00000000 1.00000000
vt 0.00000000 0.00000000
vt 1.00000000 0.00000000
vt 1.00000000 1.00000000
vt 0.00000000 0.00000000
vt 1.00000000 0.00000000
vt 1.00000000 1.00000000
vt 0.00000000 0.00000000
vt 1.00000000 0.00000000
vt 1.00000000 1.00000000
vt 0.00000000 0.00000000
vt 1.00000000 0.00000000
vt 1.00000000 1.00000000
vt 0.00000000 0.00000000
vt 1.00000000 0.00000000
vt 1.00000000 1.00000000
vt 0.00000000 0.00000000
vt 1.00000000 0.00000000
vt 1.00000000 1.00000000
vt 0.00000000 0.00000000
vt 1.00000000 0.00000000
vt 1.00000000 1.00000000
vt 0.00000000 0.00000000
vt 1.00000000 0.00000000
vt 1.00000000 1.00000000
vt 0.00000000 0.00000000
vt 1.00000000 0.00000000
vt 1.00000000 1.00000000
vt 0.00000000 0.00000000
vt 1.00000000 0.00000000
vt 1.00000000 1.00000000
vt 0.00000000 0.00000000
vt 1.00000000 0.00000000
vt 1.00000000 1.00000000
vt 0.00000000 0.00000000
vt 1.00000000 0.00000000
vt 1.00000000 1.00000000
vt 0.00000000 0.00000000
vt 1.00000000 0.00000000
vt 1.00000000 1.00000000
vt 0.00000000 0.00000000
vt 1.00000000 0.00000000
vt 1.00000000 1.00000000
vt 0.00000000 0.00000000
vt 1.00000000 0.00000000
vt 1.00000000 1.00000000
vt 0.00000000 0.00000000
vt 1.00000000 0.00000000
vt 1.00000000 1.00000000
vt 0.00000000 0.00000000
vt 1.00000000 0.00000000
vt 1.00000000 1.00000000
vt 0.00000000 0.00000000
vt 1.00000000 0.00000000
vt 1.00000000 1.00000000
vt 0.00000000 0.00000000
vt 1.00000000 0.00000000
vt 1.00000000 1.00000000
vt 0.00000000 0.00000000
vt 1.00000000 0.00000000
vt 1.00000000 1.00000000
vt 0.00000000 0.00000000
vt 1.00000000 0.00000000
vt 1.00000000 1.00000000
vt 0.00000000 0.00000000
vt 1.00000000 0.00000000
vt 1.00000000 1.00000000
vt 0.00000000 0.00000000
vt 1.00000000 0.00000000
vt 1.00000000 1.00000000
vt 0.00000000 0.00000000
vt 1.00000000 0.00000000
vt 1.00000000 1.00000000
vt 0.00000000 0.00000000
vt 1.00000000 0.00000000
vt 1.00000000 1.00000000
vt 0.00000000 0.00000000
vt 1.00000000 0.00000000
vt 1.00000000 1.00000000
vt 0.00000000 0.00000000
vt 1.00000000 0.00000000
vt 1.00000000 1.00000000
vt 0.00000000 0.00000000
vt 1.00000000 0.00000000
vt 1.00000000 1.00000000
vt 0.00000000 0.00000000
vt 1.00000000 0.00000000
vt 1.00000000 1.00000000
vt 0.00000000 0.00000000
vt 1.00000000 0.00000000
vt 1.00000000 1.00000000
vt 0.00000000 0.00000000
vt 1.00000000 0.00000000
vt 1.00000000 1.00000000
vt 0.00000000 0.00000000
vt 1.00000000 0.00000000
vt 1.00000000 1.00000000
vt 0.00000000 0.00000000
vt 1.00000000 0.00000000
vt 1.00000000 1.00000000
vt 0.00000000 0.00000000
vt 1.00000000 0.00000000
vt 1.00000000 1.00000000
vt 0.00000000 0.00000000
vt 1.00000000 0.00000000
vt 1.00000000 1.00000000
vt 0.00000000 0.00000000
vt 1.00000000 0.00000000
vt 1.00000000 1.00000000
vt 0.00000000 0.00000000
vt 1.00000000 0.00000000
vt 1.00000000 1.00000000
vt 0.00000000 0.00000000
vt 1.00000000 0.00000000
vt 1.00000000 1.00000000
vt 0.00000000 0.00000000
vt 1.00000000 0.00000000
vt 1.00000000 1.00000000
vt 0.00000000 0.00000000
vt 1.00000000 0.00000000
vt 1.00000000 1.00000000
vt 0.00000000 0.00000000
vt 1.00000000 0.00000000
vt 1.00000000 1.00000000
vt 0.00000000 0.00000000
vt 1.00000000 0.00000000
vt 1.00000000 1.00000000
vt 0.00000000 0.00000000
vt 1.00000000 0.00000000
vt 1.00000000 1.00000000
vt 0.00000000 0.00000000
vt 1.00000000 0.00000000
vt 1.00000000 1.00000000
vt 0.00000000 0.00000000
vt 1.00000000 0.00000000
vt 1.00000000 1.00000000
vt 0.00000000 0.00000000
vt 1.00000000 0.00000000
vt 1.00000000 1.00000000
vt 0.00000000 0.00000000
vt 1.00000000 0.00000000
vt 1.00000000 1.00000000
vt 0.00000000 0.00000000
vt 1.00000000 0.00000000
vt 1.00000000 1.00000000
vt 0.00000000 0.00000000
vt 1.00000000 0.00000000
vt 1.00000000 1.00000000
vt 0.00000000 0.00000000
vt 1.00000000 0.00000000
vt 1.00000000 1.00000000
vt 0.00000000 0.00000000
vt 1.00000000 0.00000000
vt 1.00000000 1.00000000
vt 0.00000000 0.00000000
vt 1.00000000 0.00000000
vt 1.00000000 1.00000000
vt 0.00000000 0.00000000
vt 1.00000000 0.00000000
vt 1.00000000 1.00000000
vt 0.00000000 0.00000000
vt 1.00000000 0.00000000
vt 1.00000000 1.00000000
vt 0.00000000 0.00000000
vt 1.00000000 0.00000000
vt 1.00000000 1.00000000
vt 0.00000000 0.00000000
vt 1.00000000 0.00000000
vt 1.00000000 1.00000000
vt 0.00000000 0.00000000
vt 1.00000000 0.00000000
vt 1.00000000 1.00000000
vt 0.00000000 0.00000000
vt 1.00000000 0.00000000
vt 1.00000000 1.00000000
vt 0.00000000 0.00000000
vt 1.00000000 0.00000000
vt 1.00000000 1.00000000
vt 0.00000000 0.00000000
vt 1.00000000 0.00000000
vt 1.00000000 1.00000000
vt 0.00000000 0.00000000
vt 1.00000000 0.00000000
vt 1.00000000 1.00000000
vt 0.00000000 0.00000000
vt 1.00000000 0.00000000
vt 1.00000000 1.00000000
vt 0.00000000 0.00000000
vt 1.00000000 0.00000000
vt 1.00000000 1.00000000
vt 0.00000000 0.00000000
vt 1.00000000 0.00000000
vt 1.00000000 1.00000000
vt 0.00000000 0.00000000
vt 1.00000000 0.00000000
vt 1.00000000 1.00000000
vt 0.00000000 0.00000000
vt 1.00000000 0.00000000
vt 1.00000000 1.00000000
vt 0.00000000 0.00000000
vt 1.00000000 0.00000000
vt 1.00000000 1.00000000
vt 0.00000000 0.00000000
vt 1.00000000 0.00000000
vt 1.00000000 1.00000000
vt 0.00000000 0.00000000
vt 1.00000000 0.00000000
vt 1.00000000 1.00000000
vt 0.00000000 0.00000000
vt 1.00000000 0.00000000
vt 1.00000000 1.00000000
vt 0.00000000 0.00000000
vt 1.00000000 0.00000000
vt 1.00000000 1.00000000
vt 0.00000000 0.00000000
vt 1.00000000 0.00000000
vt 1.00000000 1.00000000
vt 0.00000000 0.00000000
vt 1.00000000 0.00000000
vt 1.00000000 1.00000000
vt 0.00000000 0.00000000
vt 1.00000000 0.00000000
vt 1.00000000 1.00000000
vt 0.00000000 0.00000000
vt 1.00000000 0.00000000
vt 1.00000000 1.00000000
vt 0.00000000 0.00000000
vt 1.00000000 0.00000000
vt 1.00000000 1.00000000
vt 0.00000000 0.00000000
vt 1.00000000 0.00000000
vt 1.00000000 1.00000000
vt 0.00000000 0.00000000
vt 1.00000000 0.00000000
vt 1.00000000 1.00000000
vt 0.00000000 0.00000000
vt 1.00000000 0.00000000
vt 1.00000000 1.00000000
vt 0.00000000 0.00000000
vt 1.00000000 0.00000000
vt 1.00000000 1.00000000
vt 0.00000000 0.00000000
vt 1.00000000 0.00000000
vt 1.00000000 1.00000000
vt 0.00000000 0.00000000
vt 1.00000000 0.00000000
vt 1.00000000 1.00000000
vt 0.00000000 0.00000000
vt 1.00000000 0.00000000
vt 1.00000000 1.00000000
vt 0.00000000 0.00000000
vt 1.00000000 0.00000000
vt 1.00000000 1.00000000
vt 0.00000000 0.00000000
vt 1.00000000 0.00000000
vt 1.00000000 1.00000000
vt 0.00000000 0.00000000
vt 1.00000000 0.00000000
vt 1.00000000 1.00000000
vt 0.00000000 0.00000000
vt 1.00000000 0.00000000
vt 1.00000000 1.00000000
vt 0.00000000 0.00000000
vt 1.00000000 0.00000000
vt 1.00000000 1.00000000
vt 0.00000000 0.00000000
vt 1.00000000 0.00000000
vt 1.00000000 1.00000000
vt 0.00000000 0.00000000
vt 1.00000000 0.00000000
vt 1.00000000 1.00000000
vt 0.00000000 0.00000000
vt 1.00000000 0.00000000
vt 1.00000000 1.00000000
vt 0.00000000 0.00000000
vt 1.00000000 0.00000000
vt 1.00000000 1.00000000
vt 0.00000000 0.00000000
vt 1.00000000 0.00000000
vt 1.00000000 1.00000000
vt 0.00000000 0.00000000
vt 1.00000000 0.00000000
vt 1.00000000 1.00000000
vt 0.00000000 0.00000000
vt 1.00000000 0.00000000
vt 1.00000000 1.00000000
vt 0.00000000 0.00000000
vt 1.00000000 0.00000000
vt 1.00000000 1.00000000
vt 0.00000000 0.00000000
vt 1.00000000 0.00000000
vt 1.00000000 1.00000000
vt 0.00000000 0.00000000
vt 1.00000000 0.00000000
vt 1.00000000 1.00000000
vt 0.00000000 0.00000000
vt 1.00000000 0.00000000
vt 1.00000000 1.00000000
vt 0.00000000 0.00000000
vt 1.00000000 0.00000000
vt 1.00000000 1.00000000
vt 0.00000000 0.00000000
vt 1.00000000 0.00000000
vt 1.00000000 1.00000000
vt 0.00000000 0.00000000
vt 1.00000000 0.00000000
vt 1.00000000 1.00000000
vt 0.00000000 0.00000000
vt 1.00000000 0.00000000
vt 1.00000000 1.00000000
vt 0.00000000 0.00000000
vt 1.00000000 0.00000000
vt 1.00000000 1.00000000
vt 0.00000000 0.00000000
vt 1.00000000 0.00000000
vt 1.00000000 1.00000000
vt 0.00000000 0.00000000
vt 1.00000000 0.00000000
vt 1.00000000 1.00000000
vt 0.00000000 0.00000000
vt 1.00000000 0.00000000
vt 1.00000000 1.00000000
vt 0.00000000 0.00000000
vt 1.00000000 0.00000000
vt 1.00000000 1.00000000
vt 0.00000000 0.00000000
vt 1.00000000 0.00000000
vt 1.00000000 1.00000000
vt 0.00000000 0.00000000
vt 1.00000000 0.00000000
vt 1.00000000 1.00000000
vt 0.00000000 0.00000000
vt 1.00000000 0.00000000
vt 1.00000000 1.00000000
vt 0.00000000 0.00000000
vt 1.00000000 0.00000000
vt 1.00000000 1.00000000
vt 0.00000000 0.00000000
vt 1.00000000 0.00000000
vt 1.00000000 1.00000000
vt 0.00000000 0.00000000
vt 1.00000000 0.00000000
vt 1.00000000 1.00000000
vt 0.00000000 0.00000000
vt 1.00000000 0.00000000
vt 1.00000000 1.00000000
vt 0.00000000 0.00000000
vt 1.00000000 0.00000000
vt 1.00000000 1.00000000
vt 0.00000000 0.00000000
vt 1.00000000 0.00000000
vt 1.00000000 1.00000000
vt 0.00000000 0.00000000
vt 1.00000000 0.00000000
vt 1.00000000 1.00000000
vt 0.00000000 0.00000000
vt 1.00000000 0.00000000
vt 1.00000000 1.00000000
vt 0.00000000 0.00000000
vt 1.00000000 0.00000000
vt 1.00000000 1.00000000
vt 0.00000000 0.00000000
vt 1.00000000 0.00000000
vt 1.00000000 1.00000000
vt 0.00000000 0.00000000
vt 1.00000000 0.00000000
vt 1.00000000 1.00000000
vt 0.00000000 0.00000000
vt 1.00000000 0.00000000
vt 1.00000000 1.00000000
vt 0.00000000 0.00000000
vt 1.00000000 0.00000000
vt 1.00000000 1.00000000
vt 0.00000000 0.00000000
vt 1.00000000 0.00000000
vt 1.00000000 1.00000000
vt 0.00000000 0.00000000
vt 1.00000000 0.00000000
vt 1.00000000 1.00000000
vt 0.00000000 0.00000000
vt 1.00000000 0.00000000
vt 1.00000000 1.00000000
vt 0.00000000 0.00000000
vt 1.00000000 0.00000000
vt 1.00000000 1.00000000
vt 0.00000000 0.00000000
vt 1.00000000 0.00000000
vt 1.00000000 1.00000000
vt 0.00000000 0.00000000
vt 1.00000000 0.00000000
vt 1.00000000 1.00000000
vt 0.00000000 0.00000000
vt 1.00000000 0.00000000
vt 1.00000000 1.00000000
vt 0.00000000 0.00000000
vt 1.00000000 0.00000000
vt 1.00000000 1.00000000
vt 0.00000000 0.00000000
vt 1.00000000 0.00000000
vt 1.00000000 1.00000000
vt 0.00000000 0.00000000
vt 1.00000000 0.00000000
vt 1.00000000 1.00000000
vt 0.00000000 0.00000000
vt 1.00000000 0.00000000
vt 1.00000000 1.00000000
vt 0.00000000 0.00000000
vt 1.00000000 0.00000000
vt 1.00000000 1.00000000
vt 0.00000000 0.00000000
vt 1.00000000 0.00000000
vt 1.00000000 1.00000000
vt 0.00000000 0.00000000
vt 1.00000000 0.00000000
vt 1.00000000 1.00000000
vt 0.00000000 0.00000000
vt 1.00000000 0.00000000
vt 1.00000000 1.00000000
vt 0.00000000 0.00000000
vt 1.00000000 0.00000000
vt 1.00000000 1.00000000
vt 0.00000000 0.00000000
vt 1.00000000 0.00000000
vt 1.00000000 1.00000000
vt 0.00000000 0.00000000
vt 1.00000000 0.00000000
vt 1.00000000 1.00000000
vt 0.00000000 0.00000000
vt 1.00000000 0.00000000
vt 1.00000000 1.00000000
vt 0.00000000 0.00000000
vt 1.00000000 0.00000000
vt 1.00000000 1.00000000
vt 0.00000000 0.00000000
vt 1.00000000 0.00000000
vt 1.00000000 1.00000000
vt 0.00000000 0.00000000
vt 1.00000000 0.00000000
vt 1.00000000 1.00000000
vt 0.00000000 0.00000000
vt 1.00000000 0.00000000
vt 1.00000000 1.00000000
vt 0.00000000 0.00000000
vt 1.00000000 0.00000000
vt 1.00000000 1.00000000
vt 0.00000000 0.00000000
vt 1.00000000 0.00000000
vt 1.00000000 1.00000000
vt 0.00000000 0.00000000
vt 1.00000000 0.00000000
vt 1.00000000 1.00000000
vt 0.00000000 0.00000000
vt 1.00000000 0.00000000
vt 1.00000000 1.00000000
vt 0.00000000 0.00000000
vt 1.00000000 0.00000000
vt 1.00000000 1.00000000
vt 0.00000000 0.00000000
vt 1.00000000 0.00000000
vt 1.00000000 1.00000000
vt 0.00000000 0.00000000
vt 1.00000000 0.00000000
vt 1.00000000 1.00000000
vt 0.00000000 0.00000000
vt 1.00000000 0.00000000
vt 1.00000000 1.00000000
vt 0.00000000 0.00000000
vt 1.00000000 0.00000000
vt 1.00000000 1.00000000
vt 0.00000000 0.00000000
vt 1.00000000 0.00000000
vt 1.00000000 1.00000000
vt 0.00000000 0.00000000
vt 1.00000000 0.00000000
vt 1.00000000 1.00000000
vt 0.00000000 0.00000000
vt 1.00000000 0.00000000
vt 1.00000000 1.00000000
vt 0.00000000 0.00000000
vt 1.00000000 0.00000000
vt 1.00000000 1.00000000
vt 0.00000000 0.00000000
vt 1.00000000 0.00000000
vt 1.00000000 1.00000000
vt 0.00000000 0.00000000
vt 1.00000000 0.00000000
vt 1.00000000 1.00000000
vt 0.00000000 0.00000000
vt 1.00000000 0.00000000
vt 1.00000000 1.00000000
vt 0.00000000 0.00000000
vt 1.00000000 0.00000000
vt 1.00000000 1.00000000
vt 0.00000000 0.00000000
vt 1.00000000 0.00000000
vt 1.00000000 1.00000000
vt 0.00000000 0.00000000
vt 1.00000000 0.00000000
vt 1.00000000 1.00000000
vt 0.00000000 0.00000000
vt 1.00000000 0.00000000
vt 1.00000000 1.00000000
vt 0.00000000 0.00000000
vt 1.00000000 0.00000000
vt 1.00000000 1.00000000
vt 0.00000000 0.00000000
vt 1.00000000 0.00000000
vt 1.00000000 1.00000000
vt 0.00000000 0.00000000
vt 1.00000000 0.00000000
vt 1.00000000 1.00000000
vt 0.00000000 0.00000000
vt 1.00000000 0.00000000
vt 1.00000000 1.00000000
vt 0.00000000 0.00000000
vt 1.00000000 0.00000000
vt 1.00000000 1.00000000
vt 0.00000000 0.00000000
vt 1.00000000 0.00000000
vt 1.00000000 1.00000000
vt 0.00000000 0.00000000
vt 1.00000000 0.00000000
vt 1.00000000 1.00000000
vt 0.00000000 0.00000000
vt 1.00000000 0.00000000
vt 1.00000000 1.00000000
vt 0.00000000 0.00000000
vt 1.00000000 0.00000000
vt 1.00000000 1.00000000
vt 0.00000000 0.00000000
vt 1.00000000 0.00000000
vt 1.00000000 1.00000000
vt 0.00000000 0.00000000
vt 1.00000000 0.00000000
vt 1.00000000 1.00000000
vt 0.00000000 0.00000000
vt 1.00000000 0.00000000
vt 1.00000000 1.00000000
vt 0.00000000 0.00000000
vt 1.00000000 0.00000000
vt 1.00000000 1.00000000
vt 0.00000000 0.00000000
vt 1.00000000 0.00000000
vt 1.00000000 1.00000000
vt 0.00000000 0.00000000
vt 1.00000000 0.00000000
vt 1.00000000 1.00000000
vt 0.00000000 0.00000000
vt 1.00000000 0.00000000
vt 1.00000000 1.00000000
vt 0.00000000 0.00000000
vt 1.00000000 0.00000000
vt 1.00000000 1.00000000
vt 0.00000000 0.00000000
vt 1.00000000 0.00000000
vt 1.00000000 1.00000000
vt 0.00000000 0.00000000
vt 1.00000000 0.00000000
vt 1.00000000 1.00000000
vt 0.00000000 0.00000000
vt 1.00000000 0.00000000
vt 1.00000000 1.00000000
vt 0.00000000 0.00000000
vt 1.00000000 0.00000000
vt 1.00000000 1.00000000
vt 0.00000000 0.00000000
vt 1.00000000 0.00000000
vt 1.00000000 1.00000000
vt 0.00000000 0.00000000
vt 1.00000000 0.00000000
vt 1.00000000 1.00000000
vt 0.00000000 0.00000000
vt 1.00000000 0.00000000
vt 1.00000000 1.00000000
vt 0.00000000 0.00000000
vt 1.00000000 0.00000000
vt 1.00000000 1.00000000
vt 0.00000000 0.00000000
vt 1.00000000 0.00000000
vt 1.00000000 1.00000000
vt 0.00000000 0.00000000
vt 1.00000000 0.00000000
vt 1.00000000 1.00000000
vt 0.00000000 0.00000000
vt 1.00000000 0.00000000
vt 1.00000000 1.00000000
vt 0.00000000 0.00000000
vt 1.00000000 0.00000000
vt 1.00000000 1.00000000
vt 0.00000000 0.00000000
vt 1.00000000 0.00000000
vt 1.00000000 1.00000000
vt 0.00000000 0.00000000
vt 1.00000000 0.00000000
vt 1.00000000 1.00000000
vt 0.00000000 0.00000000
vt 1.00000000 0.00000000
vt 1.00000000 1.00000000
vt 0.00000000 0.00000000
vt 1.00000000 0.00000000
vt 1.00000000 1.00000000
vt 0.00000000 0.00000000
vt 1.00000000 0.00000000
vt 1.00000000 1.00000000
vt 0.00000000 0.00000000
vt 1.00000000 0.00000000
vt 1.00000000 1.00000000
vt 0.00000000 0.00000000
vt 1.00000000 0.00000000
vt 1.00000000 1.00000000
vt 0.00000000 0.00000000
vt 1.00000000 0.00000000
vt 1.00000000 1.00000000
vt 0.00000000 0.00000000
vt 1.00000000 0.00000000
vt 1.00000000 1.00000000
vt 0.00000000 0.00000000
vt 1.00000000 0.00000000
vt 1.00000000 1.00000000
vt 0.00000000 0.00000000
vt 1.00000000 0.00000000
vt 1.00000000 1.00000000
vt 0.00000000 0.00000000
vt 1.00000000 0.00000000
vt 1.00000000 1.00000000
vt 0.00000000 0.00000000
vt 1.00000000 0.00000000
vt 1.00000000 1.00000000
vt 0.00000000 0.00000000
vt 1.00000000 0.00000000
vt 1.00000000 1.00000000
vt 0.00000000 0.00000000
vt 1.00000000 0.00000000
vt 1.00000000 1.00000000
vt 0.00000000 0.00000000
vt 1.00000000 0.00000000
vt 1.00000000 1.00000000
vt 0.00000000 0.00000000
vt 1.00000000 0.00000000
vt 1.00000000 1.00000000
vt 0.00000000 0.00000000
vt 1.00000000 0.00000000
vt 1.00000000 1.00000000
vt 0.00000000 0.00000000
vt 1.00000000 0.00000000
vt 1.00000000 1.00000000
vt 0.00000000 0.00000000
vt 1.00000000 0.00000000
vt 1.00000000 1.00000000
vt 0.00000000 0.00000000
vt 1.00000000 0.00000000
vt 1.00000000 1.00000000
vt 0.00000000 0.00000000
vt 1.00000000 0.00000000
vt 1.00000000 1.00000000
vt 0.00000000 0.00000000
vt 1.00000000 0.00000000
vt 1.00000000 1.00000000
vt 0.00000000 0.00000000
vt 1.00000000 0.00000000
vt 1.00000000 1.00000000
vt 0.00000000 0.00000000
vt 1.00000000 0.00000000
vt 1.00000000 1.00000000
vt 0.00000000 0.00000000
vt 1.00000000 0.00000000
vt 1.00000000 1.00000000
vt 0.00000000 0.00000000
vt 1.00000000 0.00000000
vt 1.00000000 1.00000000
vt 0.00000000 0.00000000
vt 1.00000000 0.00000000
vt 1.00000000 1.00000000
vt 0.00000000 0.00000000
vt 1.00000000 0.00000000
vt 1.00000000 1.00000000
vt 0.00000000 0.00000000
vt 1.00000000 0.00000000
vt 1.00000000 1.00000000
vt 0.00000000 0.00000000
vt 1.00000000 0.00000000
vt 1.00000000 1.00000000
vt 0.00000000 0.00000000
vt 1.00000000 0.00000000
vt 1.00000000 1.00000000
vt 0.00000000 0.00000000
vt 1.00000000 0.00000000
vt 1.00000000 1.00000000
vt 0.00000000 0.00000000
vt 1.00000000 0.00000000
vt 1.00000000 1.00000000
vt 0.00000000 0.00000000
vt 1.00000000 0.00000000
vt 1.00000000 1.00000000
vt 0.00000000 0.00000000
vt 1.00000000 0.00000000
vt 1.00000000 1.00000000
vt 0.00000000 0.00000000
vt 1.00000000 0.00000000
vt 1.00000000 1.00000000
vt 0.00000000 0.00000000
vt 1.00000000 0.00000000
vt 1.00000000 1.00000000
vt 0.00000000 0.00000000
vt 1.00000000 0.00000000
vt 1.00000000 1.00000000
vt 0.00000000 0.00000000
vt 1.00000000 0.00000000
vt 1.00000000 1.00000000
vt 0.00000000 0.00000000
vt 1.00000000 0.00000000
vt 1.00000000 1.00000000
vt 0.00000000 0.00000000
vt 1.00000000 0.00000000
vt 1.00000000 1.00000000
vt 0.00000000 0.00000000
vt 1.00000000 0.00000000
vt 1.00000000 1.00000000
vt 0.00000000 0.00000000
vt 1.00000000 0.00000000
vt 1.00000000 1.00000000
vt 0.00000000 0.00000000
vt 1.00000000 0.00000000
vt 1.00000000 1.00000000
vt 0.00000000 0.00000000
vt 1.00000000 0.00000000
vt 1.00000000 1.00000000
vt 0.00000000 0.00000000
vt 1.00000000 0.00000000
vt 1.00000000 1.00000000
vt 0.00000000 0.00000000
vt 1.00000000 0.00000000
vt 1.00000000 1.00000000
vt 0.00000000 0.00000000
vt 1.00000000 0.00000000
vt 1.00000000 1.00000000
vt 0.00000000 0.00000000
vt 1.00000000 0.00000000
vt 1.00000000 1.00000000
vt 0.00000000 0.00000000
vt 1.00000000 0.00000000
vt 1.00000000 1.00000000
vt 0.00000000 0.00000000
vt 1.00000000 0.00000000
vt 1.00000000 1.00000000
vt 0.00000000 0.00000000
vt 1.00000000 0.00000000
vt 1.00000000 1.00000000
vt 0.00000000 0.00000000
vt 1.00000000 0.00000000
vt 1.00000000 1.00000000
vt 0.00000000 0.00000000
vt 1.00000000 0.00000000
vt 1.00000000 1.00000000
vt 0.00000000 0.00000000
vt 1.00000000 0.00000000
vt 1.00000000 1.00000000
vt 0.00000000 0.00000000
vt 1.00000000 0.00000000
vt 1.00000000 1.00000000
vt 0.00000000 0.00000000
vt 1.00000000 0.00000000
vt 1.00000000 1.00000000
vt 0.00000000 0.00000000
vt 1.00000000 0.00000000
vt 1.00000000 1.00000000
vt 0.00000000 0.00000000
vt 1.00000000 0.00000000
vt 1.00000000 1.00000000
vt 0.00000000 0.00000000
vt 1.00000000 0.00000000
vt 1.00000000 1.00000000
vt 0.00000000 0.00000000
vt 1.00000000 0.00000000
vt 1.00000000 1.00000000
vt 0.00000000 0.00000000
vt 1.00000000 0.00000000
vt 1.00000000 1.00000000
vt 0.00000000 0.00000000
vt 1.00000000 0.00000000
vt 1.00000000 1.00000000
vt 0.00000000 0.00000000
vt 1.00000000 0.00000000
vt 1.00000000 1.00000000
vt 0.00000000 0.00000000
vt 1.00000000 0.00000000
vt 1.00000000 1.00000000
vt 0.00000000 0.00000000
vt 1.00000000 0.00000000
vt 1.00000000 1.00000000
vt 0.00000000 0.00000000
vt 1.00000000 0.00000000
vt 1.00000000 1.00000000
vt 0.00000000 0.00000000
vt 1.00000000 0.00000000
vt 1.00000000 1.00000000
vt 0.00000000 0.00000000
vt 1.00000000 0.00000000
vt 1.00000000 1.00000000
vt 0.00000000 0.00000000
vt 1.00000000 0.00000000
vt 1.00000000 1.00000000
vt 0.00000000 0.00000000
vt 1.00000000 0.00000000
vt 1.00000000 1.00000000
vt 0.00000000 0.00000000
vt 1.00000000 0.00000000
vt 1.00000000 1.00000000
vt 0.00000000 0.00000000
vt 1.00000000 0.00000000
vt 1.00000000 1.00000000
vt 0.00000000 0.00000000
vt 1.00000000 0.00000000
vt 1.00000000 1.00000000
vt 0.00000000 0.00000000
vt 1.00000000 0.00000000
vt 1.00000000 1.00000000
vt 0.00000000 0.00000000
vt 1.00000000 0.00000000
vt 1.00000000 1.00000000
vt 0.00000000 0.00000000
vt 1.00000000 0.00000000
vt 1.00000000 1.00000000
vt 0.00000000 0.00000000
vt 1.00000000 0.00000000
vt 1.00000000 1.00000000
vt 0.00000000 0.00000000
vt 1.00000000 0.00000000
vt 1.00000000 1.00000000
vt 0.00000000 0.00000000
vt 1.00000000 0.00000000
vt 1.00000000 1.00000000
vt 0.00000000 0.00000000
vt 1.00000000 0.00000000
vt 1.00000000 1.00000000
vt 0.00000000 0.00000000
vt 1.00000000 0.00000000
vt 1.00000000 1.00000000
vt 0.00000000 0.00000000
vt 1.00000000 0.00000000
vt 1.00000000 1.00000000
vt 0.00000000 0.00000000
vt 1.00000000 0.00000000
vt 1.00000000 1.00000000
vt 0.00000000 0.00000000
vt 1.00000000 0.00000000
vt 1.00000000 1.00000000
vt 0.00000000 0.00000000
vt 1.00000000 0.00000000
vt 1.00000000 1.00000000
vt 0.00000000 0.00000000
vt 1.00000000 0.00000000
vt 1.00000000 1.00000000
vt 0.00000000 0.00000000
vt 1.00000000 0.00000000
vt 1.00000000 1.00000000
vt 0.00000000 0.00000000
vt 1.00000000 0.00000000
vt 1.00000000 1.00000000
vt 0.00000000 0.00000000
vt 1.00000000 0.00000000
vt 1.00000000 1.00000000
vt 0.00000000 0.00000000
vt 1.00000000 0.00000000
vt 1.00000000 1.00000000
vt 0.00000000 0.00000000
vt 1.00000000 0.00000000
vt 1.00000000 1.00000000
vt 0.00000000 0.00000000
vt 1.00000000 0.00000000
vt 1.00000000 1.00000000
vt 0.00000000 0.00000000
vt 1.00000000 0.00000000
vt 1.00000000 1.00000000
vt 0.00000000 0.00000000
vt 1.00000000 0.00000000
vt 1.00000000 1.00000000
vt 0.00000000 0.00000000
vt 1.00000000 0.00000000
vt 1.00000000 1.00000000
vt 0.00000000 0.00000000
vt 1.00000000 0.00000000
vt 1.00000000 1.00000000
vt 0.00000000 0.00000000
vt 1.00000000 0.00000000
vt 1.00000000 1.00000000
vt 0.00000000 0.00000000
vt 1.00000000 0.00000000
vt 1.00000000 1.00000000
vt 0.00000000 0.00000000
vt 1.00000000 0.00000000
vt 1.00000000 1.00000000
vt 0.00000000 0.00000000
vt 1.00000000 0.00000000
vt 1.00000000 1.00000000
vt 0.00000000 0.00000000
vt 1.00000000 0.00000000
vt 1.00000000 1.00000000
vt 0.00000000 0.00000000
vt 1.00000000 0.00000000
vt 1.00000000 1.00000000
vt 0.00000000 0.00000000
vt 1.00000000 0.00000000
vt 1.00000000 1.00000000
vt 0.00000000 0.00000000
vt 1.00000000 0.00000000
vt 1.00000000 1.00000000
vt 0.00000000 0.00000000
vt 1.00000000 0.00000000
vt 1.00000000 1.00000000
vt 0.00000000 0.00000000
vt 1.00000000 0.00000000
vt 1.00000000 1.00000000
vt 0.00000000 0.00000000
vt 1.00000000 0.00000000
vt 1.00000000 1.00000000
vt 0.00000000 0.00000000
vt 1.00000000 0.00000000
vt 1.00000000 1.00000000
vt 0.00000000 0.00000000
vt 1.00000000 0.00000000
vt 1.00000000 1.00000000
vt 0.00000000 0.00000000
vt 1.00000000 0.00000000
vt 1.00000000 1.00000000
vt 0.00000000 0.00000000
vt 1.00000000 0.00000000
vt 1.00000000 1.00000000
vt 0.00000000 0.00000000
vt 1.00000000 0.00000000
vt 1.00000000 1.00000000
vt 0.00000000 0.00000000
vt 1.00000000 0.00000000
vt 1.00000000 1.00000000
vt 0.00000000 0.00000000
vt 1.00000000 0.00000000
vt 1.00000000 1.00000000
vt 0.00000000 0.00000000
vt 1.00000000 0.00000000
vt 1.00000000 1.00000000
vt 0.00000000 0.00000000
vt 1.00000000 0.00000000
vt 1.00000000 1.00000000
vt 0.00000000 0.00000000
vt 1.00000000 0.00000000
vt 1.00000000 1.00000000
vt 0.00000000 0.00000000
vt 1.00000000 0.00000000
vt 1.00000000 1.00000000
vt 0.00000000 0.00000000
vt 1.00000000 0.00000000
vt 1.00000000 1.00000000
vt 0.00000000 0.00000000
vt 1.00000000 0.00000000
vt 1.00000000 1.00000000
vt 0.00000000 0.00000000
vt 1.00000000 0.00000000
vt 1.00000000 1.00000000
vt 0.00000000 0.00000000
vt 1.00000000 0.00000000
vt 1.00000000 1.00000000
vt 0.00000000 0.00000000
vt 1.00000000 0.00000000
vt 1.00000000 1.00000000
vt 0.00000000 0.00000000
vt 1.00000000 0.00000000
vt 1.00000000 1.00000000
vt 0.00000000 0.00000000
vt 1.00000000 0.00000000
vt 1.00000000 1.00000000
vt 0.00000000 0.00000000
vt 1.00000000 0.00000000
vt 1.00000000 1.00000000
vt 0.00000000 0.00000000
vt 1.00000000 0.00000000
vt 1.00000000 1.00000000
vt 0.00000000 0.00000000
vt 1.00000000 0.00000000
vt 1.00000000 1.00000000
vt 0.00000000 0.00000000
vt 1.00000000 0.00000000
vt 1.00000000 1.00000000
vt 0.00000000 0.00000000
vt 1.00000000 0.00000000
vt 1.00000000 1.00000000
vt 0.00000000 0.00000000
vt 1.00000000 0.00000000
vt 1.00000000 1.00000000
vt 0.00000000 0.00000000
vt 1.00000000 0.00000000
vt 1.00000000 1.00000000
vt 0.00000000 0.00000000
vt 1.00000000 0.00000000
vt 1.00000000 1.00000000
vt 0.00000000 0.00000000
vt 1.00000000 0.00000000
vt 1.00000000 1.00000000
vt 0.00000000 0.00000000
vt 1.00000000 0.00000000
vt 1.00000000 1.00000000
vt 0.00000000 0.00000000
vt 1.00000000 0.00000000
vt 1.00000000 1.00000000
vt 0.00000000 0.00000000
vt 1.00000000 0.00000000
vt 1.00000000 1.00000000
vt 0.00000000 0.00000000
vt 1.00000000 0.00000000
vt 1.00000000 1.00000000
vt 0.00000000 0.00000000
vt 1.00000000 0.00000000
vt 1.00000000 1.00000000
vt 0.00000000 0.00000000
vt 1.00000000 0.00000000
vt 1.00000000 1.00000000
vt 0.00000000 0.00000000
vt 1.00000000 0.00000000
vt 1.00000000 1.00000000
vt 0.00000000 0.00000000
vt 1.00000000 0.00000000
vt 1.00000000 1.00000000
vt 0.00000000 0.00000000
vt 1.00000000 0.00000000
vt 1.00000000 1.00000000
vt 0.00000000 0.00000000
vt 1.00000000 0.00000000
vt 1.00000000 1.00000000
vt 0.00000000 0.00000000
vt 1.00000000 0.00000000
vt 1.00000000 1.00000000
vt 0.00000000 0.00000000
vt 1.00000000 0.00000000
vt 1.00000000 1.00000000
vt 0.00000000 0.00000000
vt 1.00000000 0.00000000
vt 1.00000000 1.00000000
vt 0.00000000 0.00000000
vt 1.00000000 0.00000000
vt 1.00000000 1.00000000
vt 0.00000000 0.00000000
vt 1.00000000 0.00000000
vt 1.00000000 1.00000000
vt 0.00000000 0.00000000
vt 1.00000000 0.00000000
vt 1.00000000 1.00000000
vt 0.00000000 0.00000000
vt 1.00000000 0.00000000
vt 1.00000000 1.00000000
vt 0.00000000 0.00000000
vt 1.00000000 0.00000000
vt 1.00000000 1.00000000
vt 0.00000000 0.00000000
vt 1.00000000 0.00000000
vt 1.00000000 1.00000000
vt 0.00000000 0.00000000
vt 1.00000000 0.00000000
vt 1.00000000 1.00000000
vt 0.00000000 0.00000000
vt 1.00000000 0.00000000
vt 1.00000000 1.00000000
vt 0.00000000 0.00000000
vt 1.00000000 0.00000000
vt 1.00000000 1.00000000
vt 0.00000000 0.00000000
vt 1.00000000 0.00000000
vt 1.00000000 1.00000000
vt 0.00000000 0.00000000
vt 1.00000000 0.00000000
vt 1.00000000 1.00000000
vt 0.00000000 0.00000000
vt 1.00000000 0.00000000
vt 1.00000000 1.00000000
vt 0.00000000 0.00000000
vt 1.00000000 0.00000000
vt 1.00000000 1.00000000
vt 0.00000000 0.00000000
vt 1.00000000 0.00000000
vt 1.00000000 1.00000000
vt 0.00000000 0.00000000
vt 1.00000000 0.00000000
vt 1.00000000 1.00000000
vt 0.00000000 0.00000000
vt 1.00000000 0.00000000
vt 1.00000000 1.00000000
vt 0.00000000 0.00000000
vt 1.00000000 0.00000000
vt 1.00000000 1.00000000
vt 0.00000000 0.00000000
vt 1.00000000 0.00000000
vt 1.00000000 1.00000000
vt 0.00000000 0.00000000
vt 1.00000000 0.00000000
vt 1.00000000 1.00000000
vt 0.00000000 0.00000000
vt 1.00000000 0.00000000
vt 1.00000000 1.00000000
vt 0.00000000 0.00000000
vt 1.00000000 0.00000000
vt 1.00000000 1.00000000
vt 0.00000000 0.00000000
vt 1.00000000 0.00000000
vt 1.00000000 1.00000000
vt 0.00000000 0.00000000
vt 1.00000000 0.00000000
vt 1.00000000 1.00000000
vt 0.00000000 0.00000000
vt 1.00000000 0.00000000
vt 1.00000000 1.00000000
vt 0.00000000 0.00000000
vt 1.00000000 0.00000000
vt 1.00000000 1.00000000
vt 0.00000000 0.00000000
vt 1.00000000 0.00000000
vt 1.00000000 1.00000000
vt 0.00000000 0.00000000
vt 1.00000000 0.00000000
vt 1.00000000 1.00000000
vt 0.00000000 0.00000000
vt 1.00000000 0.00000000
vt 1.00000000 1.00000000
vt 0.00000000 0.00000000
vt 1.00000000 0.00000000
vt 1.00000000 1.00000000
vt 0.00000000 0.00000000
vt 1.00000000 0.00000000
vt 1.00000000 1.00000000
vt 0.00000000 0.00000000
vt 1.00000000 0.00000000
vt 1.00000000 1.00000000
vt 0.00000000 0.00000000
vt 1.00000000 0.00000000
vt 1.00000000 1.00000000
vt 0.00000000 0.00000000
vt 1.00000000 0.00000000
vt 1.00000000 1.00000000
vt 0.00000000 0.00000000
vt 1.00000000 0.00000000
vt 1.00000000 1.00000000
vt 0.00000000 0.00000000
vt 1.00000000 0.00000000
vt 1.00000000 1.00000000
vt 0.00000000 0.00000000
vt 1.00000000 0.00000000
vt 1.00000000 1.00000000
vt 0.00000000 0.00000000
vt 1.00000000 0.00000000
vt 1.00000000 1.00000000
vt 0.00000000 0.00000000
vt 1.00000000 0.00000000
vt 1.00000000 1.00000000
vt 0.00000000 0.00000000
vt 1.00000000 0.00000000
vt 1.00000000 1.00000000
vt 0.00000000 0.00000000
vt 1.00000000 0.00000000
vt 1.00000000 1.00000000
vt 0.00000000 0.00000000
vt 1.00000000 0.00000000
vt 1.00000000 1.00000000
vt 0.00000000 0.00000000
vt 1.00000000 0.00000000
vt 1.00000000 1.00000000
vt 0.00000000 0.00000000
vt 1.00000000 0.00000000
vt 1.00000000 1.00000000
vt 0.00000000 0.00000000
vt 1.00000000 0.00000000
vt 1.00000000 1.00000000
vt 0.00000000 0.00000000
vt 1.00000000 0.00000000
vt 1.00000000 1.00000000
vt 0.00000000 0.00000000
vt 1.00000000 0.00000000
vt 1.00000000 1.00000000
vt 0.00000000 0.00000000
vt 1.00000000 0.00000000
vt 1.00000000 1.00000000
vt 0.00000000 0.00000000
vt 1.00000000 0.00000000
vt 1.00000000 1.00000000
vt 0.00000000 0.00000000
vt 1.00000000 0.00000000
vt 1.00000000 1.00000000
vt 0.00000000 0.00000000
vt 0.00000000 0.00000000
vt 0.00000000 0.00000000
vt 0.00000000 0.00000000
vt 0.00000000 0.00000000
vt 0.00000000 0.00000000
vt 0.00000000 0.00000000
vt 0.00000000 0.00000000
vt 0.00000000 0.00000000
vt 0.00000000 0.00000000
vt 0.00000000 0.00000000
vt 0.00000000 0.00000000
vt 0.00000000 0.00000000
vt 0.00000000 0.00000000
vt 0.00000000 0.00000000
vt 0.00000000 0.00000000
vt 0.00000000 0.00000000
vt 0.00000000 0.00000000
vt 0.00000000 0.00000000
vt 0.00000000 0.00000000
vt 0.00000000 0.00000000
vt 0.00000000 0.00000000
vt 0.00000000 0.00000000
vt 0.00000000 0.00000000
vt 0.00000000 0.00000000
vt 0.00000000 0.00000000
vt 0.00000000 0.00000000
vt 0.00000000 0.00000000
vt 0.00000000 0.00000000
vt 0.00000000 0.00000000
vt 0.00000000 0.00000000
vt 0.00000000 0.00000000
vt 0.00000000 0.00000000
vt 0.00000000 0.00000000
vt 0.00000000 0.00000000
vt 0.00000000 0.00000000
vt 0.00000000 0.00000000
vt 0.00000000 0.00000000
vt 0.00000000 0.00000000
vt 0.00000000 0.00000000
vt 0.00000000 0.00000000
vt 0.00000000 0.00000000
vt 0.00000000 0.00000000
vt 0.00000000 0.00000000
vt 0.00000000 0.00000000
vt 0.00000000 0.00000000
vt 0.00000000 0.00000000
vt 0.00000000 0.00000000
vt 0.00000000 0.00000000
vt 0.00000000 0.00000000
vt 0.00000000 0.00000000
vt 0.00000000 0.00000000
vt 0.00000000 0.00000000
vt 0.00000000 0.00000000
vt 0.00000000 0.00000000
vt 0.00000000 0.00000000
vt 0.00000000 0.00000000
vt 0.00000000 0.00000000
vt 0.00000000 0.00000000
vt 0.00000000 0.00000000
vt 0.00000000 0.00000000
vt 0.00000000 0.00000000
vt 0.00000000 0.00000000
vt 0.00000000 0.00000000
vt 0.00000000 0.00000000
vt 0.00000000 0.00000000
vt 0.00000000 0.00000000
vt 0.00000000 0.00000000
vt 0.00000000 0.00000000
vt 0.00000000 0.00000000
vt 0.00000000 0.00000000
vt 0.00000000 0.00000000
vt 0.00000000 0.00000000
vt 0.00000000 0.00000000
vt 0.00000000 0.00000000
vt 0.00000000 0.00000000
vt 0.00000000 0.00000000
vt 0.00000000 0.00000000
vt 0.00000000 0.00000000
vt 0.00000000 0.00000000
vt 0.00000000 0.00000000
vt 0.00000000 0.00000000
vt 0.00000000 0.00000000
vt 0.00000000 0.00000000
vt 0.00000000 0.00000000
vt 0.00000000 0.00000000
vt 0.00000000 0.00000000
vt 0.00000000 0.00000000
vt 0.00000000 0.00000000
vt 0.00000000 0.00000000
vt 0.00000000 0.00000000
vt 0.00000000 0.00000000
vt 0.00000000 0.00000000
vt 0.00000000 0.00000000
vt 0.00000000 0.00000000
vt 0.00000000 0.00000000
vt 0.00000000 0.00000000
vt 0.00000000 0.00000000
vt 0.00000000 0.00000000
vt 0.00000000 0.00000000
vt 0.00000000 0.00000000
vt 0.00000000 0.00000000
vt 0.00000000 0.00000000
vt 0.00000000 0.00000000
vt 0.00000000 0.00000000
vt 0.00000000 0.00000000
vt 0.00000000 0.00000000
vt 0.00000000 0.00000000
vt 0.00000000 0.00000000
vt 0.00000000 0.00000000
vt 0.00000000 0.00000000
vt 0.00000000 0.00000000
vt 0.00000000 0.00000000
vt 0.00000000 0.00000000
vt 0.00000000 0.00000000
vt 0.00000000 0.00000000
vt 0.00000000 0.00000000
vt 0.00000000 0.00000000
vt 0.00000000 0.00000000
vt 0.00000000 0.00000000
vt 0.00000000 0.00000000
vt 0.00000000 0.00000000
vt 0.00000000 0.00000000
vt 0.00000000 0.00000000
vt 0.00000000 0.00000000
vt 0.00000000 0.00000000
vt 0.00000000 0.00000000
vt 0.00000000 0.00000000
vt 0.00000000 0.00000000
vt 0.00000000 0.00000000
vt 0.00000000 0.00000000
vt 0.00000000 0.00000000
vt 0.00000000 0.00000000
vt 0.00000000 0.00000000
vt 0.00000000 0.00000000
vt 0.00000000 0.00000000
vt 0.00000000 0.00000000
vt 0.00000000 0.00000000
vt 0.00000000 0.00000000
vt 0.00000000 0.00000000
vt 0.00000000 0.00000000
vt 0.00000000 0.00000000
vt 0.00000000 0.00000000
vt 0.00000000 0.00000000
vt 0.00000000 0.00000000
vt 0.00000000 0.00000000
vt 0.00000000 0.00000000
vt 0.00000000 0.00000000
vt 0.00000000 0.00000000
vt 0.00000000 0.00000000
vt 0.00000000 0.00000000
vt 0.00000000 0.00000000
vt 0.00000000 0.00000000
vt 0.00000000 0.00000000
vt 0.00000000 0.00000000
vt 0.00000000 0.00000000
vt 0.00000000 0.00000000
vt 0.00000000 0.00000000
vt 0.00000000 0.00000000
vt 0.00000000 0.00000000
vt 0.00000000 0.00000000
vt 0.00000000 0.00000000
vt 0.00000000 0.00000000
vt 0.00000000 0.00000000
vt 0.00000000 0.00000000
vt 0.00000000 0.00000000
vt 0.00000000 0.00000000
vt 0.00000000 0.00000000
vt 0.00000000 0.00000000
vt 0.00000000 0.00000000
vt 0.00000000 0.00000000
vt 0.00000000 0.00000000
vt 0.00000000 0.00000000
vt 0.00000000 0.00000000
vt 0.00000000 0.00000000
vt 0.00000000 0.00000000
vt 0.00000000 0.00000000
vt 0.00000000 0.00000000
vt 0.00000000 0.00000000
vt 0.00000000 0.00000000
vt 0.00000000 0.00000000
vt 0.00000000 0.00000000
vt 0.00000000 0.00000000
vt 0.00000000 0.00000000
vt 0.00000000 0.00000000
vt 0.00000000 0.00000000
vt 0.00000000 0.00000000
vt 0.00000000 0.00000000
vt 0.00000000 0.00000000
vt 0.00000000 0.00000000
vt 0.00000000 0.00000000
vt 0.00000000 0.00000000
vt 0.00000000 0.00000000
vt 0.00000000 0.00000000
vt 0.00000000 0.00000000
vt 0.00000000 0.00000000
vt 0.00000000 0.00000000
vt 0.00000000 0.00000000
vt 0.00000000 0.00000000
vt 0.00000000 0.00000000
vt 0.00000000 0.00000000
vt 0.00000000 0.00000000
vt 0.00000000 0.00000000
vt 0.00000000 0.00000000
vt 0.00000000 0.00000000
vt 0.00000000 0.00000000
vt 0.00000000 0.00000000
vt 0.00000000 0.00000000
vt 0.00000000 0.00000000
vt 0.00000000 0.00000000
vt 0.00000000 0.00000000
vt 0.00000000 0.00000000
vt 0.00000000 0.00000000
vt 0.00000000 0.00000000
vt 0.00000000 0.00000000
vt 0.00000000 0.00000000
vt 0.00000000 0.00000000
vt 0.00000000 0.00000000
vt 0.00000000 0.00000000
vt 0.00000000 0.00000000
vt 0.00000000 0.00000000
vt 0.00000000 0.00000000
vt 0.00000000 0.00000000
vt 0.00000000 0.00000000
vt 0.00000000 0.00000000
vt 0.00000000 0.00000000
vt 0.00000000 0.00000000
vt 0.00000000 0.00000000
vt 0.00000000 0.00000000
vt 0.00000000 0.00000000
vt 0.00000000 0.00000000
vt 0.00000000 0.00000000
vt 0.00000000 0.00000000
vt 0.00000000 0.00000000
vt 0.00000000 0.00000000
vt 0.00000000 0.00000000
vt 0.00000000 0.00000000
vt 0.00000000 0.00000000
vt 0.00000000 0.00000000
vt 0.00000000 0.00000000
vt 0.00000000 0.00000000
vt 0.00000000 0.00000000
vt 0.00000000 0.00000000
vt 0.00000000 0.00000000
vt 0.00000000 0.00000000
vt 0.00000000 0.00000000
vt 0.00000000 0.00000000
vt 0.00000000 0.00000000
vt 0.00000000 0.00000000
vt 0.00000000 0.00000000
vt 0.00000000 0.00000000
vt 0.00000000 0.00000000
vt 0.00000000 0.00000000
vt 0.00000000 0.00000000
vt 0.00000000 0.00000000
vt 0.00000000 0.00000000
vt 0.00000000 0.00000000
vt 0.00000000 0.00000000
vt 0.00000000 0.00000000
vt 0.00000000 0.00000000
vt 0.00000000 0.00000000
vt 0.00000000 0.00000000
vt 0.00000000 0.00000000
vt 0.00000000 0.00000000
vt 0.00000000 0.00000000
vt 0.00000000 0.00000000
vt 0.00000000 0.00000000
vt 0.00000000 0.00000000
vt 0.00000000 0.00000000
vt 0.00000000 0.00000000
vt 0.00000000 0.00000000
vt 0.00000000 0.00000000
vt 0.00000000 0.00000000
vt 0.00000000 0.00000000
vt 0.00000000 0.00000000
vt 0.00000000 0.00000000
vt 0.00000000 0.00000000
vt 0.00000000 0.00000000
vt 0.00000000 0.00000000
vt 0.00000000 0.00000000
vt 0.00000000 0.00000000
vt 0.00000000 0.00000000
vt 0.00000000 0.00000000
vt 0.00000000 0.00000000
vt 0.00000000 0.00000000
vt 0.00000000 0.00000000
vt 0.00000000 0.00000000
vt 0.00000000 0.00000000
vt 0.00000000 0.00000000
vt 0.00000000 0.00000000
vt 0.00000000 0.00000000
vt 0.00000000 0.00000000
vt 0.00000000 0.00000000
vt 0.00000000 0.00000000
vt 0.00000000 0.00000000
vt 0.00000000 0.00000000
vt 0.00000000 0.00000000
vt 0.00000000 0.00000000
vt 0.00000000 0.00000000
vt 0.00000000 0.00000000
vt 0.00000000 0.00000000
vt 0.00000000 0.00000000
vt 0.00000000 0.00000000
vt 0.00000000 0.00000000
vt 0.00000000 0.00000000
vt 0.00000000 0.00000000
vt 0.00000000 0.00000000
vt 0.00000000 0.00000000
vt 0.00000000 0.00000000
vt 0.00000000 0.00000000
vt 0.00000000 0.00000000
vt 0.00000000 0.00000000
vt 0.00000000 0.00000000
vt 0.00000000 0.00000000
vt 0.00000000 0.00000000
vt 0.00000000 0.00000000
vt 0.00000000 0.00000000
vt 0.00000000 0.00000000
vt 0.00000000 0.00000000
vt 0.00000000 0.00000000
vt 0.00000000 0.00000000
vt 0.00000000 0.00000000
vt 0.00000000 0.00000000
vt 0.00000000 0.00000000
vt 0.00000000 0.00000000
vt 0.00000000 0.00000000
vt 0.00000000 0.00000000
vt 0.00000000 0.00000000
vt 0.00000000 0.00000000
vt 0.00000000 0.00000000
vt 0.00000000 0.00000000
vt 0.00000000 0.00000000
vt 0.00000000 0.00000000
vt 0.00000000 0.00000000
vt 0.00000000 0.00000000
vt 0.00000000 0.00000000
vt 0.00000000 0.00000000
vt 0.00000000 0.00000000
vt 0.00000000 0.00000000
vt 0.00000000 0.00000000
vt 0.00000000 0.00000000
vt 0.00000000 0.00000000
vt 0.00000000 0.00000000
vt 0.00000000 0.00000000
vt 0.00000000 0.00000000
vt 0.00000000 0.00000000
vt 0.00000000 0.00000000
vt 0.00000000 0.00000000
vt 0.00000000 0.00000000
vt 0.00000000 0.00000000
vt 0.00000000 0.00000000
vt 0.00000000 0.00000000
vt 0.00000000 0.00000000
vt 0.00000000 0.00000000
vt 0.00000000 0.00000000
vt 0.00000000 0.00000000
vt 0.00000000 0.00000000
vt 0.00000000 0.00000000
vt 0.00000000 0.00000000
vt 0.00000000 0.00000000
vt 0.00000000 0.00000000
vt 0.00000000 0.00000000
vt 0.00000000 0.00000000
vt 0.00000000 0.00000000
vt 0.00000000 0.00000000
vt 0.00000000 0.00000000
vt 0.00000000 0.00000000
vt 0.00000000 0.00000000
vt 0.00000000 0.00000000
vt 0.00000000 0.00000000
vt 0.00000000 0.00000000
vt 0.00000000 0.00000000
vt 0.00000000 0.00000000
vt 0.00000000 0.00000000
vt 0.00000000 0.00000000
vt 0.00000000 0.00000000
vt 0.00000000 0.00000000
vt 0.00000000 0.00000000
vt 0.00000000 0.00000000
vt 0.00000000 0.00000000
vt 0.00000000 0.00000000
vt 0.00000000 0.00000000
vt 0.00000000 0.00000000
vt 0.00000000 0.00000000
vt 0.00000000 0.00000000
vt 0.00000000 0.00000000
vt 0.00000000 0.00000000
vt 0.00000000 0.00000000
vt 0.00000000 0.00000000
vt 0.00000000 0.00000000
vt 0.00000000 0.00000000
vt 0.00000000 0.00000000
vt 0.00000000 0.00000000
vt 0.00000000 0.00000000
vt 0.00000000 0.00000000
vt 0.00000000 0.00000000
vt 0.00000000 0.00000000
vt 0.00000000 0.00000000
vt 0.00000000 0.00000000
vt 0.00000000 0.00000000
vt 0.00000000 0.00000000
vt 0.00000000 0.00000000
vt 0.00000000 0.00000000
vt 0.00000000 0.00000000
vt 0.00000000 0.00000000
vt 0.00000000 0.00000000
vt 0.00000000 0.00000000
vt 0.00000000 0.00000000
vt 0.00000000 0.00000000
vt 0.00000000 0.00000000
vt 0.00000000 0.00000000
vt 0.00000000 0.00000000
vt 0.00000000 0.00000000
vt 0.00000000 0.00000000
vt 0.00000000 0.00000000
vt 0.00000000 0.00000000
vt 0.00000000 0.00000000
vt 0.00000000 0.00000000
vt 0.00000000 0.00000000
vt 0.00000000 0.00000000
vt 0.00000000 0.00000000
vt 0.00000000 0.00000000
vt 0.00000000 0.00000000
vt 0.00000000 0.00000000
vt 0.00000000 0.00000000
vt 0.00000000 0.00000000
vt 0.00000000 0.00000000
vt 0.00000000 0.00000000
vt 0.00000000 0.00000000
vt 0.00000000 0.00000000
vt 0.00000000 0.00000000
vt 0.00000000 0.00000000
vt 0.00000000 0.00000000
vt 0.00000000 0.00000000
vt 0.00000000 0.00000000
vt 0.00000000 0.00000000
vt 0.00000000 0.00000000
vt 0.00000000 0.00000000
vt 0.00000000 0.00000000
vt 0.00000000 0.00000000
vt 0.00000000 0.00000000
vt 0.00000000 0.00000000
vt 0.00000000 0.00000000
vt 0.00000000 0.00000000
vt 0.00000000 0.00000000
vt 0.00000000 0.00000000
vt 0.00000000 0.00000000
vt 0.00000000 0.00000000
vt 0.00000000 0.00000000
vt 0.00000000 0.00000000
vt 0.00000000 0.00000000
vt 0.00000000 0.00000000
vt 0.00000000 0.00000000
vt 0.00000000 0.00000000
vt 0.00000000 0.00000000
vt 0.00000000 0.00000000
vt 0.00000000 0.00000000
vt 0.00000000 0.00000000
vt 0.00000000 0.00000000
vt 0.00000000 0.00000000
vt 0.00000000 0.00000000
vt 0.00000000 0.00000000
vt 0.00000000 0.00000000
vt 0.00000000 0.00000000
vt 0.00000000 0.00000000
vt 0.00000000 0.00000000
vt 0.00000000 0.00000000
vt 0.00000000 0.00000000
vt 0.00000000 0.00000000
vt 0.00000000 0.00000000
vt 0.00000000 0.00000000
vt 0.00000000 0.00000000
vt 0.00000000 0.00000000
vt 0.00000000 0.00000000
vt 0.00000000 0.00000000
vt 0.00000000 0.00000000
vt 0.00000000 0.00000000
vt 0.00000000 0.00000000
vt 0.00000000 0.00000000
vt 0.00000000 0.00000000
vt 0.00000000 0.00000000
vt 0.00000000 0.00000000
vt 0.00000000 0.00000000
vt 0.00000000 0.00000000
vt 0.00000000 0.00000000
vt 0.00000000 0.00000000
vt 0.00000000 0.00000000
vt 0.00000000 0.00000000
vt 0.00000000 0.00000000
vt 0.00000000 0.00000000
vt 0.00000000 0.00000000
vt 0.00000000 0.00000000
vt 0.00000000 0.00000000
vt 0.00000000 0.00000000
vt 0.00000000 0.00000000
vt 0.00000000 0.00000000
vt 0.00000000 0.00000000
vt 0.00000000 0.00000000
vt 0.00000000 0.00000000
vt 0.00000000 0.00000000
vt 0.00000000 0.00000000
vt 0.00000000 0.00000000
vt 0.00000000 0.00000000
vt 0.00000000 0.00000000
vt 0.00000000 0.00000000
vt 0.00000000 0.00000000
vt 0.00000000 0.00000000
vt 0.00000000 0.00000000
vt 0.00000000 0.00000000
vt 0.00000000 0.00000000
vt 0.00000000 0.00000000
vt 0.00000000 0.00000000
vt 0.00000000 0.00000000
vt 0.00000000 0.00000000
vt 0.00000000 0.00000000
vt 0.00000000 0.00000000
vt 0.00000000 0.00000000
vt 0.00000000 0.00000000
vt 0.00000000 0.00000000
vt 0.00000000 0.00000000
vt 0.00000000 0.00000000
vt 0.00000000 0.00000000
vt 0.00000000 0.00000000
vt 0.00000000 0.00000000
vt 0.00000000 0.00000000
vt 0.00000000 0.00000000
vt 0.00000000 0.00000000
vt 0.00000000 0.00000000
vt 0.00000000 0.00000000
vt 0.00000000 0.00000000
vt 0.00000000 0.00000000
vt 0.00000000 0.00000000
vt 0.00000000 0.00000000
vt 0.00000000 0.00000000
vt 0.00000000 0.00000000
vt 0.00000000 0.00000000
vt 0.00000000 0.00000000
vt 0.00000000 0.00000000
vt 0.00000000 0.00000000
vt 0.00000000 0.00000000
vt 0.00000000 0.00000000
vt 0.00000000 0.00000000
vt 0.00000000 0.00000000
vt 0.00000000 0.00000000
vt 0.00000000 0.00000000
vt 0.00000000 0.00000000
vt 0.00000000 0.00000000
vt 0.00000000 0.00000000
vt 0.00000000 0.00000000
vt 0.00000000 0.00000000
vt 0.00000000 0.00000000
vt 0.00000000 0.00000000
vt 0.00000000 0.00000000
vt 0.00000000 0.00000000
vt 0.00000000 0.00000000
vt 0.00000000 0.00000000
vt 0.00000000 0.00000000
vt 0.00000000 0.00000000
vt 0.00000000 0.00000000
vt 0.00000000 0.00000000
vt 0.00000000 0.00000000
vt 0.00000000 0.00000000
vt 0.00000000 0.00000000
vt 0.00000000 0.00000000
vt 0.00000000 0.00000000
vt 0.00000000 0.00000000
vt 0.00000000 0.00000000
vt 0.00000000 0.00000000
vt 0.00000000 0.00000000
vt 0.00000000 0.00000000
vt 0.00000000 0.00000000
vt 0.00000000 0.00000000
vt 0.00000000 0.00000000
vt 0.00000000 0.00000000
vt 0.00000000 0.00000000
vt 0.00000000 0.00000000
vt 0.00000000 0.00000000
vt 0.00000000 0.00000000
vt 0.00000000 0.00000000
vt 0.00000000 0.00000000
vt 0.00000000 0.00000000
vt 0.00000000 0.00000000
vt 0.00000000 0.00000000
vt 0.00000000 0.00000000
vt 0.00000000 0.00000000
vt 0.00000000 0.00000000
vt 0.00000000 0.00000000
vt 0.00000000 0.00000000
vt 0.00000000 0.00000000
vt 0.00000000 0.00000000
vt 0.00000000 0.00000000
vt 0.00000000 0.00000000
vt 0.00000000 0.00000000
vt 0.00000000 0.00000000
vt 0.00000000 0.00000000
vt 0.00000000 0.00000000
vt 0.00000000 0.00000000
vt 0.00000000 0.00000000
vt 0.00000000 0.00000000
vt 0.00000000 0.00000000
vt 0.00000000 0.00000000
vt 0.00000000 0.00000000
vt 0.00000000 0.00000000
vt 0.00000000 0.00000000
vt 0.00000000 0.00000000
vt 0.00000000 0.00000000
vt 0.00000000 0.00000000
vt 0.00000000 0.00000000
vt 0.00000000 0.00000000
vt 0.00000000 0.00000000
vt 0.00000000 0.00000000
vt 0.00000000 0.00000000
vt 0.00000000 0.00000000
vt 0.00000000 0.00000000
vt 0.00000000 0.00000000
vt 0.00000000 0.00000000
vt 0.00000000 0.00000000
vt 0.00000000 0.00000000
vt 0.00000000 0.00000000
vt 0.00000000 0.00000000
vt 0.00000000 0.00000000
vt 0.00000000 0.00000000
vt 0.00000000 0.00000000
vt 0.00000000 0.00000000
vt 0.00000000 0.00000000
vt 0.00000000 0.00000000
vt 0.00000000 0.00000000
vt 0.00000000 0.00000000
vt 0.00000000 0.00000000
vt 0.00000000 0.00000000
vt 0.00000000 0.00000000
vt 0.00000000 0.00000000
vt 0.00000000 0.00000000
vt 0.00000000 0.00000000
vt 0.00000000 0.00000000
vt 0.00000000 0.00000000
vt 0.00000000 0.00000000
vt 0.00000000 0.00000000
vt 0.00000000 0.00000000
vt 0.00000000 0.00000000
vt 0.00000000 0.00000000
vt 0.00000000 0.00000000
vt 0.00000000 0.00000000
vt 0.00000000 0.00000000
vt 0.00000000 0.00000000
vt 0.00000000 0.00000000
vt 0.00000000 0.00000000
vt 0.00000000 0.00000000
vt 0.00000000 0.00000000
vt 0.00000000 0.00000000
vt 0.00000000 0.00000000
vt 0.00000000 0.00000000
vt 0.00000000 0.00000000
vt 0.00000000 0.00000000
vt 0.00000000 0.00000000
vt 0.00000000 0.00000000
vt 0.00000000 0.00000000
vt 0.00000000 0.00000000
vt 0.00000000 0.00000000
vt 0.00000000 0.00000000
vt 0.00000000 0.00000000
vt 0.00000000 0.00000000
vt 0.00000000 0.00000000
vt 0.00000000 0.00000000
vt 0.00000000 0.00000000
vt 0.00000000 0.00000000
vt 0.00000000 0.00000000
vt 0.00000000 0.00000000
vt 0.00000000 0.00000000
vt 0.00000000 0.00000000
vt 0.00000000 0.00000000
vt 0.00000000 0.00000000
vt 0.00000000 0.00000000
vt 0.00000000 0.00000000
vt 0.00000000 0.00000000
vt 0.00000000 0.00000000
vt 0.00000000 0.00000000
vt 0.00000000 0.00000000
vt 0.00000000 0.00000000
vt 0.00000000 0.00000000
vt 0.00000000 0.00000000
vt 0.00000000 0.00000000
vt 0.00000000 0.00000000
vt 0.00000000 0.00000000
vt 0.00000000 0.00000000
vt 0.00000000 0.00000000
vt 0.00000000 0.00000000
vt 0.00000000 0.00000000
vt 0.00000000 0.00000000
vt 0.00000000 0.00000000
vt 0.00000000 0.00000000
vt 0.00000000 0.00000000
vt 0.00000000 0.00000000
vt 0.00000000 0.00000000
vt 0.00000000 0.00000000
vt 0.00000000 0.00000000
vt 0.00000000 0.00000000
vt 0.00000000 0.00000000
vt 0.00000000 0.00000000
vt 0.00000000 0.00000000
vt 0.00000000 0.00000000
vt 0.00000000 0.00000000
vt 0.00000000 0.00000000
vt 0.00000000 0.00000000
vt 0.00000000 0.00000000
vt 0.00000000 0.00000000
vt 0.00000000 0.00000000
vt 0.00000000 0.00000000
vt 0.00000000 0.00000000
vt 0.00000000 0.00000000
vt 0.00000000 0.00000000
vt 0.00000000 0.00000000
vt 0.00000000 0.00000000
vt 0.00000000 0.00000000
vt 0.00000000 0.00000000
vt 0.00000000 0.00000000
vt 0.00000000 0.00000000
vt 0.00000000 0.00000000
vt 0.00000000 0.00000000
vt 0.00000000 0.00000000
vt 0.00000000 0.00000000
vt 0.00000000 0.00000000
vt 0.00000000 0.00000000
vt 0.00000000 0.00000000
vt 0.00000000 0.00000000
vt 0.00000000 0.00000000
vt 0.00000000 0.00000000
vt 0.00000000 0.00000000
vt 0.00000000 0.00000000
vt 0.00000000 0.00000000
vt 0.00000000 0.00000000
vt 0.00000000 0.00000000
vt 0.00000000 0.00000000
vt 0.00000000 0.00000000
vt 0.00000000 0.00000000
vt 0.00000000 0.00000000
vt 0.00000000 0.00000000
vt 0.00000000 0.00000000
vt 0.00000000 0.00000000
vt 0.00000000 0.00000000
vt 0.00000000 0.00000000
vt 0.00000000 0.00000000
vt 0.00000000 0.00000000
vt 0.00000000 0.00000000
vt 0.00000000 0.00000000
vt 0.00000000 0.00000000
vt 0.00000000 0.00000000
vt 0.00000000 0.00000000
vt 0.00000000 0.00000000
vt 0.00000000 0.00000000
vt 0.00000000 0.00000000
vt 0.00000000 0.00000000
vt 0.00000000 0.00000000
vt 0.00000000 0.00000000
vt 0.00000000 0.00000000
vt 0.00000000 0.00000000
vt 0.00000000 0.00000000
vt 0.00000000 0.00000000
vt 0.00000000 0.00000000
vt 0.00000000 0.00000000
vt 0.00000000 0.00000000
vt 0.00000000 0.00000000
vt 0.00000000 0.00000000
vt 0.00000000 0.00000000
vt 0.00000000 0.00000000
vt 0.00000000 0.00000000
vt 0.00000000 0.00000000
vt 0.00000000 0.00000000
vt 0.00000000 0.00000000
vt 0.00000000 0.00000000
vt 0.00000000 0.00000000
vt 0.00000000 0.00000000
vt 0.00000000 0.00000000
vt 0.00000000 0.00000000
vt 0.00000000 0.00000000
vt 0.00000000 0.00000000
vt 0.00000000 0.00000000
vt 0.00000000 0.00000000
vt 0.00000000 0.00000000
vt 0.00000000 0.00000000
vt 0.00000000 0.00000000
vt 0.00000000 0.00000000
vt 0.00000000 0.00000000
vt 0.00000000 0.00000000
vt 0.00000000 0.00000000
vt 0.00000000 0.00000000
vt 0.00000000 0.00000000
vt 0.00000000 0.00000000
vt 0.00000000 0.00000000
vt 0.00000000 0.00000000
vt 0.00000000 0.00000000
vt 0.00000000 0.00000000
vt 0.00000000 0.00000000
vt 0.00000000 0.00000000
vt 0.00000000 0.00000000
vt 0.00000000 0.00000000
vt 0.00000000 0.00000000
vt 0.00000000 0.00000000
vt 0.00000000 0.00000000
vt 0.00000000 0.00000000
vt 0.00000000 0.00000000
vt 0.00000000 0.00000000
vt 0.00000000 0.00000000
vt 0.00000000 0.00000000
vt 0.00000000 0.00000000
vt 0.00000000 0.00000000
vt 0.00000000 0.00000000
vt 0.00000000 0.00000000
vt 0.00000000 0.00000000
vt 0.00000000 0.00000000
vt 0.00000000 0.00000000
vt 0.00000000 0.00000000
vt 0.00000000 0.00000000
vt 0.00000000 0.00000000
vt 0.00000000 0.00000000
vt 0.00000000 0.00000000
vt 0.00000000 0.00000000
vt 0.00000000 0.00000000
vt 0.00000000 0.00000000
vt 0.00000000 0.00000000
vt 0.00000000 0.00000000
vt 0.00000000 0.00000000
vt 0.00000000 0.00000000
vt 0.00000000 0.00000000
vt 0.00000000 0.00000000
vt 0.00000000 0.00000000
vt 0.00000000 0.00000000
vt 0.00000000 0.00000000
vt 0.00000000 0.00000000
vt 0.00000000 0.00000000
vt 0.00000000 0.00000000
vt 0.00000000 0.00000000
vt 0.00000000 0.00000000
vt 0.00000000 0.00000000
vt 0.00000000 0.00000000
vt 0.00000000 0.00000000
vt 0.00000000 0.00000000
vt 0.00000000 0.00000000
vt 0.00000000 0.00000000
vt 0.00000000 0.00000000
vt 0.00000000 0.00000000
vt 0.00000000 0.00000000
vt 0.00000000 0.00000000
vt 0.00000000 0.00000000
vt 0.00000000 0.00000000
vt 0.00000000 0.00000000
vt 0.00000000 0.00000000
vt 0.00000000 0.00000000
vt 0.00000000 0.00000000
vt 0.00000000 0.00000000
vt 0.00000000 0.00000000
vt 0.00000000 0.00000000
vt 0.00000000 0.00000000
vt 0.00000000 0.00000000
vt 0.00000000 0.00000000
vt 0.00000000 0.00000000
vt 0.00000000 0.00000000
vt 0.00000000 0.00000000
vt 0.00000000 0.00000000
vt 0.00000000 0.00000000
vt 0.00000000 0.00000000
vt 0.00000000 0.00000000
vt 0.00000000 0.00000000
vt 0.00000000 0.00000000
vt 0.00000000 0.00000000
vt 0.00000000 0.00000000
vt 0.00000000 0.00000000
vt 0.00000000 0.00000000
vt 0.00000000 0.00000000
vt 0.00000000 0.00000000
vt 0.00000000 0.00000000
vt 0.00000000 0.00000000
vt 0.00000000 0.00000000
vt 0.00000000 0.00000000
vt 0.00000000 0.00000000
vt 0.00000000 0.00000000
vt 0.00000000 0.00000000
vt 0.00000000 0.00000000
vt 0.00000000 0.00000000
vt 0.00000000 0.00000000
vt 0.00000000 0.00000000
vt 0.00000000 0.00000000
vt 0.00000000 0.00000000
vt 0.00000000 0.00000000
vt 0.00000000 0.00000000
vt 0.00000000 0.00000000
vt 0.00000000 0.00000000
vt 0.00000000 0.00000000
vt 0.00000000 0.00000000
vt 0.00000000 0.00000000
vt 0.00000000 0.00000000
vt 0.00000000 0.00000000
vt 0.00000000 0.00000000
vt 0.00000000 0.00000000
vt 0.00000000 0.00000000
vt 0.00000000 0.00000000
vt 0.00000000 0.00000000
vt 0.00000000 0.00000000
vt 0.00000000 0.00000000
vt 0.00000000 0.00000000
vt 0.00000000 0.00000000
vt 0.00000000 0.00000000
vt 0.00000000 0.00000000
vt 0.00000000 0.00000000
vt 0.00000000 0.00000000
vt 0.00000000 0.00000000
vt 0.00000000 0.00000000
vt 0.00000000 0.00000000
vt 0.00000000 0.00000000
vt 0.00000000 0.00000000
vt 0.00000000 0.00000000
vt 0.00000000 0.00000000
vt 0.00000000 0.00000000
vt 0.00000000 0.00000000
vt 0.00000000 0.00000000
vt 0.00000000 0.00000000
vt 0.00000000 0.00000000
vt 0.00000000 0.00000000
vt 0.00000000 0.00000000
vt 0.00000000 0.00000000
vt 0.00000000 0.00000000
vt 0.00000000 0.00000000
vt 0.00000000 0.00000000
vt 0.00000000 0.00000000
vt 0.00000000 0.00000000
vt 0.00000000 0.00000000
vt 0.00000000 0.00000000
vt 0.00000000 0.00000000
vt 0.00000000 0.00000000
vt 0.00000000 0.00000000
vt 0.00000000 0.00000000
vt 0.00000000 0.00000000
vt 0.00000000 0.00000000
vt 0.00000000 0.00000000
vt 0.00000000 0.00000000
vt 0.00000000 0.00000000
vt 0.00000000 0.00000000
vt 0.00000000 0.00000000
vt 0.00000000 0.00000000
vt 0.00000000 0.00000000
vt 0.00000000 0.00000000
vt 0.00000000 0.00000000
vt 0.00000000 0.00000000
vt 0.00000000 0.00000000
vt 0.00000000 0.00000000
vt 0.00000000 0.00000000
vt 0.00000000 0.00000000
vt 0.00000000 0.00000000
vt 0.00000000 0.00000000
vt 0.00000000 0.00000000
vt 0.00000000 0.00000000
vt 0.00000000 0.00000000
vt 0.00000000 0.00000000
vt 0.00000000 0.00000000
vt 0.00000000 0.00000000
vt 0.00000000 0.00000000
vt 0.00000000 0.00000000
vt 0.00000000 0.00000000
vt 0.00000000 0.00000000
vt 0.00000000 0.00000000
vt 0.00000000 0.00000000
vt 0.00000000 0.00000000
vt 0.00000000 0.00000000
vt 0.00000000 0.00000000
vt 0.00000000 0.00000000
vt 0.00000000 0.00000000
vt 0.00000000 0.00000000
vt 0.00000000 0.00000000
vt 0.00000000 0.00000000
vt 0.00000000 0.00000000
vt 0.00000000 0.00000000
vt 0.00000000 0.00000000
vt 0.00000000 0.00000000
vt 0.00000000 0.00000000
vt 0.00000000 0.00000000
vt 0.00000000 0.00000000
vt 0.00000000 0.00000000
vt 0.00000000 0.00000000
vt 0.00000000 0.00000000
vt 0.00000000 0.00000000
vt 0.00000000 0.00000000
vt 0.00000000 0.00000000
vt 0.00000000 0.00000000
vt 0.00000000 0.00000000
vt 0.00000000 0.00000000
vt 0.00000000 0.00000000
vt 0.00000000 0.00000000
vt 0.00000000 0.00000000
vt 0.00000000 0.00000000
vt 0.00000000 0.00000000
vt 0.00000000 0.00000000
vt 0.00000000 0.00000000
vt 0.00000000 0.00000000
vt 0.00000000 0.00000000
vt 0.00000000 0.00000000
vt 0.00000000 0.00000000
vt 0.00000000 0.00000000
vt 0.00000000 0.00000000
vt 0.00000000 0.00000000
vt 0.00000000 0.00000000
vt 0.00000000 0.00000000
vt 0.00000000 0.00000000
vt 0.00000000 0.00000000
vt 0.00000000 0.00000000
vt 0.00000000 0.00000000
vt 0.00000000 0.00000000
vt 0.00000000 0.00000000
vt 0.00000000 0.00000000
vt 0.00000000 0.00000000
vt 0.00000000 0.00000000
vt 0.00000000 0.00000000
vt 0.00000000 0.00000000
vt 0.00000000 0.00000000
vt 0.00000000 0.00000000
vt 0.00000000 0.00000000
vt 0.00000000 0.00000000
vt 0.00000000 0.00000000
vt 0.00000000 0.00000000
vt 0.00000000 0.00000000
vt 0.00000000 0.00000000
vt 0.00000000 0.00000000
vt 0.00000000 0.00000000
vt 0.00000000 0.00000000
vt 0.00000000 0.00000000
vt 0.00000000 0.00000000
vt 0.00000000 0.00000000
vt 0.00000000 0.00000000
vt 0.00000000 0.00000000
vt 0.00000000 0.00000000
vt 0.00000000 0.00000000
vt 0.00000000 0.00000000
vt 0.00000000 0.00000000
vt 0.00000000 0.00000000
vt 0.00000000 0.00000000
vt 0.00000000 0.00000000
vt 0.00000000 0.00000000
vt 0.00000000 0.00000000
vt 0.00000000 0.00000000
vt 0.00000000 0.00000000
vt 0.00000000 0.00000000
vt 0.00000000 0.00000000
vt 0.00000000 0.00000000
vt 0.00000000 0.00000000
vt 0.00000000 0.00000000
vt 0.00000000 0.00000000
vt 0.00000000 0.00000000
vt 0.00000000 0.00000000
vt 0.00000000 0.00000000
vt 0.00000000 0.00000000
vt 0.00000000 0.00000000
vt 0.00000000 0.00000000
vt 0.00000000 0.00000000
vt 0.00000000 0.00000000
vt 0.00000000 0.00000000
vt 0.00000000 0.00000000
vt 0.00000000 0.00000000
vt 0.00000000 0.00000000
vt 0.00000000 0.00000000
vt 0.00000000 0.00000000
vt 0.00000000 0.00000000
vt 0.00000000 0.00000000
vt 0.00000000 0.00000000
vt 0.00000000 0.00000000
vt 0.00000000 0.00000000
vt 0.00000000 0.00000000
vt 0.00000000 0.00000000
vt 0.00000000 0.00000000
vt 0.00000000 0.00000000
vt 0.00000000 0.00000000
vt 0.00000000 0.00000000
vt 0.00000000 0.00000000
vt 0.00000000 0.00000000
vt 0.00000000 0.00000000
vt 0.00000000 0.00000000
vt 0.00000000 0.00000000
vt 0.00000000 0.00000000
vt 0.00000000 0.00000000
vt 0.00000000 0.00000000
vt 0.00000000 0.00000000
vt 0.00000000 0.00000000
vt 0.00000000 0.00000000
vt 0.00000000 0.00000000
vt 0.00000000 0.00000000
vt 0.00000000 0.00000000
vt 0.00000000 0.00000000
vt 0.00000000 0.00000000
vt 0.00000000 0.00000000
vt 0.00000000 0.00000000
vt 0.00000000 0.00000000
vt 0.00000000 0.00000000
vt 0.00000000 0.00000000
vt 0.00000000 0.00000000
vt 0.00000000 0.00000000
vt 0.00000000 0.00000000
vt 0.00000000 0.00000000
vt 0.00000000 0.00000000
vt 0.00000000 0.00000000
vt 0.00000000 0.00000000
vt 0.00000000 0.00000000
vt 0.00000000 0.00000000
vt 0.00000000 0.00000000
vt 0.00000000 0.00000000
vt 0.00000000 0.00000000
vt 0.00000000 0.00000000
vt 0.00000000 0.00000000
vt 0.00000000 0.00000000
vt 0.00000000 0.00000000
vt 0.00000000 0.00000000
vt 0.00000000 0.00000000
vt 0.00000000 0.00000000
vt 0.00000000 0.00000000
vt 0.00000000 0.00000000
vt 0.00000000 0.00000000
vt 0.00000000 0.00000000
vt 0.00000000 0.00000000
vt 0.00000000 0.00000000
vt 0.00000000 0.00000000
vt 0.00000000 0.00000000
vt 0.00000000 0.00000000
vt 0.00000000 0.00000000
vt 0.00000000 0.00000000
vt 0.00000000 0.00000000
vt 0.00000000 0.00000000
vt 0.00000000 0.00000000
vt 0.00000000 0.00000000
vt 0.00000000 0.00000000
vt 0.00000000 0.00000000
vt 0.00000000 0.00000000
vt 0.00000000 0.00000000
vt 0.00000000 0.00000000
vt 0.00000000 0.00000000
vt 0.00000000 0.00000000
vt 0.00000000 0.00000000
vt 0.00000000 0.00000000
vt 0.00000000 0.00000000
vt 0.00000000 0.00000000
vt 0.00000000 0.00000000
vt 0.00000000 0.00000000
vt 0.00000000 0.00000000
vt 0.00000000 0.00000000
vt 0.00000000 0.00000000
vt 0.00000000 0.00000000
vt 0.00000000 0.00000000
vt 0.00000000 0.00000000
vt 0.00000000 0.00000000
vt 0.00000000 0.00000000
vt 0.00000000 0.00000000
vt 0.00000000 0.00000000
vt 0.00000000 0.00000000
vt 0.00000000 0.00000000
vt 0.00000000 0.00000000
vt 0.00000000 0.00000000
vt 0.00000000 0.00000000
vt 0.00000000 0.00000000
vt 0.00000000 0.00000000
vt 0.00000000 0.00000000
vt 0.00000000 0.00000000
vt 0.00000000 0.00000000
vt 0.00000000 0.00000000
vt 0.00000000 0.00000000
vt 0.00000000 0.00000000
vt 0.00000000 0.00000000
vt 0.00000000 0.00000000
vt 0.00000000 0.00000000
vt 0.00000000 0.00000000
vt 0.00000000 0.00000000
vt 0.00000000 0.00000000
vt 0.00000000 0.00000000
vt 0.00000000 0.00000000
vt 0.00000000 0.00000000
vt 0.00000000 0.00000000
vt 0.00000000 0.00000000
vt 0.00000000 0.00000000
vt 0.00000000 0.00000000
vt 0.00000000 0.00000000
vt 0.00000000 0.00000000
vt 0.00000000 0.00000000
vt 0.00000000 0.00000000
vt 0.00000000 0.00000000
vt 0.00000000 0.00000000
vt 0.00000000 0.00000000
vt 0.00000000 0.00000000
vt 0.00000000 0.00000000
vt 0.00000000 0.00000000
vt 0.00000000 0.00000000
vt 0.00000000 0.00000000
vt 0.00000000 0.00000000
vt 0.00000000 0.00000000
vt 0.00000000 0.00000000
vt 0.00000000 0.00000000
vt 0.00000000 0.00000000
vt 0.00000000 0.00000000
vt 0.00000000 0.00000000
vt 0.00000000 0.00000000
vt 0.00000000 0.00000000
vt 0.00000000 0.00000000
vt 0.00000000 0.00000000
vt 0.00000000 0.00000000
vt 0.00000000 0.00000000
vt 0.00000000 0.00000000
vt 0.00000000 0.00000000
vt 0.00000000 0.00000000
vt 0.00000000 0.00000000
vt 0.00000000 0.00000000
vt 0.00000000 0.00000000
vt 0.00000000 0.00000000
vt 0.00000000 0.00000000
vt 0.00000000 0.00000000
vt 0.00000000 0.00000000
vt 0.00000000 0.00000000
vt 0.00000000 0.00000000
vt 0.00000000 0.00000000
vt 0.00000000 0.00000000
vt 0.00000000 0.00000000
vt 0.00000000 0.00000000
vt 0.00000000 0.00000000
vt 0.00000000 0.00000000
vt 0.00000000 0.00000000
vt 0.00000000 0.00000000
vt 0.00000000 0.00000000
vt 0.00000000 0.00000000
vt 0.00000000 0.00000000
vt 0.00000000 0.00000000
vt 0.00000000 0.00000000
vt 0.00000000 0.00000000
vt 0.00000000 0.00000000
vt 0.00000000 0.00000000
vt 0.00000000 0.00000000
vt 0.00000000 0.00000000
vt 0.00000000 0.00000000
vt 0.00000000 0.00000000
vt 0.00000000 0.00000000
vt 0.00000000 0.00000000
vt 0.00000000 0.00000000
vt 0.00000000 0.00000000
vt 0.00000000 0.00000000
vt 0.00000000 0.00000000
vt 0.00000000 0.00000000
vt 0.00000000 0.00000000
vt 0.00000000 0.00000000
vt 0.00000000 0.00000000
vt 0.00000000 0.00000000
vt 0.00000000 0.00000000
vt 0.00000000 0.00000000
vt 0.00000000 0.00000000
vt 0.00000000 0.00000000
vt 0.00000000 0.00000000
vt 0.00000000 0.00000000
vt 0.00000000 0.00000000
vt 0.00000000 0.00000000
vt 0.00000000 0.00000000
vt 0.00000000 0.00000000
vt 0.00000000 0.00000000
vt 0.00000000 0.00000000
vt 0.00000000 0.00000000
vt 0.00000000 0.00000000
vt 0.00000000 0.00000000
vt 0.00000000 0.00000000
vt 0.00000000 0.00000000
vt 0.00000000 0.00000000
vt 0.00000000 0.00000000
vt 0.00000000 0.00000000
vt 0.00000000 0.00000000
vt 0.00000000 0.00000000
vt 0.00000000 0.00000000
vt 0.00000000 0.00000000
vt 0.00000000 0.00000000
vt 0.00000000 0.00000000
vt 0.00000000 0.00000000
vt 0.00000000 0.00000000
vt 0.00000000 0.00000000
vt 0.00000000 0.00000000
vt 0.00000000 0.00000000
vt 0.00000000 0.00000000
vt 0.00000000 0.00000000
vt 0.00000000 0.00000000
vt 0.00000000 0.00000000
vt 0.00000000 0.00000000
vt 0.00000000 0.00000000
vt 0.00000000 0.00000000
vt 0.00000000 0.00000000
vt 0.00000000 0.00000000
vt 0.00000000 0.00000000
vt 0.00000000 0.00000000
vt 0.00000000 0.00000000
vt 0.00000000 0.00000000
vt 0.00000000 0.00000000
vt 0.00000000 0.00000000
vt 0.00000000 0.00000000
vt 0.00000000 0.00000000
vt 0.00000000 0.00000000
vt 0.00000000 0.00000000
vt 0.00000000 0.00000000
vt 0.00000000 0.00000000
vt 0.00000000 0.00000000
vt 0.00000000 0.00000000
vt 0.00000000 0.00000000
vt 0.00000000 0.00000000
vt 0.00000000 0.00000000
vt 0.00000000 0.00000000
vt 0.00000000 0.00000000
vt 0.00000000 0.00000000
vt 0.00000000 0.00000000
vt 0.00000000 0.00000000
vt 0.00000000 0.00000000
vt 0.00000000 0.00000000
vt 0.00000000 0.00000000
vt 0.00000000 0.00000000
vt 0.00000000 0.00000000
vt 0.00000000 0.00000000
vt 0.00000000 0.00000000
vt 0.00000000 0.00000000
vt 0.00000000 0.00000000
vt 0.00000000 0.00000000
vt 0.00000000 0.00000000
vt 0.00000000 0.00000000
vt 0.00000000 0.00000000
vt 0.00000000 0.00000000
vt 0.00000000 0.00000000
vt 0.00000000 0.00000000
vt 0.00000000 0.00000000
vt 0.00000000 0.00000000
vt 0.00000000 0.00000000
vt 0.00000000 0.00000000
vt 0.00000000 0.00000000
vt 0.00000000 0.00000000
vt 0.00000000 0.00000000
vt 0.00000000 0.00000000
vt 0.00000000 0.00000000
vt 0.00000000 0.00000000
vt 0.00000000 0.00000000
vt 0.00000000 0.00000000
vt 0.00000000 0.00000000
vt 0.00000000 0.00000000
vt 0.00000000 0.00000000
vt 0.00000000 0.00000000
vt 0.00000000 0.00000000
vt 0.00000000 0.00000000
vt 0.00000000 0.00000000
vt 0.00000000 0.00000000
vt 0.00000000 0.00000000
vt 0.00000000 0.00000000
vt 0.00000000 0.00000000
vt 0.00000000 0.00000000
vt 0.00000000 0.00000000
vt 0.00000000 0.00000000
vt 0.00000000 0.00000000
vt 0.00000000 0.00000000
vt 0.00000000 0.00000000
vt 0.00000000 0.00000000
vt 0.00000000 0.00000000
vt 0.00000000 0.00000000
vt 0.00000000 0.00000000
vt 0.00000000 0.00000000
vt 0.00000000 0.00000000
vt 0.00000000 0.00000000
vt 0.00000000 0.00000000
vt 0.00000000 0.00000000
vt 0.00000000 0.00000000
vt 0.00000000 0.00000000
vt 0.00000000 0.00000000
vt 0.00000000 0.00000000
vt 0.00000000 0.00000000
vt 0.00000000 0.00000000
vt 0.00000000 0.00000000
vt 0.00000000 0.00000000
vt 0.00000000 0.00000000
vt 0.00000000 0.00000000
vt 0.00000000 0.00000000
vt 0.00000000 0.00000000
vt 0.00000000 0.00000000
vt 0.00000000 0.00000000
vt 0.00000000 0.00000000
vt 0.00000000 0.00000000
vt 0.00000000 0.00000000
vt 0.00000000 0.00000000
vt 0.00000000 0.00000000
vt 0.00000000 0.00000000
vt 0.00000000 0.00000000
vt 0.00000000 0.00000000
vt 0.00000000 0.00000000
vt 0.00000000 0.00000000
vt 0.00000000 0.00000000
vt 0.00000000 0.00000000
vt 0.00000000 0.00000000
vt 0.00000000 0.00000000
vt 0.00000000 0.00000000
vt 0.00000000 0.00000000
vt 0.00000000 0.00000000
vt 0.00000000 0.00000000
vt 0.00000000 0.00000000
vt 0.00000000 0.00000000
vt 0.00000000 0.00000000
vt 0.00000000 0.00000000
vt 0.00000000 0.00000000
vt 0.00000000 0.00000000
vt 0.00000000 0.00000000
vt 0.00000000 0.00000000
vt 0.00000000 0.00000000
vt 0.00000000 0.00000000
vt 0.00000000 0.00000000
vt 0.00000000 0.00000000
vt 0.00000000 0.00000000
vt 0.00000000 0.00000000
vt 0.00000000 0.00000000
vt 0.00000000 0.00000000
vt 0.00000000 0.00000000
vt 0.00000000 0.00000000
vt 0.00000000 0.00000000
vt 0.00000000 0.00000000
vt 0.00000000 0.00000000
vt 0.00000000 0.00000000
vt 0.00000000 0.00000000
vt 0.00000000 0.00000000
vt 0.00000000 0.00000000
vt 0.00000000 0.00000000
vt 0.00000000 0.00000000
vt 0.00000000 0.00000000
vt 0.00000000 0.00000000
vt 0.00000000 0.00000000
vt 0.00000000 0.00000000
vt 0.00000000 0.00000000
vt 0.00000000 0.00000000
vt 0.00000000 0.00000000
vt 0.00000000 0.00000000
vt 0.00000000 0.00000000
vt 0.00000000 0.00000000
vt 0.00000000 0.00000000
vt 0.00000000 0.00000000
vt 0.00000000 0.00000000
vt 0.00000000 0.00000000
vt 0.00000000 0.00000000
vt 0.00000000 0.00000000
vt 0.00000000 0.00000000
vt 0.00000000 0.00000000
vt 0.00000000 0.00000000
vt 0.00000000 0.00000000
vt 0.00000000 0.00000000
vt 0.00000000 0.00000000
vt 0.00000000 0.00000000
vt 0.00000000 0.00000000
vt 0.00000000 0.00000000
vt 0.00000000 0.00000000
vt 0.00000000 0.00000000
vt 0.00000000 0.00000000
vt 0.00000000 0.00000000
vt 0.00000000 0.00000000
vt 0.00000000 0.00000000
vt 0.00000000 0.00000000
vt 0.00000000 0.00000000
vt 0.00000000 0.00000000
vt 0.00000000 0.00000000
vt 0.00000000 0.00000000
vt 0.00000000 0.00000000
vt 0.00000000 0.00000000
vt 0.00000000 0.00000000
vt 0.00000000 0.00000000
vt 0.00000000 0.00000000
vt 0.00000000 0.00000000
vt 0.00000000 0.00000000
vt 0.00000000 0.00000000
vt 0.00000000 0.00000000
vt 0.00000000 0.00000000
vt 0.00000000 0.00000000
vt 0.00000000 0.00000000
vt 0.00000000 0.00000000
vt 0.00000000 0.00000000
vt 0.00000000 0.00000000
vt 0.00000000 0.00000000
vt 0.00000000 0.00000000
vt 0.00000000 0.00000000
vt 0.00000000 0.00000000
vt 0.00000000 0.00000000
vt 0.00000000 0.00000000
vt 0.00000000 0.00000000
vt 0.00000000 0.00000000
vt 0.00000000 0.00000000
vt 0.00000000 0.00000000
vt 0.00000000 0.00000000
vt 0.00000000 0.00000000
vt 0.00000000 0.00000000
vt 0.00000000 0.00000000
vt 0.00000000 0.00000000
vt 0.00000000 0.00000000
vt 0.00000000 0.00000000
vt 0.00000000 0.00000000
vt 0.00000000 0.00000000
vt 0.00000000 0.00000000
vt 0.00000000 0.00000000
vt 0.00000000 0.00000000
vt 0.00000000 0.00000000
vt 0.00000000 0.00000000
vt 0.00000000 0.00000000
vt 0.00000000 0.00000000
vt 0.00000000 0.00000000
vt 0.00000000 0.00000000
vt 0.00000000 0.00000000
vt 0.00000000 0.00000000
vt 0.00000000 0.00000000
vt 0.00000000 0.00000000
vt 0.00000000 0.00000000
vt 0.00000000 0.00000000
vt 0.00000000 0.00000000
vt 0.00000000 0.00000000
vt 0.00000000 0.00000000
vt 0.00000000 0.00000000
vt 0.00000000 0.00000000
vt 0.00000000 0.00000000
vt 0.00000000 0.00000000
vt 0.00000000 0.00000000
vt 0.00000000 0.00000000
vt 0.00000000 0.00000000
vt 0.00000000 0.00000000
vt 0.00000000 0.00000000
vt 0.00000000 0.00000000
vt 0.00000000 0.00000000
vt 0.00000000 0.00000000
vt 0.00000000 0.00000000
vt 0.00000000 0.00000000
vt 0.00000000 0.00000000
vt 0.00000000 0.00000000
vt 0.00000000 0.00000000
vt 0.00000000 0.00000000
vt 0.00000000 0.00000000
vt 0.00000000 0.00000000
vt 0.00000000 0.00000000
vt 0.00000000 0.00000000
vt 0.00000000 0.00000000
vt 0.00000000 0.00000000
vt 0.00000000 0.00000000
vt 0.00000000 0.00000000
vt 0.00000000 0.00000000
vt 0.00000000 0.00000000
vt 0.00000000 0.00000000
vt 0.00000000 0.00000000
vt 0.00000000 0.00000000
vt 0.00000000 0.00000000
vt 0.00000000 0.00000000
vt 0.00000000 0.00000000
vt 0.00000000 0.00000000
vt 0.00000000 0.00000000
vt 0.00000000 0.00000000
vt 0.00000000 0.00000000
vt 0.00000000 0.00000000
vt 0.00000000 0.00000000
vt 0.00000000 0.00000000
vt 0.00000000 0.00000000
vt 0.00000000 0.00000000
vt 0.00000000 0.00000000
vt 0.00000000 0.00000000
vt 0.00000000 0.00000000
vt 0.00000000 0.00000000
vt 0.00000000 0.00000000
vt 0.00000000 0.00000000
vt 0.00000000 0.00000000
vt 0.00000000 0.00000000
vt 0.00000000 0.00000000
vt 0.00000000 0.00000000
vt 0.00000000 0.00000000
vt 0.00000000 0.00000000
vt 0.00000000 0.00000000
vt 0.00000000 0.00000000
vt 0.00000000 0.00000000
vt 0.00000000 0.00000000
vt 0.00000000 0.00000000
vt 0.00000000 0.00000000
vt 0.00000000 0.00000000
vt 0.00000000 0.00000000
vt 0.00000000 0.00000000
vt 0.00000000 0.00000000
vt 0.00000000 0.00000000
vt 0.00000000 0.00000000
vt 0.00000000 0.00000000
vt 0.00000000 0.00000000
vt 0.00000000 0.00000000
vt 0.00000000 0.00000000
vt 0.00000000 0.00000000
vt 0.00000000 0.00000000
vt 0.00000000 0.00000000
vt 0.00000000 0.00000000
vt 0.00000000 0.00000000
vt 0.00000000 0.00000000
vt 0.00000000 0.00000000
vt 0.00000000 0.00000000
vt 0.00000000 0.00000000
vt 0.00000000 0.00000000
vt 0.00000000 0.00000000
vt 0.00000000 0.00000000
vt 0.00000000 0.00000000
vt 0.00000000 0.00000000
vt 0.00000000 0.00000000
vt 0.00000000 0.00000000
vt 0.00000000 0.00000000
vt 0.00000000 0.00000000
vt 0.00000000 0.00000000
vt 0.00000000 0.00000000
vt 0.00000000 0.00000000
vt 0.00000000 0.00000000
vt 0.00000000 0.00000000
vt 0.00000000 0.00000000
vt 0.00000000 0.00000000
vt 0.00000000 0.00000000
vt 0.00000000 0.00000000
vt 0.00000000 0.00000000
vt 0.00000000 0.00000000
vt 0.00000000 0.00000000
vt 0.00000000 0.00000000
vt 0.00000000 0.00000000
vt 0.00000000 0.00000000
vt 0.00000000 0.00000000
vt 0.00000000 0.00000000
vt 0.00000000 0.00000000
vt 0.00000000 0.00000000
vt 0.00000000 0.00000000
vt 0.00000000 0.00000000
vt 0.00000000 0.00000000
vt 0.00000000 0.00000000
vt 0.00000000 0.00000000
vt 0.00000000 0.00000000
vt 0.00000000 0.00000000
vt 0.00000000 0.00000000
vt 0.00000000 0.00000000
vt 0.00000000 0.00000000
vt 0.00000000 0.00000000
vt 0.00000000 0.00000000
vt 0.00000000 0.00000000
vt 0.00000000 0.00000000
vt 0.00000000 0.00000000
vt 0.00000000 0.00000000
vt 0.00000000 0.00000000
vt 0.00000000 0.00000000
vt 0.00000000 0.00000000
vt 0.00000000 0.00000000
vt 0.00000000 0.00000000
vt 0.00000000 0.00000000
vt 0.00000000 0.00000000
vt 0.00000000 0.00000000
vt 0.00000000 0.00000000
vt 0.00000000 0.00000000
vt 0.00000000 0.00000000
vt 0.00000000 0.00000000
vt 0.00000000 0.00000000
vt 0.00000000 0.00000000
vt 0.00000000 0.00000000
vt 0.00000000 0.00000000
vt 0.00000000 0.00000000
vt 0.00000000 0.00000000
vt 0.00000000 0.00000000
vt 0.00000000 0.00000000
vt 0.00000000 0.00000000
vt 0.00000000 0.00000000
vt 0.00000000 0.00000000
vt 0.00000000 0.00000000
vt 0.00000000 0.00000000
vt 0.00000000 0.00000000
vt 0.00000000 0.00000000
vt 0.00000000 0.00000000
vt 0.00000000 0.00000000
vt 0.00000000 0.00000000
vt 0.00000000 0.00000000
vt 0.00000000 0.00000000
vt 0.00000000 0.00000000
vt 0.00000000 0.00000000
vt 0.00000000 0.00000000
vt 0.00000000 0.00000000
vt 0.00000000 0.00000000
vt 0.00000000 0.00000000
vt 0.00000000 0.00000000
vt 0.00000000 0.00000000
vt 0.00000000 0.00000000
vt 0.00000000 0.00000000
vt 0.00000000 0.00000000
vt 0.00000000 0.00000000
vt 0.00000000 0.00000000
vt 0.00000000 0.00000000
vt 0.00000000 0.00000000
vt 0.00000000 0.00000000
vt 0.00000000 0.00000000
vt 0.00000000 0.00000000
vt 0.00000000 0.00000000
vt 0.00000000 0.00000000
vt 0.00000000 0.00000000
vt 0.00000000 0.00000000
vt 0.00000000 0.00000000
vt 0.00000000 0.00000000
vt 0.00000000 0.00000000
vt 0.00000000 0.00000000
vt 0.00000000 0.00000000
vt 0.00000000 0.00000000
vt 0.00000000 0.00000000
vt 0.00000000 0.00000000
vt 0.00000000 0.00000000
vt 0.00000000 0.00000000
vt 0.00000000 0.00000000
vt 0.00000000 0.00000000
vt 0.00000000 0.00000000
vt 0.00000000 0.00000000
vt 0.00000000 0.00000000
vt 0.00000000 0.00000000
vt 0.00000000 0.00000000
vt 0.00000000 0.00000000
vt 0.00000000 0.00000000
vt 0.00000000 0.00000000
vt 0.00000000 0.00000000
vt 0.00000000 0.00000000
vt 0.00000000 0.00000000
vt 0.00000000 0.00000000
vt 0.00000000 0.00000000
vt 0.00000000 0.00000000
vt 0.00000000 0.00000000
vt 0.00000000 0.00000000
vt 0.00000000 0.00000000
vt 0.00000000 0.00000000
vt 0.00000000 0.00000000
vt 0.00000000 0.00000000
vt 0.00000000 0.00000000
vt 0.00000000 0.00000000
vt 0.00000000 0.00000000
vt 0.00000000 0.00000000
vt 0.00000000 0.00000000
vt 0.00000000 0.00000000
vt 0.00000000 0.00000000
vt 0.00000000 0.00000000
vt 0.00000000 0.00000000
vt 0.00000000 0.00000000
vt 0.00000000 0.00000000
vt 0.00000000 0.00000000
vt 0.00000000 0.00000000
vt 0.00000000 0.00000000
vt 0.00000000 0.00000000
vt 0.00000000 0.00000000
vt 0.00000000 0.00000000
vt 0.00000000 0.00000000
vt 0.00000000 0.00000000
vt 0.00000000 0.00000000
vt 0.00000000 0.00000000
vt 0.00000000 0.00000000
vt 0.00000000 0.00000000
vt 0.00000000 0.00000000
vt 0.00000000 0.00000000
vt 0.00000000 0.00000000
vt 0.00000000 0.00000000
vt 0.00000000 0.00000000
vt 0.00000000 0.00000000
vt 0.00000000 0.00000000
vt 0.00000000 0.00000000
vt 0.00000000 0.00000000
vt 0.00000000 0.00000000
vt 0.00000000 0.00000000
vt 0.00000000 0.00000000
vt 0.00000000 0.00000000
vt 0.00000000 0.00000000
vt 0.00000000 0.00000000
vt 0.00000000 0.00000000
vt 0.00000000 0.00000000
vt 0.00000000 0.00000000
vt 0.00000000 0.00000000
vt 0.00000000 0.00000000
vt 0.00000000 0.00000000
vt 0.00000000 0.00000000
vt 0.00000000 0.00000000
vt 0.00000000 0.00000000
vt 0.00000000 0.00000000
vt 0.00000000 0.00000000
vt 0.00000000 0.00000000
vt 0.00000000 0.00000000
vt 0.00000000 0.00000000
vt 0.00000000 0.00000000
vt 0.00000000 0.00000000
vt 0.00000000 0.00000000
vt 0.00000000 0.00000000
vt 0.00000000 0.00000000
vt 0.00000000 0.00000000
vt 0.00000000 0.00000000
vt 0.00000000 0.00000000
vt 0.00000000 0.00000000
vt 0.00000000 0.00000000
vt 0.00000000 0.00000000
vt 0.00000000 0.00000000
vt 0.00000000 0.00000000
vt 0.00000000 0.00000000
vt 0.00000000 0.00000000
vt 0.00000000 0.00000000
vt 0.00000000 0.00000000
vt 0.00000000 0.00000000
vt 0.00000000 0.00000000
vt 0.00000000 0.00000000
vt 0.00000000 0.00000000
vt 0.00000000 0.00000000
vt 0.00000000 0.00000000
vt 0.00000000 0.00000000
vt 0.00000000 0.00000000
vt 0.00000000 0.00000000
vt 0.00000000 0.00000000
vt 0.00000000 0.00000000
vt 0.00000000 0.00000000
vt 0.00000000 0.00000000
vt 0.00000000 0.00000000
vt 0.00000000 0.00000000
vt 0.00000000 0.00000000
vt 0.00000000 0.00000000
vt 0.00000000 0.00000000
vt 0.00000000 0.00000000
vt 0.00000000 0.00000000
vt 0.00000000 0.00000000
vt 0.00000000 0.00000000
vt 0.00000000 0.00000000
vt 0.00000000 0.00000000
vt 0.00000000 0.00000000
vt 0.00000000 0.00000000
vt 0.00000000 0.00000000
vt 0.00000000 0.00000000
vt 0.00000000 0.00000000
vt 0.00000000 0.00000000
vt 0.00000000 0.00000000
vt 0.00000000 0.00000000
vt 0.00000000 0.00000000
vt 0.00000000 0.00000000
vt 0.00000000 0.00000000
vt 0.00000000 0.00000000
vt 0.00000000 0.00000000
vt 0.00000000 0.00000000
vt 0.00000000 0.00000000
vt 0.00000000 0.00000000
vt 0.00000000 0.00000000
vt 0.00000000 0.00000000
vt 0.00000000 0.00000000
vt 0.00000000 0.00000000
vt 0.00000000 0.00000000
vt 0.00000000 0.00000000
vt 0.00000000 0.00000000
vt 0.00000000 0.00000000
vt 0.00000000 0.00000000
vt 0.00000000 0.00000000
vt 0.00000000 0.00000000
vt 0.00000000 0.00000000
vt 0.00000000 0.00000000
vt 0.00000000 0.00000000
vt 0.00000000 0.00000000
vt 0.00000000 0.00000000
vt 0.00000000 0.00000000
vt 0.00000000 0.00000000
vt 0.00000000 0.00000000
vt 0.00000000 0.00000000
vt 0.00000000 0.00000000
vt 0.00000000 0.00000000
vt 0.00000000 0.00000000
vt 0.00000000 0.00000000
vt 0.00000000 0.00000000
vt 0.00000000 0.00000000
vt 0.00000000 0.00000000
vt 0.00000000 0.00000000
vt 0.00000000 0.00000000
vt 0.00000000 0.00000000
vt 0.00000000 0.00000000
vt 0.00000000 0.00000000
vt 0.00000000 0.00000000
vt 0.00000000 0.00000000
vt 0.00000000 0.00000000
vt 0.00000000 0.00000000
vt 0.00000000 0.00000000
vt 0.00000000 0.00000000
vt 0.00000000 0.00000000
vt 0.00000000 0.00000000
vt 0.00000000 0.00000000
vt 0.00000000 0.00000000
vt 0.00000000 0.00000000
vt 0.00000000 0.00000000
vt 0.00000000 0.00000000
vt 0.00000000 0.00000000
vt 0.00000000 0.00000000
vt 0.00000000 0.00000000
vt 0.00000000 0.00000000
vt 0.00000000 0.00000000
vt 0.00000000 0.00000000
vt 0.00000000 0.00000000
vt 0.00000000 0.00000000
vt 0.00000000 0.00000000
vt 0.00000000 0.00000000
vt 0.00000000 0.00000000
vt 0.00000000 0.00000000
vt 0.00000000 0.00000000
vt 0.00000000 0.00000000
vt 0.00000000 0.00000000
vt 0.00000000 0.00000000
vt 0.00000000 0.00000000
vt 0.00000000 0.00000000
vt 0.00000000 0.00000000
vt 0.00000000 0.00000000
vt 0.00000000 0.00000000
vt 0.00000000 0.00000000
vt 0.00000000 0.00000000
vt 0.00000000 0.00000000
vt 0.00000000 0.00000000
vt 0.00000000 0.00000000
vt 0.00000000 0.00000000
vt 0.00000000 0.00000000
vt 0.00000000 0.00000000
vt 0.00000000 0.00000000
vt 0.00000000 0.00000000
vt 0.00000000 0.00000000
vt 0.00000000 0.00000000
vt 0.00000000 0.00000000
vt 0.00000000 0.00000000
vt 0.00000000 0.00000000
vt 0.00000000 0.00000000
vt 0.00000000 0.00000000
vt 0.00000000 0.00000000
vt 0.00000000 0.00000000
vt 0.00000000 0.00000000
vt 0.00000000 0.00000000
vt 0.00000000 0.00000000
vt 0.00000000 0.00000000
vt 0.00000000 0.00000000
vt 0.00000000 0.00000000
vt 0.00000000 0.00000000
vt 0.00000000 0.00000000
vt 0.00000000 0.00000000
vt 0.00000000 0.00000000
vt 0.00000000 0.00000000
vt 0.00000000 0.00000000
vt 0.00000000 0.00000000
vt 0.00000000 0.00000000
vt 0.00000000 0.00000000
vt 0.00000000 0.00000000
vt 0.00000000 0.00000000
vt 0.00000000 0.00000000
vt 0.00000000 0.00000000
vt 0.00000000 0.00000000
vt 0.00000000 0.00000000
vt 0.00000000 0.00000000
vt 0.00000000 0.00000000
vt 0.00000000 0.00000000
vt 0.00000000 0.00000000
vt 0.00000000 0.00000000
vt 0.00000000 0.00000000
vt 0.00000000 0.00000000
vt 0.00000000 0.00000000
vt 0.00000000 0.00000000
vt 0.00000000 0.00000000
vt 0.00000000 0.00000000
vt 0.00000000 0.00000000
vt 0.00000000 0.00000000
vt 0.00000000 0.00000000
vt 0.00000000 0.00000000
vt 0.00000000 0.00000000
vt 0.00000000 0.00000000
vt 0.00000000 0.00000000
vt 0.00000000 0.00000000
vt 0.00000000 0.00000000
vt 0.00000000 0.00000000
vt 0.00000000 0.00000000
vt 0.00000000 0.00000000
vt 0.00000000 0.00000000
vt 0.00000000 0.00000000
vt 0.00000000 0.00000000
vt 0.00000000 0.00000000
vt 0.00000000 0.00000000
vt 0.00000000 0.00000000
vt 0.00000000 0.00000000
vt 0.00000000 0.00000000
vt 0.00000000 0.00000000
vt 0.00000000 0.00000000
vt 0.00000000 0.00000000
vt 0.00000000 0.00000000
vt 0.00000000 0.00000000
vt 0.00000000 0.00000000
vt 0.00000000 0.00000000
vt 0.00000000 0.00000000
vt 0.00000000 0.00000000
vt 0.00000000 0.00000000
vt 0.00000000 0.00000000
vt 0.00000000 0.00000000
vt 0.00000000 0.00000000
vt 0.00000000 0.00000000
vt 0.00000000 0.00000000
vt 0.00000000 0.00000000
vt 0.00000000 0.00000000
vt 0.00000000 0.00000000
vt 0.00000000 0.00000000
vt 0.00000000 0.00000000
vt 0.00000000 0.00000000
vt 0.00000000 0.00000000
vt 0.00000000 0.00000000
vt 0.00000000 0.00000000
vt 0.00000000 0.00000000
vt 0.00000000 0.00000000
vt 0.00000000 0.00000000
vt 0.00000000 0.00000000
vt 0.00000000 0.00000000
vt 0.00000000 0.00000000
vt 0.00000000 0.00000000
vt 0.00000000 0.00000000
vt 0.00000000 0.00000000
vt 0.00000000 0.00000000
vt 0.00000000 0.00000000
vt 0.00000000 0.00000000
vt 0.00000000 0.00000000
vt 0.00000000 0.00000000
vt 0.00000000 0.00000000
vt 0.00000000 0.00000000
vt 0.00000000 0.00000000
vt 0.00000000 0.00000000
vt 0.00000000 0.00000000
vt 0.00000000 0.00000000
vt 0.00000000 0.00000000
vt 0.00000000 0.00000000
vt 0.00000000 0.00000000
vt 0.00000000 0.00000000
vt 0.00000000 0.00000000
vt 0.00000000 0.00000000
vt 0.00000000 0.00000000
vt 0.00000000 0.00000000
vt 0.00000000 0.00000000
vt 0.00000000 0.00000000
vt 0.00000000 0.00000000
vt 0.00000000 0.00000000
vt 0.00000000 0.00000000
vt 0.00000000 0.00000000
vt 0.00000000 0.00000000
vt 0.00000000 0.00000000
vt 0.00000000 0.00000000
vt 0.00000000 0.00000000
vt 0.00000000 0.00000000
vt 0.00000000 0.00000000
vt 0.00000000 0.00000000
vt 0.00000000 0.00000000
vt 0.00000000 0.00000000
vt 0.00000000 0.00000000
vt 0.00000000 0.00000000
vt 0.00000000 0.00000000
vt 0.00000000 0.00000000
vt 0.00000000 0.00000000
vt 0.00000000 0.00000000
vt 0.00000000 0.00000000
vt 0.00000000 0.00000000
vt 0.00000000 0.00000000
vt 0.00000000 0.00000000
vt 0.00000000 0.00000000
vt 0.00000000 0.00000000
vt 0.00000000 0.00000000
vt 0.00000000 0.00000000
vt 0.00000000 0.00000000
vt 0.00000000 0.00000000
vt 0.00000000 0.00000000
vt 0.00000000 0.00000000
vt 0.00000000 0.00000000
vt 0.00000000 0.00000000
vt 0.00000000 0.00000000
vt 0.00000000 0.00000000
vt 0.00000000 0.00000000
vt 0.00000000 0.00000000
vt 0.00000000 0.00000000
vt 0.00000000 0.00000000
vt 0.00000000 0.00000000
vt 0.00000000 0.00000000
vt 0.00000000 0.00000000
vt 0.00000000 0.00000000
vt 0.00000000 0.00000000
vt 0.00000000 0.00000000
vt 0.00000000 0.00000000
vt 0.00000000 0.00000000
vt 0.00000000 0.00000000
vt 0.00000000 0.00000000
vt 0.00000000 0.00000000
vt 0.00000000 0.00000000
vt 0.00000000 0.00000000
vt 0.00000000 0.00000000
vt 0.00000000 0.00000000
vt 0.00000000 0.00000000
vt 0.00000000 0.00000000
vt 0.00000000 0.00000000
vt 0.00000000 0.00000000
vt 0.00000000 0.00000000
vt 0.00000000 0.00000000
vt 0.00000000 0.00000000
vt 0.00000000 0.00000000
vt 0.00000000 0.00000000
vt 0.00000000 0.00000000
vt 0.00000000 0.00000000
vt 0.00000000 0.00000000
vt 0.00000000 0.00000000
vt 0.00000000 0.00000000
vt 0.00000000 0.00000000
vt 0.00000000 0.00000000
vt 0.00000000 0.00000000
vt 0.00000000 0.00000000
vt 0.00000000 0.00000000
vt 0.00000000 0.00000000
vt 0.00000000 0.00000000
vt 0.00000000 0.00000000
vt 0.00000000 0.00000000
vt 0.00000000 0.00000000
vt 0.00000000 0.00000000
vt 0.00000000 0.00000000
vt 0.00000000 0.00000000
vt 0.00000000 0.00000000
vt 0.00000000 0.00000000
vt 0.00000000 0.00000000
vt 0.00000000 0.00000000
vt 0.00000000 0.00000000
vt 0.00000000 0.00000000
vt 0.00000000 0.00000000
vt 0.00000000 0.00000000
vt 0.00000000 0.00000000
vt 0.00000000 0.00000000
vt 0.00000000 0.00000000
vt 0.00000000 0.00000000
vt 0.00000000 0.00000000
vt 0.00000000 0.00000000
vt 0.00000000 0.00000000
vt 0.00000000 0.00000000
vt 0.00000000 0.00000000
vt 0.00000000 0.00000000
vt 0.00000000 0.00000000
vt 0.00000000 0.00000000
vt 0.00000000 0.00000000
vt 0.00000000 0.00000000
vt 0.00000000 0.00000000
vt 0.00000000 0.00000000
vt 0.00000000 0.00000000
vt 0.00000000 0.00000000
vt 0.00000000 0.00000000
vt 0.00000000 0.00000000
vt 0.00000000 0.00000000
vt 0.00000000 0.00000000
vt 0.00000000 0.00000000
vt 0.00000000 0.00000000
vt 0.00000000 0.00000000
vt 0.00000000 0.00000000
vt 0.00000000 0.00000000
vt 0.00000000 0.00000000
vt 0.00000000 0.00000000
vt 0.00000000 0.00000000
vt 0.00000000 0.00000000
vt 0.00000000 0.00000000
vt 0.00000000 0.00000000
vt 0.00000000 0.00000000
vt 0.00000000 0.00000000
vt 0.00000000 0.00000000
vt 0.00000000 0.00000000
vt 0.00000000 0.00000000
vt 0.00000000 0.00000000
vt 0.00000000 0.00000000
vt 0.00000000 0.00000000
vt 0.00000000 0.00000000
vt 0.00000000 0.00000000
vt 0.00000000 0.00000000
vt 0.00000000 0.00000000
vt 0.00000000 0.00000000
vt 0.00000000 0.00000000
vt 0.00000000 0.00000000
vt 0.00000000 0.00000000
vt 0.00000000 0.00000000
vt 0.00000000 0.00000000
vt 0.00000000 0.00000000
vt 0.00000000 0.00000000
vt 0.00000000 0.00000000
vt 0.00000000 0.00000000
vt 0.00000000 0.00000000
vt 0.00000000 0.00000000
vt 0.00000000 0.00000000
vt 0.00000000 0.00000000
vt 0.00000000 0.00000000
vt 0.00000000 0.00000000
vt 0.00000000 0.00000000
vt 0.00000000 0.00000000
vt 0.00000000 0.00000000
vt 0.00000000 0.00000000
vt 0.00000000 0.00000000
vt 0.00000000 0.00000000
vt 0.00000000 0.00000000
vt 0.00000000 0.00000000
vt 0.00000000 0.00000000
vt 0.00000000 0.00000000
vt 0.00000000 0.00000000
vt 0.00000000 0.00000000
vt 0.00000000 0.00000000
vt 0.00000000 0.00000000
vt 0.00000000 0.00000000
vt 0.00000000 0.00000000
vt 0.00000000 0.00000000
vt 0.00000000 0.00000000
vt 0.00000000 0.00000000
vt 0.00000000 0.00000000
vt 0.00000000 0.00000000
vt 0.00000000 0.00000000
vt 0.00000000 0.00000000
vt 0.00000000 0.00000000
vt 0.00000000 0.00000000
vt 0.00000000 0.00000000
vt 0.00000000 0.00000000
vt 0.00000000 0.00000000
vt 0.00000000 0.00000000
vt 0.00000000 0.00000000
vt 0.00000000 0.00000000
vt 0.00000000 0.00000000
vt 0.00000000 0.00000000
vt 0.00000000 0.00000000
vt 0.00000000 0.00000000
vt 0.00000000 0.00000000
vt 0.00000000 0.00000000
vt 0.00000000 0.00000000
vt 0.00000000 0.00000000
vt 0.00000000 0.00000000
vt 0.00000000 0.00000000
vt 0.00000000 0.00000000
vt 0.00000000 0.00000000
vt 0.00000000 0.00000000
vt 0.00000000 0.00000000
vt 0.00000000 0.00000000
vt 0.00000000 0.00000000
vt 0.00000000 0.00000000
vt 0.00000000 0.00000000
vt 0.00000000 0.00000000
vt 0.00000000 0.00000000
vt 0.00000000 0.00000000
vt 0.00000000 0.00000000
vt 0.00000000 0.00000000
vt 0.00000000 0.00000000
vt 0.00000000 0.00000000
vt 0.00000000 0.00000000
vt 0.00000000 0.00000000
vt 0.00000000 0.00000000
vt 0.00000000 0.00000000
vt 0.00000000 0.00000000
vt 0.00000000 0.00000000
vt 0.00000000 0.00000000
vt 0.00000000 0.00000000
vt 0.00000000 0.00000000
vt 0.00000000 0.00000000
vt 0.00000000 0.00000000
vt 0.00000000 0.00000000
vt 0.00000000 0.00000000
vt 0.00000000 0.00000000
vt 0.00000000 0.00000000
vt 0.00000000 0.00000000
vt 0.00000000 0.00000000
vt 0.00000000 0.00000000
vt 0.00000000 0.00000000
vt 0.00000000 0.00000000
vt 0.00000000 0.00000000
vt 0.00000000 0.00000000
vt 0.00000000 0.00000000
vt 0.00000000 0.00000000
vt 0.00000000 0.00000000
vt 0.00000000 0.00000000
vt 0.00000000 0.00000000
vt 0.00000000 0.00000000
vt 0.00000000 0.00000000
vt 0.00000000 0.00000000
vt 0.00000000 0.00000000
vt 0.00000000 0.00000000
vt 0.00000000 0.00000000
vt 0.00000000 0.00000000
vt 0.00000000 0.00000000
vt 0.00000000 0.00000000
vt 0.00000000 0.00000000
vt 0.00000000 0.00000000
vt 0.00000000 0.00000000
vt 0.00000000 0.00000000
vt 0.00000000 0.00000000
vt 0.00000000 0.00000000
vt 0.00000000 0.00000000
vt 0.00000000 0.00000000
vt 0.00000000 0.00000000
vt 0.00000000 0.00000000
vt 0.00000000 0.00000000
vt 0.00000000 0.00000000
vt 0.00000000 0.00000000
vt 0.00000000 0.00000000
vt 0.00000000 0.00000000
vt 0.00000000 0.00000000
vt 0.00000000 0.00000000
vt 0.00000000 0.00000000
vt 0.00000000 0.00000000
vt 0.00000000 0.00000000
vt 0.00000000 0.00000000
vt 0.00000000 0.00000000
vt 0.00000000 0.00000000
vt 0.00000000 0.00000000
vt 0.00000000 0.00000000
vt 0.00000000 0.00000000
vt 0.00000000 0.00000000
vt 0.00000000 0.00000000
vt 0.00000000 0.00000000
vt 0.00000000 0.00000000
vt 0.00000000 0.00000000
vt 0.00000000 0.00000000
vt 0.00000000 0.00000000
vt 0.00000000 0.00000000
vt 0.00000000 0.00000000
vt 0.00000000 0.00000000
vt 0.00000000 0.00000000
vt 0.00000000 0.00000000
vt 0.00000000 0.00000000
vt 0.00000000 0.00000000
vt 0.00000000 0.00000000
vt 0.00000000 0.00000000
vt 0.00000000 0.00000000
vt 0.00000000 0.00000000
vt 0.00000000 0.00000000
vt 0.00000000 0.00000000
vt 0.00000000 0.00000000
vt 0.00000000 0.00000000
vt 0.00000000 0.00000000
vt 0.00000000 0.00000000
vt 0.00000000 0.00000000
vt 0.00000000 0.00000000
vt 0.00000000 0.00000000
vt 0.00000000 0.00000000
vt 0.00000000 0.00000000
vt 0.00000000 0.00000000
vt 0.00000000 0.00000000
vt 0.00000000 0.00000000
vt 0.00000000 0.00000000
vt 0.00000000 0.00000000
vt 0.00000000 0.00000000
vt 0.00000000 0.00000000
vt 0.00000000 0.00000000
vt 0.00000000 0.00000000
vt 0.00000000 0.00000000
vt 0.00000000 0.00000000
vt 0.00000000 0.00000000
vt 0.00000000 0.00000000
vt 0.00000000 0.00000000
vt 0.00000000 0.00000000
vt 0.00000000 0.00000000
vt 0.00000000 0.00000000
vt 0.00000000 0.00000000
vt 0.00000000 0.00000000
vt 0.00000000 0.00000000
vt 0.00000000 0.00000000
vt 0.00000000 0.00000000
vt 0.00000000 0.00000000
vt 0.00000000 0.00000000
vt 0.00000000 0.00000000
vt 0.00000000 0.00000000
vt 0.00000000 0.00000000
vt 0.00000000 0.00000000
vt 0.00000000 0.00000000
vt 0.00000000 0.00000000
vt 0.00000000 0.00000000
vt 0.00000000 0.00000000
vt 0.00000000 0.00000000
vt 0.00000000 0.00000000
vt 0.00000000 0.00000000
vt 0.00000000 0.00000000
vt 0.00000000 0.00000000
vt 0.00000000 0.00000000
vt 0.00000000 0.00000000
vt 0.00000000 0.00000000
vt 0.00000000 0.00000000
vt 0.00000000 0.00000000
vt 0.00000000 0.00000000
vt 0.00000000 0.00000000
vt 0.00000000 0.00000000
vt 0.00000000 0.00000000
vt 0.00000000 0.00000000
vt 0.00000000 0.00000000
vt 0.00000000 0.00000000
vt 0.00000000 0.00000000
vt 0.00000000 0.00000000
vt 0.00000000 0.00000000
vt 0.00000000 0.00000000
vt 0.00000000 0.00000000
vt 0.00000000 0.00000000
vt 0.00000000 0.00000000
vt 0.00000000 0.00000000
vt 0.00000000 0.00000000
vt 0.00000000 0.00000000
vt 0.00000000 0.00000000
vt 0.00000000 0.00000000
vt 0.00000000 0.00000000
vt 0.00000000 0.00000000
vt 0.00000000 0.00000000
vt 0.00000000 0.00000000
vt 0.00000000 0.00000000
vt 0.00000000 0.00000000
vt 0.00000000 0.00000000
vt 0.00000000 0.00000000
vt 0.00000000 0.00000000
vt 0.00000000 0.00000000
vt 0.00000000 0.00000000
vt 0.00000000 0.00000000
vt 0.00000000 0.00000000
vt 0.00000000 0.00000000
vt 0.00000000 0.00000000
vt 0.00000000 0.00000000
vt 0.00000000 0.00000000
vt 0.00000000 0.00000000
vt 0.00000000 0.00000000
vt 0.00000000 0.00000000
vt 0.00000000 0.00000000
vt 0.00000000 0.00000000
vt 0.00000000 0.00000000
vt 0.00000000 0.00000000
vt 0.00000000 0.00000000
vt 0.00000000 0.00000000
vt 0.00000000 0.00000000
vt 0.00000000 0.00000000
vt 0.00000000 0.00000000
vt 0.00000000 0.00000000
vt 0.00000000 0.00000000
vt 0.00000000 0.00000000
vt 0.00000000 0.00000000
vt 0.00000000 0.00000000
vt 0.00000000 0.00000000
vt 0.00000000 0.00000000
vt 0.00000000 0.00000000
vt 0.00000000 0.00000000
vt 0.00000000 0.00000000
vt 0.00000000 0.00000000
vt 0.00000000 0.00000000
vt 0.00000000 0.00000000
vt 0.00000000 0.00000000
vt 0.00000000 0.00000000
vt 0.00000000 0.00000000
vt 0.00000000 0.00000000
vt 0.00000000 0.00000000
vt 0.00000000 0.00000000
vt 0.00000000 0.00000000
vt 0.00000000 0.00000000
vt 0.00000000 0.00000000
vt 0.00000000 0.00000000
vt 0.00000000 0.00000000
vt 0.00000000 0.00000000
vt 0.00000000 0.00000000
vt 0.00000000 0.00000000
vt 0.00000000 0.00000000
vt 0.00000000 0.00000000
vt 0.00000000 0.00000000
vt 0.00000000 0.00000000
vt 0.00000000 0.00000000
vt 0.00000000 0.00000000
vt 0.00000000 0.00000000
vt 0.00000000 0.00000000
vt 0.00000000 0.00000000
vt 0.00000000 0.00000000
vt 0.00000000 0.00000000
vt 0.00000000 0.00000000
vt 0.00000000 0.00000000
vt 0.00000000 0.00000000
vt 0.00000000 0.00000000
vt 0.00000000 0.00000000
vt 0.00000000 0.00000000
vt 0.00000000 0.00000000
vt 0.00000000 0.00000000
vt 0.00000000 0.00000000
vt 0.00000000 0.00000000
vt 0.00000000 0.00000000
vt 0.00000000 0.00000000
vt 0.00000000 0.00000000
vt 0.00000000 0.00000000
vt 0.00000000 0.00000000
vt 0.00000000 0.00000000
vt 0.00000000 0.00000000
vt 0.00000000 0.00000000
vt 0.00000000 0.00000000
vt 0.00000000 0.00000000
vt 0.00000000 0.00000000
vt 0.00000000 0.00000000
vt 0.00000000 0.00000000
vt 0.00000000 0.00000000
vt 0.00000000 0.00000000
vt 0.00000000 0.00000000
vt 0.00000000 0.00000000
vt 0.00000000 0.00000000
vt 0.00000000 0.00000000
vt 0.00000000 0.00000000
vt 0.00000000 0.00000000
vt 0.00000000 0.00000000
vt 0.00000000 0.00000000
vt 0.00000000 0.00000000
vt 0.00000000 0.00000000
vt 0.00000000 0.00000000
vt 0.00000000 0.00000000
vt 0.00000000 0.00000000
vt 0.00000000 0.00000000
vt 0.00000000 0.00000000
vt 0.00000000 0.00000000
vt 0.00000000 0.00000000
vt 0.00000000 0.00000000
vt 0.00000000 0.00000000
vt 0.00000000 0.00000000
vt 0.00000000 0.00000000
vt 0.00000000 0.00000000
vt 0.00000000 0.00000000
vt 0.00000000 0.00000000
vt 0.00000000 0.00000000
vt 0.00000000 0.00000000
vt 0.00000000 0.00000000
vt 0.00000000 0.00000000
vt 0.00000000 0.00000000
vt 0.00000000 0.00000000
vt 0.00000000 0.00000000
vt 0.00000000 0.00000000
vt 0.00000000 0.00000000
vt 0.00000000 0.00000000
vt 0.00000000 0.00000000
vt 0.00000000 0.00000000
vt 0.00000000 0.00000000
vt 0.00000000 0.00000000
vt 0.00000000 0.00000000
vt 0.00000000 0.00000000
vt 0.00000000 0.00000000
vt 0.00000000 0.00000000
vt 0.00000000 0.00000000
vt 0.00000000 0.00000000
vt 0.00000000 0.00000000
vt 0.00000000 0.00000000
vt 0.00000000 0.00000000
vt 0.00000000 0.00000000
vt 0.00000000 0.00000000
vt 0.00000000 0.00000000
vt 0.00000000 0.00000000
vt 0.00000000 0.00000000
vt 0.00000000 0.00000000
vt 0.00000000 0.00000000
vt 0.00000000 0.00000000
vt 0.00000000 0.00000000
vt 0.00000000 0.00000000
vt 0.00000000 0.00000000
vt 0.00000000 0.00000000
vt 0.00000000 0.00000000
vt 0.00000000 0.00000000
vt 0.00000000 0.00000000
vt 0.00000000 0.00000000
vt 0.00000000 0.00000000
vt 0.00000000 0.00000000
vt 0.00000000 0.00000000
vt 0.00000000 0.00000000
vt 0.00000000 0.00000000
vt 0.00000000 0.00000000
vt 0.00000000 0.00000000
vt 0.00000000 0.00000000
vt 0.00000000 0.00000000
vt 0.00000000 0.00000000
vt 0.00000000 0.00000000
vt 0.00000000 0.00000000
vt 0.00000000 0.00000000
vt 0.00000000 0.00000000
vt 0.00000000 0.00000000
vt 0.00000000 0.00000000
vt 0.00000000 0.00000000
vt 0.00000000 0.00000000
vt 0.00000000 0.00000000
vt 0.00000000 0.00000000
vt 0.00000000 0.00000000
vt 0.00000000 0.00000000
vt 0.00000000 0.00000000
vt 0.00000000 0.00000000
vt 0.00000000 0.00000000
vt 0.00000000 0.00000000
vt 0.00000000 0.00000000
vt 0.00000000 0.00000000
vt 0.00000000 0.00000000
vt 0.00000000 0.00000000
vt 0.00000000 0.00000000
vt 0.00000000 0.00000000
vt 0.00000000 0.00000000
vt 0.00000000 0.00000000
vt 0.00000000 0.00000000
vt 0.00000000 0.00000000
vt 0.00000000 0.00000000
vt 0.00000000 0.00000000
vt 0.00000000 0.00000000
vt 0.00000000 0.00000000
vt 0.00000000 0.00000000
vt 0.00000000 0.00000000
vt 0.00000000 0.00000000
vt 0.00000000 0.00000000
vt 0.00000000 0.00000000
vt 0.00000000 0.00000000
vt 0.00000000 0.00000000
vt 0.00000000 0.00000000
vt 0.00000000 0.00000000
vt 0.00000000 0.00000000
vt 0.00000000 0.00000000
vt 0.00000000 0.00000000
vt 0.00000000 0.00000000
vt 0.00000000 0.00000000
vt 0.00000000 0.00000000
vt 0.00000000 0.00000000
vt 0.00000000 0.00000000
vt 0.00000000 0.00000000
vt 0.00000000 0.00000000
vt 0.00000000 0.00000000
vt 0.00000000 0.00000000
vt 0.00000000 0.00000000
vt 0.00000000 0.00000000
vt 0.00000000 0.00000000
vt 0.00000000 0.00000000
vt 0.00000000 0.00000000
vt 0.00000000 0.00000000
vt 0.00000000 0.00000000
vt 0.00000000 0.00000000
vt 0.00000000 0.00000000
vt 0.00000000 0.00000000
vt 0.00000000 0.00000000
vt 0.00000000 0.00000000
vt 0.00000000 0.00000000
vt 0.00000000 0.00000000
vt 0.00000000 0.00000000
vt 0.00000000 0.00000000
vt 0.00000000 0.00000000
vt 0.00000000 0.00000000
vt 0.00000000 0.00000000
vt 0.00000000 0.00000000
vt 0.00000000 0.00000000
vt 0.00000000 0.00000000
vt 0.00000000 0.00000000
vt 0.00000000 0.00000000
vt 0.00000000 0.00000000
vt 0.00000000 0.00000000
vt 0.00000000 0.00000000
vt 0.00000000 0.00000000
vt 0.00000000 0.00000000
vt 0.00000000 0.00000000
vt 0.00000000 0.00000000
vt 0.00000000 0.00000000
vt 0.00000000 0.00000000
vt 0.00000000 0.00000000
vt 0.00000000 0.00000000
vt 0.00000000 0.00000000
vt 0.00000000 0.00000000
vt 0.00000000 0.00000000
vt 0.00000000 0.00000000
vt 0.00000000 0.00000000
vt 0.00000000 0.00000000
vt 0.00000000 0.00000000
vt 0.00000000 0.00000000
vt 0.00000000 0.00000000
vt 0.00000000 0.00000000
vt 0.00000000 0.00000000
vt 0.00000000 0.00000000
vt 0.00000000 0.00000000
vt 0.00000000 0.00000000
vt 0.00000000 0.00000000
vt 0.00000000 0.00000000
vt 0.00000000 0.00000000
vt 0.00000000 0.00000000
vt 0.00000000 0.00000000
vt 0.00000000 0.00000000
vt 0.00000000 0.00000000
vt 0.00000000 0.00000000
vt 0.00000000 0.00000000
vt 0.00000000 0.00000000
vt 0.00000000 0.00000000
vt 0.00000000 0.00000000
vt 0.00000000 0.00000000
vt 0.00000000 0.00000000
vt 0.00000000 0.00000000
vt 0.00000000 0.00000000
vt 0.00000000 0.00000000
vt 0.00000000 0.00000000
vt 0.00000000 0.00000000
vt 0.00000000 0.00000000
vt 0.00000000 0.00000000
vt 0.00000000 0.00000000
vt 0.00000000 0.00000000
vt 0.00000000 0.00000000
vt 0.00000000 0.00000000
vt 0.00000000 0.00000000
vt 0.00000000 0.00000000
vt 0.00000000 0.00000000
vt 0.00000000 0.00000000
vt 0.00000000 0.00000000
vt 0.00000000 0.00000000
vt 0.00000000 0.00000000
vt 0.00000000 0.00000000
vt 0.00000000 0.00000000
vt 0.00000000 0.00000000
vt 0.00000000 0.00000000
vt 0.00000000 0.00000000
vt 0.00000000 0.00000000
vt 0.00000000 0.00000000
vt 0.00000000 0.00000000
vt 0.00000000 0.00000000
vt 0.00000000 0.00000000
vt 0.00000000 0.00000000
vt 0.00000000 0.00000000
vt 0.00000000 0.00000000
vt 0.00000000 0.00000000
vt 0.00000000 0.00000000
vt 0.00000000 0.00000000
vt 0.00000000 0.00000000
vt 0.00000000 0.00000000
vt 0.00000000 0.00000000
vt 0.00000000 0.00000000
vt 0.00000000 0.00000000
vt 0.00000000 0.00000000
vt 0.00000000 0.00000000
vt 0.00000000 0.00000000
vt 0.00000000 0.00000000
vt 0.00000000 0.00000000
vt 0.00000000 0.00000000
vt 0.00000000 0.00000000
vt 0.00000000 0.00000000
vt 0.00000000 0.00000000
vt 0.00000000 0.00000000
vt 0.00000000 0.00000000
vt 0.00000000 0.00000000
vt 0.00000000 0.00000000
vt 0.00000000 0.00000000
vt 0.00000000 0.00000000
vt 0.00000000 0.00000000
vt 0.00000000 0.00000000
vt 0.00000000 0.00000000
vt 0.00000000 0.00000000
vt 0.00000000 0.00000000
vt 0.00000000 0.00000000
vt 0.00000000 0.00000000
vt 0.00000000 0.00000000
vt 0.00000000 0.00000000
vt 0.00000000 0.00000000
vt 0.00000000 0.00000000
vt 0.00000000 0.00000000
vt 0.00000000 0.00000000
vt 0.00000000 0.00000000
vt 0.00000000 0.00000000
vt 0.00000000 0.00000000
vt 0.00000000 0.00000000
vt 0.00000000 0.00000000
vt 0.00000000 0.00000000
vt 0.00000000 0.00000000
vt 0.00000000 0.00000000
vt 0.00000000 0.00000000
vt 0.00000000 0.00000000
vt 0.00000000 0.00000000
vt 0.00000000 0.00000000
vt 0.00000000 0.00000000
vt 0.00000000 0.00000000
vt 0.00000000 0.00000000
vt 0.00000000 0.00000000
vt 0.00000000 0.00000000
vt 0.00000000 0.00000000
vt 0.00000000 0.00000000
vt 0.00000000 0.00000000
vt 0.00000000 0.00000000
vt 0.00000000 0.00000000
vt 0.00000000 0.00000000
vt 0.00000000 0.00000000
vt 0.00000000 0.00000000
vt 0.00000000 0.00000000
vt 0.00000000 0.00000000
vt 0.00000000 0.00000000
vt 0.00000000 0.00000000
vt 0.00000000 0.00000000
vt 0.00000000 0.00000000
vt 0.00000000 0.00000000
vt 0.00000000 0.00000000
vt 0.00000000 0.00000000
vt 0.00000000 0.00000000
vt 0.00000000 0.00000000
vt 0.00000000 0.00000000
vt 0.00000000 0.00000000
vt 0.00000000 0.00000000
vt 0.00000000 0.00000000
vt 0.00000000 0.00000000
vt 0.00000000 0.00000000
vt 0.00000000 0.00000000
vt 0.00000000 0.00000000
vt 0.00000000 0.00000000
vt 0.00000000 0.00000000
vt 0.00000000 0.00000000
vt 0.00000000 0.00000000
vt 0.00000000 0.00000000
vt 0.00000000 0.00000000
vt 0.00000000 0.00000000
vt 0.00000000 0.00000000
vt 0.00000000 0.00000000
vt 0.00000000 0.00000000
vt 0.00000000 0.00000000
vt 0.00000000 0.00000000
vt 0.00000000 0.00000000
vt 0.00000000 0.00000000
vt 0.00000000 0.00000000
vt 0.00000000 0.00000000
vt 0.00000000 0.00000000
vt 0.00000000 0.00000000
vt 0.00000000 0.00000000
vt 0.00000000 0.00000000
vt 0.00000000 0.00000000
vt 0.00000000 0.00000000
vt 0.00000000 0.00000000
vt 0.00000000 0.00000000
vt 0.00000000 0.00000000
vt 0.00000000 0.00000000
vt 0.00000000 0.00000000
vt 0.00000000 0.00000000
vt 0.00000000 0.00000000
vt 0.00000000 0.00000000
vt 0.00000000 0.00000000
vt 0.00000000 0.00000000
vt 0.00000000 0.00000000
vt 0.00000000 0.00000000
vt 0.00000000 0.00000000
vt 0.00000000 0.00000000
vt 0.00000000 0.00000000
vt 0.00000000 0.00000000
vt 0.00000000 0.00000000
vt 0.00000000 0.00000000
vt 0.00000000 0.00000000
vt 0.00000000 0.00000000
vt 0.00000000 0.00000000
vt 0.00000000 0.00000000
vt 0.00000000 0.00000000
vt 0.00000000 0.00000000
vt 0.00000000 0.00000000
vt 0.00000000 0.00000000
vt 0.00000000 0.00000000
vt 0.00000000 0.00000000
vt 0.00000000 0.00000000
vt 0.00000000 0.00000000
vt 0.00000000 0.00000000
vt 0.00000000 0.00000000
vt 0.00000000 0.00000000
vt 0.00000000 0.00000000
vt 0.00000000 0.00000000
vt 0.00000000 0.00000000
vt 0.00000000 0.00000000
vt 0.00000000 0.00000000
vt 0.00000000 0.00000000
vt 0.00000000 0.00000000
vt 0.00000000 0.00000000
vt 0.00000000 0.00000000
vt 0.00000000 0.00000000
vt 0.00000000 0.00000000
vt 0.00000000 0.00000000
vt 0.00000000 0.00000000
vt 0.00000000 0.00000000
vt 0.00000000 0.00000000
vt 0.00000000 0.00000000
vt 0.00000000 0.00000000
vt 0.00000000 0.00000000
vt 0.00000000 0.00000000
vt 0.00000000 0.00000000
vt 0.00000000 0.00000000
vt 0.00000000 0.00000000
vt 0.00000000 0.00000000
vt 0.00000000 0.00000000
vt 0.00000000 0.00000000
vt 0.00000000 0.00000000
vt 0.00000000 0.00000000
vt 0.00000000 0.00000000
vt 0.00000000 0.00000000
vt 0.00000000 0.00000000
vt 0.00000000 0.00000000
vt 0.00000000 0.00000000
vt 0.00000000 0.00000000
vt 0.00000000 0.00000000
vt 0.00000000 0.00000000
vt 0.00000000 0.00000000
vt 0.00000000 0.00000000
vt 0.00000000 0.00000000
vt 0.00000000 0.00000000
vt 0.00000000 0.00000000
vt 0.00000000 0.00000000
vt 0.00000000 0.00000000
vt 0.00000000 0.00000000
vt 0.00000000 0.00000000
vt 0.00000000 0.00000000
vt 0.00000000 0.00000000
vt 0.00000000 0.00000000
vt 0.00000000 0.00000000
vt 0.00000000 0.00000000
vt 0.00000000 0.00000000
vt 0.00000000 0.00000000
vt 0.00000000 0.00000000
vt 0.00000000 0.00000000
vt 0.00000000 0.00000000
vt 0.00000000 0.00000000
vt 0.00000000 0.00000000
vt 0.00000000 0.00000000
vt 0.00000000 0.00000000
vt 0.00000000 0.00000000
vt 0.00000000 0.00000000
vt 0.00000000 0.00000000
vt 0.00000000 0.00000000
vt 0.00000000 0.00000000
vt 0.00000000 0.00000000
vt 0.00000000 0.00000000
vt 0.00000000 0.00000000
vt 0.00000000 0.00000000
vt 0.00000000 0.00000000
vt 0.00000000 0.00000000
vt 0.00000000 0.00000000
vt 0.00000000 0.00000000
vt 0.00000000 0.00000000
vt 0.00000000 0.00000000
vt 0.00000000 0.00000000
vt 0.00000000 0.00000000
vt 0.00000000 0.00000000
vt 0.00000000 0.00000000
vt 0.00000000 0.00000000
vt 0.00000000 0.00000000
vt 0.00000000 0.00000000
vt 0.00000000 0.00000000
vt 0.00000000 0.00000000
vt 0.00000000 0.00000000
vt 0.00000000 0.00000000
vt 0.00000000 0.00000000
vt 0.00000000 0.00000000
vt 0.00000000 0.00000000
vt 0.00000000 0.00000000
vt 0.00000000 0.00000000
vt 0.00000000 0.00000000
vt 0.00000000 0.00000000
vt 0.00000000 0.00000000
vt 0.00000000 0.00000000
vt 0.00000000 0.00000000
vt 0.00000000 0.00000000
vt 0.00000000 0.00000000
vt 0.00000000 0.00000000
vt 0.00000000 0.00000000
vt 0.00000000 0.00000000
vt 0.00000000 0.00000000
vt 0.00000000 0.00000000
vt 0.00000000 0.00000000
vt 0.00000000 0.00000000
vt 0.00000000 0.00000000
vt 0.00000000 0.00000000
vt 0.00000000 0.00000000
vt 0.00000000 0.00000000
vt 0.00000000 0.00000000
vt 0.00000000 0.00000000
vt 0.00000000 0.00000000
vt 0.00000000 0.00000000
vt 0.00000000 0.00000000
vt 0.00000000 0.00000000
vt 0.00000000 0.00000000
vt 0.00000000 0.00000000
vt 0.00000000 0.00000000
vt 0.00000000 0.00000000
vt 0.00000000 0.00000000
vt 0.00000000 0.00000000
vt 0.00000000 0.00000000
vt 0.00000000 0.00000000
vt 0.00000000 0.00000000
vt 0.00000000 0.00000000
vt 0.00000000 0.00000000
vt 0.00000000 0.00000000
vt 0.00000000 0.00000000
vt 0.00000000 0.00000000
vt 0.00000000 0.00000000
vt 0.00000000 0.00000000
vt 0.00000000 0.00000000
vt 0.00000000 0.00000000
vt 0.00000000 0.00000000
vt 0.00000000 0.00000000
vt 0.00000000 0.00000000
vt 0.00000000 0.00000000
vt 0.00000000 0.00000000
vt 0.00000000 0.00000000
vt 0.00000000 0.00000000
vt 0.00000000 0.00000000
vt 0.00000000 0.00000000
vt 0.00000000 0.00000000
vt 0.00000000 0.00000000
vt 0.00000000 0.00000000
vt 0.00000000 0.00000000
vt 0.00000000 0.00000000
vt 0.00000000 0.00000000
vt 0.00000000 0.00000000
vt 0.00000000 0.00000000
vt 0.00000000 0.00000000
vt 0.00000000 0.00000000
vt 0.00000000 0.00000000
vt 0.00000000 0.00000000
vt 0.00000000 0.00000000
vt 0.00000000 0.00000000
vt 0.00000000 0.00000000
vt 0.00000000 0.00000000
vt 0.00000000 0.00000000
vt 0.00000000 0.00000000
vt 0.00000000 0.00000000
vt 0.00000000 0.00000000
vt 0.00000000 0.00000000
vt 0.00000000 0.00000000
vt 0.00000000 0.00000000
vt 0.00000000 0.00000000
vt 0.00000000 0.00000000
vt 0.00000000 0.00000000
vt 0.00000000 0.00000000
vt 0.00000000 0.00000000
vt 0.00000000 0.00000000
vt 0.00000000 0.00000000
vt 0.00000000 0.00000000
vt 0.00000000 0.00000000
vt 0.00000000 0.00000000
vt 0.00000000 0.00000000
vt 0.00000000 0.00000000
vt 0.00000000 0.00000000
vt 0.00000000 0.00000000
vt 0.00000000 0.00000000
vt 0.00000000 0.00000000
vt 0.00000000 0.00000000
vt 0.00000000 0.00000000
vt 0.00000000 0.00000000
vt 0.00000000 0.00000000
vt 0.00000000 0.00000000
vt 0.00000000 0.00000000
vt 0.00000000 0.00000000
vt 0.00000000 0.00000000
vt 0.00000000 0.00000000
vt 0.00000000 0.00000000
vt 0.00000000 0.00000000
vt 0.00000000 0.00000000
vt 0.00000000 0.00000000
vt 0.00000000 0.00000000
vt 0.00000000 0.00000000
vt 0.00000000 0.00000000
vt 0.00000000 0.00000000
vt 0.00000000 0.00000000
vt 0.00000000 0.00000000
vt 0.00000000 0.00000000
vt 0.00000000 0.00000000
vt 0.00000000 0.00000000
vt 0.00000000 0.00000000
vt 0.00000000 0.00000000
vt 0.00000000 0.00000000
vt 0.00000000 0.00000000
vt 0.00000000 0.00000000
vt 0.00000000 0.00000000
vt 0.00000000 0.00000000
vt 0.00000000 0.00000000
vt 0.00000000 0.00000000
vt 0.00000000 0.00000000
vt 0.00000000 0.00000000
vt 0.00000000 0.00000000
vt 0.00000000 0.00000000
vt 0.00000000 0.00000000
vt 0.00000000 0.00000000
vt 0.00000000 0.00000000
vt 0.00000000 0.00000000
vt 0.00000000 0.00000000
vt 0.00000000 0.00000000
vt 0.00000000 0.00000000
vt 0.00000000 0.00000000
vt 0.00000000 0.00000000
vt 0.00000000 0.00000000
vt 0.00000000 0.00000000
vt 0.00000000 0.00000000
vt 0.00000000 0.00000000
vt 0.00000000 0.00000000
vt 0.00000000 0.00000000
vt 0.00000000 0.00000000
vt 0.00000000 0.00000000
vt 0.00000000 0.00000000
vt 0.00000000 0.00000000
vt 0.00000000 0.00000000
vt 0.00000000 0.00000000
vt 0.00000000 0.00000000
vt 0.00000000 0.00000000
vt 0.00000000 0.00000000
vt 0.00000000 0.00000000
vt 0.00000000 0.00000000
vt 0.00000000 0.00000000
vt 0.00000000 0.00000000
vt 0.00000000 0.00000000
vt 0.00000000 0.00000000
vt 0.00000000 0.00000000
vt 0.00000000 0.00000000
vt 0.00000000 0.00000000
vt 0.00000000 0.00000000
vt 0.00000000 0.00000000
vt 0.00000000 0.00000000
vt 0.00000000 0.00000000
vt 0.00000000 0.00000000
vt 0.00000000 0.00000000
vt 0.00000000 0.00000000
vt 0.00000000 0.00000000
vt 0.00000000 0.00000000
vt 0.00000000 0.00000000
vt 0.00000000 0.00000000
vt 0.00000000 0.00000000
vt 0.00000000 0.00000000
vt 0.00000000 0.00000000
vt 0.00000000 0.00000000
vt 0.00000000 0.00000000
vt 0.00000000 0.00000000
vt 0.00000000 0.00000000
vt 0.00000000 0.00000000
vt 0.00000000 0.00000000
vt 0.00000000 0.00000000
vt 0.00000000 0.00000000
vt 0.00000000 0.00000000
vt 0.00000000 0.00000000
vt 0.00000000 0.00000000
vt 0.00000000 0.00000000
vt 0.00000000 0.00000000
vt 0.00000000 0.00000000
vt 0.00000000 0.00000000
vt 0.00000000 0.00000000
vt 0.00000000 0.00000000
vt 0.00000000 0.00000000
vt 0.00000000 0.00000000
vt 0.00000000 0.00000000
vt 0.00000000 0.00000000
vt 0.00000000 0.00000000
vt 0.00000000 0.00000000
vn 0.24039170 -0.97067600 0.00000000
vn 0.00112170 -0.99999952 0.00000000
vn 0.99257392 0.12164310 0.00000000
vn 0.46570829 -0.88493842 0.00000000
vn 0.93462032 0.35564721 0.00000000
vn 0.66395718 -0.74777061 0.00000000
vn 0.99257261 0.12165400 0.00000000
vn 0.82234442 0.56899011 0.00000000
vn 0.82362288 -0.56713802 0.00000000
vn 0.66396278 -0.74776572 0.00000000
vn 0.66229087 0.74924678 0.00000000
vn 0.93541610 -0.35354891 0.00000000
vn 0.82234973 0.56898260 0.00000000
vn 0.82361758 -0.56714553 0.00000000
vn 0.99284267 -0.11942940 0.00000000
vn 0.93540871 -0.35356849 0.00000000
vn 0.46374610 0.88596833 0.00000000
vn 0.66228533 0.74925178 0.00000000
vn 0.99284011 -0.11945140 0.00000000
vn 0.23822740 0.97120941 0.00000000
vn 0.46373689 0.88597298 0.00000000
vn -0.00110453 0.99999952 0.00000000
vn 0.23822489 0.97121012 0.00000000
vn -0.24040779 0.97067201 0.00000000
vn -0.00110459 0.99999940 0.00000000
vn -0.46571279 0.88493592 0.00000000
vn -0.24040520 0.97067261 0.00000000
vn -0.66396278 0.74776572 0.00000000
vn -0.46571520 0.88493472 0.00000000
vn -0.82361162 0.56715441 0.00000000
vn -0.66395998 0.74776810 0.00000000
vn -0.82361412 0.56715059 0.00000000
vn -0.93541062 0.35356340 0.00000000
vn -0.99284148 0.11944000 0.00000000
vn -0.99284291 0.11942910 0.00000000
vn -0.99257350 -0.12164720 0.00000000
vn -0.93462068 -0.35564610 0.00000000
vn -0.82235169 -0.56897962 0.00000000
vn -0.93461877 -0.35565090 0.00000000
vn -0.66228253 -0.74925423 0.00000000
vn -0.46372801 -0.88597780 0.00000000
vn -0.23824480 -0.97120512 0.00000000
vn -0.46373031 -0.88597649 0.00000000
vn 0.00112176 -0.99999940 0.00000000
vn -0.23824230 -0.97120577 0.00000000
vn 0.00000000 0.00000000 -1.00000000
vn 0.00000000 0.00000000 -1.00000000
vn 0.00000000 0.00000000 -1.00000000
vn 0.00000000 0.00000000 -1.00000000
vn 0.00000000 0.00000000 -1.00000000
vn 0.00000000 0.00000000 -1.00000000
vn 0.00000000 0.00000000 -1.00000000
vn 0.00000000 0.00000000 -1.00000000
vn 0.00000000 0.00000000 -1.00000000
vn 0.00000000 0.00000000 -1.00000000
vn 0.00000000 0.00000000 -1.00000000
vn 0.00000000 0.00000000 -1.00000000
vn 0.00000000 0.00000000 -1.00000000
vn 0.00000000 0.00000000 -1.00000000
vn 0.00000000 0.00000000 -1.00000000
vn 0.00000000 0.00000000 -1.00000000
vn 0.00000000 0.00000000 -1.00000000
vn 0.00000000 0.00000000 -1.00000000
vn 0.00000000 0.00000000 -1.00000000
vn 0.00000000 0.00000000 -1.00000000
vn 0.00000000 0.00000000 -1.00000000
vn 0.00000000 0.00000000 -1.00000000
vn 0.00000000 0.00000000 -1.00000000
vn 0.00000000 0.00000000 -1.00000000
vn 0.00000000 0.00000000 -1.00000000
vn 0.00000000 0.00000000 -1.00000000
vn 0.00000000 0.00000000 -1.00000000
vn 0.00000000 0.00000000 -1.00000000
vn 0.00000000 0.00000000 -1.00000000
vn 0.00000000 0.00000000 -1.00000000
vn 0.00000000 0.00000000 -1.00000000
vn 0.00000000 0.00000000 -1.00000000
vn 0.00000000 0.00000000 -1.00000000
vn 0.00000000 0.00000000 -1.00000000
vn 0.00000000 0.00000000 -1.00000000
vn 0.00000000 0.00000000 -1.00000000
vn 0.00000000 0.00000000 -1.00000000
vn 0.00000000 0.00000000 -1.00000000
vn 0.00000000 0.00000000 -1.00000000
vn 0.00000000 0.00000000 -1.00000000
vn 0.00000000 0.00000000 -1.00000000
vn 0.00000000 0.00000000 -1.00000000
vn 0.00000000 0.00000000 -1.00000000
vn 0.00000000 0.00000000 -1.00000000
vn 0.00000000 0.00000000 -1.00000000
vn 0.00000000 0.00000000 -1.00000000
vn 0.00000000 0.00000000 -1.00000000
vn 0.00000000 0.00000000 -1.00000000
vn 0.00000000 0.00000000 -1.00000000
vn 0.00000000 0.00000000 -1.00000000
vn 0.00000000 0.00000000 -1.00000000
vn 0.00000000 0.00000000 -1.00000000
vn 0.00000000 0.00000000 -1.00000000
vn 0.00000000 0.00000000 -1.00000000
vn 0.00000000 0.00000000 1.00000000
vn -0.00000050 0.00000000 1.00000000
vn 0.00000045 0.00000000 1.00000000
vn 0.00000000 0.00000000 1.00000000
vn 0.00000015 0.00000000 1.00000000
vn -0.00000017 0.00000000 1.00000000
vn 0.00000032 0.00000000 1.00000000
vn -0.00000016 0.00000000 1.00000000
vn 0.00000027 0.00000000 1.00000000
vn 0.00000000 0.00000000 1.00000000
vn 0.00000000 0.00000000 1.00000000
vn -0.00000012 0.00000000 1.00000000
vn -0.00000014 0.00000000 1.00000000
vn 0.00000012 0.00000000 1.00000000
vn 0.00000000 0.00000000 1.00000000
vn -0.00000055 0.00000000 1.00000000
vn 0.00000057 0.00000000 1.00000000
vn -0.00000017 0.00000000 1.00000000
vn 0.00000016 0.00000000 1.00000000
vn -0.00000028 0.00000000 1.00000000
vn 0.00000000 0.00000000 1.00000000
vn 0.00000316 0.00000000 1.00000000
vn -0.00000014 0.00000000 1.00000000
vn 0.00000026 0.00000000 1.00000000
vn 0.00000000 0.00000000 1.00000000
vn 0.00000066 0.00000000 1.00000000
vn -0.00000026 0.00000000 1.00000000
vn 0.00000000 0.00000000 1.00000000
vn 0.00000032 0.00000000 1.00000000
vn -0.00000065 0.00000000 1.00000000
vn -0.00000016 0.00000000 1.00000000
vn -0.00000026 0.00000000 1.00000000
vn 0.00000057 0.00000000 1.00000000
vn -0.00000074 0.00000000 1.00000000
vn 0.00000016 0.00000000 1.00000000
vn -0.00000041 0.00000000 1.00000000
vn -0.00000054 0.00000000 1.00000000
vn 0.00000016 0.00000000 1.00000000
vn 0.00000050 0.00000000 1.00000000
vn 0.00000000 0.00000000 1.00000000
vn 0.00000000 0.00000000 1.00000000
vn -0.00000025 0.00000000 1.00000000
vn 0.00000000 0.00000000 1.00000000
vn 0.00000000 0.00000000 1.00000000
vn -0.00000025 0.00000000 1.00000000
vn -0.00000017 0.00000000 1.00000000
vn 0.00000000 0.00000000 1.00000000
vn 0.00000025 0.00000000 1.00000000
vn -0.00000921 0.00000000 -1.00000000
vn 0.00000000 0.00000000 -1.00000000
vn 0.00000133 0.00000000 -1.00000000
vn -0.00000410 0.00000000 -1.00000000
vn 0.00002407 0.00000000 -1.00000000
vn 0.00000046 0.00000000 -1.00000000
vn -0.00000066 0.00000000 -1.00000000
vn -0.00000273 0.00000000 -1.00000000
vn -0.00000043 0.00000000 -1.00000000
vn -0.00001440 0.00000000 -1.00000000
vn 0.00000021 0.00000000 -1.00000000
vn 0.00000066 0.00000000 -1.00000000
vn 0.00003733 0.00000000 -1.00000000
vn -0.00000240 0.00000000 -1.00000000
vn 0.00002848 0.00000000 -1.00000000
vn 0.00000067 0.00000000 -1.00000000
vn 0.00000295 0.00000000 -1.00000000
vn 0.00000043 0.00000000 -1.00000000
vn 0.00000131 0.00000000 -1.00000000
vn -0.00000134 0.00000000 -1.00000000
vn 0.00000118 0.00000000 -1.00000000
vn -0.00009594 0.00000000 -1.00000000
vn -0.00000056 0.00000000 -1.00000000
vn -0.00000033 0.00000000 -1.00000000
vn 0.00000701 0.00000000 -1.00000000
vn -0.00000090 0.00000000 -1.00000000
vn -0.00000068 0.00000000 -1.00000000
vn 0.00000000 0.00000000 -1.00000000
vn -0.00000274 0.00000000 -1.00000000
vn 0.00001464 0.00000000 -1.00000000
vn -0.00000387 0.00000000 -1.00000000
vn 0.00000272 0.00000000 -1.00000000
vn -0.00000121 0.00000000 -1.00000000
vn -0.00000311 0.00000000 -1.00000000
vn 0.00000509 0.00000000 -1.00000000
vn -0.00000172 0.00000000 -1.00000000
vn -0.00000074 0.00000000 -1.00000000
vn 0.00000088 0.00000000 -1.00000000
vn 0.00000326 0.00000000 -1.00000000
vn 0.00003755 0.00000000 -1.00000000
vn -0.00000071 0.00000000 -1.00000000
vn -0.46669701 0.88441718 0.00000000
vn -0.24147759 0.97040647 0.00000000
vn -0.24148120 0.97040558 0.00000000
vn 0.99297380 -0.11833440 0.00000000
vn 0.99297303 -0.11834170 0.00000000
vn -0.00223362 0.99999750 0.00000000
vn -0.00223362 0.99999750 0.00000000
vn 0.93581051 -0.35250360 0.00000000
vn 0.23715210 0.97147250 0.00000000
vn 0.93580812 -0.35251001 0.00000000
vn 0.23715191 0.97147262 0.00000000
vn 0.82424891 -0.56622791 0.00000000
vn 0.46274880 0.88648951 0.00000000
vn 0.82424170 -0.56623828 0.00000000
vn 0.46274561 0.88649118 0.00000000
vn 0.66479272 -0.74702787 0.00000000
vn 0.66145498 0.74998492 0.00000000
vn 0.66145480 0.74998510 0.00000000
vn 0.46670100 -0.88441521 0.00000000
vn 0.82171571 0.56989771 0.00000000
vn 0.46670401 -0.88441372 0.00000000
vn 0.82171220 0.56990272 0.00000000
vn 0.93422192 0.35669261 0.00000000
vn 0.24148209 -0.97040528 0.00000000
vn 0.99243653 0.12275960 0.00000000
vn 0.24148190 -0.97040528 0.00000000
vn 0.99243742 0.12275240 0.00000000
vn 0.00221676 -0.99999762 0.00000000
vn 0.00221676 -0.99999762 0.00000000
vn -0.23713450 -0.97147691 0.00000000
vn -0.23713620 -0.97147650 0.00000000
vn -0.46274880 -0.88648951 0.00000000
vn -0.46274850 -0.88648969 0.00000000
vn -0.66144931 -0.74998993 0.00000000
vn -0.66144902 -0.74999022 0.00000000
vn -0.82170892 -0.56990761 0.00000000
vn -0.82171571 -0.56989771 0.00000000
vn -0.93422842 -0.35667530 0.00000000
vn -0.99243617 -0.12276160 0.00000000
vn -0.99243712 -0.12275450 0.00000000
vn -0.99297488 0.11832520 0.00000000
vn -0.99297577 0.11831800 0.00000000
vn -0.93580598 0.35251549 0.00000000
vn -0.93580598 0.35251579 0.00000000
vn -0.82425070 0.56622517 0.00000000
vn -0.82425410 0.56622022 0.00000000
vn -0.66477960 0.74703962 0.00000000
vn -0.66478688 0.74703312 0.00000000
vn 0.00000111 0.00000000 1.00000000
vn -0.00000080 0.00000000 1.00000000
vn 0.00000137 0.00000000 1.00000000
vn 0.00000041 0.00000000 1.00000000
vn 0.00000133 0.00000000 1.00000000
vn -0.00000082 0.00000000 1.00000000
vn 0.00000052 0.00000000 1.00000000
vn 0.00000154 0.00000000 1.00000000
vn 0.00000027 0.00000000 1.00000000
vn -0.00000066 0.00000000 1.00000000
vn -0.00000026 0.00000000 1.00000000
vn -0.00000092 0.00000000 1.00000000
vn -0.00000026 0.00000000 1.00000000
vn -0.00000067 0.00000000 1.00000000
vn 0.00000039 0.00000000 1.00000000
vn -0.00000043 0.00000000 1.00000000
vn 0.00000274 0.00000000 1.00000000
vn 0.00000034 0.00000000 1.00000000
vn -0.00000081 0.00000000 1.00000000
vn 0.00000000 0.00000000 1.00000000
vn -0.00000068 0.00000000 1.00000000
vn -0.00000063 0.00000000 1.00000000
vn -0.00000014 0.00000000 1.00000000
vn 0.00000030 0.00000000 1.00000000
vn 0.00000034 0.00000000 1.00000000
vn 0.00000063 0.00000000 1.00000000
vn -0.00000088 0.00000000 1.00000000
vn 0.00000135 0.00000000 1.00000000
vn -0.00000057 0.00000000 1.00000000
vn -0.00000067 0.00000000 1.00000000
vn -0.64208758 -0.76663142 0.00000000
vn -0.55011088 -0.83509159 0.00000000
vn -0.50410861 -0.86364031 0.00000000
vn -0.43361729 -0.90100509 0.01287895
vn -0.61955953 -0.78478950 0.01585972
vn -0.34941450 -0.93696833 0.00000000
vn -0.25664869 -0.96650481 0.00000000
vn -0.42281041 -0.90601963 0.01897192
vn -0.15006630 -0.98866278 0.00509185
vn -0.08898150 -0.99603337 0.00000000
vn 0.00839978 -0.99996477 0.00000000
vn -0.19668821 -0.98017591 0.02385777
vn 0.12404630 -0.99227637 0.00000000
vn 0.20852260 -0.97801763 0.00000000
vn 0.03972148 -0.99906659 0.01698017
vn 0.31144691 -0.95026362 0.00000000
vn 0.36242560 -0.93201280 0.00000000
vn 0.41473830 -0.90994060 0.00071280
vn 0.25923491 -0.96564251 0.01821863
vn 0.50942069 -0.86051768 0.00000000
vn 0.58116633 -0.81378478 0.00000000
vn 0.45972490 -0.88785911 0.01895689
vn 0.65025502 -0.75962991 0.01145166
vn 0.70700628 -0.70720732 0.00000000
vn 0.74471331 -0.66738462 0.00000000
vn 0.64220172 -0.76635510 0.01664179
vn 0.81547469 -0.57879281 0.00000000
vn 0.86184353 -0.50717437 0.00000000
vn 0.88991809 -0.45611829 0.00140786
vn 0.79660219 -0.60427642 0.01658797
vn 0.93430001 -0.35648599 0.00118816
vn 0.95343792 -0.30158970 0.00000000
vn 0.97567481 -0.21922320 0.00000000
vn 0.91314590 -0.40706581 0.02149391
vn 0.99484003 -0.10145670 0.00000000
vn 0.99887788 -0.04736107 0.00000000
vn 0.99966133 0.02483075 0.00780755
vn 0.98293573 -0.18293519 0.01929521
vn 0.99146599 0.13036589 0.00000000
vn 0.97673261 0.21446070 0.00000000
vn 0.99803340 0.05829954 0.02303576
vn 0.95378661 0.30022690 0.01244515
vn 0.92695791 0.37516549 0.00000000
vn 0.90488690 0.42565230 0.00000000
vn 0.95651001 0.29119781 0.01710325
vn 0.85509312 0.51847452 0.00000000
vn 0.80742961 0.58996409 0.00000000
vn 0.76771671 0.64077652 0.00409311
vn 0.87012428 0.49263480 0.01395845
vn 0.74640012 0.66527951 0.01703411
vn 0.70217192 0.71200752 0.00000000
vn 0.66230321 0.74923593 0.00000000
vn 0.58750719 0.80918741 0.00715876
vn 0.58495301 0.81105018 0.00525564
vn 0.50540572 0.86288178 0.00000000
vn 0.45853499 0.88867640 0.00000000
vn 0.40343881 0.91483581 0.01768350
vn 0.36965069 0.92916590 0.00300920
vn 0.31312191 0.94971287 0.00000000
vn 0.22092509 0.97529078 0.00000000
vn 0.20370001 0.97897750 0.01046478
vn 0.11595420 0.99325472 0.00000000
vn 0.03879439 0.99924719 0.00000000
vn 0.00029347 0.99988961 0.01486641
vn -0.05941045 0.99823368 0.00000000
vn -0.12570100 0.99206817 0.00000000
vn -0.20156030 0.97947621 0.00000000
vn -0.17402831 0.98470128 0.00881094
vn -0.25418240 0.96715641 0.00000000
vn -0.32959691 0.94411832 0.00253802
vn -0.33431751 0.94246048 0.00000000
vn -0.41360140 0.91045821 0.00000000
vn -0.46823561 0.88359988 0.00257415
vn -0.54546350 0.83813471 0.00000000
vn -0.59071612 0.80687952 0.00000000
vn -0.49335420 0.86972022 0.01372838
vn -0.66709900 0.74496913 0.00000000
vn -0.72833401 0.68522239 0.00000000
vn -0.76878422 0.63950300 0.00262100
vn -0.65225232 0.75793779 0.00986195
vn -0.82532471 0.56465870 0.00000000
vn -0.85518408 0.51832438 0.00000000
vn -0.78921407 0.61392868 0.01525884
vn -0.90306431 0.42950431 0.00102931
vn -0.93706417 0.34915751 0.00000000
vn -0.95470250 0.29756209 0.00000000
vn -0.89711440 0.44171640 0.00851357
vn -0.98066193 0.19570941 0.00000000
vn -0.98991191 0.14168480 0.00000000
vn -0.99853152 0.05416339 0.00118762
vn -0.96892267 0.24675530 0.01733934
vn -0.99870872 -0.05080550 0.00000000
vn -0.99448287 -0.10489840 0.00000000
vn -0.99925721 0.03704464 0.01062786
vn -0.98381490 -0.17844769 0.01627165
vn -0.98105872 -0.19349539 0.00913346
vn -0.96404612 -0.26573521 0.00000000
vn -0.94399190 -0.32996881 0.00000000
vn -0.92075711 -0.38966191 0.01924210
vn -0.90132493 -0.43314359 0.00000000
vn -0.87019062 -0.49271539 0.00000000
vn -0.83589381 -0.54888958 0.00139171
vn -0.83405417 -0.55168247 0.00000000
vn -0.79506087 -0.60652971 0.00000000
vn -0.75254500 -0.65854061 0.00070468
vn -0.75145370 -0.65978599 0.00000000
vn 0.00000198 0.00000000 1.00000000
vn 0.00000017 0.00000000 1.00000000
vn -0.00000213 0.00000000 1.00000000
vn -0.00000155 0.00000000 1.00000000
vn 0.00000110 0.00000000 1.00000000
vn 0.00000139 0.00000000 1.00000000
vn -0.00000155 0.00000000 1.00000000
vn 0.00000157 0.00000000 1.00000000
vn 0.00000065 0.00000000 1.00000000
vn -0.00000162 0.00000000 1.00000000
vn 0.00000866 0.00000000 1.00000000
vn -0.00000564 0.00000000 1.00000000
vn 0.00000153 0.00000000 1.00000000
vn 0.00001774 0.00000000 1.00000000
vn -0.73579371 -0.67720592 0.00000000
vn -0.82273030 -0.56842512 -0.00283402
vn -0.79242033 -0.60996801 0.00301623
vn -0.75334668 -0.65758097 -0.00749820
vn -0.82339531 -0.56746048 -0.00301981
vn -0.86119002 -0.50825262 0.00558937
vn -0.84748173 -0.53081971 0.00229990
vn -0.90654600 -0.42210701 0.00000000
vn -0.87101442 -0.49125749 0.00000000
vn -0.94395679 -0.33005580 0.00296587
vn -0.92419082 -0.38187999 -0.00625867
vn -0.92172289 -0.38777179 -0.00775206
vn -0.94717771 -0.32070389 0.00187373
vn -0.96965140 -0.24447380 0.00297898
vn -0.96073472 -0.27745530 -0.00274712
vn -0.98486203 -0.17334069 0.00000000
vn -0.98160958 -0.19087550 -0.00305998
vn -0.99359041 -0.11304050 0.00000000
vn -0.99566603 -0.09291028 0.00411928
vn -0.99961138 -0.02758824 -0.00400501
vn -0.99933088 0.03655081 0.00132191
vn -0.99984890 -0.01727682 -0.00196785
vn -0.99685562 0.07912361 -0.00430596
vn -0.99023682 0.13918179 0.00772059
vn -0.98987299 0.14171180 0.00831818
vn -0.95613122 0.29293880 0.00000000
vn -0.97375393 0.22760360 0.00000000
vn -0.98115230 0.19321430 -0.00289631
vn -0.95594072 0.29356000 -0.00021566
vn -0.90255338 0.43057689 -0.00090627
vn -0.92458302 0.38097841 0.00135839
vn -0.92691821 0.37526360 0.00012732
vn -0.89112121 0.45374441 -0.00436676
vn -0.85386008 0.52037603 0.01148438
vn -0.85609579 0.51671761 0.01014441
vn -0.76831228 0.64007241 -0.00186723
vn -0.80228633 0.59693938 0.00000000
vn -0.82671160 0.56262600 0.00000000
vn -0.76362967 0.64563978 -0.00436932
vn -0.65536213 0.75530690 -0.00346768
vn -0.69770569 0.71637022 0.00453758
vn -0.70430458 0.70989311 0.00261557
vn -0.58695698 0.80955231 0.01032549
vn -0.64938682 0.76044381 -0.00470054
vn -0.58388758 0.81178468 0.00899071
vn -0.44957811 0.89320439 -0.00810283
vn -0.49787620 0.86724812 0.00000000
vn -0.53902352 0.84229082 0.00000000
vn -0.37050480 0.92881829 0.00477171
vn -0.44951999 0.89323330 -0.00812524
vn -0.36987370 0.92907047 0.00463629
vn -0.30160421 0.95342851 -0.00303352
vn -0.30907270 0.95102662 -0.00475246
vn -0.21744721 0.97605437 0.00589126
vn -0.22067040 0.97533691 0.00475729
vn -0.11383640 0.99349952 0.00000000
vn -0.16729730 0.98590660 0.00000000
vn -0.04295057 0.99906957 -0.00389940
vn -0.06750774 0.99764991 -0.01172405
vn 0.06334877 0.99797589 0.00557667
vn 0.01732379 0.99984932 0.00115502
vn 0.07024860 0.99752551 0.00284737
vn 0.18126591 0.98343420 0.00011788
vn 0.17423560 0.98470169 -0.00211918
vn 0.29894131 0.95424360 -0.00731265
vn 0.24814250 0.96872348 0.00000000
vn 0.22578961 0.97417611 0.00000000
vn 0.36459541 0.93116528 0.00118148
vn 0.30936319 0.95087892 -0.01112943
vn 0.41100231 0.91163403 -0.00067671
vn 0.41402781 0.91026419 -0.00028114
vn 0.45967990 0.88808459 0.00051723
vn 0.49382100 0.86951971 0.00873679
vn 0.53348148 0.84580392 -0.00364280
vn 0.56801921 0.82301539 0.00000000
vn 0.60142827 0.79892689 0.00000000
vn 0.62159008 0.78332961 0.00454271
vn 0.66727382 0.74479401 -0.00527179
vn 0.71933788 0.69465971 0.00096466
vn 0.68099988 0.73228222 -0.00144142
vn 0.74622858 0.66567463 -0.00449574
vn 0.78126287 0.62416518 0.00679839
vn 0.78381711 0.62096322 0.00597447
vn 0.81652492 0.57729590 -0.00406706
vn 0.87219161 0.48916471 0.00000000
vn 0.83286083 0.55348271 0.00000000
vn 0.87926352 0.47631001 -0.00496304
vn 0.90589070 0.42351121 0.00053289
vn 0.91677672 0.39940009 -0.00043095
vn 0.92734420 0.37420610 0.00161487
vn 0.94303882 0.33265331 -0.00445062
vn 0.95939428 0.28199381 0.00650436
vn 0.98036402 0.19719580 0.00055613
vn 0.97251791 0.23279931 -0.00366324
vn 0.99258620 0.12154310 0.00000000
vn 0.98380101 0.17926431 0.00000000
vn 0.99996388 -0.00840408 0.00126886
vn 0.99896550 0.04543632 -0.00190681
vn 0.99592942 0.08948045 -0.01085561
vn 0.99954629 -0.03007429 -0.00167102
vn 0.99397540 -0.10933360 0.00769246
vn 0.99645030 -0.08414590 0.00252426
vn 0.98067898 -0.19562380 0.00000000
vn 0.98733771 -0.15858079 -0.00405353
vn 0.96440917 -0.26439101 0.00350058
vn 0.96805972 -0.25071990 0.00000000
vn 0.91825128 -0.39599830 0.00001189
vn 0.93821102 -0.34606379 -0.00000799
vn 0.94300449 -0.33276749 -0.00287491
vn 0.90479368 -0.42582721 -0.00441909
vn 0.87182051 -0.48971051 0.01060986
vn 0.87855607 -0.47758079 0.00747031
vn 0.79175311 -0.61084151 0.00000000
vn 0.82572848 -0.56406790 0.00000000
vn 0.85109812 -0.52500522 -0.00129414
vn 0.79053938 -0.61241102 -0.00067299
vn 0.68756181 -0.72612292 -0.00211746
vn 0.72563320 -0.68807441 0.00319088
vn 0.73501271 -0.67805320 0.00040236
vn 0.61686760 -0.78698730 0.01120424
vn 0.67511803 -0.73769653 -0.00442707
vn 0.61599970 -0.78767210 0.01081657
vn 0.57206070 -0.82021129 0.00000000
vn 0.48728010 -0.87323171 -0.00495720
vn 0.53396207 -0.84550852 0.00000000
vn 0.47919351 -0.87767178 -0.00811660
vn 0.40307549 -0.91515517 0.00459987
vn 0.40138540 -0.91589952 0.00422591
vn 0.34249291 -0.93950957 -0.00451601
vn 0.25554159 -0.96677750 0.00631076
vn 0.33905509 -0.94075900 -0.00375849
vn 0.24583469 -0.96930778 0.00279945
vn 0.19252190 -0.98129272 0.00000000
vn 0.14091530 -0.99002171 0.00000000
vn 0.05259883 -0.99861228 0.00264591
vn 0.10846350 -0.99405700 -0.00929749
vn 0.01508259 -0.99988621 -0.00046727
vn -0.06443583 -0.99789470 0.00737965
vn -0.04944586 -0.99877483 0.00199538
vn -0.12961049 -0.99156320 -0.00191617
vn -0.16810670 -0.98576701 0.00195908
vn -0.18255660 -0.98319542 0.00000000
vn -0.27050930 -0.96271747 0.00000000
vn -0.27118751 -0.96252650 0.00034256
vn -0.36263549 -0.93193108 -0.00011724
vn -0.43444851 -0.90069669 0.00000000
vn -0.36327070 -0.93168372 0.00000000
vn -0.45763090 -0.88909471 -0.00919473
vn -0.50666541 -0.86214262 0.00060016
vn -0.53095287 -0.84740138 -0.00004954
vn -0.55182099 -0.83396262 0.00034580
vn -0.57803261 -0.81600302 -0.00420326
vn -0.62131608 -0.78353411 0.00636816
vn -0.64073581 -0.76767081 0.01180011
vn -0.66545731 -0.74643588 0.00000000
vn 0.00000000 0.00000000 -1.00000000
vn 0.00000588 0.00000000 -1.00000000
vn 0.00000291 0.00000000 -1.00000000
vn -0.00000025 0.00000000 -1.00000000
vn -0.00000525 0.00000000 -1.00000000
vn -0.00000251 0.00000000 -1.00000000
vn -0.00000080 0.00000000 -1.00000000
vn -0.00000012 0.00000000 -1.00000000
vn -0.00000306 0.00000000 -1.00000000
vn 0.00000176 0.00000000 -1.00000000
vn -0.00000207 0.00000000 -1.00000000
vn -0.00000265 0.00000000 -1.00000000
vn 0.00000000 0.00000000 -1.00000000
vn -0.00000197 0.00000000 -1.00000000
vn -0.00000014 0.00000000 -1.00000000
vn 0.00000456 0.00000000 -1.00000000
vn 0.00000090 0.00000000 -1.00000000
vn -0.00000058 0.00000000 -1.00000000
vn -0.00000142 0.00000000 -1.00000000
vn 0.00000276 0.00000000 -1.00000000
vn 0.00000022 0.00000000 -1.00000000
vn -0.00015432 0.00000000 -1.00000000
vn 0.00000800 0.00000000 -1.00000000
vn 0.00001218 0.00000000 -1.00000000
vn 0.00000000 0.00000000 -1.00000000
vn -0.00000078 0.00000000 -1.00000000
vn -0.00000021 0.00000000 -1.00000000
vn 0.00000043 0.00000000 -1.00000000
vn -0.00000292 0.00000000 -1.00000000
vn -0.00004322 0.00000000 -1.00000000
vn 0.00000147 0.00000000 -1.00000000
vn 0.00000023 0.00000000 -1.00000000
vn -0.00000828 0.00000000 -1.00000000
vn 0.00000119 0.00000000 -1.00000000
vn -0.00000044 0.00000000 -1.00000000
vn 0.00000031 0.00000000 -1.00000000
vn -0.00013477 0.00000000 -1.00000000
vn -0.00000133 0.00000000 -1.00000000
vn 0.00000101 0.00000000 -1.00000000
vn -0.00000061 0.00000000 -1.00000000
vn -0.00000168 0.00000000 -1.00000000
vn 0.00000094 0.00000000 -1.00000000
vn 0.00004328 0.00000000 -1.00000000
vn -0.00000062 0.00000000 -1.00000000
vn 0.00000477 0.00000000 -1.00000000
vn -0.00000869 0.00000000 -1.00000000
vn -0.00000096 0.00000000 -1.00000000
vn -0.00001408 0.00000000 -1.00000000
vn -0.00000032 0.00000000 -1.00000000
vn 0.85741228 0.28005561 0.43175581
vn 0.85749060 0.27985331 0.43173140
vn -0.74900901 -0.64682698 -0.14352840
vn 0.67334968 -0.73504412 0.07943838
vn 0.66818428 -0.73871613 0.08847755
vn 0.79650623 0.49015331 0.35401651
vn 0.86807227 0.47060570 0.15805300
vn 0.79389602 0.49565369 0.35221660
vn 0.83574909 0.51122272 0.20043699
vn 0.92931831 0.08694744 0.35889801
vn 0.92928213 0.08715879 0.35894051
vn 0.47822389 -0.87538028 0.07078975
vn 0.46948731 -0.88255280 0.02612125
vn 0.48489839 -0.87454361 0.00686616
vn 0.95659542 -0.11957840 0.26575610
vn 0.95680308 -0.11495130 0.26704711
vn 0.95105451 0.26051459 0.16621530
vn 0.89677662 0.29699340 0.32800409
vn 0.89432621 0.30692649 0.32554090
vn 0.92787957 0.30807680 0.21006730
vn 0.95230740 0.10148750 0.28776920
vn 0.25963980 -0.96514273 0.03296655
vn 0.26041061 -0.96505398 0.02927857
vn 0.26892799 -0.96102113 -0.06415909
vn 0.24969560 -0.96735138 -0.04339814
vn 0.98582977 0.03691118 0.16363721
vn 0.97210371 0.09562784 0.21417239
vn -0.73102582 -0.61594462 -0.29362160
vn 0.95515531 0.09208202 0.28142381
vn 0.93045580 -0.33317640 0.15246490
vn 0.93310070 -0.32434779 0.15531170
vn 0.02880102 -0.99956709 -0.00601417
vn 0.03243070 -0.99932402 -0.01731789
vn 0.97016913 -0.18964860 0.15101510
vn 0.96705079 -0.11313120 0.22806640
vn 0.96651107 -0.11663660 0.22858749
vn 0.97027189 -0.11631040 0.21223681
vn 0.04114556 -0.99083787 -0.12863649
vn 0.02113294 -0.99382180 -0.10895710
vn 0.84326261 -0.53710163 0.02073562
vn 0.83394653 -0.55162978 0.01542490
vn -0.20407000 -0.97762018 -0.05112975
vn -0.20085230 -0.97784382 -0.05899208
vn 0.90374351 -0.40735671 0.13156080
vn 0.92102152 -0.32909101 0.20837121
vn 0.92936420 -0.33395410 0.15734389
vn 0.93122751 -0.32911840 0.15651350
vn 0.82733232 -0.55881208 0.05701154
vn -0.18797579 -0.96427721 -0.18664061
vn -0.20661449 -0.96397412 -0.16752400
vn 0.68888640 -0.71532887 -0.11721860
vn 0.67031670 -0.73157161 -0.12441300
vn -0.42701820 -0.89938283 -0.09362691
vn -0.42306471 -0.90042210 -0.10127370
vn -0.61858028 -0.74971610 -0.23512620
vn -0.61078483 -0.78047401 -0.13342521
vn 0.78925622 -0.60451269 0.10788550
vn 0.83520031 -0.54454809 0.07686269
vn 0.81682068 -0.54372650 0.19278380
vn -0.40662989 -0.88358682 -0.23222101
vn -0.60156471 -0.75707209 -0.25487641
vn -0.42006680 -0.88081831 -0.21841010
vn -0.34103170 -0.76981002 -0.53952771
vn -0.56063360 -0.71621460 -0.41560391
vn 0.49100631 -0.83709550 -0.24121380
vn 0.46567181 -0.84947842 -0.24806499
vn 0.63307112 -0.77042699 0.07525634
vn 0.66239482 -0.73293167 0.15506200
vn 0.65952897 -0.75108588 -0.02985799
vn 0.68314862 -0.72938591 -0.03611278
vn 0.45783499 -0.87643558 -0.14915679
vn 0.24613130 -0.90483302 -0.34741411
vn 0.27568120 -0.89830440 -0.34212449
vn 0.44355109 -0.89557171 0.03484129
vn 0.48775721 -0.86649269 -0.10622340
vn 0.46933791 -0.87654090 0.10676240
vn 0.05795300 -0.90647089 -0.41827270
vn 0.03192394 -0.90659052 -0.42080250
vn 0.23125350 -0.97271591 -0.01859116
vn 0.23413409 -0.94996512 -0.20675451
vn 0.27296260 -0.93721920 -0.21705210
vn 0.25322890 -0.96601433 0.05188280
vn -0.17541550 -0.86440921 -0.47119671
vn -0.15457509 -0.86835867 -0.47123221
vn -0.38401520 -0.77587301 -0.50055331
vn 0.00837368 -0.99659222 -0.08206021
vn 0.02546364 -0.99963272 -0.00928712
vn 0.01515305 -0.96167338 -0.27377871
vn 0.04990166 -0.95741510 -0.28436971
vn -0.55867058 -0.70812410 -0.43179569
vn -0.52487338 -0.66284817 -0.53398532
vn -0.36947140 -0.78858900 -0.49154690
vn -0.42234081 -0.89427918 -0.14796349
vn -0.21292260 -0.96988952 -0.11822980
vn -0.19995411 -0.92466491 -0.32405779
vn -0.17197570 -0.92614877 -0.33566779
vn -0.20587000 -0.97678453 -0.05924111
vn -0.38366100 -0.84788460 -0.36591780
vn -0.60681468 -0.76824468 -0.20390230
vn -0.58984083 -0.75713497 -0.28077489
vn -0.61243153 -0.69336790 -0.37969550
vn -0.42135569 -0.89391762 -0.15287530
vn -0.40023029 -0.84365082 -0.35786739
vn -0.61626190 -0.77925271 -0.11395950
vn -0.76707357 -0.59103179 -0.24955881
vn -0.83254838 -0.52348632 -0.18117779
vn -0.75801271 -0.59280503 -0.27202749
vn -0.77075851 -0.56972933 -0.28520200
vn -0.73190159 -0.54159671 -0.41351339
vn -0.90624601 -0.37485141 -0.19546071
vn -0.90650171 -0.37449190 -0.19496280
vn -0.75413442 -0.30316341 -0.58255750
vn -0.88391370 -0.36753950 -0.28915629
vn -0.88400340 -0.36743659 -0.28901291
vn -0.95776802 -0.20079410 -0.20582069
vn -0.95762712 -0.20108861 -0.20618880
vn -0.93908620 -0.19713590 -0.28152189
vn -0.93797499 -0.19886580 -0.28399879
vn -0.97718132 -0.02536606 -0.21088700
vn -0.96638203 0.15017810 -0.20869230
vn -0.97744071 -0.02444261 -0.20979109
vn -0.96362537 -0.02418202 -0.26616040
vn -0.96270972 -0.02626276 -0.26925901
vn -0.92790478 0.31833231 -0.19405530
vn -0.96374339 0.15636110 -0.21621761
vn -0.95741421 0.15623830 -0.24279170
vn -0.95710528 0.15516689 -0.24468920
vn -0.90478867 0.35359061 -0.23734200
vn -0.86442721 0.47637239 -0.16073310
vn -0.91150981 0.35455000 -0.20843300
vn -0.91170132 0.35561040 -0.20577160
vn -0.70678568 -0.62997657 -0.32184389
vn -0.80584091 -0.46611831 -0.36517689
vn -0.72975862 -0.54281980 -0.41569099
vn -0.69427443 -0.50825810 -0.50956541
vn -0.65990162 0.73697710 -0.14626960
vn -0.77002758 0.61472040 -0.17081110
vn -0.78469229 0.56957310 -0.24463169
vn -0.86731893 -0.36930531 -0.33372360
vn -0.89081651 -0.29570660 -0.34496889
vn -0.84760082 -0.35324430 -0.39596879
vn -0.77831483 -0.41949570 -0.46717191
vn -0.80228323 0.57993931 -0.14146420
vn -0.80199152 0.57456332 -0.16336070
vn -0.90001822 -0.18423100 -0.39500150
vn -0.93096268 -0.20622811 -0.30129460
vn -0.95128733 -0.08500552 -0.29635561
vn -0.89970100 -0.18495050 -0.39538789
vn -0.56991351 0.77551752 -0.27160910
vn -0.39334849 0.91528082 -0.08682131
vn -0.53266913 0.83734572 -0.12294650
vn -0.94360411 -0.02071261 -0.33042771
vn -0.94382793 -0.01977306 -0.32984540
vn -0.96411818 -0.03240734 -0.26348811
vn -0.60049629 0.79842979 -0.04375237
vn -0.60121697 0.79168969 -0.10846900
vn -0.95608813 0.16091290 -0.24495409
vn -0.95598912 0.15542109 -0.24885570
vn -0.29175901 0.91989040 -0.26206571
vn -0.23835430 0.97085232 -0.02516168
vn -0.32511291 0.94501960 -0.03520786
vn -0.32095709 0.94385147 0.07829982
vn -0.03621494 0.99114758 0.12773040
vn -0.05457091 0.99692029 -0.05632203
vn -0.92514741 0.35222229 -0.14156960
vn -0.92288238 0.36114681 -0.13364550
vn -0.05982786 0.98482662 0.16290250
vn -0.06642156 0.99604678 0.05898410
vn -0.97055262 0.13817540 -0.19732019
vn -0.96379042 0.13974360 -0.22711220
vn -0.96420538 0.15581921 -0.21454230
vn 0.16987389 0.98169631 -0.08611172
vn 0.33838511 0.93233120 0.12749200
vn 0.17084920 0.98528832 -0.00418454
vn -0.82222211 0.56916571 0.00116181
vn -0.81261528 0.58253902 0.01745855
vn 0.32974041 0.91030961 0.25021550
vn 0.15298469 0.96266317 0.22332761
vn 0.14880291 0.98083907 0.12574740
vn -0.91835308 0.35721979 -0.17035750
vn -0.92137861 0.36228299 -0.14075769
vn -0.81809950 0.55884057 -0.13568470
vn -0.91858482 0.35712841 -0.16929710
vn -0.92265928 0.35709471 -0.14554490
vn 0.33826730 0.91412920 0.22347960
vn 0.49955320 0.81057340 0.30564290
vn -0.61799711 0.76731610 0.17118880
vn -0.59840697 0.77749741 0.19340859
vn -0.66780639 0.72556758 -0.16609100
vn -0.80443031 0.59276420 -0.03901952
vn -0.81679660 0.57610238 -0.03081077
vn -0.81458271 0.57721049 -0.05729782
vn 0.50743181 0.81650758 0.27536961
vn 0.67125958 0.66852212 0.32013881
vn -0.31140140 0.88374883 0.34930989
vn -0.33868709 0.88202792 0.32759419
vn 0.67641330 0.67206508 0.30131960
vn -0.61401069 0.78223068 0.10538470
vn -0.49062309 0.86299020 -0.12056930
vn -0.58851027 0.80430257 0.08217668
vn -0.61260098 0.78863472 0.05268198
vn -0.06354409 0.89606237 0.43935660
vn -0.08909201 0.90068448 0.42524150
vn 0.81062680 0.49699721 0.30964169
vn 0.80659008 0.49375010 0.32499751
vn -0.28622791 0.95814359 -0.00586843
vn -0.04338008 0.96638602 0.25340939
vn -0.29960060 0.93406463 0.19432670
vn -0.33063421 0.94037223 0.07988250
vn -0.33513519 0.92781490 0.16384150
vn 0.10990970 0.87097961 0.47886801
vn 0.13080730 0.86305428 0.48787981
vn 0.90268338 0.30070800 0.30779460
vn 0.89897329 0.29827189 0.32075071
vn 0.29154411 0.80762529 0.51258498
vn 0.27604741 0.81600970 0.50786418
vn -0.06369739 0.99731022 0.03626447
vn -0.05945920 0.99778378 0.02986937
vn -0.07896870 0.96265519 0.25895771
vn 0.95042068 0.09306520 0.29671440
vn 0.95288312 0.09471166 0.28817290
vn 0.43839961 0.73284101 0.52033651
vn 0.44789600 0.72523749 0.52289569
vn 0.16186830 0.98468161 0.06481343
vn 0.15858600 0.93693018 0.31146789
vn 0.13229550 0.94539988 0.29785380
vn 0.15833220 0.98496121 0.06915557
vn 0.95955920 -0.11464020 0.25710690
vn 0.96017808 -0.11414490 0.25500751
vn 0.37890819 0.92218781 0.07744830
vn 0.34351119 0.93293238 0.10787610
vn 0.31041369 0.89071947 0.33205739
vn 0.32801029 0.88154221 0.33954799
vn 0.60493720 0.60866272 0.51340133
vn 0.60933840 0.60369831 0.51405758
vn 0.92164212 -0.32723951 0.20854330
vn 0.92170107 -0.32719821 0.20834680
vn 0.57519072 0.81027287 0.11231060
vn 0.52039272 0.83858961 0.16111851
vn 0.49202421 0.79365671 0.35780069
vn 0.48364881 0.80079907 0.35327709
vn 0.74696940 0.45610201 0.48374361
vn 0.74818468 0.45413139 0.48371941
vn 0.82648939 -0.54386908 0.14533380
vn 0.82355660 -0.54632038 0.15260640
vn 0.74080938 0.65696239 0.14000700
vn 0.65757447 0.66012192 0.36309081
vn 0.69752550 0.69235498 0.18466920
vn 0.65660828 0.66139048 0.36253029
vn 0.46571279 -0.88493592 0.00000000
vn 0.00112170 -0.99999940 0.00000000
vn -0.93541199 0.35355970 0.00000000
vn -0.23823570 -0.97120738 0.00000000
vn -0.93541580 0.35354990 0.00000000
vn -0.23823830 -0.97120690 0.00000000
vn -0.82361341 0.56715173 0.00000000
vn -0.46373251 -0.88597542 0.00000000
vn -0.82360822 0.56715941 0.00000000
vn -0.46374169 -0.88597047 0.00000000
vn -0.66395962 0.74776852 0.00000000
vn -0.66227978 -0.74925667 0.00000000
vn -0.66228533 -0.74925178 0.00000000
vn -0.82234901 -0.56898338 0.00000000
vn -0.82235432 -0.56897593 0.00000000
vn -0.93462270 -0.35564119 0.00000000
vn -0.99257398 -0.12164340 0.00000000
vn -0.99257261 -0.12165440 0.00000000
vn -0.00110459 0.99999940 0.00000000
vn -0.00110459 0.99999952 0.00000000
vn 0.23821950 0.97121137 0.00000000
vn 0.46374601 0.88596821 0.00000000
vn 0.66228813 0.74924928 0.00000000
vn 0.82235080 0.56898087 0.00000000
vn 0.93461877 0.35565090 0.00000000
vn 0.93462068 0.35564610 0.00000000
vn 0.99257332 0.12164860 0.00000000
vn 0.99284208 -0.11943490 0.00000000
vn 0.93541241 -0.35355869 0.00000000
vn 0.93541420 -0.35355380 0.00000000
vn 0.82362032 -0.56714171 0.00000000
vn 0.66395563 -0.74777198 0.00000000
vn 0.66395020 -0.74777693 0.00000000
vn 0.00000000 0.00000000 -1.00000000
vn 0.00000000 0.00000000 -1.00000000
vn 0.00000000 0.00000000 -1.00000000
vn 0.00000000 0.00000000 -1.00000000
vn 0.00000000 0.00000000 -1.00000000
vn 0.00000000 0.00000000 -1.00000000
vn 0.00000000 0.00000000 -1.00000000
vn 0.00000000 0.00000000 -1.00000000
vn 0.00000000 0.00000000 -1.00000000
vn 0.00000000 0.00000000 -1.00000000
vn 0.00000000 0.00000000 -1.00000000
vn 0.00000000 0.00000000 -1.00000000
vn 0.00000000 0.00000000 -1.00000000
vn 0.00000000 0.00000000 -1.00000000
vn 0.00000000 0.00000000 -1.00000000
vn 0.00000000 0.00000000 -1.00000000
vn 0.00000000 0.00000000 -1.00000000
vn 0.00000000 0.00000000 -1.00000000
vn 0.00000000 0.00000000 -1.00000000
vn 0.00000000 0.00000000 -1.00000000
vn 0.00000000 0.00000000 -1.00000000
vn 0.00000000 0.00000000 -1.00000000
vn 0.00000000 0.00000000 -1.00000000
vn 0.00000000 0.00000000 -1.00000000
vn 0.00000000 0.00000000 -1.00000000
vn 0.00000000 0.00000000 -1.00000000
vn 0.00000000 0.00000000 -1.00000000
vn 0.00000000 0.00000000 -1.00000000
vn 0.00000000 0.00000000 -1.00000000
vn 0.00000000 0.00000000 -1.00000000
vn 0.00000000 0.00000000 -1.00000000
vn 0.00000000 0.00000000 -1.00000000
vn 0.00000000 0.00000000 -1.00000000
vn 0.00000000 0.00000000 -1.00000000
vn 0.00000000 0.00000000 -1.00000000
vn 0.00000000 0.00000000 -1.00000000
vn 0.00000000 0.00000000 -1.00000000
vn 0.00000000 0.00000000 -1.00000000
vn 0.00000000 0.00000000 -1.00000000
vn 0.00000000 0.00000000 -1.00000000
vn 0.00000000 0.00000000 -1.00000000
vn 0.00000000 0.00000000 -1.00000000
vn 0.00000000 0.00000000 -1.00000000
vn 0.00000000 0.00000000 -1.00000000
vn 0.00000000 0.00000000 -1.00000000
vn 0.00000000 0.00000000 -1.00000000
vn 0.00000000 0.00000000 -1.00000000
vn 0.00000000 0.00000000 -1.00000000
vn 0.00000000 0.00000000 -1.00000000
vn 0.00000000 0.00000000 -1.00000000
vn 0.00000000 0.00000000 -1.00000000
vn 0.00000000 0.00000000 -1.00000000
vn 0.00000000 0.00000000 -1.00000000
vn 0.00000000 0.00000000 -1.00000000
vn -0.00000090 0.00000000 1.00000000
vn 0.00000043 0.00000000 1.00000000
vn -0.00000166 0.00000000 1.00000000
vn 0.00000034 0.00000000 1.00000000
vn -0.00000034 0.00000000 1.00000000
vn 0.00000016 0.00000000 1.00000000
vn -0.00000094 0.00000000 1.00000000
vn -0.00000016 0.00000000 1.00000000
vn 0.00000000 0.00000000 1.00000000
vn 0.00000016 0.00000000 1.00000000
vn -0.00000035 0.00000000 1.00000000
vn -0.00000021 0.00000000 1.00000000
vn 0.00000016 0.00000000 1.00000000
vn 0.00000040 0.00000000 1.00000000
vn 0.00000505 0.00000000 1.00000000
vn -0.00000014 0.00000000 1.00000000
vn 0.00000016 0.00000000 1.00000000
vn -0.00000016 0.00000000 1.00000000
vn 0.00000047 0.00000000 1.00000000
vn -0.00000381 0.00000000 1.00000000
vn -0.00000690 0.00000000 1.00000000
vn 0.00000020 0.00000000 1.00000000
vn 0.00000000 0.00000000 1.00000000
vn -0.00000032 0.00000000 1.00000000
vn 0.00000188 0.00000000 1.00000000
vn -0.00000013 0.00000000 1.00000000
vn 0.00000019 0.00000000 1.00000000
vn -0.00000014 0.00000000 1.00000000
vn 0.00000000 0.00000000 1.00000000
vn -0.00000067 0.00000000 1.00000000
vn -0.00000021 0.00000000 1.00000000
vn 0.00000018 0.00000000 1.00000000
vn -0.00000021 0.00000000 1.00000000
vn 0.00000020 0.00000000 1.00000000
vn 0.00000012 0.00000000 1.00000000
vn -0.00000012 0.00000000 1.00000000
vn 0.00000099 0.00000000 1.00000000
vn 0.00000017 0.00000000 1.00000000
vn -0.00000104 0.00000000 1.00000000
vn -0.00000012 0.00000000 1.00000000
vn 0.00000025 0.00000000 1.00000000
vn 0.00000025 0.00000000 1.00000000
vn 0.00000576 0.00000000 -1.00000000
vn -0.00000044 0.00000000 -1.00000000
vn -0.00000112 0.00000000 -1.00000000
vn -0.00000491 0.00000000 -1.00000000
vn -0.00000055 0.00000000 -1.00000000
vn 0.00000841 0.00000000 -1.00000000
vn 0.00000051 0.00000000 -1.00000000
vn -0.00000063 0.00000000 -1.00000000
vn -0.00000270 0.00000000 -1.00000000
vn 0.00000173 0.00000000 -1.00000000
vn -0.00000639 0.00000000 -1.00000000
vn -0.00000068 0.00000000 -1.00000000
vn 0.00000087 0.00000000 -1.00000000
vn -0.00000033 0.00000000 -1.00000000
vn -0.00000064 0.00000000 -1.00000000
vn 0.00000314 0.00000000 -1.00000000
vn 0.00000000 0.00000000 -1.00000000
vn -0.00000033 0.00000000 -1.00000000
vn -0.00000141 0.00000000 -1.00000000
vn 0.00000126 0.00000000 -1.00000000
vn -0.00000252 0.00000000 -1.00000000
vn 0.00000084 0.00000000 -1.00000000
vn 0.00000270 0.00000000 -1.00000000
vn 0.00000271 0.00000000 -1.00000000
vn -0.00000190 0.00000000 -1.00000000
vn 0.00000060 0.00000000 -1.00000000
vn -0.00000979 0.00000000 -1.00000000
vn 0.00000383 0.00000000 -1.00000000
vn 0.00000302 0.00000000 -1.00000000
vn -0.00000334 0.00000000 -1.00000000
vn 0.00000299 0.00000000 -1.00000000
vn 0.00000057 0.00000000 -1.00000000
vn -0.00000404 0.00000000 -1.00000000
vn 0.00000172 0.00000000 -1.00000000
vn -0.00000067 0.00000000 -1.00000000
vn -0.00000017 0.00000000 -1.00000000
vn 0.00000181 0.00000000 -1.00000000
vn 0.00000056 0.00000000 -1.00000000
vn -0.00000067 0.00000000 -1.00000000
vn 0.00000387 0.00000000 -1.00000000
vn 0.00000017 0.00000000 -1.00000000
vn -0.00000019 0.00000000 -1.00000000
vn 0.00000242 0.00000000 -1.00000000
vn -0.00000067 0.00000000 -1.00000000
vn -0.00000344 0.00000000 -1.00000000
vn 0.00000074 0.00000000 -1.00000000
vn 0.00000134 0.00000000 -1.00000000
vn 0.46472481 0.88545507 0.00000000
vn 0.46473119 0.88545191 0.00000000
vn 0.23932271 0.97094017 0.00000000
vn 0.23932239 0.97094017 0.00000000
vn -0.99270910 -0.12053530 0.00000000
vn 0.00000000 1.00000000 0.00000000
vn -0.99270999 -0.12052810 0.00000000
vn -0.93501103 -0.35461879 0.00000000
vn -0.23932271 0.97094017 0.00000000
vn -0.93501598 -0.35460570 0.00000000
vn -0.23932239 0.97094017 0.00000000
vn -0.82298189 -0.56806761 0.00000000
vn -0.46472189 0.88545680 0.00000000
vn -0.82298511 -0.56806308 0.00000000
vn -0.46472219 0.88545662 0.00000000
vn -0.66312462 -0.74850911 0.00000000
vn -0.66312242 0.74851102 0.00000000
vn -0.66313189 -0.74850261 0.00000000
vn -0.66311520 0.74851751 0.00000000
vn -0.46472010 -0.88545781 0.00000000
vn -0.82298541 0.56806272 0.00000000
vn -0.46471971 -0.88545787 0.00000000
vn -0.82298160 0.56806803 0.00000000
vn -0.99270898 0.12053560 0.00000000
vn -0.93501621 0.35460511 0.00000000
vn -0.93501151 0.35461751 0.00000000
vn -0.23930930 -0.97094351 0.00000000
vn -0.99270988 0.12052850 0.00000000
vn 0.00000000 -1.00000000 0.00000000
vn 0.23930930 -0.97094351 0.00000000
vn 0.46472910 -0.88545293 0.00000000
vn 0.46472269 -0.88545632 0.00000000
vn 0.66312462 -0.74850911 0.00000000
vn 0.66311741 -0.74851549 0.00000000
vn 0.82298511 -0.56806308 0.00000000
vn 0.82298189 -0.56806761 0.00000000
vn 0.93502092 -0.35459289 0.00000000
vn 0.93501830 -0.35459951 0.00000000
vn 0.99270910 -0.12053530 0.00000000
vn 0.99270898 0.12053560 0.00000000
vn 0.93502098 0.35459229 0.00000000
vn 0.93501872 0.35459840 0.00000000
vn 0.82298541 0.56806272 0.00000000
vn 0.82298160 0.56806803 0.00000000
vn 0.66310787 0.74852389 0.00000000
vn 0.66311520 0.74851751 0.00000000
vn -0.00000067 0.00000000 1.00000000
vn -0.00000159 0.00000000 1.00000000
vn 0.00000137 0.00000000 1.00000000
vn 0.00000054 0.00000000 1.00000000
vn -0.00000082 0.00000000 1.00000000
vn 0.00000133 0.00000000 1.00000000
vn 0.00000083 0.00000000 1.00000000
vn -0.00000066 0.00000000 1.00000000
vn -0.00000209 0.00000000 1.00000000
vn 0.00000135 0.00000000 1.00000000
vn -0.00000033 0.00000000 1.00000000
vn -0.00000066 0.00000000 1.00000000
vn 0.00000136 0.00000000 1.00000000
vn -0.00000053 0.00000000 1.00000000
vn 0.00000000 0.00000000 1.00000000
vn 0.00000066 0.00000000 1.00000000
vn 0.00000052 0.00000000 1.00000000
vn -0.00000161 0.00000000 1.00000000
vn -0.00000079 0.00000000 1.00000000
vn 0.00000020 0.00000000 1.00000000
vn 0.00000067 0.00000000 1.00000000
vn -0.00000136 0.00000000 1.00000000
vn 0.00000110 0.00000000 1.00000000
vn -0.00000119 0.00000000 1.00000000
vn -0.00000067 0.00000000 1.00000000
vn 0.00000084 0.00000000 1.00000000
vn 0.00000076 0.00000000 1.00000000
vn -0.00000068 0.00000000 1.00000000
vn 0.00000135 0.00000000 1.00000000
vn 0.64379883 -0.76519489 0.00000000
vn 0.62130880 -0.78340530 0.01586419
vn 0.55195272 -0.83387548 0.00000000
vn 0.50604570 -0.86250681 0.00000000
vn 0.43563050 -0.90003347 0.01287895
vn 0.42482859 -0.90507489 0.01898050
vn 0.35148239 -0.93619448 0.00000000
vn 0.25881779 -0.96592617 0.00000000
vn 0.19887590 -0.97973430 0.02386087
vn 0.15224890 -0.98832917 0.00508857
vn 0.09125280 -0.99582791 0.00000000
vn -0.00617492 -0.99998099 0.00000000
vn -0.03748536 -0.99915308 0.01697295
vn -0.12179100 -0.99255580 0.00000000
vn -0.20636240 -0.97847569 0.00000000
vn -0.25708809 -0.96621650 0.01821166
vn -0.30931190 -0.95096058 0.00000000
vn -0.36045331 -0.93277729 0.00000000
vn -0.41270801 -0.91086322 0.00071510
vn -0.50749987 -0.86165190 0.00000000
vn -0.57936251 -0.81507009 0.00000000
vn -0.45774841 -0.88887972 0.01895809
vn -0.64852637 -0.76110590 0.01146066
vn -0.70544350 -0.70876622 0.00000000
vn -0.74324632 -0.66901797 0.00000000
vn -0.64048493 -0.76779062 0.01663672
vn -0.81418562 -0.58060461 0.00000000
vn -0.86087441 -0.50881767 0.00000000
vn -0.88887900 -0.45814011 0.00140554
vn -0.79525280 -0.60605121 0.01658523
vn -0.93350673 -0.35855800 0.00119090
vn -0.91223639 -0.40909970 0.02150249
vn -0.95283091 -0.30350190 0.00000000
vn -0.97518438 -0.22139440 0.00000000
vn -0.99460822 -0.10370430 0.00000000
vn -0.99876910 -0.04960304 0.00000000
vn -0.99971378 0.02261012 0.00780898
vn -0.98252410 -0.18513340 0.01928997
vn -0.99175632 0.12813830 0.00000000
vn -0.97721142 0.21226840 0.00000000
vn -0.99816090 0.05607581 0.02302920
vn -0.95444608 0.29812410 0.01243895
vn -0.92781478 0.37304130 0.00000000
vn -0.90583670 0.42362729 0.00000000
vn -0.95715988 0.28905419 0.01710420
vn -0.85623240 0.51659107 0.00000000
vn -0.80883127 0.58804083 0.00000000
vn -0.76913732 0.63907051 0.00410271
vn -0.87121361 0.49070579 0.01395976
vn -0.74788427 0.66361052 0.01703637
vn -0.70374262 0.71045518 0.00000000
vn -0.66404623 0.74769157 0.00000000
vn -0.58931369 0.80787247 0.00716269
vn -0.58674979 0.80975127 0.00525516
vn -0.50739801 0.86171192 0.00000000
vn -0.46050379 0.88765782 0.00000000
vn -0.40548310 0.91393161 0.01768118
vn -0.37172541 0.92833787 0.00300860
vn -0.31529790 0.94899291 0.00000000
vn -0.22310171 0.97479522 0.00000000
vn -0.20588350 0.97852051 0.01046824
vn -0.11814830 0.99299598 0.00000000
vn -0.04102551 0.99915820 0.00000000
vn -0.00251979 0.99988627 0.01487541
vn 0.05719560 0.99836308 0.00000000
vn 0.12348410 0.99234653 0.00000000
vn 0.17182690 0.98508781 0.00881088
vn 0.19936930 0.97992438 0.00000000
vn 0.25184169 0.96776849 0.00000000
vn 0.32748270 0.94485390 0.00254369
vn 0.33221811 0.94320261 0.00000000
vn 0.41172451 0.91130853 0.00000000
vn 0.46626219 0.88464302 0.00256014
vn 0.49141961 0.87081498 0.01372051
vn 0.54357320 0.83936179 0.00000000
vn 0.58890408 0.80820310 0.00000000
vn 0.65056312 0.75938833 0.00986195
vn 0.66543829 0.74645293 0.00000000
vn 0.72673541 0.68691760 0.00000000
vn 0.76735538 0.64121681 0.00262809
vn 0.78784990 0.61567831 0.01526647
vn 0.82409471 0.56645232 0.00000000
vn 0.85395092 0.52035379 0.00000000
vn 0.89612120 0.44372740 0.00852704
vn 0.90210712 0.43151119 0.00103062
vn 0.93637091 0.35101220 0.00000000
vn 0.95403671 0.29969001 0.00000000
vn 0.96836913 0.24891929 0.01733660
vn 0.98022008 0.19791070 0.00000000
vn 0.98960698 0.14379820 0.00000000
vn 0.99840832 0.05638772 0.00118500
vn 0.99917197 0.03927266 0.01063001
vn 0.99881762 -0.04861444 0.00000000
vn 0.99471712 -0.10265420 0.00000000
vn 0.98148590 -0.19131680 0.00913620
vn 0.96461737 -0.26365370 0.00000000
vn 0.94474220 -0.32781449 0.00000000
vn 0.98420942 -0.17625830 0.01628035
vn 0.90227938 -0.43115199 0.00000000
vn 0.87128812 -0.49077201 0.00000000
vn 0.92162722 -0.38759869 0.01925379
vn 0.83528727 -0.54981381 0.00000000
vn 0.79648870 -0.60465348 0.00000000
vn 0.83711767 -0.54702121 0.00139159
vn 0.75401241 -0.65685987 0.00070969
vn 0.75292492 -0.65810651 0.00000000
vn 0.00000265 0.00000000 1.00000000
vn 0.00000075 0.00000000 1.00000000
vn -0.00000036 0.00000000 1.00000000
vn 0.00000000 0.00000000 1.00000000
vn 0.00000035 0.00000000 1.00000000
vn 0.00000027 0.00000000 1.00000000
vn -0.00000063 0.00000000 1.00000000
vn -0.00000019 0.00000000 1.00000000
vn 0.00000234 0.00000000 1.00000000
vn 0.00000000 0.00000000 1.00000000
vn -0.00000039 0.00000000 1.00000000
vn -0.00000029 0.00000000 1.00000000
vn 0.00000866 0.00000000 1.00000000
vn -0.00000087 0.00000000 1.00000000
vn 0.00000076 0.00000000 1.00000000
vn 0.00000887 0.00000000 1.00000000
vn 0.73732090 -0.67554271 0.00000000
vn 0.82396859 -0.56662858 -0.00283414
vn 0.79377961 -0.60819811 0.00301838
vn 0.75481319 -0.65589702 -0.00749284
vn 0.82466531 -0.56561333 -0.00302052
vn 0.86233020 -0.50631583 0.00558436
vn 0.84890252 -0.52854431 0.00235546
vn 0.90748841 -0.42007729 0.00000000
vn 0.87210351 -0.48932150 0.00000000
vn 0.94468689 -0.32796040 0.00296444
vn 0.92502737 -0.37984911 -0.00625980
vn 0.92258513 -0.38571611 -0.00775123
vn 0.94802117 -0.31820190 0.00181085
vn 0.97020131 -0.24228220 0.00297749
vn 0.96134663 -0.27532759 -0.00275350
vn 0.98524141 -0.17117080 0.00000000
vn 0.98203248 -0.18868721 -0.00305843
vn 0.99384081 -0.11081800 0.00000000
vn 0.99587250 -0.09066939 0.00412029
vn 0.99967003 -0.02537500 -0.00400090
vn 0.99924701 0.03877741 0.00132477
vn 0.99988502 -0.01504653 -0.00196719
vn 0.99667633 0.08135104 -0.00430369
vn 0.98993093 0.14134130 0.00770468
vn 0.98955423 0.14392170 0.00832200
vn 0.98071682 0.19541340 -0.00289679
vn 0.95547342 0.29507709 0.00000000
vn 0.97323883 0.22979620 0.00000000
vn 0.95528990 0.29567090 -0.00021050
vn 0.92607850 0.37733099 0.00012690
vn 0.90162230 0.43252361 -0.00090417
vn 0.92373210 0.38303670 0.00136590
vn 0.89009422 0.45575571 -0.00436610
vn 0.85496801 0.51858193 0.01013368
vn 0.85269350 0.52228540 0.01148360
vn 0.76687670 0.64179188 -0.00185937
vn 0.80091649 0.59877610 0.00000000
vn 0.82546288 0.56445622 0.00000000
vn 0.76219010 0.64733851 -0.00436646
vn 0.65357852 0.75685090 -0.00343472
vn 0.69610298 0.71792758 0.00453865
vn 0.70272171 0.71146011 0.00262022
vn 0.58514708 0.81086153 0.01032847
vn 0.64770180 0.76187950 -0.00470304
vn 0.58209181 0.81307322 0.00900787
vn 0.44758621 0.89420408 -0.00809497
vn 0.49592781 0.86836380 0.00000000
vn 0.53710163 0.84351772 0.00000000
vn 0.36843580 0.92964101 0.00477839
vn 0.44753611 0.89422899 -0.00811958
vn 0.36784601 0.92987508 0.00465435
vn 0.29945481 0.95410568 -0.00303996
vn 0.30694100 0.95171672 -0.00475025
vn 0.21527500 0.97653568 0.00589663
vn 0.21847920 0.97583008 0.00476223
vn 0.11163890 0.99374890 0.00000000
vn 0.16510689 0.98627567 0.00000000
vn 0.04070276 0.99916381 -0.00390303
vn 0.06528341 0.99779803 -0.01172387
vn -0.06555777 0.99783331 0.00558323
vn -0.01960825 0.99980712 0.00115430
vn -0.07247519 0.99736619 0.00284040
vn -0.18349309 0.98302102 0.00012453
vn -0.17641710 0.98431319 -0.00212318
vn -0.30103400 0.95358562 -0.00730115
vn -0.25028989 0.96817100 0.00000000
vn -0.23178770 0.97276640 0.00000000
vn -0.36670950 0.93033481 0.00118434
vn -0.31147239 0.95019001 -0.01113671
vn -0.41304719 0.91070950 -0.00066765
vn -0.41592309 0.90939981 -0.00029430
vn -0.46167609 0.88704860 0.00050746
vn -0.49576879 0.86841083 0.00873172
vn -0.53537518 0.84460658 -0.00364393
vn -0.56986421 0.82173890 0.00000000
vn -0.60319442 0.79759443 0.00000000
vn -0.62333852 0.78193903 0.00454164
vn -0.66892511 0.74331123 -0.00526959
vn -0.72088659 0.69305247 0.00096685
vn -0.68262732 0.73076540 -0.00143200
vn -0.74772692 0.66399127 -0.00448525
vn -0.78264672 0.62242919 0.00679553
vn -0.78506470 0.61938512 0.00597417
vn -0.87327230 0.48723251 0.00000000
vn -0.83409858 0.55161548 0.00000000
vn -0.81782848 0.57544780 -0.00406712
vn -0.88031358 0.47436640 -0.00496578
vn -0.90684110 0.42147240 0.00053326
vn -0.91767329 0.39733580 -0.00043001
vn -0.92819011 0.37210289 0.00161582
vn -0.96002573 0.27983639 0.00651044
vn -0.94377142 0.33056900 -0.00443941
vn -0.98080671 0.19498250 0.00055959
vn -0.97303182 0.23064230 -0.00365680
vn -0.99285322 0.11934260 0.00000000
vn -0.98421848 0.17695761 0.00000000
vn -0.99994290 -0.01061278 0.00127065
vn -0.99906403 0.04321557 -0.00190025
vn -0.99612629 0.08726191 -0.01085567
vn -0.99947667 -0.03230333 -0.00167555
vn -0.99373060 -0.11153700 0.00769442
vn -0.99625909 -0.08638006 0.00251859
vn -0.98025131 -0.19775639 0.00000000
vn -0.98697692 -0.16081120 -0.00404829
vn -0.96381271 -0.26655769 0.00350290
vn -0.96750343 -0.25285849 0.00000000
vn -0.91733181 -0.39812359 0.00000594
vn -0.93744439 -0.34813511 -0.00001491
vn -0.94226098 -0.33486730 -0.00286972
vn -0.90384728 -0.42783260 -0.00441563
vn -0.87072748 -0.49165139 0.01061618
vn -0.87755311 -0.47942159 0.00745231
vn -0.79038048 -0.61261630 0.00000000
vn -0.82460308 -0.56571162 0.00000000
vn -0.84991097 -0.52692491 -0.00129217
vn -0.78916109 -0.61418611 -0.00066693
vn -0.68589622 -0.72769630 -0.00214434
vn -0.72411662 -0.68967032 0.00318217
vn -0.73347980 -0.67971122 0.00040698
vn -0.61510873 -0.78836292 0.01119691
vn -0.67347473 -0.73919702 -0.00443655
vn -0.61426032 -0.78902930 0.01082742
vn -0.48532239 -0.87432128 -0.00496054
vn -0.53206670 -0.84670258 0.00000000
vn -0.57023239 -0.82148349 0.00000000
vn -0.40104029 -0.91604900 0.00460100
vn -0.47723100 -0.87874037 -0.00811088
vn -0.39932451 -0.91679990 0.00423270
vn -0.25339141 -0.96734327 0.00630730
vn -0.33698601 -0.94150221 -0.00376081
vn -0.34038821 -0.94027418 -0.00451833
vn -0.24366680 -0.96985501 0.00279671
vn -0.13868360 -0.99033678 0.00000000
vn -0.19048110 -0.98169088 0.00000000
vn -0.05037254 -0.99872702 0.00265342
vn -0.10624530 -0.99429661 -0.00929075
vn -0.01277571 -0.99991840 -0.00046644
vn 0.06666034 -0.99774837 0.00739258
vn 0.05164676 -0.99866349 0.00198692
vn 0.13184680 -0.99126828 -0.00191277
vn 0.17027250 -0.98539507 0.00195736
vn 0.18469609 -0.98279572 0.00000000
vn 0.27333310 -0.96191943 0.00033301
vn 0.27266780 -0.96210831 0.00000000
vn 0.36473259 -0.93111241 -0.00012323
vn 0.43644491 -0.89973098 0.00000000
vn 0.36540040 -0.93085051 0.00000000
vn 0.50857550 -0.86101723 0.00059530
vn 0.45961490 -0.88807070 -0.00919866
vn 0.55365390 -0.83274692 0.00034325
vn 0.53278208 -0.84625262 -0.00005083
vn 0.57985121 -0.81471151 -0.00421035
vn 0.64244658 -0.76623970 0.01179587
vn 0.62294132 -0.78224277 0.00635040
vn 0.66711241 -0.74495721 0.00000000
vn -0.00000588 0.00000000 -1.00000000
vn 0.00001697 0.00000000 -1.00000000
vn 0.00000000 0.00000000 -1.00000000
vn 0.00000285 0.00000000 -1.00000000
vn -0.00000066 0.00000000 -1.00000000
vn 0.00000171 0.00000000 -1.00000000
vn -0.00000201 0.00000000 -1.00000000
vn -0.00000526 0.00000000 -1.00000000
vn 0.00000246 0.00000000 -1.00000000
vn -0.00000232 0.00000000 -1.00000000
vn 0.00000164 0.00000000 -1.00000000
vn -0.00000099 0.00000000 -1.00000000
vn 0.00000058 0.00000000 -1.00000000
vn -0.00000047 0.00000000 -1.00000000
vn 0.00000051 0.00000000 -1.00000000
vn -0.00000788 0.00000000 -1.00000000
vn -0.00000093 0.00000000 -1.00000000
vn -0.00000310 0.00000000 -1.00000000
vn 0.00000089 0.00000000 -1.00000000
vn -0.00000108 0.00000000 -1.00000000
vn -0.00006749 0.00000000 -1.00000000
vn -0.00000036 0.00000000 -1.00000000
vn 0.00000147 0.00000000 -1.00000000
vn 0.00000000 0.00000000 -1.00000000
vn -0.00000869 0.00000000 -1.00000000
vn 0.00000038 0.00000000 -1.00000000
vn -0.85803509 0.27814499 0.43175361
vn -0.85811150 0.27794480 0.43173069
vn 0.75045532 -0.64514488 -0.14354460
vn -0.67170417 -0.73654753 0.07944422
vn -0.66653162 -0.74020839 0.08847206
vn -0.79759812 0.48837000 0.35402271
vn -0.86911988 0.46866611 0.15805930
vn -0.79500091 0.49387890 0.35221770
vn -0.83688903 0.50935411 0.20043769
vn -0.92951030 0.08487796 0.35889611
vn -0.92947501 0.08508640 0.35893819
vn -0.95627028 -0.11714710 0.26799929
vn -0.47627619 -0.87644941 0.07069379
vn -0.48294681 -0.87562281 0.00686675
vn -0.46751499 -0.88359898 0.02612733
vn -0.95658481 -0.12156000 0.26489389
vn -0.93196982 -0.32656929 0.15743180
vn -0.89743382 0.29500011 0.32800531
vn -0.89500242 0.30494359 0.32554600
vn -0.92856032 0.30602020 0.21006539
vn -0.95163667 0.25838900 0.16620059
vn -0.25825781 -0.96563357 0.02923744
vn -0.25749871 -0.96571958 0.03286731
vn -0.24753790 -0.96790588 -0.04339426
vn -0.26679090 -0.96161628 -0.06416243
vn -0.95411241 0.08970826 0.28569591
vn 0.73239630 -0.61430413 -0.29364309
vn -0.97231650 0.09346276 0.21416250
vn -0.95366848 0.10016160 0.28369731
vn -0.98591173 0.03470081 0.16362780
vn -0.93013072 -0.33494639 0.15055850
vn -0.03019583 -0.99939388 -0.01732844
vn -0.02657580 -0.99962872 -0.00603163
vn -0.96679533 -0.11528440 0.22807071
vn -0.96624768 -0.11879000 0.22859250
vn -0.97001350 -0.11846190 0.21222770
vn -0.96974552 -0.19180921 0.15100650
vn -0.01891982 -0.99386668 -0.10895510
vn -0.03893613 -0.99092788 -0.12863150
vn -0.84206271 -0.53898090 0.02073615
vn -0.83271527 -0.55348670 0.01542490
vn 0.20302799 -0.97739470 -0.05898499
vn 0.20625120 -0.97716200 -0.05113685
vn -0.92861712 -0.33602539 0.15734489
vn -0.92028302 -0.33115301 0.20836720
vn -0.90283251 -0.40937319 0.13155690
vn -0.93049037 -0.33119619 0.15651450
vn 0.19012450 -0.96385717 -0.18663360
vn 0.20876069 -0.96351081 -0.16752860
vn -0.66868371 -0.73306447 -0.12441310
vn -0.68728608 -0.71686637 -0.11721970
vn 0.42507011 -0.89947551 -0.10128870
vn 0.62024963 -0.74833572 -0.23512590
vn 0.42902410 -0.89842761 -0.09362882
vn 0.61252332 -0.77910727 -0.13344300
vn -0.82405132 -0.56240457 0.06812095
vn -0.83527613 -0.54606313 0.06425666
vn -0.78790611 -0.60627210 0.10788100
vn -0.81560481 -0.54555267 0.19277230
vn 0.56222409 -0.71496660 -0.41560420
vn 0.34275159 -0.76904643 -0.53952670
vn 0.42203450 -0.87987769 -0.21840820
vn 0.60325181 -0.75573123 -0.25486821
vn 0.40860170 -0.88267761 -0.23221789
vn -0.27340999 -0.90112692 -0.33647791
vn -0.46377489 -0.85051543 -0.24806580
vn -0.48913771 -0.83818841 -0.24121509
vn -0.63135481 -0.77183282 0.07526838
vn -0.65785718 -0.75255072 -0.02985423
vn -0.68152207 -0.73090601 -0.03611165
vn -0.66076130 -0.73440540 0.15505899
vn -0.24449410 -0.90308148 -0.35308141
vn -0.45319861 -0.88266098 -0.12458180
vn -0.44154030 -0.89656508 0.03483355
vn -0.48656791 -0.86348498 -0.13283630
vn -0.46738201 -0.87758368 0.10677610
vn -0.02990800 -0.90666109 -0.42079851
vn -0.05593353 -0.90659863 -0.41827080
vn -0.22909300 -0.97322762 -0.01856243
vn -0.25107211 -0.96657783 0.05186820
vn -0.27086970 -0.93782502 -0.21705720
vn -0.23200729 -0.95048678 -0.20675480
vn 0.17734329 -0.86401463 -0.47119859
vn 0.15650840 -0.86801338 -0.47123021
vn 0.38574579 -0.77501363 -0.50055391
vn -0.01301497 -0.96170402 -0.27378109
vn -0.00614899 -0.99660838 -0.08206045
vn -0.02323168 -0.99968708 -0.00926673
vn -0.04776525 -0.95752490 -0.28436700
vn 0.56025761 -0.70687431 -0.43178731
vn 0.52635741 -0.66166937 -0.53398651
vn 0.37122759 -0.78776240 -0.49154899
vn 0.20201580 -0.92421460 -0.32406369
vn 0.42434111 -0.89333469 -0.14794549
vn 0.21508130 -0.96941328 -0.11822870
vn 0.17403840 -0.92576307 -0.33566871
vn 0.20804679 -0.97632390 -0.05922877
vn 0.59152383 -0.75581801 -0.28078240
vn 0.60851657 -0.76687962 -0.20396870
vn 0.38555211 -0.84702837 -0.36591351
vn 0.42334840 -0.89296943 -0.15291131
vn 0.61397129 -0.69200200 -0.37970069
vn 0.40210861 -0.84275532 -0.35787210
vn 0.61800140 -0.77787632 -0.11394250
vn 0.76838970 -0.58931857 -0.24956170
vn 0.83371770 -0.52162647 -0.18116499
vn 0.75933510 -0.59111279 -0.27202210
vn 0.73310947 -0.53995878 -0.41351539
vn 0.77202988 -0.56800562 -0.28520060
vn 0.90707910 -0.37283531 -0.19545200
vn 0.90733850 -0.37246600 -0.19495110
vn 0.88473290 -0.36555761 -0.28916320
vn 0.88481623 -0.36546561 -0.28902450
vn 0.75480539 -0.30147269 -0.58256590
vn 0.95806861 -0.19896290 -0.20619971
vn 0.95821732 -0.19864701 -0.20581320
vn 0.93841147 -0.19677611 -0.28401229
vn 0.93952388 -0.19503661 -0.28152400
vn 0.96604472 0.15233020 -0.20869429
vn 0.97749311 -0.02225190 -0.20979071
vn 0.97723353 -0.02318239 -0.21089670
vn 0.96276271 -0.02412778 -0.26926911
vn 0.96368289 -0.02202588 -0.26613930
vn 0.92719102 0.32040730 -0.19405159
vn 0.96339422 0.15850490 -0.21621300
vn 0.95676160 0.15730050 -0.24467111
vn 0.95706397 0.15836570 -0.24279380
vn 0.86336952 0.47828719 -0.16073160
vn 0.90399510 0.35561991 -0.23733400
vn 0.91071302 0.35658869 -0.20843850
vn 0.91090131 0.35765159 -0.20577730
vn 0.73096973 -0.54119110 -0.41568679
vn 0.69540298 -0.50671321 -0.50956500
vn 0.70819253 -0.62839442 -0.32184461
vn 0.80687702 -0.46432000 -0.36517990
vn 0.65825522 0.73845237 -0.14624700
vn 0.76865470 0.61644322 -0.17078570
vn 0.78341991 0.57131881 -0.24463899
vn 0.77925092 -0.41775501 -0.46717110
vn 0.89147192 -0.29372400 -0.34496990
vn 0.84838998 -0.35134751 -0.39596671
vn 0.86814272 -0.36736509 -0.33372331
vn 0.80070382 0.57634902 -0.16338660
vn 0.80099112 0.58172351 -0.14146020
vn 0.93141860 -0.20415190 -0.30129951
vn 0.90010840 -0.18295410 -0.39538929
vn 0.90042537 -0.18223099 -0.39500120
vn 0.95147222 -0.08288919 -0.29636160
vn 0.39130309 0.91615582 -0.08683538
vn 0.53081483 0.83852112 -0.12295590
vn 0.56818599 0.77679020 -0.27159110
vn 0.94387102 -0.01765739 -0.32984230
vn 0.94364470 -0.01863068 -0.33043590
vn 0.96418869 -0.03024995 -0.26348639
vn 0.59944481 0.79302901 -0.10849480
vn 0.59871000 0.79976863 -0.04378050
vn 0.95563900 0.15755950 -0.24885599
vn 0.95572531 0.16305140 -0.24495630
vn 0.23618430 0.97138262 -0.02515870
vn 0.28969631 0.92053360 -0.26209521
vn 0.32299909 0.94574332 -0.03523385
vn 0.31884819 0.94456828 0.07827359
vn 0.03400987 0.99123752 0.12763891
vn 0.05235373 0.99703801 -0.05634105
vn 0.92435569 0.35429811 -0.14156120
vn 0.92207909 0.36318949 -0.13365480
vn 0.05763632 0.98496288 0.16286840
vn 0.06420677 0.99619591 0.05891811
vn 0.97025001 0.14033739 -0.19728300
vn 0.96385491 0.15797590 -0.21454020
vn 0.96347702 0.14188550 -0.22711331
vn -0.34055129 0.93168467 0.12644491
vn -0.17304140 0.98490912 -0.00328964
vn -0.17207889 0.98130453 -0.08619946
vn 0.82095033 0.57099873 0.00115693
vn 0.81131202 0.58435261 0.01746767
vn -0.33176190 0.90956348 0.25025639
vn -0.15099160 0.98049122 0.12585180
vn -0.15513000 0.96233219 0.22327439
vn 0.91755778 0.35925961 -0.17035340
vn 0.92057210 0.36432490 -0.14076389
vn 0.81684780 0.56065953 -0.13572310
vn 0.91777551 0.35918421 -0.16933690
vn 0.92185920 0.35915691 -0.14554100
vn -0.50134748 0.80944610 0.30569229
vn -0.34029350 0.91335589 0.22356530
vn 0.59667438 0.77882850 0.19340611
vn 0.61628038 0.76869428 0.17119490
vn 0.33695039 0.87945467 0.33619019
vn 0.80310118 0.59456390 -0.03901731
vn 0.81550699 0.57792717 -0.03079950
vn 0.81328952 0.57903099 -0.05730146
vn 0.66618288 0.72705638 -0.16610050
vn -0.67274392 0.66702712 0.32014179
vn -0.50924641 0.81536913 0.27539301
vn 0.30897361 0.88790852 0.34081370
vn -0.67793661 0.67055142 0.30126891
vn 0.58671433 0.80561382 0.08217597
vn 0.61226279 0.78359598 0.10541120
vn 0.48869559 0.86408210 -0.12057670
vn 0.61084330 0.78999752 0.05267375
vn 0.08708566 0.90088117 0.42524019
vn 0.06154823 0.89619923 0.43936211
vn -0.80769497 0.49195239 0.32497990
vn -0.81173110 0.49519321 0.30963930
vn 0.29751411 0.93473202 0.19432330
vn 0.33307180 0.92855787 0.16383950
vn 0.32854491 0.94110489 0.07987529
vn 0.28409809 0.95877743 -0.00585634
vn -0.11184540 0.87073487 0.47886461
vn -0.13273180 0.86275887 0.48788270
vn -0.89962113 0.29627129 0.32078859
vn -0.90330118 0.29868069 0.30795619
vn -0.27786821 0.81539261 0.50786263
vn -0.29335639 0.80696762 0.51258689
vn 0.04263341 0.96299618 0.26612160
vn 0.07583737 0.96617001 0.24650450
vn 0.05723625 0.99791318 0.02988761
vn 0.06146109 0.99745131 0.03624385
vn -0.95062739 0.09094691 0.29670930
vn -0.95307797 0.09257048 0.28822389
vn -0.44003341 0.73186028 0.52033758
vn -0.44951120 0.72424060 0.52289140
vn -0.16067509 0.93657392 0.31146890
vn -0.13440800 0.94510311 0.29785001
vn -0.16406420 0.98431867 0.06480515
vn -0.16053610 0.98460549 0.06913918
vn -0.95930022 -0.11677950 0.25711021
vn -0.95992392 -0.11628550 0.25499761
vn -0.32999149 0.88079977 0.33955479
vn -0.38095909 0.92134231 0.07745170
vn -0.31240389 0.89002490 0.33205390
vn -0.34559259 0.93216312 0.10787920
vn -0.60629940 0.60730880 0.51339757
vn -0.61069238 0.60233003 0.51405591
vn -0.92091072 -0.32929891 0.20853250
vn -0.92096531 -0.32925731 0.20835730
vn -0.57698971 0.80899072 0.11232560
vn -0.48543689 0.79971677 0.35327640
vn -0.52226931 0.83742231 0.16111790
vn -0.49379069 0.79256070 0.35779631
vn -0.74798071 0.45444229 0.48374271
vn -0.74919307 0.45246240 0.48372251
vn -0.82527959 -0.54570228 0.14533670
vn -0.82234007 -0.54815292 0.15259540
vn -0.74227792 0.65530270 0.14000700
vn -0.65904671 0.65864879 0.36309680
vn -0.69905829 0.69080710 0.18467019
vn -0.65807861 0.65992743 0.36253080
vn -0.46472511 0.88545501 0.00000000
vn -0.46472749 0.88545382 0.00000000
vn -0.23931520 0.97094202 0.00000000
vn 0.99270773 -0.12054710 0.00000000
vn 0.99271029 -0.12052510 0.00000000
vn 0.93501788 -0.35460061 0.00000000
vn 0.23931780 0.97094142 0.00000000
vn 0.93501413 -0.35461041 0.00000000
vn 0.23932040 0.97094071 0.00000000
vn 0.82298738 -0.56805968 0.00000000
vn 0.46472061 0.88545740 0.00000000
vn 0.46472970 0.88545263 0.00000000
vn 0.66311687 -0.74851590 0.00000000
vn 0.66311133 0.74852079 0.00000000
vn 0.66311133 -0.74852079 0.00000000
vn 0.66311687 0.74851590 0.00000000
vn 0.46472970 -0.88545263 0.00000000
vn 0.82298648 0.56806111 0.00000000
vn 0.46472061 -0.88545740 0.00000000
vn 0.93501449 0.35460940 0.00000000
vn 0.93501830 0.35459971 0.00000000
vn 0.23931770 -0.97094131 0.00000000
vn 0.99270779 0.12054580 0.00000000
vn 0.23931509 -0.97094202 0.00000000
vn 0.99271047 0.12052370 0.00000000
vn -0.23931250 -0.97094268 0.00000000
vn -0.46472511 -0.88545501 0.00000000
vn -0.46472749 -0.88545382 0.00000000
vn -0.66311967 -0.74851340 0.00000000
vn -0.66312248 -0.74851102 0.00000000
vn -0.82298738 -0.56805968 0.00000000
vn -0.93501228 -0.35461530 0.00000000
vn -0.99270970 -0.12053060 0.00000000
vn -0.99271029 -0.12052510 0.00000000
vn -0.99271047 0.12052370 0.00000000
vn -0.99270982 0.12052920 0.00000000
vn -0.93501270 0.35461429 0.00000000
vn -0.82298648 0.56806111 0.00000000
vn -0.66311967 0.74851340 0.00000000
vn -0.66312248 0.74851102 0.00000000
vn 0.00000000 0.00000000 -1.00000000
vn 0.00000000 0.00000000 -1.00000000
vn 0.00000000 0.00000000 -1.00000000
vn 0.00000000 0.00000000 -1.00000000
vn 0.00000000 0.00000000 -1.00000000
vn 0.00000000 0.00000000 -1.00000000
vn 0.00000000 0.00000000 -1.00000000
vn 0.00000000 0.00000000 -1.00000000
vn 0.00000000 0.00000000 -1.00000000
vn 0.00000000 0.00000000 -1.00000000
vn 0.00000000 0.00000000 -1.00000000
vn 0.00000000 0.00000000 -1.00000000
vn 0.00000000 0.00000000 -1.00000000
vn 0.00000000 0.00000000 -1.00000000
vn 0.00000000 0.00000000 -1.00000000
vn 0.00000000 0.00000000 -1.00000000
vn 0.00000000 0.00000000 -1.00000000
vn 0.00000000 0.00000000 -1.00000000
vn 0.00000000 0.00000000 -1.00000000
vn 0.00000000 0.00000000 -1.00000000
vn 0.00000000 0.00000000 -1.00000000
vn 0.00000000 0.00000000 -1.00000000
vn 0.00000000 0.00000000 -1.00000000
vn 0.00000000 0.00000000 -1.00000000
vn 0.00000000 0.00000000 -1.00000000
vn 0.00000000 0.00000000 -1.00000000
vn 0.00000000 0.00000000 -1.00000000
vn 0.00000000 0.00000000 -1.00000000
vn 0.00000000 0.00000000 -1.00000000
vn 0.00000000 0.00000000 -1.00000000
vn 0.00000000 0.00000000 -1.00000000
vn 0.00000000 0.00000000 -1.00000000
vn 0.00000000 0.00000000 -1.00000000
vn 0.00000000 0.00000000 -1.00000000
vn 0.00000000 0.00000000 -1.00000000
vn 0.00000000 0.00000000 -1.00000000
vn 0.00000000 0.00000000 -1.00000000
vn 0.00000000 0.00000000 -1.00000000
vn 0.00000000 0.00000000 -1.00000000
vn 0.00000000 0.00000000 -1.00000000
vn 0.00000000 0.00000000 -1.00000000
vn 0.00000000 0.00000000 -1.00000000
vn 0.00000000 0.00000000 -1.00000000
vn 0.00000000 0.00000000 -1.00000000
vn 0.00000000 0.00000000 -1.00000000
vn 0.00000000 0.00000000 -1.00000000
vn 0.00000000 0.00000000 -1.00000000
vn 0.00000000 0.00000000 -1.00000000
vn 0.00000000 0.00000000 -1.00000000
vn 0.00000000 0.00000000 -1.00000000
vn 0.00000000 0.00000000 -1.00000000
vn 0.00000000 0.00000000 -1.00000000
vn 0.00000000 0.00000000 -1.00000000
vn 0.00000000 0.00000000 -1.00000000
vn 0.00000079 0.00000000 1.00000000
vn 0.00000166 0.00000000 1.00000000
vn -0.00000034 0.00000000 1.00000000
vn 0.00000055 0.00000000 1.00000000
vn -0.00000102 0.00000000 1.00000000
vn 0.00000016 0.00000000 1.00000000
vn -0.00000140 0.00000000 1.00000000
vn -0.00000024 0.00000000 1.00000000
vn 0.00000018 0.00000000 1.00000000
vn 0.00000000 0.00000000 1.00000000
vn -0.00000063 0.00000000 1.00000000
vn 0.00000067 0.00000000 1.00000000
vn -0.00000014 0.00000000 1.00000000
vn 0.00000020 0.00000000 1.00000000
vn -0.00000021 0.00000000 1.00000000
vn 0.00000047 0.00000000 1.00000000
vn -0.00000032 0.00000000 1.00000000
vn 0.00000020 0.00000000 1.00000000
vn 0.00000000 0.00000000 1.00000000
vn -0.00000022 0.00000000 1.00000000
vn 0.00000032 0.00000000 1.00000000
vn 0.00000038 0.00000000 1.00000000
vn 0.00000033 0.00000000 1.00000000
vn 0.00000000 0.00000000 1.00000000
vn 0.00000020 0.00000000 1.00000000
vn -0.00000063 0.00000000 1.00000000
vn 0.00000103 0.00000000 1.00000000
vn -0.00000099 0.00000000 1.00000000
vn 0.00000012 0.00000000 1.00000000
vn 0.00000059 0.00000000 1.00000000
vn 0.00000060 0.00000000 1.00000000
vn 0.00000025 0.00000000 1.00000000
vn -0.00000085 0.00000000 1.00000000
vn -0.00000086 0.00000000 1.00000000
vn 0.00000017 0.00000000 1.00000000
vn -0.00000032 0.00000000 1.00000000
vn 0.00000123 0.00000000 1.00000000
vn -0.00000012 0.00000000 1.00000000
vn 0.00000038 0.00000000 1.00000000
vn -0.00000058 0.00000000 -1.00000000
vn 0.00000044 0.00000000 -1.00000000
vn 0.00000344 0.00000000 -1.00000000
vn -0.00000055 0.00000000 -1.00000000
vn -0.00000067 0.00000000 -1.00000000
vn 0.00000257 0.00000000 -1.00000000
vn -0.00000063 0.00000000 -1.00000000
vn -0.00000270 0.00000000 -1.00000000
vn 0.00000238 0.00000000 -1.00000000
vn -0.00000978 0.00000000 -1.00000000
vn 0.00000092 0.00000000 -1.00000000
vn 0.00000068 0.00000000 -1.00000000
vn 0.00000051 0.00000000 -1.00000000
vn -0.00000507 0.00000000 -1.00000000
vn -0.00000123 0.00000000 -1.00000000
vn 0.00000033 0.00000000 -1.00000000
vn 0.00000062 0.00000000 -1.00000000
vn -0.00000034 0.00000000 -1.00000000
vn 0.00000053 0.00000000 -1.00000000
vn -0.00000108 0.00000000 -1.00000000
vn 0.00000272 0.00000000 -1.00000000
vn -0.00000540 0.00000000 -1.00000000
vn 0.00000057 0.00000000 -1.00000000
vn -0.00000066 0.00000000 -1.00000000
vn -0.00002596 0.00000000 -1.00000000
vn 0.00000240 0.00000000 -1.00000000
vn -0.00001202 0.00000000 -1.00000000
vn 0.00001684 0.00000000 -1.00000000
vn -0.00000133 0.00000000 -1.00000000
vn -0.00000259 0.00000000 -1.00000000
vn 0.00000234 0.00000000 -1.00000000
vn -0.00000179 0.00000000 -1.00000000
vn -0.00000404 0.00000000 -1.00000000
vn -0.00000120 0.00000000 -1.00000000
vn 0.00000135 0.00000000 -1.00000000
vn 0.00001392 0.00000000 -1.00000000
vn 0.00000280 0.00000000 -1.00000000
vn -0.00000361 0.00000000 -1.00000000
vn 0.00000169 0.00000000 -1.00000000
vn -0.00000067 0.00000000 -1.00000000
vn 0.00000067 0.00000000 -1.00000000
vn -0.00000061 0.00000000 -1.00000000
vn -0.00000224 0.00000000 -1.00000000
vn 0.00000133 0.00000000 -1.00000000
vn 0.00000067 0.00000000 -1.00000000
vn -0.00000067 0.00000000 -1.00000000
vn -0.00000051 0.00000000 -1.00000000
vn -0.00000030 0.00000000 -1.00000000
vn -0.00000242 0.00000000 -1.00000000
vn 0.00000068 0.00000000 -1.00000000
vn -0.00000652 0.00000000 -1.00000000
vn -0.00000067 0.00000000 -1.00000000
vn 0.00005655 0.00000000 -1.00000000
vn -0.00000141 0.00000000 -1.00000000
vn 0.00000068 0.00000000 -1.00000000
vn -0.46570739 -0.88493878 0.00000000
vn -0.24040250 -0.97067338 0.00000000
vn -0.24040440 -0.97067291 0.00000000
vn 0.99284428 0.11941630 0.00000000
vn -0.00111538 -0.99999940 0.00000000
vn 0.99284351 0.11942340 0.00000000
vn -0.00111538 -0.99999940 0.00000000
vn 0.93540680 0.35357350 0.00000000
vn 0.23823790 -0.97120690 0.00000000
vn 0.93540943 0.35356680 0.00000000
vn 0.82361728 0.56714612 0.00000000
vn 0.46372619 -0.88597858 0.00000000
vn 0.82362032 0.56714159 0.00000000
vn 0.46372920 -0.88597703 0.00000000
vn 0.66395921 0.74776888 0.00000000
vn 0.66228962 -0.74924803 0.00000000
vn 0.66396260 0.74776590 0.00000000
vn 0.66229320 -0.74924493 0.00000000
vn 0.46570951 0.88493782 0.00000000
vn 0.82235593 -0.56897360 0.00000000
vn 0.46571249 0.88493621 0.00000000
vn 0.82235563 -0.56897402 0.00000000
vn 0.99257511 -0.12163340 0.00000000
vn 0.93461752 -0.35565451 0.00000000
vn 0.24039790 0.97067451 0.00000000
vn 0.99257421 -0.12164050 0.00000000
vn 0.24039949 0.97067410 0.00000000
vn 0.00111538 0.99999952 0.00000000
vn 0.00111538 0.99999952 0.00000000
vn -0.23823790 0.97120690 0.00000000
vn -0.46372920 0.88597703 0.00000000
vn -0.66229677 0.74924171 0.00000000
vn -0.82234973 0.56898260 0.00000000
vn -0.82235003 0.56898218 0.00000000
vn -0.93461722 0.35565540 0.00000000
vn -0.99257511 0.12163340 0.00000000
vn -0.99257421 0.12164050 0.00000000
vn -0.99284351 -0.11942320 0.00000000
vn -0.99284440 -0.11941590 0.00000000
vn -0.93540651 -0.35357431 0.00000000
vn -0.93540901 -0.35356760 0.00000000
vn -0.82362068 -0.56714118 0.00000000
vn -0.82362032 -0.56714159 0.00000000
vn -0.66395921 -0.74776888 0.00000000
vn -0.66395891 -0.74776912 0.00000000
vn 0.00000137 0.00000000 1.00000000
vn -0.00000054 0.00000000 1.00000000
vn -0.00000133 0.00000000 1.00000000
vn -0.00000132 0.00000000 1.00000000
vn -0.00000163 0.00000000 1.00000000
vn -0.00000033 0.00000000 1.00000000
vn 0.00000274 0.00000000 1.00000000
vn 0.00000053 0.00000000 1.00000000
vn -0.00000067 0.00000000 1.00000000
vn 0.00000027 0.00000000 1.00000000
vn 0.00000066 0.00000000 1.00000000
vn 0.00000081 0.00000000 1.00000000
vn -0.00000274 0.00000000 1.00000000
vn -0.00000079 0.00000000 1.00000000
vn -0.00000041 0.00000000 1.00000000
vn -0.00000119 0.00000000 1.00000000
vn 0.00000067 0.00000000 1.00000000
vn 0.00000076 0.00000000 1.00000000
vn -0.00000057 0.00000000 1.00000000
vn -0.64294451 0.76591277 0.00000000
vn -0.62042958 0.78410190 0.01585966
vn -0.55104947 0.83447272 0.00000000
vn -0.50510091 0.86306041 0.00000000
vn -0.43462029 0.90052158 0.01288342
vn -0.42381641 0.90554929 0.01898056
vn -0.35042581 0.93659061 0.00000000
vn -0.25774881 0.96621197 0.00000000
vn -0.19778720 0.97995442 0.02386814
vn -0.15114389 0.98849869 0.00508595
vn -0.09012633 0.99593037 0.00000000
vn 0.00729537 0.99997348 0.00000000
vn 0.03860014 0.99911058 0.01696872
vn 0.12288430 0.99242109 0.00000000
vn 0.20744890 0.97824591 0.00000000
vn 0.25816280 0.96592981 0.01821404
vn 0.31038111 0.95061231 0.00000000
vn 0.36122391 0.93247908 0.00000000
vn 0.41373050 0.91039908 0.00071969
vn 0.50846082 0.86108518 0.00000000
vn 0.58026201 0.81442988 0.00000000
vn 0.45874041 0.88836831 0.01895570
vn 0.64939177 0.76036781 0.01145756
vn 0.70623249 0.70797998 0.00000000
vn 0.74398780 0.66819322 0.00000000
vn 0.64134550 0.76707190 0.01663893
vn 0.81482440 0.57970798 0.00000000
vn 0.86136949 0.50797898 0.00000000
vn 0.88940293 0.45712200 0.00140786
vn 0.79592419 0.60516942 0.01658082
vn 0.93390089 0.35753021 0.00118804
vn 0.91269350 0.40807921 0.02149385
vn 0.95304650 0.30282399 0.00000000
vn 0.97543257 0.22029839 0.00000000
vn 0.99472302 0.10259830 0.00000000
vn 0.99882758 0.04841059 0.00000000
vn 0.99968851 -0.02371072 0.00780141
vn 0.98272949 0.18404000 0.01928997
vn 0.99161053 -0.12926170 0.00000000
vn 0.97697568 -0.21335040 0.00000000
vn 0.99809742 -0.05719387 0.02303105
vn 0.95411032 -0.29919699 0.01243597
vn 0.92741138 -0.37404299 0.00000000
vn 0.90534842 -0.42466980 0.00000000
vn 0.95683622 -0.29012400 0.01710432
vn 0.85566342 -0.51753289 0.00000000
vn 0.80808991 -0.58905941 0.00000000
vn 0.76842701 -0.63992453 0.00409311
vn 0.87067461 -0.49166140 0.01395857
vn 0.74714249 -0.66444582 0.01702910
vn 0.70296729 -0.71122217 0.00000000
vn 0.66308439 -0.74854469 0.00000000
vn 0.58840930 -0.80853170 0.00715798
vn 0.58586371 -0.81039268 0.00526112
vn 0.50631899 -0.86234629 0.00000000
vn 0.45951629 -0.88816953 0.00000000
vn 0.40446550 -0.91438228 0.01768124
vn 0.37069750 -0.92874879 0.00300920
vn 0.31421971 -0.94935042 0.00000000
vn 0.22201321 -0.97504371 0.00000000
vn 0.20478490 -0.97875112 0.01046532
vn 0.11701610 -0.99313003 0.00000000
vn 0.03991943 -0.99920303 0.00000000
vn 0.00142032 -0.99988848 0.01486372
vn -0.05828243 -0.99830019 0.00000000
vn -0.12463910 -0.99220222 0.00000000
vn -0.17293359 -0.98489422 0.00880444
vn -0.20044699 -0.97970462 0.00000000
vn -0.25319391 -0.96741557 0.00000000
vn -0.32853490 -0.94448853 0.00253165
vn -0.33325541 -0.94283670 0.00000000
vn -0.41262910 -0.91089910 0.00000000
vn -0.46727559 -0.88410813 0.00256479
vn -0.49239901 -0.87026149 0.01372182
vn -0.54450887 -0.83875507 0.00000000
vn -0.58976561 -0.80757451 0.00000000
vn -0.65139550 -0.75867420 0.00986964
vn -0.66626900 -0.74571151 0.00000000
vn -0.72759151 -0.68601072 0.00000000
vn -0.76806778 -0.64036322 0.00262338
vn -0.78854322 -0.61479002 0.01526474
vn -0.82472652 -0.56553191 0.00000000
vn -0.85455728 -0.51935703 0.00000000
vn -0.89661312 -0.44273290 0.00852317
vn -0.90258431 -0.43051231 0.00103605
vn -0.93687212 -0.34967250 0.00000000
vn -0.95436871 -0.29863089 0.00000000
vn -0.96864438 -0.24784580 0.01733577
vn -0.98043662 -0.19683491 0.00000000
vn -0.98985571 -0.14207700 0.00000000
vn -0.99847043 -0.05527633 0.00117844
vn -0.99921572 -0.03814631 0.01062828
vn -0.99876392 0.04970747 0.00000000
vn -0.99460071 0.10377660 0.00000000
vn -0.98127049 0.19241831 0.00913012
vn -0.96434420 0.26465169 0.00000000
vn -0.94436407 0.32890201 0.00000000
vn -0.98401421 0.17734469 0.01627510
vn -0.90181088 0.43213090 0.00000000
vn -0.87058932 0.49201050 0.00000000
vn -0.92119211 0.38863230 0.01924324
vn -0.83467227 0.55074698 0.00000000
vn -0.79576331 0.60560793 0.00000000
vn -0.83650333 0.54796010 0.00138789
vn -0.75327682 0.65770328 0.00070786
vn -0.75218701 0.65894967 0.00000000
vn 0.00000104 0.00000000 1.00000000
vn -0.00000075 0.00000000 1.00000000
vn -0.00000285 0.00000000 1.00000000
vn -0.00000096 0.00000000 1.00000000
vn 0.00000264 0.00000000 1.00000000
vn 0.00000087 0.00000000 1.00000000
vn -0.00000035 0.00000000 1.00000000
vn -0.00000053 0.00000000 1.00000000
vn 0.00000157 0.00000000 1.00000000
vn -0.00000170 0.00000000 1.00000000
vn -0.00000039 0.00000000 1.00000000
vn -0.00000030 0.00000000 1.00000000
vn -0.00000029 0.00000000 1.00000000
vn 0.00000013 0.00000000 1.00000000
vn 0.00000866 0.00000000 1.00000000
vn -0.00000174 0.00000000 1.00000000
vn -0.00000114 0.00000000 1.00000000
vn 0.00000272 0.00000000 1.00000000
vn -0.73654228 0.67639160 0.00000000
vn -0.82332557 0.56756252 -0.00283390
vn -0.79310602 0.60907632 0.00300771
vn -0.75409031 0.65672791 -0.00750440
vn -0.82400531 0.56657428 -0.00302344
vn -0.86175913 0.50728703 0.00558531
vn -0.84890223 0.52854413 0.00252777
vn -0.90701997 0.42108750 0.00000000
vn -0.87156278 0.49028420 0.00000000
vn -0.94432950 0.32898819 0.00296807
vn -0.92459410 0.38090250 -0.00626236
vn -0.92215210 0.38674989 -0.00774986
vn -0.94748962 0.31978130 0.00185293
vn -0.96992081 0.24340270 0.00297862
vn -0.96104670 0.27637240 -0.00274599
vn -0.98505378 0.17224669 0.00000000
vn -0.98182130 0.18978310 -0.00305992
vn -0.99371821 0.11191230 0.00000000
vn -0.99577051 0.09178465 0.00411296
vn -0.99964100 0.02649158 -0.00400871
vn -0.99928868 -0.03768920 0.00131732
vn -0.99986708 0.01618558 -0.00197673
vn -0.99676740 -0.08022767 -0.00430709
vn -0.99007791 -0.14030820 0.00771284
vn -0.98971319 -0.14282350 0.00832218
vn -0.98093712 -0.19430430 -0.00289226
vn -0.95580190 -0.29401150 0.00000000
vn -0.97350568 -0.22866280 0.00000000
vn -0.95561248 -0.29462680 -0.00021656
vn -0.92649913 -0.37629709 0.00012278
vn -0.90213090 -0.43146160 -0.00090408
vn -0.92415178 -0.38202310 0.00136089
vn -0.89060080 -0.45476499 -0.00437689
vn -0.85557407 -0.51758122 0.01012629
vn -0.85327172 -0.52134043 0.01148152
vn -0.76759499 -0.64093262 -0.00186717
vn -0.80156952 -0.59790170 0.00000000
vn -0.82608408 -0.56354678 0.00000000
vn -0.76291168 -0.64648807 -0.00436121
vn -0.65432101 -0.75620878 -0.00351506
vn -0.69690841 -0.71714580 0.00453865
vn -0.70352691 -0.71066391 0.00261384
vn -0.58605981 -0.81020230 0.01031953
vn -0.64852560 -0.76117849 -0.00470185
vn -0.58303708 -0.81239569 0.00901026
vn -0.44859329 -0.89369941 -0.00810259
vn -0.49688500 -0.86781651 0.00000000
vn -0.53805751 -0.84290808 0.00000000
vn -0.36945421 -0.92923671 0.00478065
vn -0.44851989 -0.89373600 -0.00812596
vn -0.36892301 -0.92944843 0.00464815
vn -0.30055660 -0.95375931 -0.00303668
vn -0.30800709 -0.95137239 -0.00474137
vn -0.21636960 -0.97629380 0.00588691
vn -0.21955959 -0.97558743 0.00476855
vn -0.11273280 -0.99362540 0.00000000
vn -0.16624410 -0.98608470 0.00000000
vn -0.04180550 -0.99911833 -0.00389433
vn -0.06638783 -0.99772501 -0.01172697
vn 0.06444489 -0.99790567 0.00557661
vn 0.01856058 -0.99982709 0.00118798
vn 0.07136327 -0.99744642 0.00284278
vn 0.18239111 -0.98322612 0.00011844
vn 0.17532571 -0.98450822 -0.00212765
vn 0.30001870 -0.95390528 -0.00732398
vn 0.24919680 -0.96845287 0.00000000
vn 0.22823420 -0.97360629 0.00000000
vn 0.36563110 -0.93075919 0.00119257
vn 0.31040740 -0.95053858 -0.01112508
vn 0.41203150 -0.91116929 -0.00067800
vn 0.41497570 -0.90983248 -0.00028894
vn 0.46070489 -0.88755327 0.00051156
vn 0.49480110 -0.86896259 0.00872511
vn 0.53442520 -0.84520799 -0.00364625
vn 0.56894487 -0.82237571 0.00000000
vn 0.60229409 -0.79827428 0.00000000
vn 0.62246507 -0.78263438 0.00454175
vn 0.66809982 -0.74405313 -0.00527286
vn 0.72011381 -0.69385552 0.00096241
vn 0.68182242 -0.73151642 -0.00143576
vn 0.74697143 -0.66484100 -0.00448865
vn 0.78196782 -0.62328190 0.00680333
vn 0.78419483 -0.62048542 0.00603801
vn 0.87274408 -0.48817801 0.00000000
vn 0.83345097 -0.55259359 0.00000000
vn 0.81718802 -0.57635701 -0.00405592
vn 0.87978822 -0.47534019 -0.00495970
vn 0.90633750 -0.42255440 0.00053054
vn 0.91722733 -0.39836401 -0.00043366
vn 0.92777830 -0.37312850 0.00161105
vn 0.95971048 -0.28091559 0.00650728
vn 0.94340843 -0.33160380 -0.00444585
vn 0.98059022 -0.19606800 0.00055838
vn 0.97277248 -0.23173331 -0.00366038
vn 0.99272090 -0.12043860 0.00000000
vn 0.98401427 -0.17808969 0.00000000
vn 0.99995363 0.00954998 0.00127310
vn 0.99901187 -0.04440397 -0.00190002
vn 0.99602848 -0.08837145 -0.01085233
vn 0.99951202 0.03119647 -0.00167316
vn 0.99385422 0.11042910 0.00769192
vn 0.99635720 0.08524024 0.00251955
vn 0.98046148 0.19671130 0.00000000
vn 0.98715699 0.15970211 -0.00405449
vn 0.96411228 0.26547211 0.00350112
vn 0.96778381 0.25178260 0.00000000
vn 0.91775680 0.39714310 0.00000149
vn 0.93784088 0.34706560 -0.00001637
vn 0.94262701 0.33383581 -0.00287110
vn 0.90432638 0.42681891 -0.00441080
vn 0.87128150 0.49066889 0.01061701
vn 0.87788391 0.47881579 0.00743669
vn 0.79105341 0.61174721 0.00000000
vn 0.82530153 0.56469232 0.00000000
vn 0.85051459 0.52594978 -0.00128478
vn 0.78984731 0.61330330 -0.00066692
vn 0.68656850 0.72706211 -0.00213343
vn 0.72489631 0.68885058 0.00318956
vn 0.73426843 0.67885917 0.00040487
vn 0.61599690 0.78766900 0.01120138
vn 0.67429101 0.73845249 -0.00442350
vn 0.61512542 0.78835511 0.01081991
vn 0.48631540 0.87376940 -0.00495094
vn 0.53294587 0.84614933 0.00000000
vn 0.57115757 0.82084042 0.00000000
vn 0.40206870 0.91559798 0.00459749
vn 0.47819841 0.87821442 -0.00811893
vn 0.40037921 0.91633981 0.00423247
vn 0.25446710 0.96706092 0.00630730
vn 0.33801839 0.94113201 -0.00376552
vn 0.34143141 0.93989593 -0.00452304
vn 0.24476451 0.96957850 0.00279742
vn 0.13978450 0.99018198 0.00000000
vn 0.19150729 0.98149121 0.00000000
vn 0.05149477 0.99866980 0.00264788
vn 0.10734790 0.99417812 -0.00929248
vn 0.01392459 0.99990302 -0.00046896
vn -0.06555140 0.99782193 0.00738448
vn -0.05054855 0.99871969 0.00198942
vn -0.13071620 0.99141800 -0.00191450
vn -0.16919230 0.98558122 0.00196254
vn -0.18364219 0.98299319 0.00000000
vn -0.27226251 0.96222299 0.00034161
vn -0.27158669 0.96241409 0.00000000
vn -0.36366591 0.93152952 -0.00011638
vn -0.43544650 0.90021461 0.00000000
vn -0.36431709 0.93127501 0.00000000
vn -0.50762761 0.86157638 0.00059734
vn -0.45863211 0.88857871 -0.00920015
vn -0.55273300 0.83335829 0.00034071
vn -0.53193682 0.84678411 -0.00005214
vn -0.57894272 0.81535751 -0.00420934
vn -0.64159042 0.76695693 0.01179587
vn -0.62206638 0.78293872 0.00636870
vn -0.66628742 0.74569511 0.00000000
vn 0.00000588 0.00000000 -1.00000000
vn 0.00000849 0.00000000 -1.00000000
vn 0.00018612 0.00000000 -1.00000000
vn 0.00000133 0.00000000 -1.00000000
vn 0.00000041 0.00000000 -1.00000000
vn 0.00000080 0.00000000 -1.00000000
vn -0.00000143 0.00000000 -1.00000000
vn -0.00000033 0.00000000 -1.00000000
vn -0.00000606 0.00000000 -1.00000000
vn -0.00000231 0.00000000 -1.00000000
vn -0.00000120 0.00000000 -1.00000000
vn -0.00000492 0.00000000 -1.00000000
vn 0.00000232 0.00000000 -1.00000000
vn -0.00000276 0.00000000 -1.00000000
vn 0.00000342 0.00000000 -1.00000000
vn 0.00001601 0.00000000 -1.00000000
vn 0.00000067 0.00000000 -1.00000000
vn 0.00000131 0.00000000 -1.00000000
vn -0.00000032 0.00000000 -1.00000000
vn -0.00000099 0.00000000 -1.00000000
vn -0.00007583 0.00000000 -1.00000000
vn -0.00019716 0.00000000 -1.00000000
vn 0.00000362 0.00000000 -1.00000000
vn 0.00000087 0.00000000 -1.00000000
vn -0.00000054 0.00000000 -1.00000000
vn -0.00001686 0.00000000 -1.00000000
vn -0.00000036 0.00000000 -1.00000000
vn 0.00001313 0.00000000 -1.00000000
vn -0.00000170 0.00000000 -1.00000000
vn 0.00000310 0.00000000 -1.00000000
vn -0.00000142 0.00000000 -1.00000000
vn 0.00000383 0.00000000 -1.00000000
vn -0.00000448 0.00000000 -1.00000000
vn -0.00000025 0.00000000 -1.00000000
vn -0.00000869 0.00000000 -1.00000000
vn -0.00000064 0.00000000 -1.00000000
vn 0.85779852 -0.27890819 0.43173149
vn 0.67252791 0.73579639 0.07943487
vn -0.74973160 0.64599222 -0.14351520
vn 0.66734940 0.73946983 0.08848285
vn 0.79705262 -0.48926029 0.35402229
vn 0.86859941 -0.46963489 0.15804560
vn 0.79444832 -0.49476939 0.35221460
vn 0.83632302 -0.51028651 0.20042869
vn 0.92941338 -0.08592104 0.35889879
vn 0.92938012 -0.08611553 0.35893860
vn 0.47724181 0.87591892 0.07075512
vn 0.48392019 0.87508541 0.00686216
vn 0.46850291 0.88307589 0.02611881
vn 0.95646012 0.12065250 0.26575789
vn 0.95667487 0.11600930 0.26704869
vn 0.89710611 -0.29599541 0.32800511
vn 0.89466298 -0.30593741 0.32554641
vn 0.92822069 -0.30705521 0.21005620
vn 0.95134282 -0.25946519 0.16620700
vn 0.25933400 0.96534508 0.02923583
vn 0.25856489 0.96543068 0.03298419
vn 0.24862060 0.96762830 -0.04339808
vn 0.26785699 0.96132022 -0.06415849
vn 0.96655262 0.11445820 0.22951140
vn 0.95401198 -0.09077668 0.28569371
vn 0.97220922 -0.09455078 0.21417180
vn 0.95355690 -0.10122120 0.28369629
vn -0.73171979 0.61511642 -0.29362920
vn 0.98587072 -0.03580564 0.16363689
vn 0.93008572 0.33420771 0.15246630
vn 0.93273407 0.32540080 0.15531109
vn 0.03131669 0.99935907 -0.01733702
vn 0.02768391 0.99959880 -0.00600225
vn 0.97014111 0.11739600 0.21223700
vn 0.96995521 0.19074020 0.15101430
vn 0.92954820 0.33459070 0.15488490
vn 0.96675158 0.11768940 0.22702530
vn 0.02002197 0.99384499 -0.10895500
vn 0.04003757 0.99088287 -0.12863959
vn 0.84266710 0.53803557 0.02073734
vn 0.83332801 0.55256373 0.01542091
vn -0.20194019 0.97762012 -0.05898398
vn -0.20515490 0.97739172 -0.05115532
vn 0.93038303 0.33018470 0.15926640
vn 0.92065382 0.33011720 0.20837270
vn 0.90328950 0.40836379 0.13155711
vn -0.18904591 0.96406913 -0.18663500
vn -0.20768289 0.96374381 -0.16752850
vn 0.66950983 0.73231041 -0.12441100
vn 0.68807840 0.71610588 -0.11722050
vn -0.42406300 0.89994848 -0.10130780
vn -0.61940980 0.74903083 -0.23512630
vn -0.42802510 0.89890391 -0.09362852
vn -0.61165130 0.77979100 -0.13344911
vn 0.83589268 0.54511940 0.06425386
vn 0.82467592 0.56148827 0.06812292
vn 0.78858298 0.60539132 0.10788110
vn 0.81621212 0.54464269 0.19277540
vn -0.56143558 0.71558458 -0.41560659
vn -0.34188560 0.76942903 -0.53953081
vn -0.42104870 0.88035047 -0.21840580
vn -0.60241407 0.75640303 -0.25485650
vn -0.40762350 0.88313180 -0.23220991
vn 0.46472111 0.84999818 -0.24806771
vn 0.49007010 0.83764380 -0.24121431
vn 0.63221163 0.77113169 0.07526284
vn 0.65869743 0.75181550 -0.02985590
vn 0.68233681 0.73014587 -0.03610652
vn 0.66157937 0.73366928 0.15505511
vn 0.27468279 0.89861012 -0.34212449
vn 0.24511610 0.90510821 -0.34741530
vn 0.44255170 0.89606613 0.03483420
vn 0.46835759 0.87706488 0.10676360
vn 0.48752981 0.86294192 -0.13283861
vn 0.23573069 0.94332331 -0.23360720
vn 0.45417830 0.88215673 -0.12458640
vn 0.03091627 0.90662611 -0.42080060
vn 0.05693966 0.90653437 -0.41827419
vn 0.23017751 0.97297138 -0.01857197
vn 0.25214759 0.96629733 0.05187529
vn 0.27077061 0.94384438 -0.18931779
vn -0.15553720 0.86818892 -0.47122851
vn -0.38488141 0.77544379 -0.50055301
vn -0.17637619 0.86421311 -0.47119781
vn 0.01408374 0.96168888 -0.27378100
vn 0.00726730 0.99660307 -0.08203351
vn 0.04883641 0.95747161 -0.28436470
vn 0.02435004 0.99966037 -0.00927645
vn -0.37035060 0.78817451 -0.49155009
vn -0.55946112 0.70749980 -0.43179569
vn -0.52561259 0.66226172 -0.53398591
vn -0.42334399 0.89380282 -0.14797440
vn -0.21400800 0.96965069 -0.11822980
vn -0.17300700 0.92595810 -0.33566380
vn -0.20695920 0.97655672 -0.05920225
vn -0.20098069 0.92444241 -0.32405749
vn -0.40116790 0.84320247 -0.35787401
vn -0.59067690 0.75648117 -0.28077939
vn -0.60767120 0.76757681 -0.20386660
vn -0.42236310 0.89344198 -0.15287560
vn -0.38461560 0.84745342 -0.36591470
vn -0.61319691 0.69268698 -0.37970281
vn -0.61713737 0.77855963 -0.11395860
vn -0.76773262 0.59017348 -0.24956340
vn -0.83313972 0.52254981 -0.18116370
vn -0.75867420 0.59196103 -0.27202189
vn -0.73250502 0.54077870 -0.41351521
vn -0.77139229 0.56887090 -0.28520170
vn -0.90666831 0.37383950 -0.19543970
vn -0.90691590 0.37349251 -0.19495350
vn -0.88432580 0.36654541 -0.28915790
vn -0.88440633 0.36645380 -0.28902811
vn -0.75446832 0.30231801 -0.58256471
vn -0.95784777 0.20002709 -0.20619629
vn -0.95799762 0.19971541 -0.20580199
vn -0.93819332 0.19781099 -0.28401479
vn -0.93930757 0.19608110 -0.28151980
vn -0.96621042 -0.15126990 -0.20869841
vn -0.97746527 0.02335953 -0.20979980
vn -0.97720772 0.02427393 -0.21089271
vn -0.96273673 0.02519363 -0.26926491
vn -0.96365422 0.02310800 -0.26615161
vn -0.92754871 -0.31937000 -0.19405229
vn -0.96356970 -0.15743180 -0.21621500
vn -0.95693231 -0.15623470 -0.24468660
vn -0.95723999 -0.15730450 -0.24279010
vn -0.86390138 -0.47732839 -0.16072351
vn -0.90439481 -0.35460460 -0.23733090
vn -0.91111118 -0.35556719 -0.20844281
vn -0.91130310 -0.35663050 -0.20577049
vn -0.73036671 0.54199922 -0.41569379
vn -0.69484162 0.50748432 -0.50956351
vn -0.70749348 0.62917900 -0.32184899
vn -0.80635071 0.46523309 -0.36518070
vn -0.65907121 -0.73772150 -0.14626101
vn -0.76934540 -0.61557782 -0.17079750
vn -0.78405899 -0.57044703 -0.24462610
vn -0.77878290 0.41862541 -0.46717259
vn -0.89114761 0.29471269 -0.34496430
vn -0.84800023 0.35228989 -0.39596409
vn -0.86773348 0.36833620 -0.33371720
vn -0.80134630 -0.57545292 -0.16339649
vn -0.80163509 -0.58083320 -0.14147130
vn -0.93118811 0.20520660 -0.30129561
vn -0.89990193 0.18396100 -0.39539221
vn -0.90022367 0.18323050 -0.39499861
vn -0.95138007 0.08394521 -0.29635990
vn -0.39233351 -0.91571522 -0.08683460
vn -0.53174502 -0.83793157 -0.12295530
vn -0.56904942 -0.77615988 -0.27158579
vn -0.94385147 0.01870858 -0.32984009
vn -0.94362509 0.01967048 -0.33043140
vn -0.96415520 0.03131937 -0.26348400
vn -0.60032737 -0.79236102 -0.10849430
vn -0.59960037 -0.79910117 -0.04378014
vn -0.95581388 -0.15649091 -0.24885841
vn -0.95590800 -0.16198520 -0.24495050
vn -0.23726580 -0.97111923 -0.02515125
vn -0.29073319 -0.92021108 -0.26207989
vn -0.32406071 -0.94538051 -0.03521943
vn -0.31990859 -0.94420671 0.07830870
vn -0.03511285 -0.99119020 0.12770760
vn -0.05346024 -0.99698120 -0.05630874
vn -0.92475158 -0.35326150 -0.14156570
vn -0.92248482 -0.36215740 -0.13365661
vn -0.05872720 -0.98489869 0.16286729
vn -0.06531029 -0.99612260 0.05894440
vn -0.97039032 -0.13925980 -0.19735660
vn -0.96403050 -0.15690359 -0.21453831
vn -0.96363407 -0.14081679 -0.22711210
vn 0.33949059 -0.93207169 0.12644561
vn 0.17193060 -0.98510581 -0.00255817
vn 0.17098610 -0.98149902 -0.08616030
vn -0.82158458 -0.57008570 0.00116062
vn -0.81196332 -0.58344710 0.01746535
vn 0.33074400 -0.90993983 0.25023600
vn 0.14990459 -0.98066407 0.12580439
vn 0.15406489 -0.96250361 0.22327361
vn -0.91794801 -0.35824549 -0.17038700
vn -0.92097747 -0.36329719 -0.14076810
vn -0.81747711 -0.55975121 -0.13568310
vn -0.91818482 -0.35815549 -0.16929691
vn -0.92226130 -0.35812399 -0.14553820
vn 0.50045931 -0.81003171 0.30559650
vn 0.33929461 -0.91376138 0.22342610
vn -0.59754181 -0.77816170 0.19341210
vn -0.61714083 -0.76800418 0.17119180
vn -0.80376482 -0.59366637 -0.03901612
vn -0.81615192 -0.57701492 -0.03082227
vn -0.81393832 -0.57811791 -0.05730676
vn -0.66699892 -0.72631091 -0.16608749
vn 0.67198968 -0.66776443 0.32018831
vn 0.50831997 -0.81592351 0.27546251
vn -0.31041181 -0.88409412 0.34931701
vn -0.33770999 -0.88240480 0.32758790
vn 0.67719430 -0.67133647 0.30118960
vn -0.29646260 -0.93904001 0.17410851
vn -0.58761162 -0.80495977 0.08217358
vn -0.61313480 -0.78291410 0.10541130
vn -0.48965940 -0.86353612 -0.12057790
vn -0.61172187 -0.78931731 0.05267560
vn -0.06254261 -0.89613402 0.43935439
vn -0.08808499 -0.90078193 0.42524481
vn 0.80712169 -0.49282870 0.32507640
vn 0.81122601 -0.49612889 0.30946490
vn -0.33485079 -0.92405492 0.18438420
vn -0.04230034 -0.96643198 0.25341630
vn -0.32959151 -0.94073790 0.07988566
vn -0.28516781 -0.95845950 -0.00589252
vn 0.11088190 -0.87085819 0.47886461
vn 0.13176350 -0.86290938 0.48787889
vn 0.89927471 -0.29727489 0.32083109
vn 0.90296751 -0.29968330 0.30796030
vn 0.27696159 -0.81569719 0.50786871
vn 0.29244551 -0.80729729 0.51258832
vn -0.07789295 -0.96274263 0.25895810
vn -0.05834364 -0.99784982 0.02986335
vn -0.06257367 -0.99738181 0.03625392
vn 0.95053440 -0.09200769 0.29668000
vn 0.95296508 -0.09362882 0.28825530
vn 0.43920711 -0.73235971 0.52033311
vn 0.44871050 -0.72473258 0.52289730
vn 0.15962400 -0.93675381 0.31146860
vn 0.13334790 -0.94525230 0.29785320
vn 0.16296171 -0.98450130 0.06481403
vn 0.15943070 -0.98478591 0.06912809
vn 0.32992411 -0.88293213 0.33403769
vn 0.95943153 0.11569890 0.25710911
vn 0.96005929 0.11520850 0.25497720
vn 0.37993410 -0.92176598 0.07744419
vn 0.34455809 -0.93254650 0.10787450
vn 0.31040379 -0.88875461 0.33729050
vn 0.60562491 -0.60797763 0.51340240
vn 0.61001498 -0.60301739 0.51405430
vn 0.92127800 0.32826981 0.20853239
vn 0.92133027 0.32823670 0.20835321
vn 0.57608998 -0.80963212 0.11232220
vn 0.65845418 -0.65956682 0.36250469
vn 0.52133018 -0.83800763 0.16111600
vn 0.49291459 -0.79310399 0.35780081
vn 0.48454511 -0.80025882 0.35327321
vn 0.74747580 -0.45527169 0.48374361
vn 0.74868822 -0.45330119 0.48371911
vn 0.82588178 0.54478699 0.14534920
vn 0.82295418 0.54722822 0.15260381
vn 0.74154592 -0.65613061 0.14000870
vn 0.69828987 -0.69158190 0.18467760
vn 0.65717191 -0.66051930 0.36309701
vn 0.85772771 -0.27908981 0.43175480
vn -0.99270773 -0.12054710 0.00000000
vn -0.23931780 0.97094142 0.00000000
vn -0.93501788 -0.35460061 0.00000000
vn -0.66311687 0.74851590 0.00000000
vn -0.99270910 -0.12053610 0.00000000
vn -0.46472970 0.88545263 0.00000000
vn -0.93501413 -0.35461041 0.00000000
vn -0.93501449 0.35460940 0.00000000
vn -0.99270910 0.12053470 0.00000000
vn -0.93501830 0.35459971 0.00000000
vn -0.46472970 -0.88545263 0.00000000
vn -0.66311687 -0.74851590 0.00000000
vn -0.99270779 0.12054580 0.00000000
vn -0.23931509 -0.97094202 0.00000000
vn 0.46472511 -0.88545501 0.00000000
vn 0.66311407 -0.74851841 0.00000000
vn 0.93501598 -0.35460550 0.00000000
vn 0.99270910 -0.12053610 0.00000000
vn 0.99270910 0.12053470 0.00000000
vn 0.93501651 0.35460460 0.00000000
vn 0.66311407 0.74851841 0.00000000
vn 0.46472511 0.88545501 0.00000000
vn 0.00000000 0.00000000 -1.00000000
vn 0.00000000 0.00000000 -1.00000000
vn 0.00000000 0.00000000 -1.00000000
vn 0.00000000 0.00000000 -1.00000000
vn 0.00000000 0.00000000 -1.00000000
vn 0.00000000 0.00000000 -1.00000000
vn 0.00000000 0.00000000 -1.00000000
vn 0.00000000 0.00000000 -1.00000000
vn 0.00000000 0.00000000 -1.00000000
vn 0.00000000 0.00000000 -1.00000000
vn 0.00000000 0.00000000 -1.00000000
vn 0.00000000 0.00000000 -1.00000000
vn 0.00000000 0.00000000 -1.00000000
vn 0.00000000 0.00000000 -1.00000000
vn 0.00000000 0.00000000 -1.00000000
vn 0.00000000 0.00000000 -1.00000000
vn 0.00000000 0.00000000 -1.00000000
vn 0.00000000 0.00000000 -1.00000000
vn 0.00000000 0.00000000 -1.00000000
vn 0.00000000 0.00000000 -1.00000000
vn 0.00000000 0.00000000 -1.00000000
vn 0.00000000 0.00000000 -1.00000000
vn 0.00000000 0.00000000 -1.00000000
vn 0.00000000 0.00000000 -1.00000000
vn 0.00000000 0.00000000 -1.00000000
vn 0.00000000 0.00000000 -1.00000000
vn 0.00000000 0.00000000 -1.00000000
vn 0.00000000 0.00000000 -1.00000000
vn 0.00000000 0.00000000 -1.00000000
vn 0.00000000 0.00000000 -1.00000000
vn 0.00000000 0.00000000 -1.00000000
vn 0.00000000 0.00000000 -1.00000000
vn 0.00000000 0.00000000 -1.00000000
vn 0.00000000 0.00000000 -1.00000000
vn 0.00000000 0.00000000 -1.00000000
vn 0.00000000 0.00000000 -1.00000000
vn 0.00000000 0.00000000 -1.00000000
vn 0.00000000 0.00000000 -1.00000000
vn 0.00000000 0.00000000 -1.00000000
vn 0.00000000 0.00000000 -1.00000000
vn 0.00000000 0.00000000 -1.00000000
vn 0.00000000 0.00000000 -1.00000000
vn 0.00000000 0.00000000 -1.00000000
vn 0.00000000 0.00000000 -1.00000000
vn 0.00000000 0.00000000 -1.00000000
vn 0.00000000 0.00000000 -1.00000000
vn 0.00000000 0.00000000 -1.00000000
vn 0.00000000 0.00000000 -1.00000000
vn 0.00000000 0.00000000 -1.00000000
vn 0.00000000 0.00000000 -1.00000000
vn 0.00000000 0.00000000 -1.00000000
vn 0.00000000 0.00000000 -1.00000000
vn 0.00000000 0.00000000 -1.00000000
vn 0.00000000 0.00000000 -1.00000000
vn -0.00000050 0.00000000 1.00000000
vn 0.00000022 0.00000000 1.00000000
vn 0.00000021 0.00000000 1.00000000
vn -0.00000145 0.00000000 1.00000000
vn 0.00000017 0.00000000 1.00000000
vn -0.00000042 0.00000000 1.00000000
vn 0.00000064 0.00000000 1.00000000
vn 0.00000018 0.00000000 1.00000000
vn -0.00000022 0.00000000 1.00000000
vn 0.00000083 0.00000000 1.00000000
vn -0.00000050 0.00000000 1.00000000
vn 0.00000012 0.00000000 1.00000000
vn 0.00000000 0.00000000 1.00000000
vn 0.00000000 0.00000000 1.00000000
vn -0.00000021 0.00000000 1.00000000
vn 0.00000000 0.00000000 1.00000000
vn 0.00000000 0.00000000 1.00000000
vn 0.00000058 0.00000000 1.00000000
vn 0.00000043 0.00000000 1.00000000
vn -0.00000083 0.00000000 1.00000000
vn 0.00000015 0.00000000 1.00000000
vn -0.00000067 0.00000000 1.00000000
vn -0.00000205 0.00000000 1.00000000
vn 0.00000014 0.00000000 1.00000000
vn -0.00000013 0.00000000 1.00000000
vn 0.00000025 0.00000000 1.00000000
vn -0.00000026 0.00000000 1.00000000
vn 0.00000021 0.00000000 1.00000000
vn -0.00000047 0.00000000 1.00000000
vn -0.00000043 0.00000000 1.00000000
vn -0.00000016 0.00000000 1.00000000
vn 0.00000057 0.00000000 1.00000000
vn -0.00000033 0.00000000 1.00000000
vn 0.00000063 0.00000000 1.00000000
vn -0.00000013 0.00000000 1.00000000
vn -0.00000103 0.00000000 1.00000000
vn 0.00000000 0.00000000 1.00000000
vn 0.00000099 0.00000000 1.00000000
vn 0.00000000 0.00000000 1.00000000
vn -0.00000059 0.00000000 1.00000000
vn 0.00000013 0.00000000 1.00000000
vn 0.00000000 0.00000000 1.00000000
vn -0.00000060 0.00000000 1.00000000
vn -0.00000025 0.00000000 1.00000000
vn -0.00000034 0.00000000 1.00000000
vn 0.00000000 0.00000000 1.00000000
vn 0.00000016 0.00000000 1.00000000
vn 0.00000025 0.00000000 1.00000000
vn -0.00000050 0.00000000 1.00000000
vn 0.00000126 0.00000000 -1.00000000
vn -0.00000066 0.00000000 -1.00000000
vn 0.00000270 0.00000000 -1.00000000
vn -0.00000346 0.00000000 -1.00000000
vn -0.00000046 0.00000000 -1.00000000
vn -0.00000062 0.00000000 -1.00000000
vn -0.00000272 0.00000000 -1.00000000
vn -0.00000036 0.00000000 -1.00000000
vn 0.00000066 0.00000000 -1.00000000
vn -0.00000271 0.00000000 -1.00000000
vn 0.00003733 0.00000000 -1.00000000
vn -0.00000240 0.00000000 -1.00000000
vn -0.00002450 0.00000000 -1.00000000
vn 0.00000067 0.00000000 -1.00000000
vn 0.00000345 0.00000000 -1.00000000
vn -0.00000267 0.00000000 -1.00000000
vn 0.00000404 0.00000000 -1.00000000
vn 0.00000120 0.00000000 -1.00000000
vn -0.00000870 0.00000000 -1.00000000
vn -0.00000067 0.00000000 -1.00000000
vn 0.00000044 0.00000000 -1.00000000
vn 0.00000118 0.00000000 -1.00000000
vn -0.00000152 0.00000000 -1.00000000
vn 0.00000361 0.00000000 -1.00000000
vn -0.00000135 0.00000000 -1.00000000
vn -0.00000056 0.00000000 -1.00000000
vn 0.00000033 0.00000000 -1.00000000
vn -0.00000623 0.00000000 -1.00000000
vn -0.00000090 0.00000000 -1.00000000
vn -0.00000056 0.00000000 -1.00000000
vn 0.00000061 0.00000000 -1.00000000
vn 0.00000224 0.00000000 -1.00000000
vn -0.00000067 0.00000000 -1.00000000
vn 0.00000067 0.00000000 -1.00000000
vn 0.00000121 0.00000000 -1.00000000
vn -0.00000265 0.00000000 -1.00000000
vn 0.00000326 0.00000000 -1.00000000
vn 0.00000134 0.00000000 -1.00000000
vn -0.00004284 0.00000000 -1.00000000
vn 0.00000071 0.00000000 -1.00000000
vn -0.00000135 0.00000000 -1.00000000
vn 0.46570739 -0.88493878 0.00000000
vn 0.46571040 -0.88493723 0.00000000
vn 0.24040779 -0.97067201 0.00000000
vn 0.24040590 -0.97067261 0.00000000
vn -0.99284261 0.11943070 0.00000000
vn -0.99284261 0.11943060 0.00000000
vn 0.00111538 -0.99999940 0.00000000
vn 0.00111538 -0.99999940 0.00000000
vn -0.93541431 0.35355401 0.00000000
vn -0.23823451 -0.97120768 0.00000000
vn -0.93540919 0.35356700 0.00000000
vn -0.23823281 -0.97120821 0.00000000
vn -0.82362032 0.56714159 0.00000000
vn -0.46373519 -0.88597387 0.00000000
vn -0.82361728 0.56714612 0.00000000
vn -0.66395527 0.74777228 0.00000000
vn -0.66228592 -0.74925131 0.00000000
vn -0.66395187 0.74777532 0.00000000
vn -0.66228962 -0.74924803 0.00000000
vn -0.46571851 0.88493299 0.00000000
vn -0.82234871 -0.56898391 0.00000000
vn -0.82235241 -0.56897849 0.00000000
vn -0.93462002 -0.35564819 0.00000000
vn -0.93462479 -0.35563540 0.00000000
vn -0.24039440 0.97067529 0.00000000
vn -0.99257338 -0.12164780 0.00000000
vn -0.99257249 -0.12165490 0.00000000
vn -0.00111538 0.99999940 0.00000000
vn -0.00111538 0.99999940 0.00000000
vn 0.23823451 0.97120768 0.00000000
vn 0.46373820 0.88597232 0.00000000
vn 0.46373221 0.88597548 0.00000000
vn 0.66228962 0.74924803 0.00000000
vn 0.82235003 0.56898218 0.00000000
vn 0.82234973 0.56898260 0.00000000
vn 0.93462211 0.35564271 0.00000000
vn 0.99257249 0.12165490 0.00000000
vn 0.99257338 0.12164780 0.00000000
vn 0.99284178 -0.11943760 0.00000000
vn 0.99284267 -0.11943030 0.00000000
vn 0.93541372 -0.35355520 0.00000000
vn 0.93541139 -0.35356119 0.00000000
vn 0.82361728 -0.56714612 0.00000000
vn 0.82362032 -0.56714159 0.00000000
vn 0.66395187 -0.74777532 0.00000000
vn 0.66395158 -0.74777561 0.00000000
vn 0.00000080 0.00000000 1.00000000
vn -0.00000171 0.00000000 1.00000000
vn -0.00000041 0.00000000 1.00000000
vn -0.00000081 0.00000000 1.00000000
vn -0.00000042 0.00000000 1.00000000
vn 0.00000132 0.00000000 1.00000000
vn -0.00000026 0.00000000 1.00000000
vn 0.00000082 0.00000000 1.00000000
vn -0.00000103 0.00000000 1.00000000
vn 0.00000067 0.00000000 1.00000000
vn -0.00000027 0.00000000 1.00000000
vn -0.00000026 0.00000000 1.00000000
vn -0.00000198 0.00000000 1.00000000
vn -0.00000026 0.00000000 1.00000000
vn -0.00000066 0.00000000 1.00000000
vn -0.00000026 0.00000000 1.00000000
vn -0.00000068 0.00000000 1.00000000
vn 0.00000274 0.00000000 1.00000000
vn -0.00000051 0.00000000 1.00000000
vn -0.00000013 0.00000000 1.00000000
vn 0.00000027 0.00000000 1.00000000
vn 0.00000060 0.00000000 1.00000000
vn -0.00000137 0.00000000 1.00000000
vn -0.00000068 0.00000000 1.00000000
vn 0.00000029 0.00000000 1.00000000
vn -0.00000038 0.00000000 1.00000000
vn -0.00000057 0.00000000 1.00000000
vn -0.00000034 0.00000000 1.00000000
vn 0.64294451 0.76591277 0.00000000
vn 0.55103338 0.83448321 0.00000000
vn 0.50510091 0.86306041 0.00000000
vn 0.43462390 0.90051991 0.01288580
vn 0.62042749 0.78410327 0.01586401
vn 0.35042131 0.93659222 0.00000000
vn 0.25774670 0.96621257 0.00000000
vn 0.42382139 0.90554702 0.01897865
vn 0.15114839 0.98849797 0.00508422
vn 0.09011930 0.99593103 0.00000000
vn -0.00729537 0.99997348 0.00000000
vn 0.19778480 0.97995502 0.02386581
vn -0.12288820 0.99242049 0.00000000
vn -0.20744710 0.97824627 0.00000000
vn -0.03860050 0.99911070 0.01696723
vn -0.31037259 0.95061511 0.00000000
vn -0.36122391 0.93247908 0.00000000
vn -0.41374090 0.91039449 0.00071741
vn -0.25816160 0.96593010 0.01821160
vn -0.50845659 0.86108762 0.00000000
vn -0.58027607 0.81441993 0.00000000
vn -0.45873669 0.88837022 0.01895207
vn -0.64937800 0.76037949 0.01146310
vn -0.70626521 0.70794737 0.00000000
vn -0.74397200 0.66821080 0.00000000
vn -0.64135218 0.76706618 0.01663625
vn -0.81483012 0.57969981 0.00000000
vn -0.86136949 0.50797898 0.00000000
vn -0.88939148 0.45714420 0.00140667
vn -0.79592413 0.60516942 0.01658749
vn -0.93390691 0.35751429 0.00119513
vn -0.95313752 0.30253741 0.00000000
vn -0.97543257 0.22029839 0.00000000
vn -0.91269177 0.40808281 0.02150094
vn -0.99472427 0.10258470 0.00000000
vn -0.99882472 0.04847019 0.00000000
vn -0.99968791 -0.02372932 0.00781119
vn -0.98272872 0.18404420 0.01928985
vn -0.99161452 -0.12923180 0.00000000
vn -0.97696948 -0.21337900 0.00000000
vn -0.99809802 -0.05718559 0.02302658
vn -0.95411837 -0.29917100 0.01243907
vn -0.92739701 -0.37407851 0.00000000
vn -0.90536189 -0.42464110 0.00000000
vn -0.95683771 -0.29012001 0.01709753
vn -0.85566020 -0.51753801 0.00000000
vn -0.80811399 -0.58902621 0.00000000
vn -0.76842719 -0.63992423 0.00410032
vn -0.87066412 -0.49168000 0.01396024
vn -0.74714470 -0.66444308 0.01703524
vn -0.70294911 -0.71124029 0.00000000
vn -0.66317028 -0.74846858 0.00000000
vn -0.58840489 -0.80853480 0.00716239
vn -0.58585781 -0.81039679 0.00526142
vn -0.50634438 -0.86233127 0.00000000
vn -0.45951629 -0.88816953 0.00000000
vn -0.40446550 -0.91438228 0.01768243
vn -0.37069461 -0.92874998 0.00300920
vn -0.31421971 -0.94935042 0.00000000
vn -0.22201680 -0.97504288 0.00000000
vn -0.20478490 -0.97875112 0.01046699
vn -0.11700650 -0.99313122 0.00000000
vn -0.03991979 -0.99920291 0.00000000
vn -0.00142032 -0.99988848 0.01486635
vn 0.05828469 -0.99830002 0.00000000
vn 0.12463910 -0.99220222 0.00000000
vn 0.20044100 -0.97970593 0.00000000
vn 0.17293260 -0.98489428 0.00880438
vn 0.25316930 -0.96742213 0.00000000
vn 0.32854059 -0.94448662 0.00253165
vn 0.33325741 -0.94283593 0.00000000
vn 0.41257161 -0.91092521 0.00000000
vn 0.46727940 -0.88410598 0.00256717
vn 0.54451537 -0.83875102 0.00000000
vn 0.58979023 -0.80755663 0.00000000
vn 0.49239221 -0.87026531 0.01372289
vn 0.66626900 -0.74571151 0.00000000
vn 0.72759151 -0.68601072 0.00000000
vn 0.76806808 -0.64036292 0.00262338
vn 0.65140080 -0.75866967 0.00986582
vn 0.82470840 -0.56555831 0.00000000
vn 0.85455728 -0.51935703 0.00000000
vn 0.78853828 -0.61479628 0.01526278
vn 0.90258890 -0.43050250 0.00103682
vn 0.93687212 -0.34967250 0.00000000
vn 0.95436871 -0.29863089 0.00000000
vn 0.89661920 -0.44272071 0.00852293
vn 0.98043662 -0.19683491 0.00000000
vn 0.98975438 -0.14278109 0.00000000
vn 0.99847072 -0.05527037 0.00118595
vn 0.96864438 -0.24784580 0.01733577
vn 0.99875993 0.04978740 0.00000000
vn 0.99460357 0.10374740 0.00000000
vn 0.99921542 -0.03815108 0.01063460
vn 0.98401332 0.17734930 0.01628106
vn 0.98127401 0.19240020 0.00913721
vn 0.96432400 0.26472491 0.00000000
vn 0.94437081 0.32888281 0.00000000
vn 0.92119187 0.38863221 0.01925009
vn 0.90180480 0.43214399 0.00000000
vn 0.87065482 0.49189469 0.00000000
vn 0.83651018 0.54794967 0.00138843
vn 0.83467948 0.55073619 0.00000000
vn 0.79546797 0.60599571 0.00000000
vn 0.75327700 0.65770310 0.00070451
vn 0.75219071 0.65894550 0.00000000
vn -0.00000207 0.00000000 1.00000000
vn 0.00000192 0.00000000 1.00000000
vn -0.00000198 0.00000000 1.00000000
vn -0.00000173 0.00000000 1.00000000
vn -0.00000252 0.00000000 1.00000000
vn 0.00000339 0.00000000 1.00000000
vn -0.00000044 0.00000000 1.00000000
vn -0.00000041 0.00000000 1.00000000
vn -0.00000866 0.00000000 1.00000000
vn -0.00000067 0.00000000 1.00000000
vn 0.73654801 0.67638540 0.00000000
vn 0.82339138 0.56746691 -0.00284952
vn 0.79309499 0.60909063 0.00301051
vn 0.75407982 0.65674001 -0.00750166
vn 0.82402140 0.56655079 -0.00301993
vn 0.86176258 0.50728118 0.00558531
vn 0.84848970 0.52920598 0.00252658
vn 0.90701407 0.42110041 0.00000000
vn 0.87155789 0.49029279 0.00000000
vn 0.94432580 0.32899860 0.00296879
vn 0.92462713 0.38082239 -0.00624794
vn 0.92215210 0.38674980 -0.00775582
vn 0.94759351 0.31947351 0.00183171
vn 0.96992362 0.24339180 0.00297898
vn 0.96104360 0.27638349 -0.00274748
vn 0.98505378 0.17224669 0.00000000
vn 0.98182130 0.18978310 -0.00305992
vn 0.99371642 0.11192800 0.00000000
vn 0.99576861 0.09180426 0.00412053
vn 0.99964142 0.02648156 -0.00400126
vn 0.99928802 -0.03770589 0.00132477
vn 0.99986672 0.01620930 -0.00196934
vn 0.99676663 -0.08023738 -0.00430196
vn 0.99007791 -0.14030820 0.00771415
vn 0.98971528 -0.14280950 0.00831997
vn 0.95580471 -0.29400259 0.00000000
vn 0.97348827 -0.22873721 0.00000000
vn 0.98093492 -0.19431470 -0.00289971
vn 0.95561790 -0.29460919 -0.00021083
vn 0.90208977 -0.43154749 -0.00091504
vn 0.92416131 -0.38200030 0.00135672
vn 0.92648762 -0.37632540 0.00012868
vn 0.89061642 -0.45473430 -0.00437212
vn 0.85327429 -0.52133602 0.01148158
vn 0.85552198 -0.51766711 0.01014405
vn 0.76759487 -0.64093262 -0.00187242
vn 0.80170637 -0.59771812 0.00000000
vn 0.82607752 -0.56355637 0.00000000
vn 0.76291168 -0.64648801 -0.00436741
vn 0.65448058 -0.75607097 -0.00347072
vn 0.69689918 -0.71715480 0.00454211
vn 0.70355219 -0.71063888 0.00260758
vn 0.58605683 -0.81020433 0.01032251
vn 0.64852560 -0.76117849 -0.00470185
vn 0.58301240 -0.81241351 0.00900334
vn 0.44859329 -0.89369941 -0.00809878
vn 0.49688500 -0.86781651 0.00000000
vn 0.53804868 -0.84291381 0.00000000
vn 0.36945730 -0.92923552 0.00478065
vn 0.44852000 -0.89373600 -0.00812835
vn 0.36893910 -0.92944193 0.00464839
vn 0.30055660 -0.95375931 -0.00303668
vn 0.30801231 -0.95137072 -0.00474477
vn 0.21636520 -0.97629482 0.00589120
vn 0.21955410 -0.97558868 0.00476521
vn 0.11273430 -0.99362522 0.00000000
vn 0.16624869 -0.98608392 0.00000000
vn 0.04180550 -0.99911821 -0.00389606
vn 0.06638747 -0.99772501 -0.01172548
vn -0.06444621 -0.99790567 0.00558001
vn -0.01857066 -0.99982691 0.00118864
vn -0.07136261 -0.99744642 0.00284278
vn -0.18239290 -0.98322582 0.00011788
vn -0.17532420 -0.98450851 -0.00212592
vn -0.30003631 -0.95389968 -0.00732827
vn -0.24917421 -0.96845871 0.00000000
vn -0.22851080 -0.97354138 0.00000000
vn -0.36562210 -0.93076259 0.00119132
vn -0.31040740 -0.95053852 -0.01112651
vn -0.41202390 -0.91117281 -0.00067928
vn -0.41498759 -0.90982711 -0.00028114
vn -0.46071151 -0.88754982 0.00051750
vn -0.49479231 -0.86896747 0.00872999
vn -0.53442109 -0.84521061 -0.00364506
vn -0.56894487 -0.82237571 0.00000000
vn -0.60230279 -0.79826772 0.00000000
vn -0.62245589 -0.78264171 0.00454050
vn -0.66810411 -0.74404919 -0.00527292
vn -0.72014022 -0.69382793 0.00096466
vn -0.68182242 -0.73151642 -0.00143635
vn -0.74697143 -0.66484112 -0.00448280
vn -0.78195637 -0.62329620 0.00680619
vn -0.78438312 -0.62024790 0.00597507
vn -0.81717861 -0.57637030 -0.00405836
vn -0.87275219 -0.48816350 0.00000000
vn -0.83344042 -0.55260950 0.00000000
vn -0.87979132 -0.47533441 -0.00495738
vn -0.90634698 -0.42253381 0.00053289
vn -0.91720611 -0.39841300 -0.00043047
vn -0.92777830 -0.37312850 0.00161773
vn -0.94340539 -0.33161220 -0.00443876
vn -0.95970410 -0.28093770 0.00651026
vn -0.98058170 -0.19611061 0.00055820
vn -0.97278178 -0.23169450 -0.00366074
vn -0.99272090 -0.12043860 0.00000000
vn -0.98401427 -0.17808969 0.00000000
vn -0.99995393 0.00951677 0.00126565
vn -0.99901390 -0.04435920 -0.00190753
vn -0.99602950 -0.08835953 -0.01085716
vn -0.99951291 0.03116613 -0.00167584
vn -0.99385339 0.11043630 0.00769538
vn -0.99635512 0.08526545 0.00251943
vn -0.98047310 0.19665360 0.00000000
vn -0.98715562 0.15971130 -0.00404739
vn -0.96411473 0.26546311 0.00350052
vn -0.96778071 0.25179490 0.00000000
vn -0.91777408 0.39710301 0.00000892
vn -0.93782532 0.34710771 -0.00000999
vn -0.94263393 0.33381611 -0.00287116
vn -0.90431911 0.42683440 -0.00441080
vn -0.87127632 0.49067831 0.01060992
vn -0.87793821 0.47871530 0.00750226
vn -0.79106742 0.61172920 0.00000000
vn -0.82519329 0.56485063 0.00000000
vn -0.85051459 0.52594978 -0.00129032
vn -0.78985173 0.61329752 -0.00066606
vn -0.68656850 0.72706211 -0.00212801
vn -0.72489101 0.68885630 0.00318825
vn -0.73425150 0.67887747 0.00040645
vn -0.61599118 0.78767341 0.01120126
vn -0.67429572 0.73844820 -0.00442588
vn -0.61512518 0.78835517 0.01082265
vn -0.57115757 0.82084042 0.00000000
vn -0.48629341 0.87378162 -0.00495398
vn -0.53300983 0.84610909 0.00000000
vn -0.47820941 0.87820852 -0.00811666
vn -0.40206531 0.91559952 0.00459981
vn -0.40035829 0.91634887 0.00423938
vn -0.34143740 0.93989372 -0.00452077
vn -0.25446540 0.96706140 0.00630724
vn -0.33800730 0.94113600 -0.00376105
vn -0.24475950 0.96957988 0.00279671
vn -0.19150729 0.98149121 0.00000000
vn -0.13978450 0.99018198 0.00000000
vn -0.05149537 0.99866980 0.00264859
vn -0.10734930 0.99417800 -0.00929093
vn -0.01392382 0.99990302 -0.00047061
vn 0.06555187 0.99782193 0.00738287
vn 0.05054903 0.99871957 0.00198883
vn 0.13071440 0.99141830 -0.00191277
vn 0.16919230 0.98558122 0.00196254
vn 0.18365100 0.98299152 0.00000000
vn 0.27158320 0.96241498 0.00000000
vn 0.27225909 0.96222401 0.00034256
vn 0.36368439 0.93152231 -0.00011603
vn 0.43545011 0.90021288 0.00000000
vn 0.36432341 0.93127251 0.00000000
vn 0.45862970 0.88858002 -0.00919932
vn 0.50763482 0.86157221 0.00059607
vn 0.53189921 0.84680778 -0.00005474
vn 0.55274242 0.83335221 0.00034071
vn 0.57893372 0.81536388 -0.00420684
vn 0.62206727 0.78293800 0.00636870
vn 0.64159042 0.76695681 0.01180011
vn 0.66629177 0.74569112 0.00000000
vn 0.00000031 0.00000000 -1.00000000
vn -0.00000294 0.00000000 -1.00000000
vn -0.00001697 0.00000000 -1.00000000
vn -0.00009671 0.00000000 -1.00000000
vn -0.00000100 0.00000000 -1.00000000
vn -0.00000251 0.00000000 -1.00000000
vn -0.00000080 0.00000000 -1.00000000
vn -0.00000037 0.00000000 -1.00000000
vn -0.00000306 0.00000000 -1.00000000
vn 0.00000102 0.00000000 -1.00000000
vn 0.00000303 0.00000000 -1.00000000
vn 0.00000273 0.00000000 -1.00000000
vn -0.00000038 0.00000000 -1.00000000
vn 0.00000131 0.00000000 -1.00000000
vn 0.00000983 0.00000000 -1.00000000
vn 0.00000079 0.00000000 -1.00000000
vn -0.00000210 0.00000000 -1.00000000
vn 0.00000000 0.00000000 -1.00000000
vn -0.00000174 0.00000000 -1.00000000
vn 0.00000156 0.00000000 -1.00000000
vn -0.00000342 0.00000000 -1.00000000
vn 0.00000024 0.00000000 -1.00000000
vn -0.00001284 0.00000000 -1.00000000
vn -0.00000801 0.00000000 -1.00000000
vn -0.00000194 0.00000000 -1.00000000
vn -0.00000025 0.00000000 -1.00000000
vn -0.00000068 0.00000000 -1.00000000
vn 0.00000000 0.00000000 -1.00000000
vn 0.00000099 0.00000000 -1.00000000
vn 0.00000077 0.00000000 -1.00000000
vn 0.00004326 0.00000000 -1.00000000
vn -0.00000037 0.00000000 -1.00000000
vn -0.00000083 0.00000000 -1.00000000
vn 0.00019755 0.00000000 -1.00000000
vn -0.00000119 0.00000000 -1.00000000
vn 0.00000034 0.00000000 -1.00000000
vn -0.00000031 0.00000000 -1.00000000
vn -0.00000657 0.00000000 -1.00000000
vn -0.00000179 0.00000000 -1.00000000
vn 0.00000142 0.00000000 -1.00000000
vn -0.00000101 0.00000000 -1.00000000
vn -0.00000193 0.00000000 -1.00000000
vn 0.00000322 0.00000000 -1.00000000
vn 0.00000000 0.00000000 -1.00000000
vn -0.00000154 0.00000000 -1.00000000
vn 0.00000869 0.00000000 -1.00000000
vn 0.00000192 0.00000000 -1.00000000
vn 0.00001408 0.00000000 -1.00000000
vn -0.00000064 0.00000000 -1.00000000
vn -0.85773158 -0.27908149 0.43175229
vn -0.85780132 -0.27890360 0.43172869
vn 0.74972820 0.64599007 -0.14354290
vn -0.67252302 0.73579967 0.07944679
vn -0.66736072 0.73945981 0.08848083
vn -0.79705411 -0.48925629 0.35402420
vn -0.86859947 -0.46963501 0.15804391
vn -0.79444492 -0.49477419 0.35221571
vn -0.83632070 -0.51028889 0.20043179
vn -0.92941338 -0.08592098 0.35889879
vn -0.92937851 -0.08612382 0.35894060
vn -0.47724029 0.87591702 0.07079011
vn -0.46850291 0.88307571 0.02612370
vn -0.48392251 0.87508410 0.00686216
vn -0.95646071 0.12065260 0.26575530
vn -0.95667517 0.11601580 0.26704481
vn -0.95134419 -0.25945830 0.16620950
vn -0.89710718 -0.29599041 0.32800689
vn -0.89466792 -0.30592361 0.32554600
vn -0.92822319 -0.30704740 0.21005671
vn -0.25856489 0.96542972 0.03301048
vn -0.25933421 0.96534508 0.02923554
vn -0.26785621 0.96132022 -0.06415891
vn -0.24862050 0.96762812 -0.04340118
vn -0.98587197 -0.03580570 0.16362870
vn -0.97220987 -0.09454679 0.21416999
vn 0.73172051 0.61511689 -0.29362631
vn -0.95401019 -0.09078800 0.28569600
vn -0.95355600 -0.10122450 0.28369859
vn -0.93008381 0.33421201 0.15246850
vn -0.93273932 0.32538339 0.15531650
vn -0.02768355 0.99959868 -0.00600260
vn -0.03131675 0.99935907 -0.01733767
vn -0.96995437 0.19074400 0.15101419
vn -0.96692330 0.11420850 0.22806960
vn -0.96637821 0.11772590 0.22859091
vn -0.97014272 0.11739140 0.21223231
vn -0.04003733 0.99088299 -0.12863889
vn -0.02002197 0.99384499 -0.10895550
vn -0.84266227 0.53804320 0.02073431
vn -0.83333009 0.55256051 0.01542270
vn 0.20515810 0.97739178 -0.05114209
vn 0.20193981 0.97762030 -0.05898469
vn -0.90329373 0.40835270 0.13156199
vn -0.92065370 0.33011910 0.20837060
vn -0.92899340 0.33498371 0.15734489
vn -0.93086278 0.33014780 0.15651520
vn 0.18904860 0.96406817 -0.18663630
vn 0.20768140 0.96374393 -0.16752949
vn -0.68808228 0.71610242 -0.11721890
vn -0.66950518 0.73231441 -0.12441300
vn 0.42802191 0.89890498 -0.09363335
vn 0.42406321 0.89994961 -0.10129800
vn 0.61941493 0.74902809 -0.23512159
vn 0.61165529 0.77978998 -0.13343750
vn -0.78857863 0.60539788 0.10787550
vn -0.81621468 0.54463589 0.19278280
vn -0.82467711 0.56148660 0.06812220
vn -0.83589268 0.54511940 0.06425309
vn 0.40761861 0.88313287 -0.23221400
vn 0.60241050 0.75640363 -0.25486320
vn 0.42104709 0.88035172 -0.21840359
vn 0.34188840 0.76942730 -0.53953117
vn 0.56142873 0.71559149 -0.41560400
vn -0.49006960 0.83764380 -0.24121520
vn -0.46471900 0.84999913 -0.24806800
vn -0.63221163 0.77113169 0.07526284
vn -0.66157663 0.73367268 0.15505120
vn -0.65869200 0.75182009 -0.02985930
vn -0.68233663 0.73014581 -0.03611004
vn -0.24511839 0.90510720 -0.34741619
vn -0.27468291 0.89861047 -0.34212360
vn -0.44255039 0.89606708 0.03482675
vn -0.45417699 0.88215792 -0.12458300
vn -0.48753661 0.86293840 -0.13283651
vn -0.46836120 0.87706310 0.10676190
vn -0.05693930 0.90653521 -0.41827279
vn -0.03091627 0.90662611 -0.42080060
vn -0.23017530 0.97297192 -0.01858139
vn -0.25215021 0.96629632 0.05188095
vn -0.23306911 0.95022678 -0.20675559
vn -0.27191520 0.93752271 -0.21705630
vn 0.17637700 0.86421227 -0.47119871
vn 0.15553750 0.86818850 -0.47122911
vn 0.38487920 0.77544510 -0.50055271
vn -0.00726735 0.99660307 -0.08203381
vn -0.01408380 0.96168882 -0.27378169
vn -0.04883641 0.95747161 -0.28436470
vn -0.02434998 0.99966049 -0.00927275
vn 0.55946130 0.70750391 -0.43178850
vn 0.52561331 0.66225922 -0.53398830
vn 0.37034959 0.78817582 -0.49154881
vn 0.42335060 0.89380097 -0.14796610
vn 0.21400480 0.96965158 -0.11822800
vn 0.20098150 0.92444128 -0.32405990
vn 0.20695990 0.97655672 -0.05920046
vn 0.17300630 0.92595881 -0.33566251
vn 0.38461220 0.84745461 -0.36591569
vn 0.60766453 0.76757318 -0.20390040
vn 0.59067529 0.75648278 -0.28077871
vn 0.61319792 0.69268823 -0.37969920
vn 0.42235231 0.89344782 -0.15287170
vn 0.40116900 0.84320259 -0.35787269
vn 0.61713141 0.77856231 -0.11397160
vn 0.76773620 0.59017187 -0.24955620
vn 0.83313489 0.52255380 -0.18117370
vn 0.75866801 0.59196258 -0.27203530
vn 0.77139318 0.56887132 -0.28519851
vn 0.73250848 0.54077423 -0.41351521
vn 0.90667439 0.37382421 -0.19544099
vn 0.90691561 0.37348610 -0.19496770
vn 0.75447291 0.30231389 -0.58256078
vn 0.88432783 0.36654061 -0.28915781
vn 0.88440460 0.36645830 -0.28902739
vn 0.95799541 0.19972689 -0.20580110
vn 0.95784432 0.20004430 -0.20619559
vn 0.93930578 0.19608609 -0.28152251
vn 0.93818992 0.19782820 -0.28401381
vn 0.97720790 0.02426177 -0.21089360
vn 0.96621209 -0.15125760 -0.20869911
vn 0.97746563 0.02335339 -0.20979910
vn 0.96365738 0.02309358 -0.26614109
vn 0.96273649 0.02519690 -0.26926491
vn 0.92755067 -0.31936410 -0.19405280
vn 0.96356952 -0.15743180 -0.21621540
vn 0.95723611 -0.15730050 -0.24280810
vn 0.95693523 -0.15623850 -0.24467219
vn 0.90438968 -0.35460830 -0.23734380
vn 0.86389941 -0.47732779 -0.16073629
vn 0.91111070 -0.35557050 -0.20843920
vn 0.91129911 -0.35663220 -0.20578520
vn 0.70749259 0.62918031 -0.32184851
vn 0.80635720 0.46522170 -0.36518100
vn 0.73036289 0.54200721 -0.41569030
vn 0.69483852 0.50748718 -0.50956470
vn 0.65907872 -0.73771620 -0.14625360
vn 0.76933903 -0.61558563 -0.17079820
vn 0.78405422 -0.57044601 -0.24464349
vn 0.86773318 0.36833131 -0.33372310
vn 0.89114487 0.29471549 -0.34496871
vn 0.84799951 0.35228959 -0.39596590
vn 0.77878457 0.41862461 -0.46717021
vn 0.80163902 -0.58082747 -0.14147221
vn 0.80134779 -0.57545638 -0.16337590
vn 0.90021932 0.18323991 -0.39500460
vn 0.93119162 0.20519049 -0.30129570
vn 0.95138049 0.08394873 -0.29635760
vn 0.89990681 0.18394600 -0.39538780
vn 0.56904697 -0.77615660 -0.27160019
vn 0.39233261 -0.91571307 -0.08686059
vn 0.53174430 -0.83793157 -0.12295860
vn 0.94362539 0.01967030 -0.33043051
vn 0.94384933 0.01871842 -0.32984599
vn 0.96415311 0.03132808 -0.26349109
vn 0.59960270 -0.79910052 -0.04376333
vn 0.60033172 -0.79236132 -0.10846950
vn 0.95590711 -0.16199119 -0.24495021
vn 0.95581532 -0.15649439 -0.24885090
vn 0.29073319 -0.92021108 -0.26207989
vn 0.23726580 -0.97111893 -0.02516162
vn 0.32405880 -0.94537979 -0.03525406
vn 0.31990731 -0.94420707 0.07831054
vn 0.03511303 -0.99119508 0.12766901
vn 0.05346024 -0.99698102 -0.05631166
vn 0.92475158 -0.35326111 -0.14156720
vn 0.92248207 -0.36216679 -0.13364950
vn 0.05872714 -0.98489630 0.16288190
vn 0.06531101 -0.99612230 0.05894929
vn 0.97039151 -0.13925050 -0.19735681
vn 0.96363407 -0.14080690 -0.22711860
vn 0.96403080 -0.15690090 -0.21453831
vn -0.17098510 -0.98150182 -0.08613032
vn -0.33944210 -0.93194711 0.12749000
vn -0.17196301 -0.98510122 -0.00209230
vn 0.82158822 -0.57008028 0.00115818
vn 0.81196779 -0.58344120 0.01746088
vn -0.33074901 -0.90994322 0.25021690
vn -0.15406230 -0.96248841 0.22334000
vn -0.14990520 -0.98067123 0.12574770
vn 0.91794670 -0.35824731 -0.17039029
vn 0.92097622 -0.36330330 -0.14076100
vn 0.81747431 -0.55975461 -0.13568529
vn 0.91818660 -0.35815090 -0.16929720
vn 0.92225921 -0.35812959 -0.14553790
vn -0.33928591 -0.91375202 0.22347830
vn -0.50045383 -0.81002623 0.30562001
vn 0.61714017 -0.76800501 0.17119060
vn 0.59753799 -0.77816451 0.19341280
vn 0.66699392 -0.72631180 -0.16610350
vn 0.80376971 -0.59365982 -0.03901958
vn 0.81615192 -0.57701492 -0.03082227
vn 0.81393868 -0.57811821 -0.05729937
vn -0.50833559 -0.81592852 0.27541941
vn -0.67198122 -0.66774923 0.32023799
vn 0.31041250 -0.88409388 0.34931669
vn 0.33770761 -0.88240492 0.32758990
vn -0.67722392 -0.67135990 0.30107090
vn 0.61312997 -0.78291970 0.10539710
vn 0.48965821 -0.86353803 -0.12056950
vn 0.58761168 -0.80495960 0.08217442
vn 0.61171621 -0.78932142 0.05267888
vn 0.06254243 -0.89613402 0.43935439
vn 0.08808511 -0.90078223 0.42524421
vn -0.81121129 -0.49612209 0.30951440
vn -0.80713612 -0.49285591 0.32499921
vn 0.28516939 -0.95845908 -0.00589257
vn 0.29855469 -0.93440008 0.19432370
vn 0.32959291 -0.94073761 0.07988327
vn 0.33410689 -0.92818612 0.16383900
vn -0.11088280 -0.87085861 0.47886369
vn -0.13176399 -0.86290932 0.48787901
vn -0.90297258 -0.29967520 0.30795351
vn -0.89931339 -0.29727951 0.32071871
vn -0.29245350 -0.80728912 0.51259661
vn -0.27695641 -0.81570309 0.50786197
vn 0.06257367 -0.99738181 0.03625392
vn 0.05834352 -0.99784988 0.02986186
vn 0.04370248 -0.96294761 0.26612419
vn 0.07691049 -0.96608412 0.24650830
vn -0.95051593 -0.09199440 0.29674339
vn -0.95299810 -0.09365200 0.28813881
vn -0.43921161 -0.73235661 0.52033359
vn -0.44870871 -0.72473532 0.52289522
vn -0.16296160 -0.98450071 0.06482303
vn -0.15962380 -0.93675339 0.31146961
vn -0.13334870 -0.94525212 0.29785350
vn -0.15943100 -0.98478550 0.06913363
vn -0.95943087 0.11569920 0.25711069
vn -0.96004170 0.11521750 0.25503919
vn -0.37992960 -0.92176759 0.07744741
vn -0.34455809 -0.93254608 0.10787740
vn -0.31141350 -0.89037091 0.33205640
vn -0.32899770 -0.88117480 0.33954611
vn -0.60562497 -0.60798019 0.51339912
vn -0.61001402 -0.60301602 0.51405722
vn -0.92127413 0.32826900 0.20855141
vn -0.92133743 0.32821941 0.20834970
vn -0.57609570 -0.80962843 0.11231950
vn -0.52133238 -0.83800560 0.16111860
vn -0.49291271 -0.79310519 0.35780060
vn -0.48454791 -0.80025411 0.35327989
vn -0.74746901 -0.45528159 0.48374450
vn -0.74868888 -0.45329630 0.48372251
vn -0.82588238 0.54478753 0.14534441
vn -0.82294339 0.54724032 0.15261850
vn -0.74154770 -0.65612853 0.14000900
vn -0.65830630 -0.65938842 0.36309761
vn -0.69828987 -0.69158441 0.18466830
vn -0.65734220 -0.66066098 0.36253050
f 1/1/1 2/2/1 3/3/1
f 1/4/2 4/5/2 2/6/2
f 5/7/3 6/8/3 7/9/3
f 8/10/4 3/11/4 9/12/4
f 8/13/1 1/14/1 3/15/1
f 10/16/5 7/17/5 11/18/5
f 12/19/6 9/20/6 13/21/6
f 10/22/7 5/23/7 7/24/7
f 12/25/4 8/26/4 9/27/4
f 14/28/8 11/29/8 15/30/8
f 16/31/9 13/32/9 17/33/9
f 14/34/5 10/35/5 11/36/5
f 16/37/10 12/38/10 13/39/10
f 18/40/11 15/41/11 19/42/11
f 20/43/12 17/44/12 21/45/12
f 18/46/13 14/47/13 15/48/13
f 20/49/14 16/50/14 17/51/14
f 22/52/15 21/53/15 6/54/15
f 22/55/16 20/56/16 21/57/16
f 23/58/17 19/59/17 24/60/17
f 23/61/18 18/62/18 19/63/18
f 5/64/19 22/65/19 6/66/19
f 25/67/20 24/68/20 26/69/20
f 25/70/21 23/71/21 24/72/21
f 27/73/22 26/74/22 28/75/22
f 27/76/23 25/77/23 26/78/23
f 29/79/24 28/80/24 30/81/24
f 29/82/25 27/83/25 28/84/25
f 31/85/26 30/86/26 32/87/26
f 31/88/27 29/89/27 30/90/27
f 33/91/28 32/92/28 34/93/28
f 33/94/29 31/95/29 32/96/29
f 35/97/30 34/98/30 36/99/30
f 35/100/31 33/101/31 34/102/31
f 37/103/32 35/104/32 36/105/32
f 37/106/33 36/107/33 38/108/33
f 39/109/33 37/110/33 38/111/33
f 39/112/34 38/113/34 40/114/34
f 41/115/35 39/116/35 40/117/35
f 41/118/36 40/119/36 42/120/36
f 43/121/37 42/122/37 44/123/37
f 43/124/36 41/125/36 42/126/36
f 45/127/38 44/128/38 46/129/38
f 45/130/39 43/131/39 44/132/39
f 47/133/40 46/134/40 48/135/40
f 47/136/38 45/137/38 46/138/38
f 49/139/41 48/140/41 50/141/41
f 49/142/40 47/143/40 48/144/40
f 51/145/42 50/146/42 52/147/42
f 51/148/43 49/149/43 50/150/43
f 4/151/44 52/152/44 2/153/44
f 4/154/45 51/155/45 52/156/45
f 37/157/46 53/158/46 54/159/46
f 39/160/47 53/161/47 37/162/47
f 55/163/48 56/164/48 8/165/48
f 8/166/49 56/167/49 1/168/49
f 39/169/50 57/170/50 53/171/50
f 58/172/51 18/173/51 59/174/51
f 59/175/52 23/176/52 60/177/52
f 18/178/53 23/179/53 59/180/53
f 61/181/54 14/182/54 58/183/54
f 58/184/55 14/185/55 18/186/55
f 60/187/56 25/188/56 62/189/56
f 56/190/57 63/191/57 1/192/57
f 23/193/58 25/194/58 60/195/58
f 39/196/59 64/197/59 57/198/59
f 65/199/60 10/200/60 61/201/60
f 61/202/61 10/203/61 14/204/61
f 41/205/62 64/206/62 39/207/62
f 1/208/63 66/209/63 4/210/63
f 62/211/64 27/212/64 67/213/64
f 63/214/65 66/215/65 1/216/65
f 25/217/66 27/218/66 62/219/66
f 43/220/67 68/221/67 41/222/67
f 41/223/68 68/224/68 64/225/68
f 69/226/69 5/227/69 65/228/69
f 65/229/70 5/230/70 10/231/70
f 66/232/71 70/233/71 4/234/71
f 4/235/72 70/236/72 51/237/72
f 67/238/73 29/239/73 71/240/73
f 43/241/74 72/242/74 68/243/74
f 45/244/75 72/245/75 43/246/75
f 27/247/76 29/248/76 67/249/76
f 51/250/77 73/251/77 49/252/77
f 74/253/78 22/254/78 69/255/78
f 70/256/79 73/257/79 51/258/79
f 69/259/80 22/260/80 5/261/80
f 47/262/81 75/263/81 45/264/81
f 45/265/82 75/266/82 72/267/82
f 49/268/83 76/269/83 47/270/83
f 73/271/84 76/272/84 49/273/84
f 71/274/85 31/275/85 77/276/85
f 47/277/86 76/278/86 75/279/86
f 29/280/87 31/281/87 71/282/87
f 78/283/88 20/284/88 74/285/88
f 74/286/89 20/287/89 22/288/89
f 77/289/90 33/290/90 79/291/90
f 31/292/91 33/293/91 77/294/91
f 78/295/92 16/296/92 20/297/92
f 78/298/93 80/299/93 16/300/93
f 33/301/94 35/302/94 79/303/94
f 35/304/95 54/305/95 79/306/95
f 80/307/96 12/308/96 16/309/96
f 35/310/97 37/311/97 54/312/97
f 80/313/98 55/314/98 12/315/98
f 55/316/99 8/317/99 12/318/99
f 15/319/100 81/320/100 82/321/100
f 15/322/101 82/323/101 83/324/101
f 15/325/102 83/326/102 84/327/102
f 19/328/100 15/329/100 84/330/100
f 19/331/103 84/332/103 85/333/103
f 19/334/100 85/335/100 86/336/100
f 19/337/104 86/338/104 87/339/104
f 11/340/105 88/341/105 89/342/105
f 11/343/100 89/344/100 90/345/100
f 11/346/106 90/347/106 91/348/106
f 11/349/100 91/350/100 81/351/100
f 11/352/107 81/353/107 15/354/107
f 24/355/108 87/356/108 92/357/108
f 24/358/100 92/359/100 93/360/100
f 24/361/109 93/362/109 94/363/109
f 24/364/110 94/365/110 95/366/110
f 24/367/100 19/368/100 87/369/100
f 7/370/111 96/371/111 97/372/111
f 7/373/100 97/374/100 88/375/100
f 7/376/100 88/377/100 11/378/100
f 26/379/100 24/380/100 95/381/100
f 26/382/100 95/383/100 98/384/100
f 26/385/112 98/386/112 99/387/112
f 6/388/100 100/389/100 101/390/100
f 6/391/100 101/392/100 102/393/100
f 6/394/113 102/395/113 103/396/113
f 6/397/100 103/398/100 96/399/100
f 6/400/114 96/401/114 7/402/114
f 28/403/115 99/404/115 104/405/115
f 28/406/116 104/407/116 105/408/116
f 28/409/100 26/410/100 99/411/100
f 21/412/117 106/413/117 107/414/117
f 21/415/100 107/416/100 108/417/100
f 21/418/118 108/419/118 100/420/118
f 21/421/100 100/422/100 6/423/100
f 30/424/119 105/425/119 109/426/119
f 30/427/100 109/428/100 110/429/100
f 30/430/120 110/431/120 111/432/120
f 30/433/100 28/434/100 105/435/100
f 17/436/121 112/437/121 113/438/121
f 17/439/122 113/440/122 114/441/122
f 17/442/123 114/443/123 106/444/123
f 17/445/100 106/446/100 21/447/100
f 32/448/124 111/449/124 115/450/124
f 32/451/125 115/452/125 116/453/125
f 32/454/100 30/455/100 111/456/100
f 117/457/126 32/458/126 116/459/126
f 13/460/127 118/461/127 112/462/127
f 13/463/100 112/464/100 17/465/100
f 119/466/100 118/467/100 13/468/100
f 120/469/100 119/470/100 13/471/100
f 34/472/128 32/473/128 117/474/128
f 34/475/129 117/476/129 121/477/129
f 122/478/100 34/479/100 121/480/100
f 9/481/100 120/482/100 13/483/100
f 123/484/100 34/485/100 122/486/100
f 123/487/130 36/488/130 34/489/130
f 124/490/100 36/491/100 123/492/100
f 125/493/131 120/494/131 9/495/131
f 126/496/100 125/497/100 9/498/100
f 127/499/132 126/500/132 9/501/132
f 127/502/100 9/503/100 3/504/100
f 128/505/100 36/506/100 124/507/100
f 129/508/133 36/509/133 128/510/133
f 130/511/100 127/512/100 3/513/100
f 131/514/100 130/515/100 3/516/100
f 132/517/100 36/518/100 129/519/100
f 132/520/134 38/521/134 36/522/134
f 133/523/135 38/524/135 132/525/135
f 134/526/100 131/527/100 3/528/100
f 134/529/136 3/530/136 2/531/136
f 135/532/100 38/533/100 133/534/100
f 136/535/100 134/536/100 2/537/100
f 137/538/100 38/539/100 135/540/100
f 137/541/137 40/542/137 38/543/137
f 138/544/100 136/545/100 2/546/100
f 138/547/138 2/548/138 52/549/138
f 139/550/100 40/551/100 137/552/100
f 140/553/139 40/554/139 139/555/139
f 141/556/100 138/557/100 52/558/100
f 142/559/140 40/560/140 140/561/140
f 142/562/100 42/563/100 40/564/100
f 143/565/100 141/566/100 52/567/100
f 143/568/141 52/569/141 50/570/141
f 144/571/142 42/572/142 142/573/142
f 145/574/143 42/575/143 144/576/143
f 146/577/100 143/578/100 50/579/100
f 147/580/144 42/581/144 145/582/144
f 148/583/100 146/584/100 50/585/100
f 149/586/100 42/587/100 147/588/100
f 149/589/100 44/590/100 42/591/100
f 150/592/100 44/593/100 149/594/100
f 151/595/100 148/596/100 50/597/100
f 151/598/100 50/599/100 48/600/100
f 152/601/100 151/602/100 48/603/100
f 153/604/145 44/605/145 150/606/145
f 154/607/146 48/608/146 46/609/146
f 154/610/100 152/611/100 48/612/100
f 155/613/100 46/614/100 44/615/100
f 155/616/100 44/617/100 153/618/100
f 156/619/147 46/620/147 155/621/147
f 157/622/100 154/623/100 46/624/100
f 157/625/100 46/626/100 156/627/100
f 158/628/148 159/629/148 160/630/148
f 160/631/149 159/632/149 161/633/149
f 161/634/149 159/635/149 162/636/149
f 162/637/149 159/638/149 163/639/149
f 159/640/150 164/641/150 163/642/150
f 163/643/149 164/644/149 165/645/149
f 165/646/149 164/647/149 166/648/149
f 166/649/151 164/650/151 167/651/151
f 168/652/149 169/653/149 170/654/149
f 170/655/149 169/656/149 171/657/149
f 171/658/149 169/659/149 158/660/149
f 158/661/149 169/662/149 159/663/149
f 164/664/149 172/665/149 167/666/149
f 167/667/149 172/668/149 173/669/149
f 173/670/152 172/671/152 174/672/152
f 175/673/153 176/674/153 177/675/153
f 177/676/149 176/677/149 178/678/149
f 178/679/149 176/680/149 168/681/149
f 168/682/154 176/683/154 169/684/154
f 174/685/149 179/686/149 180/687/149
f 180/688/149 179/689/149 181/690/149
f 181/691/149 179/692/149 182/693/149
f 172/694/155 179/695/155 174/696/155
f 175/697/149 183/698/149 176/699/149
f 184/700/149 183/701/149 185/702/149
f 185/703/149 183/704/149 186/705/149
f 186/706/156 183/707/156 175/708/156
f 182/709/149 187/710/149 188/711/149
f 188/712/149 187/713/149 189/714/149
f 189/715/149 187/716/149 190/717/149
f 179/718/149 187/719/149 182/720/149
f 191/721/149 192/722/149 193/723/149
f 193/724/157 192/725/157 194/726/157
f 194/727/158 192/728/158 184/729/158
f 184/730/159 192/731/159 183/732/159
f 187/733/149 195/734/149 190/735/149
f 190/736/160 195/737/160 196/738/160
f 196/739/161 195/740/161 197/741/161
f 197/742/162 195/743/162 198/744/162
f 199/745/149 200/746/149 201/747/149
f 201/748/149 200/749/149 191/750/149
f 191/751/163 200/752/163 192/753/163
f 195/754/149 202/755/149 198/756/149
f 198/757/149 202/758/149 203/759/149
f 203/760/149 202/761/149 204/762/149
f 204/763/149 202/764/149 205/765/149
f 206/766/149 207/767/149 199/768/149
f 199/769/149 207/770/149 200/771/149
f 206/772/164 208/773/164 207/774/164
f 208/775/149 209/776/149 207/777/149
f 205/778/149 210/779/149 211/780/149
f 202/781/149 210/782/149 205/783/149
f 210/784/165 212/785/165 211/786/165
f 209/787/149 213/788/149 207/789/149
f 209/790/149 214/791/149 213/792/149
f 210/793/166 215/794/166 212/795/166
f 210/796/167 216/797/167 215/798/167
f 214/799/149 217/800/149 213/801/149
f 216/802/168 218/803/168 215/804/168
f 216/805/149 219/806/149 218/807/149
f 217/808/149 220/809/149 213/810/149
f 213/811/149 220/812/149 221/813/149
f 220/814/149 222/815/149 221/816/149
f 222/817/169 223/818/169 221/819/169
f 216/820/170 224/821/170 219/822/170
f 225/823/171 224/824/171 216/825/171
f 225/826/172 226/827/172 224/828/172
f 223/829/149 227/830/149 221/831/149
f 221/832/149 227/833/149 228/834/149
f 225/835/173 229/836/173 226/837/173
f 227/838/149 230/839/149 228/840/149
f 225/841/149 231/842/149 229/843/149
f 225/844/174 232/845/174 231/846/174
f 233/847/175 232/848/175 225/849/175
f 230/850/149 234/851/149 228/852/149
f 233/853/149 235/854/149 232/855/149
f 233/856/149 236/857/149 235/858/149
f 234/859/149 237/860/149 228/861/149
f 228/862/176 237/863/176 238/864/176
f 237/865/177 239/866/177 238/867/177
f 233/868/149 240/869/149 236/870/149
f 241/871/149 240/872/149 233/873/149
f 239/874/178 242/875/178 238/876/178
f 238/877/179 242/878/179 243/879/179
f 241/880/149 244/881/149 240/882/149
f 241/883/180 245/884/180 244/885/180
f 242/886/181 246/887/181 243/888/181
f 241/889/149 247/890/149 245/891/149
f 248/892/149 247/893/149 241/894/149
f 246/895/182 249/896/182 243/897/182
f 249/898/183 250/899/183 243/900/183
f 243/901/149 250/902/149 251/903/149
f 248/904/184 252/905/184 247/906/184
f 248/907/185 253/908/185 252/909/185
f 250/910/149 254/911/149 251/912/149
f 254/913/186 255/914/186 251/915/186
f 256/916/149 257/917/149 248/918/149
f 248/919/149 257/920/149 253/921/149
f 256/922/187 258/923/187 257/924/187
f 256/925/188 259/926/188 258/927/188
f 251/928/149 259/929/149 256/930/149
f 255/931/149 259/932/149 251/933/149
f 260/934/189 261/935/189 202/936/189
f 260/937/189 202/938/189 195/939/189
f 262/940/190 195/941/190 187/942/190
f 262/943/191 260/944/191 195/945/191
f 263/946/192 264/947/192 183/948/192
f 263/949/193 183/950/193 192/951/193
f 265/952/194 187/953/194 179/954/194
f 265/955/195 262/956/195 187/957/195
f 266/958/196 192/959/196 200/960/196
f 267/961/197 179/962/197 172/963/197
f 266/964/198 263/965/198 192/966/198
f 267/967/199 265/968/199 179/969/199
f 268/970/200 200/971/200 207/972/200
f 269/973/201 172/974/201 164/975/201
f 268/976/202 266/977/202 200/978/202
f 269/979/203 267/980/203 172/981/203
f 270/982/204 207/983/204 213/984/204
f 271/985/205 164/986/205 159/987/205
f 270/988/204 268/989/204 207/990/204
f 271/991/206 269/992/206 164/993/206
f 272/994/207 213/995/207 221/996/207
f 273/997/208 159/998/208 169/999/208
f 272/1000/209 270/1001/209 213/1002/209
f 273/1003/210 271/1004/210 159/1005/210
f 274/1006/211 169/1007/211 176/1008/211
f 274/1009/211 273/1010/211 169/1011/211
f 275/1012/212 221/1013/212 228/1014/212
f 264/1015/213 176/1016/213 183/1017/213
f 275/1018/214 272/1019/214 221/1020/214
f 264/1021/215 274/1022/215 176/1023/215
f 276/1024/216 228/1025/216 238/1026/216
f 276/1027/217 275/1028/217 228/1029/217
f 277/1030/218 238/1031/218 243/1032/218
f 277/1033/219 276/1034/219 238/1035/219
f 278/1036/220 243/1037/220 251/1038/220
f 278/1039/221 277/1040/221 243/1041/221
f 279/1042/222 251/1043/222 256/1044/222
f 279/1045/223 278/1046/223 251/1047/223
f 280/1048/224 279/1049/224 256/1050/224
f 280/1051/225 256/1052/225 248/1053/225
f 281/1054/226 280/1055/226 248/1056/226
f 281/1057/226 248/1058/226 241/1059/226
f 282/1060/227 281/1061/227 241/1062/227
f 282/1063/228 241/1064/228 233/1065/228
f 283/1066/229 282/1067/229 233/1068/229
f 283/1069/230 233/1070/230 225/1071/230
f 284/1072/231 283/1073/231 225/1074/231
f 284/1075/232 225/1076/232 216/1077/232
f 285/1078/233 284/1079/233 216/1080/233
f 285/1081/234 216/1082/234 210/1083/234
f 261/1084/235 285/1085/235 210/1086/235
f 261/1087/236 210/1088/236 202/1089/236
f 286/1090/237 284/1091/237 287/1092/237
f 286/1093/100 283/1094/100 284/1095/100
f 288/1096/238 289/1097/238 270/1098/238
f 288/1099/239 270/1100/239 272/1101/239
f 290/1102/100 283/1103/100 286/1104/100
f 271/1105/100 291/1106/100 292/1107/100
f 269/1108/240 292/1109/240 293/1110/240
f 269/1111/241 271/1112/241 292/1113/241
f 273/1114/100 294/1115/100 291/1116/100
f 273/1117/100 291/1118/100 271/1119/100
f 295/1120/242 288/1121/242 272/1122/242
f 267/1123/243 293/1124/243 296/1125/243
f 295/1126/244 272/1127/244 275/1128/244
f 297/1129/245 283/1130/245 290/1131/245
f 267/1132/100 269/1133/100 293/1134/100
f 297/1135/100 282/1136/100 283/1137/100
f 274/1138/100 298/1139/100 294/1140/100
f 274/1141/246 294/1142/246 273/1143/246
f 265/1144/247 296/1145/247 299/1146/247
f 300/1147/248 275/1148/248 276/1149/248
f 300/1150/100 295/1151/100 275/1152/100
f 265/1153/100 267/1154/100 296/1155/100
f 301/1156/100 281/1157/100 282/1158/100
f 301/1159/249 282/1160/249 297/1161/249
f 264/1162/100 302/1163/100 303/1164/100
f 264/1165/100 303/1166/100 298/1167/100
f 304/1168/250 280/1169/250 281/1170/250
f 264/1171/100 298/1172/100 274/1173/100
f 304/1174/251 281/1175/251 301/1176/251
f 262/1177/252 299/1178/252 305/1179/252
f 262/1180/253 265/1181/253 299/1182/253
f 306/1183/254 276/1184/254 277/1185/254
f 306/1186/100 300/1187/100 276/1188/100
f 263/1189/255 307/1190/255 302/1191/255
f 308/1192/256 280/1193/256 304/1194/256
f 263/1195/100 302/1196/100 264/1197/100
f 309/1198/100 306/1199/100 277/1200/100
f 309/1201/257 277/1202/257 278/1203/257
f 310/1204/258 280/1205/258 308/1206/258
f 260/1207/259 305/1208/259 311/1209/259
f 310/1210/100 279/1211/100 280/1212/100
f 260/1213/260 311/1214/260 312/1215/260
f 260/1216/100 262/1217/100 305/1218/100
f 266/1219/100 307/1220/100 263/1221/100
f 313/1222/261 278/1223/261 279/1224/261
f 313/1225/100 309/1226/100 278/1227/100
f 313/1228/262 279/1229/262 310/1230/262
f 261/1231/263 312/1232/263 314/1233/263
f 261/1234/100 260/1235/100 312/1236/100
f 315/1237/100 307/1238/100 266/1239/100
f 268/1240/100 315/1241/100 266/1242/100
f 285/1243/264 261/1244/264 314/1245/264
f 285/1246/265 314/1247/265 316/1248/265
f 289/1249/100 315/1250/100 268/1251/100
f 289/1252/100 268/1253/100 270/1254/100
f 287/1255/100 285/1256/100 316/1257/100
f 287/1258/266 284/1259/266 285/1260/266
f 317/1261/267 259/1262/267 255/1263/267
f 318/1264/268 255/1265/268 254/1266/268
f 318/1267/269 254/1268/269 250/1269/269
f 318/1270/270 250/1271/270 249/1272/270
f 318/1273/271 317/1274/271 255/1275/271
f 319/1276/272 249/1277/272 246/1278/272
f 319/1279/273 246/1280/273 242/1281/273
f 319/1282/274 318/1283/274 249/1284/274
f 320/1285/275 242/1286/275 239/1287/275
f 320/1288/276 239/1289/276 237/1290/276
f 320/1291/277 237/1292/277 234/1293/277
f 320/1294/278 319/1295/278 242/1296/278
f 321/1297/279 234/1298/279 230/1299/279
f 321/1300/280 230/1301/280 227/1302/280
f 321/1303/281 320/1304/281 234/1305/281
f 322/1306/282 227/1307/282 223/1308/282
f 322/1309/283 223/1310/283 222/1311/283
f 322/1312/284 222/1313/284 220/1314/284
f 322/1315/285 321/1316/285 227/1317/285
f 323/1318/286 220/1319/286 217/1320/286
f 323/1321/287 217/1322/287 214/1323/287
f 323/1324/288 322/1325/288 220/1326/288
f 324/1327/289 214/1328/289 209/1329/289
f 324/1330/290 209/1331/290 208/1332/290
f 324/1333/291 208/1334/291 206/1335/291
f 324/1336/292 323/1337/292 214/1338/292
f 325/1339/293 206/1340/293 199/1341/293
f 325/1342/294 199/1343/294 201/1344/294
f 325/1345/295 201/1346/295 191/1347/295
f 325/1348/296 324/1349/296 206/1350/296
f 326/1351/297 191/1352/297 193/1353/297
f 326/1354/298 193/1355/298 194/1356/298
f 326/1357/299 194/1358/299 184/1359/299
f 326/1360/300 325/1361/300 191/1362/300
f 327/1363/301 184/1364/301 185/1365/301
f 327/1366/302 185/1367/302 186/1368/302
f 327/1369/303 186/1370/303 175/1371/303
f 327/1372/304 326/1373/304 184/1374/304
f 328/1375/305 175/1376/305 177/1377/305
f 328/1378/306 177/1379/306 178/1380/306
f 328/1381/307 327/1382/307 175/1383/307
f 329/1384/308 178/1385/308 168/1386/308
f 329/1387/309 168/1388/309 170/1389/309
f 329/1390/310 170/1391/310 171/1392/310
f 329/1393/311 328/1394/311 178/1395/311
f 330/1396/312 171/1397/312 158/1398/312
f 330/1399/313 158/1400/313 160/1401/313
f 330/1402/314 160/1403/314 161/1404/314
f 330/1405/315 329/1406/315 171/1407/315
f 331/1408/316 330/1409/316 161/1410/316
f 331/1411/317 161/1412/317 162/1413/317
f 331/1414/318 162/1415/318 163/1416/318
f 332/1417/319 331/1418/319 163/1419/319
f 332/1420/320 163/1421/320 165/1422/320
f 332/1423/321 165/1424/321 166/1425/321
f 332/1426/322 166/1427/322 167/1428/322
f 333/1429/323 332/1430/323 167/1431/323
f 333/1432/324 167/1433/324 173/1434/324
f 333/1435/325 173/1436/325 174/1437/325
f 333/1438/326 174/1439/326 180/1440/326
f 334/1441/327 333/1442/327 180/1443/327
f 334/1444/328 180/1445/328 181/1446/328
f 334/1447/329 181/1448/329 182/1449/329
f 335/1450/330 334/1451/330 182/1452/330
f 335/1453/331 182/1454/331 188/1455/331
f 335/1456/332 188/1457/332 189/1458/332
f 336/1459/333 189/1460/333 190/1461/333
f 336/1462/334 335/1463/334 189/1464/334
f 336/1465/335 190/1466/335 196/1467/335
f 337/1468/336 336/1469/336 196/1470/336
f 337/1471/337 196/1472/337 197/1473/337
f 337/1474/338 197/1475/338 198/1476/338
f 337/1477/339 198/1478/339 203/1479/339
f 338/1480/340 203/1481/340 204/1482/340
f 338/1483/341 204/1484/341 205/1485/341
f 338/1486/342 337/1487/342 203/1488/342
f 339/1489/343 205/1490/343 211/1491/343
f 339/1492/344 211/1493/344 212/1494/344
f 339/1495/345 212/1496/345 215/1497/345
f 339/1498/346 338/1499/346 205/1500/346
f 340/1501/347 215/1502/347 218/1503/347
f 340/1504/348 218/1505/348 219/1506/348
f 340/1507/349 339/1508/349 215/1509/349
f 341/1510/350 219/1511/350 224/1512/350
f 341/1513/351 224/1514/351 226/1515/351
f 341/1516/352 226/1517/352 229/1518/352
f 341/1519/353 340/1520/353 219/1521/353
f 342/1522/354 229/1523/354 231/1524/354
f 342/1525/355 231/1526/355 232/1527/355
f 342/1528/356 232/1529/356 235/1530/356
f 342/1531/357 341/1532/357 229/1533/357
f 343/1534/358 235/1535/358 236/1536/358
f 343/1537/359 236/1538/359 240/1539/359
f 343/1540/360 342/1541/360 235/1542/360
f 344/1543/361 343/1544/361 240/1545/361
f 344/1546/362 240/1547/362 244/1548/362
f 344/1549/363 244/1550/363 245/1551/363
f 344/1552/364 245/1553/364 247/1554/364
f 345/1555/365 344/1556/365 247/1557/365
f 345/1558/366 247/1559/366 252/1560/366
f 345/1561/367 252/1562/367 253/1563/367
f 346/1564/368 345/1565/368 253/1566/368
f 346/1567/369 253/1568/369 257/1569/369
f 346/1570/370 257/1571/370 258/1572/370
f 317/1573/371 346/1574/371 258/1575/371
f 317/1576/372 258/1577/372 259/1578/372
f 317/1579/100 338/1580/100 346/1581/100
f 346/1582/373 338/1583/373 339/1584/373
f 327/1585/100 332/1586/100 326/1587/100
f 328/1588/100 332/1589/100 327/1590/100
f 331/1591/100 332/1592/100 328/1593/100
f 318/1594/100 337/1595/100 317/1596/100
f 317/1597/374 337/1598/374 338/1599/374
f 323/1600/100 333/1601/100 322/1602/100
f 324/1603/100 333/1604/100 323/1605/100
f 325/1606/375 333/1607/375 324/1608/375
f 326/1609/100 333/1610/100 325/1611/100
f 332/1612/100 333/1613/100 326/1614/100
f 319/1615/376 336/1616/376 318/1617/376
f 318/1618/377 336/1619/377 337/1620/377
f 321/1621/378 334/1622/378 320/1623/378
f 322/1624/379 334/1625/379 321/1626/379
f 333/1627/380 334/1628/380 322/1629/380
f 320/1630/100 335/1631/100 319/1632/100
f 319/1633/381 335/1634/381 336/1635/381
f 334/1636/382 335/1637/382 320/1638/382
f 343/1639/383 341/1640/383 342/1641/383
f 344/1642/384 341/1643/384 343/1644/384
f 345/1645/100 340/1646/100 344/1647/100
f 344/1648/385 340/1649/385 341/1650/385
f 346/1651/100 339/1652/100 345/1653/100
f 345/1654/100 339/1655/100 340/1656/100
f 329/1657/100 331/1658/100 328/1659/100
f 330/1660/386 331/1661/386 329/1662/386
f 347/1663/387 157/1664/387 156/1665/387
f 348/1666/388 155/1667/388 153/1668/388
f 348/1669/389 156/1670/389 155/1671/389
f 348/1672/390 347/1673/390 156/1674/390
f 349/1675/391 348/1676/391 153/1677/391
f 350/1678/392 153/1679/392 150/1680/392
f 350/1681/393 349/1682/393 153/1683/393
f 351/1684/394 150/1685/394 149/1686/394
f 351/1687/395 350/1688/395 150/1689/395
f 352/1690/396 147/1691/396 145/1692/396
f 352/1693/397 149/1694/397 147/1695/397
f 352/1696/398 351/1697/398 149/1698/398
f 353/1699/399 352/1700/399 145/1701/399
f 354/1702/400 145/1703/400 144/1704/400
f 354/1705/401 353/1706/401 145/1707/401
f 355/1708/402 144/1709/402 142/1710/402
f 355/1711/403 354/1712/403 144/1713/403
f 356/1714/404 355/1715/404 142/1716/404
f 356/1717/405 142/1718/405 140/1719/405
f 357/1720/406 356/1721/406 140/1722/406
f 357/1723/407 139/1724/407 137/1725/407
f 357/1726/408 140/1727/408 139/1728/408
f 358/1729/409 357/1730/409 137/1731/409
f 359/1732/410 358/1733/410 137/1734/410
f 359/1735/411 137/1736/411 135/1737/411
f 360/1738/412 133/1739/412 132/1740/412
f 360/1741/413 135/1742/413 133/1743/413
f 360/1744/414 359/1745/414 135/1746/414
f 361/1747/415 360/1748/415 132/1749/415
f 362/1750/416 129/1751/416 128/1752/416
f 362/1753/417 132/1754/417 129/1755/417
f 362/1756/418 361/1757/418 132/1758/418
f 363/1759/419 362/1760/419 128/1761/419
f 364/1762/420 128/1763/420 124/1764/420
f 364/1765/421 363/1766/421 128/1767/421
f 365/1768/422 123/1769/422 122/1770/422
f 365/1771/423 124/1772/423 123/1773/423
f 365/1774/424 364/1775/424 124/1776/424
f 366/1777/425 365/1778/425 122/1779/425
f 367/1780/426 121/1781/426 117/1782/426
f 367/1783/427 122/1784/427 121/1785/427
f 367/1786/428 366/1787/428 122/1788/428
f 368/1789/429 117/1790/429 116/1791/429
f 368/1792/430 367/1793/430 117/1794/430
f 369/1795/431 368/1796/431 116/1797/431
f 370/1798/432 115/1799/432 111/1800/432
f 370/1801/433 116/1802/433 115/1803/433
f 370/1804/434 369/1805/434 116/1806/434
f 371/1807/435 111/1808/435 110/1809/435
f 371/1810/436 370/1811/436 111/1812/436
f 372/1813/437 371/1814/437 110/1815/437
f 373/1816/438 110/1817/438 109/1818/438
f 373/1819/439 372/1820/439 110/1821/439
f 374/1822/440 109/1823/440 105/1824/440
f 374/1825/441 373/1826/441 109/1827/441
f 375/1828/442 105/1829/442 104/1830/442
f 375/1831/443 374/1832/443 105/1833/443
f 376/1834/444 104/1835/444 99/1836/444
f 376/1837/445 375/1838/445 104/1839/445
f 377/1840/446 99/1841/446 98/1842/446
f 377/1843/447 376/1844/447 99/1845/447
f 378/1846/448 377/1847/448 98/1848/448
f 379/1849/449 98/1850/449 95/1851/449
f 379/1852/450 378/1853/450 98/1854/450
f 380/1855/451 94/1856/451 93/1857/451
f 380/1858/452 95/1859/452 94/1860/452
f 380/1861/453 379/1862/453 95/1863/453
f 381/1864/454 93/1865/454 92/1866/454
f 381/1867/455 380/1868/455 93/1869/455
f 382/1870/456 381/1871/456 92/1872/456
f 382/1873/457 92/1874/457 87/1875/457
f 383/1876/458 382/1877/458 87/1878/458
f 383/1879/459 87/1880/459 86/1881/459
f 384/1882/460 383/1883/460 86/1884/460
f 384/1885/461 86/1886/461 85/1887/461
f 385/1888/462 384/1889/462 85/1890/462
f 385/1891/463 85/1892/463 84/1893/463
f 386/1894/464 385/1895/464 84/1896/464
f 386/1897/465 83/1898/465 82/1899/465
f 386/1900/466 84/1901/466 83/1902/466
f 387/1903/467 386/1904/467 82/1905/467
f 387/1906/468 82/1907/468 81/1908/468
f 388/1909/469 387/1910/469 81/1911/469
f 389/1912/470 388/1913/470 81/1914/470
f 389/1915/471 91/1916/471 90/1917/471
f 389/1918/472 81/1919/472 91/1920/472
f 390/1921/473 389/1922/473 90/1923/473
f 390/1924/474 90/1925/474 89/1926/474
f 391/1927/475 390/1928/475 89/1929/475
f 391/1930/476 89/1931/476 88/1932/476
f 392/1933/477 391/1934/477 88/1935/477
f 392/1936/478 88/1937/478 97/1938/478
f 393/1939/479 97/1940/479 96/1941/479
f 393/1942/480 392/1943/480 97/1944/480
f 394/1945/481 96/1946/481 103/1947/481
f 394/1948/482 393/1949/482 96/1950/482
f 395/1951/483 102/1952/483 101/1953/483
f 395/1954/484 103/1955/484 102/1956/484
f 395/1957/485 394/1958/485 103/1959/485
f 396/1960/486 395/1961/486 101/1962/486
f 397/1963/487 101/1964/487 100/1965/487
f 397/1966/488 396/1967/488 101/1968/488
f 398/1969/489 100/1970/489 108/1971/489
f 398/1972/490 397/1973/490 100/1974/490
f 399/1975/491 108/1976/491 107/1977/491
f 399/1978/492 398/1979/492 108/1980/492
f 400/1981/493 106/1982/493 114/1983/493
f 400/1984/494 107/1985/494 106/1986/494
f 400/1987/495 399/1988/495 107/1989/495
f 401/1990/496 400/1991/496 114/1992/496
f 402/1993/497 114/1994/497 113/1995/497
f 402/1996/498 401/1997/498 114/1998/498
f 403/1999/499 112/2000/499 118/2001/499
f 403/2002/500 113/2003/500 112/2004/500
f 403/2005/501 402/2006/501 113/2007/501
f 404/2008/502 403/2009/502 118/2010/502
f 405/2011/503 119/2012/503 120/2013/503
f 405/2014/504 118/2015/504 119/2016/504
f 405/2017/505 404/2018/505 118/2019/505
f 406/2020/506 120/2021/506 125/2022/506
f 406/2023/507 405/2024/507 120/2025/507
f 407/2026/508 406/2027/508 125/2028/508
f 408/2029/509 407/2030/509 125/2031/509
f 408/2032/510 126/2033/510 127/2034/510
f 408/2035/511 125/2036/511 126/2037/511
f 409/2038/512 408/2039/512 127/2040/512
f 409/2041/513 127/2042/513 130/2043/513
f 410/2044/514 409/2045/514 130/2046/514
f 411/2047/515 410/2048/515 130/2049/515
f 411/2050/516 131/2051/516 134/2052/516
f 411/2053/517 130/2054/517 131/2055/517
f 412/2056/518 411/2057/518 134/2058/518
f 413/2059/519 412/2060/519 134/2061/519
f 413/2062/520 134/2063/520 136/2064/520
f 414/2065/521 136/2066/521 138/2067/521
f 414/2068/522 413/2069/522 136/2070/522
f 415/2071/523 414/2072/523 138/2073/523
f 416/2074/524 138/2075/524 141/2076/524
f 416/2077/525 415/2078/525 138/2079/525
f 417/2080/526 416/2081/526 141/2082/526
f 417/2083/527 141/2084/527 143/2085/527
f 418/2086/528 417/2087/528 143/2088/528
f 419/2089/529 418/2090/529 143/2091/529
f 419/2092/530 143/2093/530 146/2094/530
f 420/2095/531 419/2096/531 146/2097/531
f 420/2098/532 148/2099/532 151/2100/532
f 420/2101/533 146/2102/533 148/2103/533
f 421/2104/534 420/2105/534 151/2106/534
f 421/2107/535 151/2108/535 152/2109/535
f 422/2110/536 421/2111/536 152/2112/536
f 422/2113/537 152/2114/537 154/2115/537
f 423/2116/538 422/2117/538 154/2118/538
f 424/2119/539 423/2120/539 154/2121/539
f 424/2122/540 154/2123/540 157/2124/540
f 347/2125/541 424/2126/541 157/2127/541
f 386/2128/542 413/2129/542 414/2130/542
f 360/2131/543 356/2132/543 357/2133/543
f 386/2134/149 387/2135/149 413/2136/149
f 360/2137/149 357/2138/149 359/2139/149
f 367/2140/544 349/2141/544 350/2142/544
f 392/2143/149 393/2144/149 408/2145/149
f 392/2146/545 408/2147/545 409/2148/545
f 367/2149/546 350/2150/546 366/2151/546
f 397/2152/547 398/2153/547 404/2154/547
f 385/2155/548 386/2156/548 414/2157/548
f 368/2158/549 348/2159/549 349/2160/549
f 361/2161/550 355/2162/550 356/2163/550
f 361/2164/149 356/2165/149 360/2166/149
f 368/2167/551 349/2168/551 367/2169/551
f 384/2170/149 385/2171/149 414/2172/149
f 396/2173/149 397/2174/149 404/2175/149
f 391/2176/552 409/2177/552 410/2178/552
f 396/2179/553 404/2180/553 405/2181/553
f 369/2182/149 348/2183/149 368/2184/149
f 369/2185/554 347/2186/554 348/2187/554
f 391/2188/149 392/2189/149 409/2190/149
f 370/2191/149 347/2192/149 369/2193/149
f 362/2194/555 354/2195/555 355/2196/555
f 362/2197/149 355/2198/149 361/2199/149
f 383/2200/149 384/2201/149 414/2202/149
f 383/2203/556 414/2204/556 415/2205/556
f 395/2206/557 396/2207/557 405/2208/557
f 390/2209/558 410/2210/558 411/2211/558
f 395/2212/559 405/2213/559 406/2214/559
f 395/2215/560 406/2216/560 407/2217/560
f 382/2218/561 383/2219/561 415/2220/561
f 381/2221/149 382/2222/149 415/2223/149
f 390/2224/149 391/2225/149 410/2226/149
f 381/2227/562 415/2228/562 416/2229/562
f 363/2230/149 354/2231/149 362/2232/149
f 400/2233/563 401/2234/563 402/2235/563
f 400/2236/564 402/2237/564 403/2238/564
f 371/2239/565 423/2240/565 424/2241/565
f 371/2242/566 424/2243/566 347/2244/566
f 371/2245/567 347/2246/567 370/2247/567
f 372/2248/149 423/2249/149 371/2250/149
f 389/2251/568 411/2252/568 412/2253/568
f 372/2254/569 422/2255/569 423/2256/569
f 373/2257/149 422/2258/149 372/2259/149
f 389/2260/149 390/2261/149 411/2262/149
f 373/2263/570 421/2264/570 422/2265/570
f 364/2266/571 352/2267/571 353/2268/571
f 364/2269/572 353/2270/572 354/2271/572
f 380/2272/149 381/2273/149 416/2274/149
f 379/2275/573 416/2276/573 417/2277/573
f 379/2278/149 380/2279/149 416/2280/149
f 364/2281/574 354/2282/574 363/2283/574
f 374/2284/575 421/2285/575 373/2286/575
f 374/2287/576 420/2288/576 421/2289/576
f 365/2290/577 351/2291/577 352/2292/577
f 359/2293/578 357/2294/578 358/2295/578
f 365/2296/149 352/2297/149 364/2298/149
f 399/2299/149 400/2300/149 403/2301/149
f 375/2302/149 420/2303/149 374/2304/149
f 375/2305/579 419/2306/579 420/2307/579
f 378/2308/149 379/2309/149 417/2310/149
f 394/2311/580 395/2312/580 407/2313/580
f 378/2314/581 417/2315/581 418/2316/581
f 388/2317/149 389/2318/149 412/2319/149
f 394/2320/582 407/2321/582 408/2322/582
f 377/2323/149 378/2324/149 418/2325/149
f 376/2326/583 419/2327/583 375/2328/583
f 376/2329/584 377/2330/584 418/2331/584
f 376/2332/585 418/2333/585 419/2334/585
f 387/2335/586 412/2336/586 413/2337/586
f 398/2338/587 399/2339/587 403/2340/587
f 393/2341/149 394/2342/149 408/2343/149
f 398/2344/588 403/2345/588 404/2346/588
f 387/2347/589 388/2348/589 412/2349/589
f 366/2350/590 350/2351/590 351/2352/590
f 366/2353/149 351/2354/149 365/2355/149
f 425/2356/591 426/2357/591 427/2358/591
f 425/2359/592 428/2360/592 426/2361/592
f 310/2362/593 429/2363/593 313/2364/593
f 430/2365/594 315/2366/594 289/2367/594
f 430/2368/595 431/2369/595 315/2370/595
f 432/2371/596 433/2372/596 434/2373/596
f 432/2374/597 61/2375/597 58/2376/597
f 432/2377/598 434/2378/598 428/2379/598
f 432/2380/599 58/2381/599 433/2382/599
f 435/2383/600 425/2384/600 427/2385/600
f 435/2386/601 427/2387/601 436/2388/601
f 437/2389/602 289/2390/602 288/2391/602
f 438/2392/603 430/2393/603 289/2394/603
f 438/2395/604 289/2396/604 437/2397/604
f 439/2398/605 435/2399/605 436/2400/605
f 439/2401/606 436/2402/606 440/2403/606
f 441/2404/607 65/2405/607 61/2406/607
f 441/2407/608 432/2408/608 428/2409/608
f 441/2410/609 428/2411/609 425/2412/609
f 441/2413/610 61/2414/610 432/2415/610
f 441/2416/611 425/2417/611 435/2418/611
f 442/2419/612 437/2420/612 288/2421/612
f 442/2422/613 288/2423/613 295/2424/613
f 443/2425/614 437/2426/614 442/2427/614
f 443/2428/615 438/2429/615 437/2430/615
f 444/2431/616 69/2432/616 65/2433/616
f 444/2434/617 65/2435/617 441/2436/617
f 75/2437/618 76/2438/618 445/2439/618
f 444/2440/619 441/2441/619 435/2442/619
f 446/2443/620 439/2444/620 440/2445/620
f 446/2446/621 440/2447/621 447/2448/621
f 448/2449/622 442/2450/622 295/2451/622
f 448/2452/623 295/2453/623 300/2454/623
f 449/2455/624 74/2456/624 69/2457/624
f 449/2458/625 435/2459/625 439/2460/625
f 449/2461/626 444/2462/626 435/2463/626
f 449/2464/627 69/2465/627 444/2466/627
f 450/2467/628 442/2468/628 448/2469/628
f 450/2470/629 443/2471/629 442/2472/629
f 451/2473/630 447/2474/630 431/2475/630
f 451/2476/631 446/2477/631 447/2478/631
f 452/2479/632 448/2480/632 300/2481/632
f 452/2482/633 300/2483/633 306/2484/633
f 453/2485/634 78/2486/634 74/2487/634
f 453/2488/635 74/2489/635 449/2490/635
f 453/2491/636 439/2492/636 446/2493/636
f 453/2494/637 449/2495/637 439/2496/637
f 453/2497/638 446/2498/638 451/2499/638
f 454/2500/639 448/2501/639 452/2502/639
f 454/2503/640 450/2504/640 448/2505/640
f 455/2506/641 431/2507/641 430/2508/641
f 455/2509/642 451/2510/642 431/2511/642
f 456/2512/643 452/2513/643 306/2514/643
f 456/2515/644 306/2516/644 309/2517/644
f 456/2518/645 429/2519/645 457/2520/645
f 456/2521/646 309/2522/646 429/2523/646
f 458/2524/647 80/2525/647 78/2526/647
f 458/2527/648 453/2528/648 451/2529/648
f 458/2530/649 78/2531/649 453/2532/649
f 459/2533/650 452/2534/650 456/2535/650
f 459/2536/651 456/2537/651 457/2538/651
f 459/2539/652 454/2540/652 452/2541/652
f 459/2542/653 460/2543/653 454/2544/653
f 459/2545/654 457/2546/654 460/2547/654
f 461/2548/655 430/2549/655 438/2550/655
f 461/2551/656 455/2552/656 430/2553/656
f 462/2554/657 55/2555/657 80/2556/657
f 462/2557/658 80/2558/658 458/2559/658
f 462/2560/659 451/2561/659 455/2562/659
f 462/2563/660 458/2564/660 451/2565/660
f 462/2566/661 455/2567/661 461/2568/661
f 463/2569/662 461/2570/662 438/2571/662
f 463/2572/663 438/2573/663 443/2574/663
f 464/2575/664 56/2576/664 55/2577/664
f 464/2578/665 462/2579/665 461/2580/665
f 464/2581/666 55/2582/666 462/2583/666
f 465/2584/667 443/2585/667 450/2586/667
f 465/2587/668 463/2588/668 443/2589/668
f 466/2590/669 63/2591/669 56/2592/669
f 466/2593/670 461/2594/670 463/2595/670
f 466/2596/671 464/2597/671 461/2598/671
f 466/2599/672 56/2600/672 464/2601/672
f 467/2602/673 465/2603/673 450/2604/673
f 467/2605/674 450/2606/674 454/2607/674
f 467/2608/675 454/2609/675 460/2610/675
f 468/2611/676 66/2612/676 63/2613/676
f 468/2614/677 63/2615/677 466/2616/677
f 468/2617/678 463/2618/678 465/2619/678
f 468/2620/679 466/2621/679 463/2622/679
f 469/2623/680 470/2624/680 445/2625/680
f 469/2626/681 460/2627/681 470/2628/681
f 469/2629/682 467/2630/682 460/2631/682
f 471/2632/683 73/2633/683 70/2634/683
f 471/2635/684 70/2636/684 66/2637/684
f 471/2638/685 465/2639/685 467/2640/685
f 471/2641/686 468/2642/686 465/2643/686
f 471/2644/687 66/2645/687 468/2646/687
f 472/2647/688 471/2648/688 467/2649/688
f 472/2650/689 76/2651/689 73/2652/689
f 472/2653/690 445/2654/690 76/2655/690
f 472/2656/691 469/2657/691 445/2658/691
f 472/2659/692 73/2660/692 471/2661/692
f 472/2662/693 467/2663/693 469/2664/693
f 429/2665/694 309/2666/694 313/2667/694
f 473/2668/695 457/2669/695 429/2670/695
f 473/2671/696 310/2672/696 308/2673/696
f 473/2674/697 429/2675/697 310/2676/697
f 474/2677/698 457/2678/698 473/2679/698
f 474/2680/699 460/2681/699 457/2682/699
f 475/2683/700 308/2684/700 304/2685/700
f 475/2686/701 473/2687/701 308/2688/701
f 476/2689/702 460/2690/702 474/2691/702
f 476/2692/703 474/2693/703 473/2694/703
f 476/2695/704 473/2696/704 475/2697/704
f 477/2698/705 475/2699/705 304/2700/705
f 477/2701/706 304/2702/706 301/2703/706
f 478/2704/707 475/2705/707 477/2706/707
f 478/2707/708 476/2708/708 475/2709/708
f 479/2710/709 477/2711/709 301/2712/709
f 479/2713/710 297/2714/710 290/2715/710
f 479/2716/711 301/2717/711 297/2718/711
f 480/2719/712 477/2720/712 479/2721/712
f 480/2722/713 478/2723/713 477/2724/713
f 481/2725/714 290/2726/714 286/2727/714
f 481/2728/715 479/2729/715 290/2730/715
f 482/2731/716 479/2732/716 481/2733/716
f 482/2734/717 480/2735/717 479/2736/717
f 483/2737/718 481/2738/718 286/2739/718
f 483/2740/719 286/2741/719 287/2742/719
f 484/2743/720 481/2744/720 483/2745/720
f 484/2746/721 482/2747/721 481/2748/721
f 485/2749/722 75/2750/722 445/2751/722
f 485/2752/723 72/2753/723 75/2754/723
f 485/2755/724 445/2756/724 470/2757/724
f 485/2758/725 470/2759/725 460/2760/725
f 486/2761/726 316/2762/726 314/2763/726
f 486/2764/727 287/2765/727 316/2766/727
f 486/2767/728 483/2768/728 287/2769/728
f 487/2770/729 72/2771/729 485/2772/729
f 487/2773/730 68/2774/730 72/2775/730
f 487/2776/731 485/2777/731 460/2778/731
f 487/2779/732 460/2780/732 476/2781/732
f 488/2782/733 484/2783/733 483/2784/733
f 488/2785/734 483/2786/734 486/2787/734
f 489/2788/735 476/2789/735 478/2790/735
f 489/2791/736 68/2792/736 487/2793/736
f 489/2794/737 64/2795/737 68/2796/737
f 489/2797/738 487/2798/738 476/2799/738
f 490/2800/739 486/2801/739 314/2802/739
f 490/2803/740 312/2804/740 311/2805/740
f 490/2806/741 314/2807/741 312/2808/741
f 491/2809/742 478/2810/742 480/2811/742
f 491/2812/743 489/2813/743 478/2814/743
f 491/2815/744 64/2816/744 489/2817/744
f 492/2818/745 488/2819/745 486/2820/745
f 492/2821/746 486/2822/746 490/2823/746
f 493/2824/747 491/2825/747 480/2826/747
f 493/2827/748 480/2828/748 482/2829/748
f 494/2830/749 490/2831/749 311/2832/749
f 494/2833/750 311/2834/750 305/2835/750
f 495/2836/751 490/2837/751 494/2838/751
f 495/2839/752 492/2840/752 490/2841/752
f 496/2842/753 305/2843/753 299/2844/753
f 496/2845/754 494/2846/754 305/2847/754
f 497/2848/755 482/2849/755 484/2850/755
f 497/2851/756 493/2852/756 482/2853/756
f 498/2854/757 495/2855/757 494/2856/757
f 498/2857/758 494/2858/758 496/2859/758
f 499/2860/759 57/2861/759 64/2862/759
f 499/2863/760 64/2864/760 491/2865/760
f 499/2866/761 491/2867/761 493/2868/761
f 500/2869/762 496/2870/762 299/2871/762
f 500/2872/763 296/2873/763 293/2874/763
f 500/2875/764 299/2876/764 296/2877/764
f 501/2878/765 484/2879/765 488/2880/765
f 501/2881/766 497/2882/766 484/2883/766
f 502/2884/767 500/2885/767 293/2886/767
f 502/2887/768 498/2888/768 496/2889/768
f 502/2890/769 496/2891/769 500/2892/769
f 503/2893/770 57/2894/770 499/2895/770
f 503/2896/771 493/2897/771 497/2898/771
f 503/2899/772 54/2900/772 53/2901/772
f 503/2902/773 53/2903/773 57/2904/773
f 503/2905/774 499/2906/774 493/2907/774
f 504/2908/775 502/2909/775 293/2910/775
f 504/2911/776 293/2912/776 292/2913/776
f 505/2914/777 488/2915/777 492/2916/777
f 505/2917/778 501/2918/778 488/2919/778
f 506/2920/779 79/2921/779 54/2922/779
f 506/2923/780 497/2924/780 501/2925/780
f 506/2926/781 54/2927/781 503/2928/781
f 506/2929/782 503/2930/782 497/2931/782
f 507/2932/783 504/2933/783 292/2934/783
f 507/2935/784 292/2936/784 291/2937/784
f 508/2938/785 505/2939/785 492/2940/785
f 508/2941/786 492/2942/786 495/2943/786
f 509/2944/787 507/2945/787 291/2946/787
f 510/2947/788 79/2948/788 506/2949/788
f 510/2950/789 77/2951/789 79/2952/789
f 510/2953/790 501/2954/790 505/2955/790
f 510/2956/791 506/2957/791 501/2958/791
f 511/2959/792 508/2960/792 495/2961/792
f 511/2962/793 495/2963/793 498/2964/793
f 426/2965/794 509/2966/794 291/2967/794
f 426/2968/795 291/2969/795 294/2970/795
f 512/2971/796 71/2972/796 77/2973/796
f 512/2974/797 508/2975/797 511/2976/797
f 512/2977/798 505/2978/798 508/2979/798
f 512/2980/799 77/2981/799 510/2982/799
f 512/2983/800 510/2984/800 505/2985/800
f 513/2986/801 498/2987/801 502/2988/801
f 513/2989/802 511/2990/802 498/2991/802
f 427/2992/803 426/2993/803 294/2994/803
f 427/2995/804 294/2996/804 298/2997/804
f 514/2998/805 513/2999/805 502/3000/805
f 514/3001/806 502/3002/806 504/3003/806
f 515/3004/807 67/3005/807 71/3006/807
f 515/3007/808 71/3008/808 512/3009/808
f 515/3010/809 512/3011/809 511/3012/809
f 436/3013/810 298/3014/810 303/3015/810
f 436/3016/811 427/3017/811 298/3018/811
f 516/3019/812 504/3020/812 507/3021/812
f 516/3022/813 514/3023/813 504/3024/813
f 517/3025/814 62/3026/814 67/3027/814
f 517/3028/815 511/3029/815 513/3030/815
f 517/3031/816 515/3032/816 511/3033/816
f 517/3034/817 67/3035/817 515/3036/817
f 440/3037/818 303/3038/818 302/3039/818
f 440/3040/819 436/3041/819 303/3042/819
f 518/3043/820 60/3044/820 62/3045/820
f 518/3046/821 62/3047/821 517/3048/821
f 518/3049/822 517/3050/822 513/3051/822
f 518/3052/823 513/3053/823 514/3054/823
f 434/3055/824 507/3056/824 509/3057/824
f 434/3058/825 516/3059/825 507/3060/825
f 447/3061/826 302/3062/826 307/3063/826
f 447/3064/827 440/3065/827 302/3066/827
f 519/3067/828 59/3068/828 60/3069/828
f 519/3070/829 60/3071/829 518/3072/829
f 519/3073/830 514/3074/830 516/3075/830
f 519/3076/831 518/3077/831 514/3078/831
f 428/3079/832 509/3080/832 426/3081/832
f 428/3082/833 434/3083/833 509/3084/833
f 431/3085/834 307/3086/834 315/3087/834
f 431/3088/835 447/3089/835 307/3090/835
f 433/3091/836 58/3092/836 59/3093/836
f 433/3094/837 516/3095/837 434/3096/837
f 433/3097/838 59/3098/838 519/3099/838
f 433/3100/839 519/3101/839 516/3102/839
f 520/3103/840 521/3104/840 522/3105/840
f 520/3106/840 522/3107/840 523/3108/840
f 524/3109/1 523/3110/1 525/3111/1
f 524/3112/1 520/3113/1 523/3114/1
f 526/3115/35 527/3116/35 528/3117/35
f 526/3118/34 528/3119/34 529/3120/34
f 530/3121/841 525/3122/841 531/3123/841
f 530/3124/44 524/3125/44 525/3126/44
f 532/3127/842 529/3128/842 533/3129/842
f 534/3130/843 531/3131/843 535/3132/843
f 532/3133/844 526/3134/844 529/3135/844
f 534/3136/845 530/3137/845 531/3138/845
f 536/3139/846 533/3140/846 537/3141/846
f 538/3142/847 535/3143/847 539/3144/847
f 536/3145/848 532/3146/848 533/3147/848
f 538/3148/849 534/3149/849 535/3150/849
f 540/3151/850 537/3152/850 541/3153/850
f 542/3154/851 539/3155/851 543/3156/851
f 540/3157/850 536/3158/850 537/3159/850
f 542/3160/852 538/3161/852 539/3162/852
f 544/3163/26 541/3164/26 545/3165/26
f 546/3166/853 543/3167/853 547/3168/853
f 544/3169/26 540/3170/26 541/3171/26
f 546/3172/854 542/3173/854 543/3174/854
f 548/3175/39 547/3176/39 549/3177/39
f 548/3178/855 546/3179/855 547/3180/855
f 550/3181/27 545/3182/27 551/3183/27
f 527/3184/856 549/3185/856 528/3186/856
f 550/3187/24 544/3188/24 545/3189/24
f 527/3190/857 548/3191/857 549/3192/857
f 552/3193/858 551/3194/858 553/3195/858
f 552/3196/859 550/3197/859 551/3198/859
f 554/3199/860 553/3200/860 555/3201/860
f 554/3202/860 552/3203/860 553/3204/860
f 556/3205/861 555/3206/861 557/3207/861
f 556/3208/861 554/3209/861 555/3210/861
f 558/3211/862 557/3212/862 559/3213/862
f 558/3214/11 556/3215/11 557/3216/11
f 560/3217/863 558/3218/863 559/3219/863
f 560/3220/863 559/3221/863 561/3222/863
f 562/3223/864 560/3224/864 561/3225/864
f 562/3226/865 561/3227/865 563/3228/865
f 564/3229/3 562/3230/3 563/3231/3
f 564/3232/866 563/3233/866 565/3234/866
f 566/3235/15 564/3236/15 565/3237/15
f 566/3238/867 565/3239/867 567/3240/867
f 568/3241/868 566/3242/868 567/3243/868
f 568/3244/869 567/3245/869 569/3246/869
f 570/3247/14 568/3248/14 569/3249/14
f 570/3250/870 569/3251/870 571/3252/870
f 521/3253/871 570/3254/871 571/3255/871
f 521/3256/872 571/3257/872 522/3258/872
f 572/3259/873 561/3260/873 573/3261/873
f 572/3262/874 563/3263/874 561/3264/874
f 574/3265/875 575/3266/875 535/3267/875
f 574/3268/876 535/3269/876 531/3270/876
f 576/3271/877 563/3272/877 572/3273/877
f 537/3274/878 577/3275/878 578/3276/878
f 541/3277/879 578/3278/879 579/3279/879
f 541/3280/880 537/3281/880 578/3282/880
f 533/3283/881 580/3284/881 577/3285/881
f 533/3286/882 577/3287/882 537/3288/882
f 545/3289/883 579/3290/883 581/3291/883
f 582/3292/884 574/3293/884 531/3294/884
f 545/3295/885 541/3296/885 579/3297/885
f 529/3298/886 583/3299/886 580/3300/886
f 529/3301/887 580/3302/887 533/3303/887
f 584/3304/888 565/3305/888 563/3306/888
f 584/3307/889 563/3308/889 576/3309/889
f 585/3310/890 531/3311/890 525/3312/890
f 551/3313/891 581/3314/891 586/3315/891
f 585/3316/892 582/3317/892 531/3318/892
f 551/3319/893 545/3320/893 581/3321/893
f 587/3322/894 565/3323/894 584/3324/894
f 528/3325/895 588/3326/895 583/3327/895
f 587/3328/896 567/3329/896 565/3330/896
f 528/3331/897 583/3332/897 529/3333/897
f 589/3334/898 525/3335/898 523/3336/898
f 589/3337/899 585/3338/899 525/3339/899
f 553/3340/900 586/3341/900 590/3342/900
f 591/3343/901 567/3344/901 587/3345/901
f 553/3346/902 551/3347/902 586/3348/902
f 591/3349/903 569/3350/903 567/3351/903
f 549/3352/904 592/3353/904 588/3354/904
f 593/3355/905 523/3356/905 522/3357/905
f 549/3358/906 588/3359/906 528/3360/906
f 593/3361/907 589/3362/907 523/3363/907
f 594/3364/908 571/3365/908 569/3366/908
f 594/3367/909 569/3368/909 591/3369/909
f 555/3370/910 590/3371/910 595/3372/910
f 596/3373/911 593/3374/911 522/3375/911
f 596/3376/912 522/3377/912 571/3378/912
f 596/3379/913 571/3380/913 594/3381/913
f 555/3382/914 553/3383/914 590/3384/914
f 547/3385/915 597/3386/915 592/3387/915
f 547/3388/916 592/3389/916 549/3390/916
f 557/3391/917 595/3392/917 598/3393/917
f 557/3394/918 555/3395/918 595/3396/918
f 543/3397/919 597/3398/919 547/3399/919
f 599/3400/920 597/3401/920 543/3402/920
f 559/3403/921 557/3404/921 598/3405/921
f 573/3406/922 559/3407/922 598/3408/922
f 539/3409/923 599/3410/923 543/3411/923
f 561/3412/924 559/3413/924 573/3414/924
f 575/3415/925 599/3416/925 539/3417/925
f 535/3418/926 575/3419/926 539/3420/926
f 600/3421/100 536/3422/100 601/3423/100
f 601/3424/100 536/3425/100 602/3426/100
f 602/3427/927 536/3428/927 603/3429/927
f 536/3430/100 540/3431/100 603/3432/100
f 603/3433/928 540/3434/928 604/3435/928
f 604/3436/929 540/3437/929 605/3438/929
f 605/3439/100 540/3440/100 606/3441/100
f 607/3442/930 532/3443/930 608/3444/930
f 608/3445/100 532/3446/100 609/3447/100
f 609/3448/100 532/3449/100 610/3450/100
f 610/3451/100 532/3452/100 600/3453/100
f 600/3454/100 532/3455/100 536/3456/100
f 606/3457/100 544/3458/100 611/3459/100
f 611/3460/100 544/3461/100 612/3462/100
f 612/3463/100 544/3464/100 613/3465/100
f 613/3466/100 544/3467/100 614/3468/100
f 540/3469/931 544/3470/931 606/3471/931
f 615/3472/100 526/3473/100 616/3474/100
f 616/3475/100 526/3476/100 607/3477/100
f 607/3478/932 526/3479/932 532/3480/932
f 544/3481/100 550/3482/100 614/3483/100
f 614/3484/933 550/3485/933 617/3486/933
f 617/3487/100 550/3488/100 618/3489/100
f 619/3490/934 527/3491/934 620/3492/934
f 620/3493/935 527/3494/935 621/3495/935
f 621/3496/100 527/3497/100 622/3498/100
f 622/3499/100 527/3500/100 615/3501/100
f 615/3502/936 527/3503/936 526/3504/936
f 618/3505/100 552/3506/100 623/3507/100
f 550/3508/100 552/3509/100 618/3510/100
f 623/3511/100 552/3512/100 624/3513/100
f 625/3514/937 548/3515/937 626/3516/937
f 626/3517/938 548/3518/938 627/3519/938
f 627/3520/939 548/3521/939 619/3522/939
f 619/3523/100 548/3524/100 527/3525/100
f 624/3526/100 554/3527/100 628/3528/100
f 628/3529/100 554/3530/100 629/3531/100
f 629/3532/940 554/3533/940 630/3534/940
f 552/3535/100 554/3536/100 624/3537/100
f 631/3538/941 546/3539/941 632/3540/941
f 632/3541/942 546/3542/942 633/3543/942
f 633/3544/100 546/3545/100 625/3546/100
f 625/3547/943 546/3548/943 548/3549/943
f 554/3550/100 556/3551/100 630/3552/100
f 630/3553/100 556/3554/100 634/3555/100
f 634/3556/100 556/3557/100 635/3558/100
f 556/3559/100 636/3560/100 635/3561/100
f 637/3562/100 542/3563/100 631/3564/100
f 631/3565/944 542/3566/944 546/3567/944
f 637/3568/945 638/3569/945 542/3570/945
f 638/3571/946 639/3572/946 542/3573/946
f 556/3574/100 558/3575/100 636/3576/100
f 636/3577/947 558/3578/947 640/3579/947
f 558/3580/948 641/3581/948 640/3582/948
f 639/3583/949 538/3584/949 542/3585/949
f 558/3586/100 642/3587/100 641/3588/100
f 560/3589/950 642/3590/950 558/3591/950
f 560/3592/951 643/3593/951 642/3594/951
f 639/3595/100 644/3596/100 538/3597/100
f 644/3598/100 645/3599/100 538/3600/100
f 645/3601/100 646/3602/100 538/3603/100
f 538/3604/100 646/3605/100 534/3606/100
f 560/3607/952 647/3608/952 643/3609/952
f 560/3610/953 648/3611/953 647/3612/953
f 646/3613/100 649/3614/100 534/3615/100
f 649/3616/100 650/3617/100 534/3618/100
f 560/3619/954 651/3620/954 648/3621/954
f 562/3622/955 651/3623/955 560/3624/955
f 562/3625/100 652/3626/100 651/3627/100
f 650/3628/100 653/3629/100 534/3630/100
f 534/3631/956 653/3632/956 530/3633/956
f 562/3634/957 654/3635/957 652/3636/957
f 653/3637/100 655/3638/100 530/3639/100
f 562/3640/100 656/3641/100 654/3642/100
f 564/3643/100 656/3644/100 562/3645/100
f 655/3646/100 657/3647/100 530/3648/100
f 530/3649/100 657/3650/100 524/3651/100
f 564/3652/958 658/3653/958 656/3654/958
f 564/3655/100 659/3656/100 658/3657/100
f 657/3658/100 660/3659/100 524/3660/100
f 564/3661/959 661/3662/959 659/3663/959
f 566/3664/100 661/3665/100 564/3666/100
f 660/3667/100 662/3668/100 524/3669/100
f 524/3670/100 662/3671/100 520/3672/100
f 566/3673/960 663/3674/960 661/3675/960
f 566/3676/961 664/3677/961 663/3678/961
f 662/3679/100 665/3680/100 520/3681/100
f 566/3682/962 666/3683/962 664/3684/962
f 665/3685/100 667/3686/100 520/3687/100
f 566/3688/963 668/3689/963 666/3690/963
f 568/3691/100 668/3692/100 566/3693/100
f 568/3694/100 669/3695/100 668/3696/100
f 667/3697/100 670/3698/100 520/3699/100
f 520/3700/100 670/3701/100 521/3702/100
f 670/3703/100 671/3704/100 521/3705/100
f 568/3706/964 672/3707/964 669/3708/964
f 521/3709/100 673/3710/100 570/3711/100
f 671/3712/100 673/3713/100 521/3714/100
f 570/3715/100 674/3716/100 568/3717/100
f 568/3718/965 674/3719/965 672/3720/965
f 570/3721/966 675/3722/966 674/3723/966
f 673/3724/967 676/3725/967 570/3726/967
f 570/3727/968 676/3728/968 675/3729/968
f 677/3730/969 678/3731/969 679/3732/969
f 677/3733/970 679/3734/970 680/3735/970
f 677/3736/971 680/3737/971 681/3738/971
f 677/3739/972 681/3740/972 682/3741/972
f 683/3742/149 677/3743/149 682/3744/149
f 683/3745/973 682/3746/973 684/3747/973
f 683/3748/974 684/3749/974 685/3750/974
f 683/3751/975 685/3752/975 686/3753/975
f 687/3754/149 688/3755/149 689/3756/149
f 687/3757/149 689/3758/149 690/3759/149
f 687/3760/976 690/3761/976 678/3762/976
f 687/3763/149 678/3764/149 677/3765/149
f 691/3766/977 683/3767/977 686/3768/977
f 691/3769/978 686/3770/978 692/3771/978
f 691/3772/979 692/3773/979 693/3774/979
f 694/3775/149 695/3776/149 696/3777/149
f 694/3778/980 696/3779/980 697/3780/980
f 694/3781/981 697/3782/981 688/3783/981
f 694/3784/982 688/3785/982 687/3786/982
f 698/3787/983 693/3788/983 699/3789/983
f 698/3790/984 699/3791/984 700/3792/984
f 698/3793/985 700/3794/985 701/3795/985
f 698/3796/149 691/3797/149 693/3798/149
f 702/3799/986 695/3800/986 694/3801/986
f 702/3802/149 703/3803/149 704/3804/149
f 702/3805/149 704/3806/149 705/3807/149
f 702/3808/149 705/3809/149 695/3810/149
f 706/3811/987 701/3812/987 707/3813/987
f 706/3814/988 707/3815/988 708/3816/988
f 706/3817/989 708/3818/989 709/3819/989
f 706/3820/149 698/3821/149 701/3822/149
f 710/3823/990 711/3824/990 712/3825/990
f 710/3826/991 712/3827/991 713/3828/991
f 710/3829/149 713/3830/149 703/3831/149
f 710/3832/149 703/3833/149 702/3834/149
f 714/3835/992 706/3836/992 709/3837/992
f 714/3838/993 709/3839/993 715/3840/993
f 714/3841/994 715/3842/994 716/3843/994
f 714/3844/995 716/3845/995 717/3846/995
f 718/3847/996 719/3848/996 720/3849/996
f 718/3850/149 720/3851/149 711/3852/149
f 718/3853/149 711/3854/149 710/3855/149
f 721/3856/149 714/3857/149 717/3858/149
f 721/3859/997 717/3860/997 722/3861/997
f 721/3862/998 722/3863/998 723/3864/998
f 721/3865/999 723/3866/999 724/3867/999
f 725/3868/1000 726/3869/1000 719/3870/1000
f 725/3871/149 719/3872/149 718/3873/149
f 727/3874/149 726/3875/149 725/3876/149
f 728/3877/1001 727/3878/1001 725/3879/1001
f 729/3880/149 724/3881/149 730/3882/149
f 729/3883/149 721/3884/149 724/3885/149
f 731/3886/149 729/3887/149 730/3888/149
f 732/3889/149 728/3890/149 725/3891/149
f 733/3892/149 728/3893/149 732/3894/149
f 734/3895/149 729/3896/149 731/3897/149
f 735/3898/149 729/3899/149 734/3900/149
f 736/3901/149 733/3902/149 732/3903/149
f 737/3904/149 735/3905/149 734/3906/149
f 738/3907/149 735/3908/149 737/3909/149
f 739/3910/149 736/3911/149 732/3912/149
f 739/3913/149 732/3914/149 740/3915/149
f 741/3916/1002 739/3917/1002 740/3918/1002
f 742/3919/149 741/3920/149 740/3921/149
f 743/3922/149 735/3923/149 738/3924/149
f 743/3925/1003 744/3926/1003 735/3927/1003
f 745/3928/149 744/3929/149 743/3930/149
f 746/3931/149 742/3932/149 740/3933/149
f 746/3934/1004 740/3935/1004 747/3936/1004
f 748/3937/1005 744/3938/1005 745/3939/1005
f 749/3940/149 746/3941/149 747/3942/149
f 750/3943/149 744/3944/149 748/3945/149
f 751/3946/149 744/3947/149 750/3948/149
f 751/3949/149 752/3950/149 744/3951/149
f 753/3952/149 749/3953/149 747/3954/149
f 754/3955/1006 752/3956/1006 751/3957/1006
f 755/3958/149 752/3959/149 754/3960/149
f 756/3961/149 753/3962/149 747/3963/149
f 756/3964/149 747/3965/149 757/3966/149
f 758/3967/149 756/3968/149 757/3969/149
f 759/3970/1007 752/3971/1007 755/3972/1007
f 759/3973/149 760/3974/149 752/3975/149
f 761/3976/1008 758/3977/1008 757/3978/1008
f 761/3979/1009 757/3980/1009 762/3981/1009
f 763/3982/1010 760/3983/1010 759/3984/1010
f 764/3985/1011 760/3986/1011 763/3987/1011
f 765/3988/149 761/3989/149 762/3990/149
f 766/3991/149 760/3992/149 764/3993/149
f 766/3994/1012 767/3995/1012 760/3996/1012
f 768/3997/149 765/3998/149 762/3999/149
f 769/4000/1013 768/4001/1013 762/4002/1013
f 769/4003/149 762/4004/149 770/4005/149
f 771/4006/1014 767/4007/1014 766/4008/1014
f 772/4009/149 767/4010/149 771/4011/149
f 773/4012/149 769/4013/149 770/4014/149
f 774/4015/149 773/4016/149 770/4017/149
f 775/4018/1015 776/4019/1015 767/4020/1015
f 775/4021/149 767/4022/149 772/4023/149
f 777/4024/149 776/4025/149 775/4026/149
f 778/4027/149 776/4028/149 777/4029/149
f 778/4030/149 770/4031/149 776/4032/149
f 778/4033/149 774/4034/149 770/4035/149
f 714/4036/1016 779/4037/1016 780/4038/1016
f 714/4039/1017 721/4040/1017 779/4041/1017
f 706/4042/1018 780/4043/1018 781/4044/1018
f 706/4045/1019 714/4046/1019 780/4047/1019
f 710/4048/1020 782/4049/1020 783/4050/1020
f 698/4051/1021 781/4052/1021 784/4053/1021
f 710/4054/1022 702/4055/1022 782/4056/1022
f 698/4057/1021 706/4058/1021 781/4059/1021
f 718/4060/1023 783/4061/1023 785/4062/1023
f 691/4063/1024 784/4064/1024 786/4065/1024
f 718/4066/1025 710/4067/1025 783/4068/1025
f 691/4069/1026 698/4070/1026 784/4071/1026
f 725/4072/1027 785/4073/1027 787/4074/1027
f 683/4075/1028 786/4076/1028 788/4077/1028
f 725/4078/1029 718/4079/1029 785/4080/1029
f 683/4081/1030 691/4082/1030 786/4083/1030
f 732/4084/1031 787/4085/1031 789/4086/1031
f 677/4087/1032 788/4088/1032 790/4089/1032
f 732/4090/1033 725/4091/1033 787/4092/1033
f 677/4093/1034 683/4094/1034 788/4095/1034
f 740/4096/1035 789/4097/1035 791/4098/1035
f 687/4099/1036 790/4100/1036 792/4101/1036
f 740/4102/1037 732/4103/1037 789/4104/1037
f 687/4105/1038 677/4106/1038 790/4107/1038
f 694/4108/1039 793/4109/1039 782/4110/1039
f 694/4111/1040 792/4112/1040 793/4113/1040
f 694/4114/1041 687/4115/1041 792/4116/1041
f 747/4117/1042 791/4118/1042 794/4119/1042
f 702/4120/1043 694/4121/1043 782/4122/1043
f 747/4123/1042 740/4124/1042 791/4125/1042
f 757/4126/1044 794/4127/1044 795/4128/1044
f 757/4129/1044 747/4130/1044 794/4131/1044
f 762/4132/1045 795/4133/1045 796/4134/1045
f 762/4135/1045 757/4136/1045 795/4137/1045
f 770/4138/1046 796/4139/1046 797/4140/1046
f 770/4141/1047 762/4142/1047 796/4143/1047
f 776/4144/1048 797/4145/1048 798/4146/1048
f 776/4147/1049 770/4148/1049 797/4149/1049
f 767/4150/1050 776/4151/1050 798/4152/1050
f 767/4153/1051 798/4154/1051 799/4155/1051
f 760/4156/1052 767/4157/1052 799/4158/1052
f 760/4159/1053 799/4160/1053 800/4161/1053
f 752/4162/1054 760/4163/1054 800/4164/1054
f 752/4165/1054 800/4166/1054 801/4167/1054
f 744/4168/1055 801/4169/1055 802/4170/1055
f 744/4171/1055 752/4172/1055 801/4173/1055
f 735/4174/1056 802/4175/1056 803/4176/1056
f 735/4177/1057 744/4178/1057 802/4179/1057
f 729/4180/1058 803/4181/1058 804/4182/1058
f 729/4183/1059 735/4184/1059 803/4185/1059
f 721/4186/1060 804/4187/1060 779/4188/1060
f 721/4189/1061 729/4190/1061 804/4191/1061
f 803/4192/100 805/4193/100 806/4194/100
f 802/4195/1062 805/4196/1062 803/4197/1062
f 807/4198/1063 808/4199/1063 789/4200/1063
f 789/4201/1064 808/4202/1064 791/4203/1064
f 802/4204/1065 809/4205/1065 805/4206/1065
f 810/4207/1066 790/4208/1066 811/4209/1066
f 811/4210/100 788/4211/100 812/4212/100
f 790/4213/1067 788/4214/1067 811/4215/1067
f 813/4216/1068 792/4217/1068 810/4218/1068
f 810/4219/1069 792/4220/1069 790/4221/1069
f 808/4222/100 814/4223/100 791/4224/100
f 812/4225/1070 786/4226/1070 815/4227/1070
f 791/4228/100 814/4229/100 794/4230/100
f 802/4231/100 816/4232/100 809/4233/100
f 788/4234/1071 786/4235/1071 812/4236/1071
f 801/4237/1072 816/4238/1072 802/4239/1072
f 817/4240/100 793/4241/100 813/4242/100
f 813/4243/1073 793/4244/1073 792/4245/1073
f 815/4246/100 784/4247/100 818/4248/100
f 794/4249/100 819/4250/100 795/4251/100
f 814/4252/100 819/4253/100 794/4254/100
f 786/4255/1074 784/4256/1074 815/4257/1074
f 800/4258/100 820/4259/100 801/4260/100
f 801/4261/1075 820/4262/1075 816/4263/1075
f 821/4264/1076 782/4265/1076 822/4266/1076
f 822/4267/100 782/4268/100 817/4269/100
f 799/4270/100 823/4271/100 800/4272/100
f 817/4273/1077 782/4274/1077 793/4275/1077
f 800/4276/1078 823/4277/1078 820/4278/1078
f 818/4279/1079 781/4280/1079 824/4281/1079
f 784/4282/100 781/4283/100 818/4284/100
f 795/4285/100 825/4286/100 796/4287/100
f 819/4288/1080 825/4289/1080 795/4290/1080
f 826/4291/1081 783/4292/1081 821/4293/1081
f 799/4294/100 827/4295/100 823/4296/100
f 821/4297/1082 783/4298/1082 782/4299/1082
f 825/4300/100 828/4301/100 796/4302/100
f 796/4303/1083 828/4304/1083 797/4305/1083
f 799/4306/100 829/4307/100 827/4308/100
f 824/4309/1084 780/4310/1084 830/4311/1084
f 798/4312/100 829/4313/100 799/4314/100
f 830/4315/1085 780/4316/1085 831/4317/1085
f 781/4318/100 780/4319/100 824/4320/100
f 826/4321/1086 785/4322/1086 783/4323/1086
f 797/4324/100 832/4325/100 798/4326/100
f 828/4327/1087 832/4328/1087 797/4329/1087
f 798/4330/100 832/4331/100 829/4332/100
f 831/4333/100 779/4334/100 833/4335/100
f 780/4336/100 779/4337/100 831/4338/100
f 826/4339/1088 834/4340/1088 785/4341/1088
f 834/4342/1089 787/4343/1089 785/4344/1089
f 779/4345/1090 804/4346/1090 833/4347/1090
f 833/4348/100 804/4349/100 835/4350/100
f 834/4351/100 807/4352/100 787/4353/100
f 787/4354/100 807/4355/100 789/4356/100
f 804/4357/100 806/4358/100 835/4359/100
f 803/4360/100 806/4361/100 804/4362/100
f 778/4363/1091 836/4364/1091 774/4365/1091
f 836/4366/1092 837/4367/1092 774/4368/1092
f 774/4369/1093 837/4370/1093 773/4371/1093
f 773/4372/1094 837/4373/1094 769/4374/1094
f 769/4375/1095 837/4376/1095 768/4377/1095
f 837/4378/1096 838/4379/1096 768/4380/1096
f 768/4381/1097 838/4382/1097 765/4383/1097
f 765/4384/1098 838/4385/1098 761/4386/1098
f 838/4387/1099 839/4388/1099 761/4389/1099
f 761/4390/1100 839/4391/1100 758/4392/1100
f 758/4393/1101 839/4394/1101 756/4395/1101
f 756/4396/1102 839/4397/1102 753/4398/1102
f 839/4399/1103 840/4400/1103 753/4401/1103
f 753/4402/1104 840/4403/1104 749/4404/1104
f 749/4405/1105 840/4406/1105 746/4407/1105
f 840/4408/1106 841/4409/1106 746/4410/1106
f 746/4411/1107 841/4412/1107 742/4413/1107
f 742/4414/1108 841/4415/1108 741/4416/1108
f 741/4417/1109 841/4418/1109 739/4419/1109
f 739/4420/1110 842/4421/1110 736/4422/1110
f 736/4423/1111 842/4424/1111 733/4425/1111
f 841/4426/1112 842/4427/1112 739/4428/1112
f 733/4429/1113 843/4430/1113 728/4431/1113
f 728/4432/1114 843/4433/1114 727/4434/1114
f 727/4435/1115 843/4436/1115 726/4437/1115
f 842/4438/1116 843/4439/1116 733/4440/1116
f 726/4441/1117 844/4442/1117 719/4443/1117
f 719/4444/1118 844/4445/1118 720/4446/1118
f 720/4447/1119 844/4448/1119 711/4449/1119
f 843/4450/1120 844/4451/1120 726/4452/1120
f 711/4453/1121 845/4454/1121 712/4455/1121
f 844/4456/1122 845/4457/1122 711/4458/1122
f 712/4459/1123 845/4460/1123 713/4461/1123
f 713/4462/1124 845/4463/1124 703/4464/1124
f 703/4465/1125 846/4466/1125 704/4467/1125
f 704/4468/1126 846/4469/1126 705/4470/1126
f 705/4471/1127 846/4472/1127 695/4473/1127
f 845/4474/1128 846/4475/1128 703/4476/1128
f 695/4477/1129 847/4478/1129 696/4479/1129
f 696/4480/1130 847/4481/1130 697/4482/1130
f 846/4483/1131 847/4484/1131 695/4485/1131
f 697/4486/1132 848/4487/1132 688/4488/1132
f 688/4489/1133 848/4490/1133 689/4491/1133
f 689/4492/1134 848/4493/1134 690/4494/1134
f 847/4495/1135 848/4496/1135 697/4497/1135
f 690/4498/1136 849/4499/1136 678/4500/1136
f 678/4501/1137 849/4502/1137 679/4503/1137
f 679/4504/1138 849/4505/1138 680/4506/1138
f 848/4507/1139 849/4508/1139 690/4509/1139
f 849/4510/1140 850/4511/1140 680/4512/1140
f 680/4513/1141 850/4514/1141 681/4515/1141
f 681/4516/1142 850/4517/1142 682/4518/1142
f 850/4519/1143 851/4520/1143 682/4521/1143
f 682/4522/1144 851/4523/1144 684/4524/1144
f 684/4525/1145 851/4526/1145 685/4527/1145
f 685/4528/1146 851/4529/1146 686/4530/1146
f 851/4531/1147 852/4532/1147 686/4533/1147
f 686/4534/1148 852/4535/1148 692/4536/1148
f 692/4537/1149 852/4538/1149 693/4539/1149
f 693/4540/1150 852/4541/1150 699/4542/1150
f 852/4543/1151 853/4544/1151 699/4545/1151
f 699/4546/1152 853/4547/1152 700/4548/1152
f 700/4549/1153 853/4550/1153 701/4551/1153
f 853/4552/1154 854/4553/1154 701/4554/1154
f 701/4555/1155 854/4556/1155 707/4557/1155
f 707/4558/1156 854/4559/1156 708/4560/1156
f 854/4561/1157 855/4562/1157 708/4563/1157
f 708/4564/1158 855/4565/1158 709/4566/1158
f 709/4567/1159 855/4568/1159 715/4569/1159
f 855/4570/1160 856/4571/1160 715/4572/1160
f 715/4573/1161 856/4574/1161 716/4575/1161
f 716/4576/1162 856/4577/1162 717/4578/1162
f 717/4579/1163 856/4580/1163 722/4581/1163
f 856/4582/1164 857/4583/1164 722/4584/1164
f 722/4585/1165 857/4586/1165 723/4587/1165
f 723/4588/1166 857/4589/1166 724/4590/1166
f 857/4591/1167 858/4592/1167 724/4593/1167
f 724/4594/1168 858/4595/1168 730/4596/1168
f 730/4597/1169 858/4598/1169 731/4599/1169
f 731/4600/1170 858/4601/1170 734/4602/1170
f 858/4603/1171 859/4604/1171 734/4605/1171
f 734/4606/1172 859/4607/1172 737/4608/1172
f 737/4609/1173 859/4610/1173 738/4611/1173
f 859/4612/1174 860/4613/1174 738/4614/1174
f 738/4615/1175 860/4616/1175 743/4617/1175
f 743/4618/1176 860/4619/1176 745/4620/1176
f 745/4621/1177 860/4622/1177 748/4623/1177
f 860/4624/1178 861/4625/1178 748/4626/1178
f 748/4627/1179 861/4628/1179 750/4629/1179
f 750/4630/1180 861/4631/1180 751/4632/1180
f 751/4633/1181 861/4634/1181 754/4635/1181
f 861/4636/1182 862/4637/1182 754/4638/1182
f 754/4639/1183 862/4640/1183 755/4641/1183
f 755/4642/1184 862/4643/1184 759/4644/1184
f 759/4645/1185 863/4646/1185 763/4647/1185
f 763/4648/1186 863/4649/1186 764/4650/1186
f 764/4651/1187 863/4652/1187 766/4653/1187
f 862/4654/1188 863/4655/1188 759/4656/1188
f 766/4657/1189 864/4658/1189 771/4659/1189
f 771/4660/1190 864/4661/1190 772/4662/1190
f 863/4663/1191 864/4664/1191 766/4665/1191
f 772/4666/1192 865/4667/1192 775/4668/1192
f 775/4669/1193 865/4670/1193 777/4671/1193
f 864/4672/1194 865/4673/1194 772/4674/1194
f 865/4675/1195 836/4676/1195 777/4677/1195
f 777/4678/1196 836/4679/1196 778/4680/1196
f 857/4681/1197 836/4682/1197 865/4683/1197
f 857/4684/100 865/4685/100 858/4686/100
f 851/4687/100 846/4688/100 845/4689/100
f 851/4690/1198 847/4691/1198 846/4692/1198
f 851/4693/100 850/4694/100 847/4695/100
f 856/4696/1199 837/4697/1199 836/4698/1199
f 856/4699/100 836/4700/100 857/4701/100
f 852/4702/1200 842/4703/1200 841/4704/1200
f 852/4705/1201 843/4706/1201 842/4707/1201
f 852/4708/1202 844/4709/1202 843/4710/1202
f 852/4711/1203 845/4712/1203 844/4713/1203
f 852/4714/100 851/4715/100 845/4716/100
f 855/4717/1204 838/4718/1204 837/4719/1204
f 855/4720/1205 837/4721/1205 856/4722/1205
f 853/4723/1206 840/4724/1206 839/4725/1206
f 853/4726/1207 841/4727/1207 840/4728/1207
f 853/4729/100 852/4730/100 841/4731/100
f 854/4732/1208 839/4733/1208 838/4734/1208
f 854/4735/100 838/4736/100 855/4737/100
f 854/4738/100 853/4739/100 839/4740/100
f 860/4741/1209 862/4742/1209 861/4743/1209
f 860/4744/100 863/4745/100 862/4746/100
f 859/4747/1210 864/4748/1210 863/4749/1210
f 859/4750/100 863/4751/100 860/4752/100
f 858/4753/1211 865/4754/1211 864/4755/1211
f 858/4756/100 864/4757/100 859/4758/100
f 850/4759/100 848/4760/100 847/4761/100
f 850/4762/1212 849/4763/1212 848/4764/1212
f 676/4765/1213 866/4766/1213 675/4767/1213
f 674/4768/1214 867/4769/1214 672/4770/1214
f 675/4771/1215 867/4772/1215 674/4773/1215
f 866/4774/1216 867/4775/1216 675/4776/1216
f 867/4777/1217 868/4778/1217 672/4779/1217
f 672/4780/1218 869/4781/1218 669/4782/1218
f 868/4783/1219 869/4784/1219 672/4785/1219
f 669/4786/1220 870/4787/1220 668/4788/1220
f 869/4789/1221 870/4790/1221 669/4791/1221
f 666/4792/1222 871/4793/1222 664/4794/1222
f 668/4795/1223 871/4796/1223 666/4797/1223
f 870/4798/1224 871/4799/1224 668/4800/1224
f 871/4801/1225 872/4802/1225 664/4803/1225
f 664/4804/1226 873/4805/1226 663/4806/1226
f 872/4807/1227 873/4808/1227 664/4809/1227
f 663/4810/1228 874/4811/1228 661/4812/1228
f 873/4813/1229 874/4814/1229 663/4815/1229
f 874/4816/1230 875/4817/1230 661/4818/1230
f 661/4819/1231 875/4820/1231 659/4821/1231
f 875/4822/1232 876/4823/1232 659/4824/1232
f 658/4825/1233 876/4826/1233 656/4827/1233
f 659/4828/1234 876/4829/1234 658/4830/1234
f 876/4831/1235 877/4832/1235 656/4833/1235
f 877/4834/1236 878/4835/1236 656/4836/1236
f 656/4837/1237 878/4838/1237 654/4839/1237
f 878/4840/1238 879/4841/1238 654/4842/1238
f 652/4843/1239 879/4844/1239 651/4845/1239
f 654/4846/1240 879/4847/1240 652/4848/1240
f 879/4849/1241 880/4850/1241 651/4851/1241
f 880/4852/1242 881/4853/1242 651/4854/1242
f 648/4855/1243 881/4856/1243 647/4857/1243
f 651/4858/1244 881/4859/1244 648/4860/1244
f 881/4861/1245 882/4862/1245 647/4863/1245
f 882/4864/1246 883/4865/1246 647/4866/1246
f 647/4867/1247 883/4868/1247 643/4869/1247
f 642/4870/1248 884/4871/1248 641/4872/1248
f 643/4873/1249 884/4874/1249 642/4875/1249
f 883/4876/1250 884/4877/1250 643/4878/1250
f 884/4879/1251 885/4880/1251 641/4881/1251
f 640/4882/1252 886/4883/1252 636/4884/1252
f 641/4885/1253 886/4886/1253 640/4887/1253
f 885/4888/1254 886/4889/1254 641/4890/1254
f 636/4891/1255 887/4892/1255 635/4893/1255
f 886/4894/1256 887/4895/1256 636/4896/1256
f 887/4897/1257 888/4898/1257 635/4899/1257
f 634/4900/1258 889/4901/1258 630/4902/1258
f 635/4903/1259 889/4904/1259 634/4905/1259
f 888/4906/1260 889/4907/1260 635/4908/1260
f 630/4909/1261 890/4910/1261 629/4911/1261
f 889/4912/1262 890/4913/1262 630/4914/1262
f 890/4915/1263 891/4916/1263 629/4917/1263
f 629/4918/1264 892/4919/1264 628/4920/1264
f 891/4921/1265 892/4922/1265 629/4923/1265
f 628/4924/1266 893/4925/1266 624/4926/1266
f 892/4927/1267 893/4928/1267 628/4929/1267
f 624/4930/1268 894/4931/1268 623/4932/1268
f 893/4933/1269 894/4934/1269 624/4935/1269
f 623/4936/1270 895/4937/1270 618/4938/1270
f 894/4939/1271 895/4940/1271 623/4941/1271
f 618/4942/1272 896/4943/1272 617/4944/1272
f 895/4945/1273 896/4946/1273 618/4947/1273
f 896/4948/1274 897/4949/1274 617/4950/1274
f 617/4951/1275 898/4952/1275 614/4953/1275
f 897/4954/1276 898/4955/1276 617/4956/1276
f 613/4957/1277 899/4958/1277 612/4959/1277
f 614/4960/1278 899/4961/1278 613/4962/1278
f 898/4963/1279 899/4964/1279 614/4965/1279
f 612/4966/1280 900/4967/1280 611/4968/1280
f 899/4969/1281 900/4970/1281 612/4971/1281
f 900/4972/1282 901/4973/1282 611/4974/1282
f 611/4975/1283 901/4976/1283 606/4977/1283
f 901/4978/1284 902/4979/1284 606/4980/1284
f 606/4981/1285 902/4982/1285 605/4983/1285
f 902/4984/1286 903/4985/1286 605/4986/1286
f 605/4987/1287 903/4988/1287 604/4989/1287
f 903/4990/1288 904/4991/1288 604/4992/1288
f 604/4993/1289 904/4994/1289 603/4995/1289
f 904/4996/1290 905/4997/1290 603/4998/1290
f 602/4999/1291 905/5000/1291 601/5001/1291
f 603/5002/1292 905/5003/1292 602/5004/1292
f 905/5005/1293 906/5006/1293 601/5007/1293
f 601/5008/1294 906/5009/1294 600/5010/1294
f 906/5011/1295 907/5012/1295 600/5013/1295
f 610/5014/1296 908/5015/1296 609/5016/1296
f 600/5017/1297 908/5018/1297 610/5019/1297
f 907/5020/1298 908/5021/1298 600/5022/1298
f 908/5023/1299 909/5024/1299 609/5025/1299
f 609/5026/1300 909/5027/1300 608/5028/1300
f 909/5029/1301 910/5030/1301 608/5031/1301
f 608/5032/1302 910/5033/1302 607/5034/1302
f 607/5035/1303 911/5036/1303 616/5037/1303
f 910/5038/1304 911/5039/1304 607/5040/1304
f 616/5041/1305 912/5042/1305 615/5043/1305
f 911/5044/1306 912/5045/1306 616/5046/1306
f 615/5047/1307 913/5048/1307 622/5049/1307
f 912/5050/1308 913/5051/1308 615/5052/1308
f 621/5053/1309 914/5054/1309 620/5055/1309
f 622/5056/1310 914/5057/1310 621/5058/1310
f 913/5059/1311 914/5060/1311 622/5061/1311
f 914/5062/1312 915/5063/1312 620/5064/1312
f 620/5065/1313 916/5066/1313 619/5067/1313
f 915/5068/1314 916/5069/1314 620/5070/1314
f 619/5071/1315 917/5072/1315 627/5073/1315
f 916/5074/1316 917/5075/1316 619/5076/1316
f 627/5077/1317 918/5078/1317 626/5079/1317
f 917/5080/1318 918/5081/1318 627/5082/1318
f 625/5083/1319 919/5084/1319 633/5085/1319
f 626/5086/1320 919/5087/1320 625/5088/1320
f 918/5089/1321 919/5090/1321 626/5091/1321
f 919/5092/1322 920/5093/1322 633/5094/1322
f 633/5095/1323 921/5096/1323 632/5097/1323
f 920/5098/1324 921/5099/1324 633/5100/1324
f 631/5101/1325 922/5102/1325 637/5103/1325
f 632/5104/1326 922/5105/1326 631/5106/1326
f 921/5107/1327 922/5108/1327 632/5109/1327
f 922/5110/1328 923/5111/1328 637/5112/1328
f 638/5113/1329 924/5114/1329 639/5115/1329
f 637/5116/1330 924/5117/1330 638/5118/1330
f 923/5119/1331 924/5120/1331 637/5121/1331
f 639/5122/1332 925/5123/1332 644/5124/1332
f 924/5125/1333 925/5126/1333 639/5127/1333
f 925/5128/1334 926/5129/1334 644/5130/1334
f 645/5131/1335 927/5132/1335 646/5133/1335
f 644/5134/1336 927/5135/1336 645/5136/1336
f 926/5137/1337 927/5138/1337 644/5139/1337
f 646/5140/1338 928/5141/1338 649/5142/1338
f 927/5143/1339 928/5144/1339 646/5145/1339
f 928/5146/1340 929/5147/1340 649/5148/1340
f 650/5149/1341 930/5150/1341 653/5151/1341
f 649/5152/1342 930/5153/1342 650/5154/1342
f 929/5155/1343 930/5156/1343 649/5157/1343
f 930/5158/1344 931/5159/1344 653/5160/1344
f 653/5161/1345 932/5162/1345 655/5163/1345
f 931/5164/1346 932/5165/1346 653/5166/1346
f 655/5167/1347 933/5168/1347 657/5169/1347
f 932/5170/1348 933/5171/1348 655/5172/1348
f 933/5173/1349 934/5174/1349 657/5175/1349
f 657/5176/1350 935/5177/1350 660/5178/1350
f 934/5179/1351 935/5180/1351 657/5181/1351
f 935/5182/1352 936/5183/1352 660/5184/1352
f 660/5185/1353 936/5186/1353 662/5187/1353
f 936/5188/1354 937/5189/1354 662/5190/1354
f 662/5191/1355 938/5192/1355 665/5193/1355
f 937/5194/1356 938/5195/1356 662/5196/1356
f 938/5197/1357 939/5198/1357 665/5199/1357
f 667/5200/1358 939/5201/1358 670/5202/1358
f 665/5203/1359 939/5204/1359 667/5205/1359
f 670/5206/1360 940/5207/1360 671/5208/1360
f 939/5209/1361 940/5210/1361 670/5211/1361
f 671/5212/1362 941/5213/1362 673/5214/1362
f 940/5215/1363 941/5216/1363 671/5217/1363
f 941/5218/1364 942/5219/1364 673/5220/1364
f 673/5221/1365 943/5222/1365 676/5223/1365
f 942/5224/1366 943/5225/1366 673/5226/1366
f 943/5227/1367 866/5228/1367 676/5229/1367
f 932/5230/149 905/5231/149 933/5232/149
f 875/5233/1368 879/5234/1368 876/5235/1368
f 906/5236/149 905/5237/149 932/5238/149
f 876/5239/1369 879/5240/1369 878/5241/1369
f 868/5242/149 886/5243/149 869/5244/149
f 912/5245/149 911/5246/149 927/5247/149
f 927/5248/149 911/5249/149 928/5250/149
f 869/5251/1370 886/5252/1370 885/5253/1370
f 917/5254/149 916/5255/149 923/5256/149
f 905/5257/149 904/5258/149 933/5259/149
f 867/5260/149 887/5261/149 868/5262/149
f 874/5263/149 880/5264/149 875/5265/149
f 875/5266/1371 880/5267/1371 879/5268/1371
f 868/5269/1372 887/5270/1372 886/5271/1372
f 904/5272/149 903/5273/149 933/5274/149
f 916/5275/149 915/5276/149 923/5277/149
f 928/5278/149 910/5279/149 929/5280/149
f 923/5281/149 915/5282/149 924/5283/149
f 867/5284/1373 888/5285/1373 887/5286/1373
f 866/5287/149 888/5288/149 867/5289/149
f 911/5290/149 910/5291/149 928/5292/149
f 866/5293/1374 889/5294/1374 888/5295/1374
f 873/5296/1375 881/5297/1375 874/5298/1375
f 874/5299/1376 881/5300/1376 880/5301/1376
f 903/5302/149 902/5303/149 933/5304/149
f 933/5305/149 902/5306/149 934/5307/149
f 915/5308/149 914/5309/149 924/5310/149
f 929/5311/149 909/5312/149 930/5313/149
f 924/5314/1377 914/5315/1377 925/5316/1377
f 925/5317/149 914/5318/149 926/5319/149
f 902/5320/149 901/5321/149 934/5322/149
f 901/5323/149 900/5324/149 934/5325/149
f 910/5326/149 909/5327/149 929/5328/149
f 934/5329/149 900/5330/149 935/5331/149
f 873/5332/1378 882/5333/1378 881/5334/1378
f 920/5335/149 919/5336/149 921/5337/149
f 921/5338/149 919/5339/149 922/5340/149
f 942/5341/149 890/5342/149 943/5343/149
f 943/5344/1379 890/5345/1379 866/5346/1379
f 866/5347/1380 890/5348/1380 889/5349/1380
f 942/5350/1381 891/5351/1381 890/5352/1381
f 930/5353/149 908/5354/149 931/5355/149
f 941/5356/149 891/5357/149 942/5358/149
f 941/5359/1382 892/5360/1382 891/5361/1382
f 909/5362/149 908/5363/149 930/5364/149
f 940/5365/1383 892/5366/1383 941/5367/1383
f 871/5368/149 883/5369/149 872/5370/149
f 872/5371/149 883/5372/149 873/5373/149
f 900/5374/1384 899/5375/1384 935/5376/1384
f 935/5377/149 898/5378/149 936/5379/149
f 899/5380/149 898/5381/149 935/5382/149
f 873/5383/1385 883/5384/1385 882/5385/1385
f 940/5386/1386 893/5387/1386 892/5388/1386
f 939/5389/1387 893/5390/1387 940/5391/1387
f 870/5392/149 884/5393/149 871/5394/149
f 876/5395/1388 878/5396/1388 877/5397/1388
f 871/5398/1389 884/5399/1389 883/5400/1389
f 919/5401/149 918/5402/149 922/5403/149
f 939/5404/1390 894/5405/1390 893/5406/1390
f 938/5407/149 894/5408/149 939/5409/149
f 898/5410/149 897/5411/149 936/5412/149
f 914/5413/149 913/5414/149 926/5415/149
f 936/5416/149 897/5417/149 937/5418/149
f 908/5419/149 907/5420/149 931/5421/149
f 926/5422/149 913/5423/149 927/5424/149
f 897/5425/149 896/5426/149 937/5427/149
f 938/5428/1391 895/5429/1391 894/5430/1391
f 896/5431/149 895/5432/149 937/5433/149
f 937/5434/149 895/5435/149 938/5436/149
f 931/5437/149 906/5438/149 932/5439/149
f 918/5440/1392 917/5441/1392 922/5442/1392
f 913/5443/149 912/5444/149 927/5445/149
f 922/5446/149 917/5447/149 923/5448/149
f 907/5449/149 906/5450/149 931/5451/149
f 869/5452/149 885/5453/149 870/5454/149
f 870/5455/1393 885/5456/1393 884/5457/1393
f 944/5458/1394 945/5459/1394 946/5460/1394
f 947/5461/1395 945/5462/1395 944/5463/1395
f 948/5464/1396 829/5465/1396 832/5466/1396
f 834/5467/1397 949/5468/1397 807/5469/1397
f 950/5470/1398 949/5471/1398 834/5472/1398
f 951/5473/1399 952/5474/1399 953/5475/1399
f 580/5476/1400 952/5477/1400 577/5478/1400
f 953/5479/1401 952/5480/1401 947/5481/1401
f 577/5482/1402 952/5483/1402 951/5484/1402
f 945/5485/1403 954/5486/1403 946/5487/1403
f 946/5488/1404 954/5489/1404 955/5490/1404
f 955/5491/1405 954/5492/1405 956/5493/1405
f 807/5494/1406 957/5495/1406 808/5496/1406
f 807/5497/1407 958/5498/1407 957/5499/1407
f 949/5500/1408 958/5501/1408 807/5502/1408
f 954/5503/1409 959/5504/1409 956/5505/1409
f 956/5506/1410 959/5507/1410 960/5508/1410
f 952/5509/1411 961/5510/1411 947/5511/1411
f 947/5512/1412 961/5513/1412 945/5514/1412
f 580/5515/1413 961/5516/1413 952/5517/1413
f 583/5518/1414 961/5519/1414 580/5520/1414
f 808/5521/1415 962/5522/1415 814/5523/1415
f 957/5524/1416 962/5525/1416 808/5526/1416
f 958/5527/1417 963/5528/1417 957/5529/1417
f 957/5530/1418 963/5531/1418 962/5532/1418
f 961/5533/1419 964/5534/1419 945/5535/1419
f 596/5536/1420 594/5537/1420 965/5538/1420
f 583/5539/1421 964/5540/1421 961/5541/1421
f 945/5542/1422 964/5543/1422 954/5544/1422
f 588/5545/1423 964/5546/1423 583/5547/1423
f 959/5548/1424 966/5549/1424 960/5550/1424
f 814/5551/1425 967/5552/1425 819/5553/1425
f 962/5554/1426 967/5555/1426 814/5556/1426
f 954/5557/1427 968/5558/1427 959/5559/1427
f 964/5560/1428 968/5561/1428 954/5562/1428
f 588/5563/1429 968/5564/1429 964/5565/1429
f 592/5566/1430 968/5567/1430 588/5568/1430
f 963/5569/1431 969/5570/1431 962/5571/1431
f 962/5572/1432 969/5573/1432 967/5574/1432
f 960/5575/1433 970/5576/1433 950/5577/1433
f 966/5578/1434 970/5579/1434 960/5580/1434
f 819/5581/1435 971/5582/1435 825/5583/1435
f 967/5584/1436 971/5585/1436 819/5586/1436
f 959/5587/1437 972/5588/1437 966/5589/1437
f 592/5590/1438 972/5591/1438 968/5592/1438
f 597/5593/1439 972/5594/1439 592/5595/1439
f 968/5596/1440 972/5597/1440 959/5598/1440
f 967/5599/1441 973/5600/1441 971/5601/1441
f 969/5602/1442 973/5603/1442 967/5604/1442
f 970/5605/1443 974/5606/1443 950/5607/1443
f 950/5608/1444 974/5609/1444 949/5610/1444
f 825/5611/1445 975/5612/1445 828/5613/1445
f 948/5614/1446 975/5615/1446 976/5616/1446
f 971/5617/1447 975/5618/1447 825/5619/1447
f 828/5620/1448 975/5621/1448 948/5622/1448
f 966/5623/1449 977/5624/1449 970/5625/1449
f 972/5626/1450 977/5627/1450 966/5628/1450
f 599/5629/1451 977/5630/1451 597/5631/1451
f 597/5632/1452 977/5633/1452 972/5634/1452
f 976/5635/1453 978/5636/1453 979/5637/1453
f 979/5638/1454 978/5639/1454 973/5640/1454
f 973/5641/1455 978/5642/1455 971/5643/1455
f 975/5644/1456 978/5645/1456 976/5646/1456
f 971/5647/1457 978/5648/1457 975/5649/1457
f 958/5650/1458 980/5651/1458 963/5652/1458
f 974/5653/1459 980/5654/1459 949/5655/1459
f 949/5656/1460 980/5657/1460 958/5658/1460
f 575/5659/1461 981/5660/1461 599/5661/1461
f 970/5662/1462 981/5663/1462 974/5664/1462
f 977/5665/1463 981/5666/1463 970/5667/1463
f 599/5668/1464 981/5669/1464 977/5670/1464
f 980/5671/1465 982/5672/1465 963/5673/1465
f 974/5674/1466 983/5675/1466 980/5676/1466
f 574/5677/1467 983/5678/1467 575/5679/1467
f 981/5680/1468 983/5681/1468 974/5682/1468
f 575/5683/1469 983/5684/1469 981/5685/1469
f 982/5686/1470 984/5687/1470 963/5688/1470
f 963/5689/1471 984/5690/1471 969/5691/1471
f 582/5692/1472 985/5693/1472 574/5694/1472
f 574/5695/1473 985/5696/1473 983/5697/1473
f 983/5698/1474 985/5699/1474 980/5700/1474
f 980/5701/1475 985/5702/1475 982/5703/1475
f 984/5704/1476 986/5705/1476 969/5706/1476
f 969/5707/1477 986/5708/1477 973/5709/1477
f 973/5710/1478 986/5711/1478 979/5712/1478
f 982/5713/1479 987/5714/1479 984/5715/1479
f 585/5716/1480 987/5717/1480 582/5718/1480
f 582/5719/1481 987/5720/1481 985/5721/1481
f 985/5722/1482 987/5723/1482 982/5724/1482
f 988/5725/1483 989/5726/1483 965/5727/1483
f 979/5728/1484 989/5729/1484 988/5730/1484
f 986/5731/1485 989/5732/1485 979/5733/1485
f 984/5734/1486 990/5735/1486 986/5736/1486
f 593/5737/1487 990/5738/1487 589/5739/1487
f 589/5740/1488 990/5741/1488 585/5742/1488
f 987/5743/1489 990/5744/1489 984/5745/1489
f 585/5746/1490 990/5747/1490 987/5748/1490
f 965/5749/1491 991/5750/1491 596/5751/1491
f 596/5752/1492 991/5753/1492 593/5754/1492
f 990/5755/1493 991/5756/1493 986/5757/1493
f 593/5758/1494 991/5759/1494 990/5760/1494
f 989/5761/1495 991/5762/1495 965/5763/1495
f 986/5764/1496 991/5765/1496 989/5766/1496
f 828/5767/1497 948/5768/1497 832/5769/1497
f 976/5770/1498 992/5771/1498 948/5772/1498
f 829/5773/1499 992/5774/1499 827/5775/1499
f 948/5776/1500 992/5777/1500 829/5778/1500
f 979/5779/1501 993/5780/1501 976/5781/1501
f 976/5782/1502 993/5783/1502 992/5784/1502
f 827/5785/1503 994/5786/1503 823/5787/1503
f 992/5788/1504 994/5789/1504 827/5790/1504
f 993/5791/1505 995/5792/1505 992/5793/1505
f 992/5794/1506 995/5795/1506 994/5796/1506
f 979/5797/1507 995/5798/1507 993/5799/1507
f 823/5800/1508 996/5801/1508 820/5802/1508
f 994/5803/1509 996/5804/1509 823/5805/1509
f 995/5806/1510 997/5807/1510 994/5808/1510
f 994/5809/1511 997/5810/1511 996/5811/1511
f 816/5812/1512 998/5813/1512 809/5814/1512
f 820/5815/1513 998/5816/1513 816/5817/1513
f 996/5818/1514 998/5819/1514 820/5820/1514
f 997/5821/1515 999/5822/1515 996/5823/1515
f 996/5824/1516 999/5825/1516 998/5826/1516
f 809/5827/1517 1000/5828/1517 805/5829/1517
f 998/5830/1518 1000/5831/1518 809/5832/1518
f 999/5833/1519 1001/5834/1519 998/5835/1519
f 998/5836/1520 1001/5837/1520 1000/5838/1520
f 805/5839/1521 1002/5840/1521 806/5841/1521
f 1000/5842/1522 1002/5843/1522 805/5844/1522
f 1000/5845/1523 1003/5846/1523 1002/5847/1523
f 1001/5848/1524 1003/5849/1524 1000/5850/1524
f 965/5851/1525 1004/5852/1525 988/5853/1525
f 988/5854/1526 1004/5855/1526 979/5856/1526
f 594/5857/1527 1004/5858/1527 965/5859/1527
f 591/5860/1528 1004/5861/1528 594/5862/1528
f 835/5863/1529 1005/5864/1529 833/5865/1529
f 806/5866/1530 1005/5867/1530 835/5868/1530
f 1002/5869/1531 1005/5870/1531 806/5871/1531
f 979/5872/1532 1006/5873/1532 995/5874/1532
f 587/5875/1533 1006/5876/1533 591/5877/1533
f 1004/5878/1534 1006/5879/1534 979/5880/1534
f 591/5881/1535 1006/5882/1535 1004/5883/1535
f 1002/5884/1536 1007/5885/1536 1005/5886/1536
f 1003/5887/1537 1007/5888/1537 1002/5889/1537
f 587/5890/1538 1008/5891/1538 1006/5892/1538
f 1006/5893/1539 1008/5894/1539 995/5895/1539
f 995/5896/1540 1008/5897/1540 997/5898/1540
f 584/5899/1541 1008/5900/1541 587/5901/1541
f 831/5902/1542 1009/5903/1542 830/5904/1542
f 833/5905/1543 1009/5906/1543 831/5907/1543
f 1005/5908/1544 1009/5909/1544 833/5910/1544
f 1008/5911/1545 1010/5912/1545 997/5913/1545
f 997/5914/1546 1010/5915/1546 999/5916/1546
f 584/5917/1547 1010/5918/1547 1008/5919/1547
f 1005/5920/1548 1011/5921/1548 1009/5922/1548
f 1007/5923/1549 1011/5924/1549 1005/5925/1549
f 999/5926/1550 1012/5927/1550 1001/5928/1550
f 1010/5929/1551 1012/5930/1551 999/5931/1551
f 830/5932/1552 1013/5933/1552 824/5934/1552
f 1009/5935/1553 1013/5936/1553 830/5937/1553
f 1009/5938/1554 1014/5939/1554 1013/5940/1554
f 1011/5941/1555 1014/5942/1555 1009/5943/1555
f 824/5944/1556 1015/5945/1556 818/5946/1556
f 1013/5947/1557 1015/5948/1557 824/5949/1557
f 1001/5950/1558 1016/5951/1558 1003/5952/1558
f 1012/5953/1559 1016/5954/1559 1001/5955/1559
f 1014/5956/1560 1017/5957/1560 1013/5958/1560
f 1013/5959/1561 1017/5960/1561 1015/5961/1561
f 576/5962/1562 1018/5963/1562 584/5964/1562
f 1010/5965/1563 1018/5966/1563 1012/5967/1563
f 584/5968/1564 1018/5969/1564 1010/5970/1564
f 815/5971/1565 1019/5972/1565 812/5973/1565
f 818/5974/1566 1019/5975/1566 815/5976/1566
f 1015/5977/1567 1019/5978/1567 818/5979/1567
f 1003/5980/1568 1020/5981/1568 1007/5982/1568
f 1016/5983/1569 1020/5984/1569 1003/5985/1569
f 1019/5986/1570 1021/5987/1570 812/5988/1570
f 1015/5989/1571 1021/5990/1571 1019/5991/1571
f 1017/5992/1572 1021/5993/1572 1015/5994/1572
f 576/5995/1573 1022/5996/1573 1018/5997/1573
f 1012/5998/1574 1022/5999/1574 1016/6000/1574
f 573/6001/1575 1022/6002/1575 572/6003/1575
f 572/6004/1576 1022/6005/1576 576/6006/1576
f 1018/6007/1577 1022/6008/1577 1012/6009/1577
f 812/6010/1578 1023/6011/1578 811/6012/1578
f 1021/6013/1579 1023/6014/1579 812/6015/1579
f 1020/6016/1580 1024/6017/1580 1007/6018/1580
f 1007/6019/1581 1024/6020/1581 1011/6021/1581
f 1011/6022/1582 1024/6023/1582 1014/6024/1582
f 1016/6025/1583 1025/6026/1583 1020/6027/1583
f 573/6028/1584 1025/6029/1584 1022/6030/1584
f 1022/6031/1585 1025/6032/1585 1016/6033/1585
f 598/6034/1586 1025/6035/1586 573/6036/1586
f 811/6037/1587 1026/6038/1587 810/6039/1587
f 1023/6040/1588 1026/6041/1588 811/6042/1588
f 1024/6043/1589 1027/6044/1589 1014/6045/1589
f 1026/6046/1590 1028/6047/1590 810/6048/1590
f 1020/6049/1591 1029/6050/1591 1024/6051/1591
f 598/6052/1592 1029/6053/1592 1025/6054/1592
f 595/6055/1593 1029/6056/1593 598/6057/1593
f 1025/6058/1594 1029/6059/1594 1020/6060/1594
f 1014/6061/1595 1030/6062/1595 1017/6063/1595
f 1027/6064/1596 1030/6065/1596 1014/6066/1596
f 810/6067/1597 944/6068/1597 813/6069/1597
f 1028/6070/1598 944/6071/1598 810/6072/1598
f 1024/6073/1599 1031/6074/1599 1027/6075/1599
f 1029/6076/1600 1031/6077/1600 1024/6078/1600
f 595/6079/1601 1031/6080/1601 1029/6081/1601
f 590/6082/1602 1031/6083/1602 595/6084/1602
f 1017/6085/1603 1032/6086/1603 1021/6087/1603
f 1030/6088/1604 1032/6089/1604 1017/6090/1604
f 813/6091/1605 946/6092/1605 817/6093/1605
f 944/6094/1606 946/6095/1606 813/6096/1606
f 1021/6097/1607 1033/6098/1607 1023/6099/1607
f 1032/6100/1608 1033/6101/1608 1021/6102/1608
f 1027/6103/1609 1034/6104/1609 1030/6105/1609
f 1031/6106/1610 1034/6107/1610 1027/6108/1610
f 590/6109/1611 1034/6110/1611 1031/6111/1611
f 586/6112/1612 1034/6113/1612 590/6114/1612
f 817/6115/1613 955/6116/1613 822/6117/1613
f 946/6118/1614 955/6119/1614 817/6120/1614
f 1023/6121/1615 1035/6122/1615 1026/6123/1615
f 1033/6124/1616 1035/6125/1616 1023/6126/1616
f 1030/6127/1617 1036/6128/1617 1032/6129/1617
f 1034/6130/1618 1036/6131/1618 1030/6132/1618
f 581/6133/1619 1036/6134/1619 586/6135/1619
f 586/6136/1620 1036/6137/1620 1034/6138/1620
f 822/6139/1621 956/6140/1621 821/6141/1621
f 955/6142/1622 956/6143/1622 822/6144/1622
f 1032/6145/1623 1037/6146/1623 1033/6147/1623
f 579/6148/1624 1037/6149/1624 581/6150/1624
f 1036/6151/1625 1037/6152/1625 1032/6153/1625
f 581/6154/1626 1037/6155/1626 1036/6156/1626
f 1026/6157/1627 953/6158/1627 1028/6159/1627
f 1035/6160/1628 953/6161/1628 1026/6162/1628
f 821/6163/1629 960/6164/1629 826/6165/1629
f 956/6166/1630 960/6167/1630 821/6168/1630
f 578/6169/1631 1038/6170/1631 579/6171/1631
f 1037/6172/1632 1038/6173/1632 1033/6174/1632
f 579/6175/1633 1038/6176/1633 1037/6177/1633
f 1033/6178/1634 1038/6179/1634 1035/6180/1634
f 1028/6181/1635 947/6182/1635 944/6183/1635
f 953/6184/1636 947/6185/1636 1028/6186/1636
f 826/6187/1637 950/6188/1637 834/6189/1637
f 960/6190/1638 950/6191/1638 826/6192/1638
f 577/6193/1639 951/6194/1639 578/6195/1639
f 1035/6196/1640 951/6197/1640 953/6198/1640
f 578/6199/1641 951/6200/1641 1038/6201/1641
f 1038/6202/1642 951/6203/1642 1035/6204/1642
f 1039/6205/1643 1040/6206/1643 1041/6207/1643
f 1039/6208/1644 1041/6209/1644 1042/6210/1644
f 1043/6211/1645 1042/6212/1645 1044/6213/1645
f 1043/6214/1645 1039/6215/1645 1042/6216/1645
f 1045/6217/1646 1046/6218/1646 1047/6219/1646
f 1045/6220/1647 1047/6221/1647 1048/6222/1647
f 1049/6223/1021 1044/6224/1021 1050/6225/1021
f 1049/6226/1021 1043/6227/1021 1044/6228/1021
f 1051/6229/1648 1048/6230/1648 1052/6231/1648
f 1053/6232/1649 1050/6233/1649 1054/6234/1649
f 1051/6235/1650 1045/6236/1650 1048/6237/1650
f 1053/6238/1651 1049/6239/1651 1050/6240/1651
f 1055/6241/1652 1052/6242/1652 1056/6243/1652
f 1057/6244/1653 1054/6245/1653 1058/6246/1653
f 1055/6247/1652 1051/6248/1652 1052/6249/1652
f 1057/6250/1654 1053/6251/1654 1054/6252/1654
f 1059/6253/1655 1056/6254/1655 1060/6255/1655
f 1061/6256/1656 1058/6257/1656 1062/6258/1656
f 1059/6259/1657 1055/6260/1657 1056/6261/1657
f 1061/6262/1658 1057/6263/1658 1058/6264/1658
f 1063/6265/1659 1060/6266/1659 1064/6267/1659
f 1065/6268/1660 1062/6269/1660 1066/6270/1660
f 1063/6271/1661 1059/6272/1661 1060/6273/1661
f 1065/6274/1660 1061/6275/1660 1062/6276/1660
f 1067/6277/1662 1066/6278/1662 1068/6279/1662
f 1067/6280/1663 1065/6281/1663 1066/6282/1663
f 1069/6283/1664 1064/6284/1664 1070/6285/1664
f 1046/6286/1665 1068/6287/1665 1047/6288/1665
f 1069/6289/1666 1063/6290/1666 1064/6291/1666
f 1046/6292/1667 1067/6293/1667 1068/6294/1667
f 1071/6295/1044 1070/6296/1044 1072/6297/1044
f 1071/6298/1044 1069/6299/1044 1070/6300/1044
f 1073/6301/1668 1072/6302/1668 1074/6303/1668
f 1073/6304/1668 1071/6305/1668 1072/6306/1668
f 1075/6307/1669 1074/6308/1669 1076/6309/1669
f 1075/6310/1670 1073/6311/1670 1074/6312/1670
f 1077/6313/1671 1076/6314/1671 1078/6315/1671
f 1077/6316/1672 1075/6317/1672 1076/6318/1672
f 1079/6319/1673 1077/6320/1673 1078/6321/1673
f 1079/6322/1673 1078/6323/1673 1080/6324/1673
f 1081/6325/1674 1079/6326/1674 1080/6327/1674
f 1081/6328/1674 1080/6329/1674 1082/6330/1674
f 1083/6331/1675 1081/6332/1675 1082/6333/1675
f 1083/6334/1676 1082/6335/1676 1084/6336/1676
f 1085/6337/1677 1083/6338/1677 1084/6339/1677
f 1085/6340/1678 1084/6341/1678 1086/6342/1678
f 1087/6343/1679 1085/6344/1679 1086/6345/1679
f 1087/6346/1679 1086/6347/1679 1088/6348/1679
f 1089/6349/1680 1087/6350/1680 1088/6351/1680
f 1089/6352/1680 1088/6353/1680 1090/6354/1680
f 1040/6355/1681 1089/6356/1681 1090/6357/1681
f 1040/6358/1682 1090/6359/1682 1041/6360/1682
f 1091/6361/1683 1080/6362/1683 1092/6363/1683
f 1091/6364/1684 1082/6365/1684 1080/6366/1684
f 1093/6367/1685 1094/6368/1685 1054/6369/1685
f 1093/6370/1686 1054/6371/1686 1050/6372/1686
f 1095/6373/1687 1082/6374/1687 1091/6375/1687
f 1056/6376/1688 1096/6377/1688 1097/6378/1688
f 1060/6379/1689 1097/6380/1689 1098/6381/1689
f 1060/6382/1690 1056/6383/1690 1097/6384/1690
f 1052/6385/1691 1099/6386/1691 1096/6387/1691
f 1052/6388/1692 1096/6389/1692 1056/6390/1692
f 1064/6391/1693 1098/6392/1693 1100/6393/1693
f 1101/6394/1694 1093/6395/1694 1050/6396/1694
f 1064/6397/1695 1060/6398/1695 1098/6399/1695
f 1048/6400/1696 1102/6401/1696 1099/6402/1696
f 1048/6403/1697 1099/6404/1697 1052/6405/1697
f 1103/6406/1698 1084/6407/1698 1082/6408/1698
f 1103/6409/1699 1082/6410/1699 1095/6411/1699
f 1104/6412/1700 1050/6413/1700 1044/6414/1700
f 1070/6415/1701 1100/6416/1701 1105/6417/1701
f 1104/6418/1702 1101/6419/1702 1050/6420/1702
f 1070/6421/1703 1064/6422/1703 1100/6423/1703
f 1106/6424/1704 1084/6425/1704 1103/6426/1704
f 1047/6427/1705 1107/6428/1705 1102/6429/1705
f 1106/6430/1706 1086/6431/1706 1084/6432/1706
f 1047/6433/1707 1102/6434/1707 1048/6435/1707
f 1108/6436/1708 1044/6437/1708 1042/6438/1708
f 1108/6439/1709 1104/6440/1709 1044/6441/1709
f 1072/6442/1710 1105/6443/1710 1109/6444/1710
f 1110/6445/1711 1086/6446/1711 1106/6447/1711
f 1072/6448/1712 1070/6449/1712 1105/6450/1712
f 1110/6451/1713 1088/6452/1713 1086/6453/1713
f 1068/6454/1714 1111/6455/1714 1107/6456/1714
f 1112/6457/1715 1042/6458/1715 1041/6459/1715
f 1068/6460/1716 1107/6461/1716 1047/6462/1716
f 1112/6463/1717 1108/6464/1717 1042/6465/1717
f 1113/6466/1718 1090/6467/1718 1088/6468/1718
f 1113/6469/1719 1088/6470/1719 1110/6471/1719
f 1074/6472/1720 1109/6473/1720 1114/6474/1720
f 1115/6475/1721 1112/6476/1721 1041/6477/1721
f 1115/6478/1722 1041/6479/1722 1090/6480/1722
f 1115/6481/1723 1090/6482/1723 1113/6483/1723
f 1074/6484/1724 1072/6485/1724 1109/6486/1724
f 1066/6487/1725 1116/6488/1725 1111/6489/1725
f 1066/6490/1726 1111/6491/1726 1068/6492/1726
f 1076/6493/1727 1114/6494/1727 1117/6495/1727
f 1076/6496/1728 1074/6497/1728 1114/6498/1728
f 1062/6499/1729 1116/6500/1729 1066/6501/1729
f 1118/6502/1730 1116/6503/1730 1062/6504/1730
f 1078/6505/1731 1076/6506/1731 1117/6507/1731
f 1092/6508/1732 1078/6509/1732 1117/6510/1732
f 1058/6511/1733 1118/6512/1733 1062/6513/1733
f 1080/6514/1734 1078/6515/1734 1092/6516/1734
f 1094/6517/1735 1118/6518/1735 1058/6519/1735
f 1054/6520/1736 1094/6521/1736 1058/6522/1736
f 1119/6523/100 1055/6524/100 1120/6525/100
f 1120/6526/1737 1055/6527/1737 1121/6528/1737
f 1121/6529/100 1055/6530/100 1122/6531/100
f 1055/6532/100 1059/6533/100 1122/6534/100
f 1122/6535/100 1059/6536/100 1123/6537/100
f 1123/6538/1738 1059/6539/1738 1124/6540/1738
f 1124/6541/100 1059/6542/100 1125/6543/100
f 1126/6544/1739 1051/6545/1739 1127/6546/1739
f 1127/6547/1740 1051/6548/1740 1128/6549/1740
f 1128/6550/100 1051/6551/100 1129/6552/100
f 1129/6553/1741 1051/6554/1741 1119/6555/1741
f 1119/6556/1742 1051/6557/1742 1055/6558/1742
f 1125/6559/100 1063/6560/100 1130/6561/100
f 1130/6562/100 1063/6563/100 1131/6564/100
f 1131/6565/1743 1063/6566/1743 1132/6567/1743
f 1132/6568/100 1063/6569/100 1133/6570/100
f 1059/6571/100 1063/6572/100 1125/6573/100
f 1134/6574/1744 1045/6575/1744 1135/6576/1744
f 1135/6577/1745 1045/6578/1745 1126/6579/1745
f 1126/6580/100 1045/6581/100 1051/6582/100
f 1063/6583/100 1069/6584/100 1133/6585/100
f 1133/6586/100 1069/6587/100 1136/6588/100
f 1136/6589/100 1069/6590/100 1137/6591/100
f 1138/6592/1746 1046/6593/1746 1139/6594/1746
f 1139/6595/100 1046/6596/100 1140/6597/100
f 1140/6598/100 1046/6599/100 1141/6600/100
f 1141/6601/100 1046/6602/100 1134/6603/100
f 1134/6604/100 1046/6605/100 1045/6606/100
f 1137/6607/100 1071/6608/100 1142/6609/100
f 1069/6610/100 1071/6611/100 1137/6612/100
f 1142/6613/100 1071/6614/100 1143/6615/100
f 1144/6616/100 1067/6617/100 1145/6618/100
f 1145/6619/100 1067/6620/100 1146/6621/100
f 1146/6622/100 1067/6623/100 1138/6624/100
f 1138/6625/100 1067/6626/100 1046/6627/100
f 1143/6628/1747 1073/6629/1747 1147/6630/1747
f 1147/6631/100 1073/6632/100 1148/6633/100
f 1148/6634/100 1073/6635/100 1149/6636/100
f 1071/6637/1748 1073/6638/1748 1143/6639/1748
f 1150/6640/100 1065/6641/100 1151/6642/100
f 1151/6643/1749 1065/6644/1749 1152/6645/1749
f 1152/6646/100 1065/6647/100 1144/6648/100
f 1144/6649/100 1065/6650/100 1067/6651/100
f 1149/6652/100 1075/6653/100 1153/6654/100
f 1153/6655/100 1075/6656/100 1154/6657/100
f 1073/6658/100 1075/6659/100 1149/6660/100
f 1075/6661/1750 1155/6662/1750 1154/6663/1750
f 1156/6664/1751 1061/6665/1751 1150/6666/1751
f 1150/6667/100 1061/6668/100 1065/6669/100
f 1156/6670/1752 1157/6671/1752 1061/6672/1752
f 1157/6673/100 1158/6674/100 1061/6675/100
f 1075/6676/1753 1077/6677/1753 1155/6678/1753
f 1155/6679/100 1077/6680/100 1159/6681/100
f 1077/6682/1754 1160/6683/1754 1159/6684/1754
f 1158/6685/1755 1057/6686/1755 1061/6687/1755
f 1077/6688/1756 1161/6689/1756 1160/6690/1756
f 1079/6691/1757 1161/6692/1757 1077/6693/1757
f 1079/6694/1758 1162/6695/1758 1161/6696/1758
f 1158/6697/100 1163/6698/100 1057/6699/100
f 1163/6700/100 1164/6701/100 1057/6702/100
f 1164/6703/100 1165/6704/100 1057/6705/100
f 1057/6706/1759 1165/6707/1759 1053/6708/1759
f 1079/6709/100 1166/6710/100 1162/6711/100
f 1079/6712/100 1167/6713/100 1166/6714/100
f 1165/6715/100 1168/6716/100 1053/6717/100
f 1168/6718/100 1169/6719/100 1053/6720/100
f 1079/6721/100 1170/6722/100 1167/6723/100
f 1081/6724/1760 1170/6725/1760 1079/6726/1760
f 1081/6727/1761 1171/6728/1761 1170/6729/1761
f 1169/6730/1762 1172/6731/1762 1053/6732/1762
f 1053/6733/100 1172/6734/100 1049/6735/100
f 1081/6736/100 1173/6737/100 1171/6738/100
f 1172/6739/1763 1174/6740/1763 1049/6741/1763
f 1081/6742/100 1175/6743/100 1173/6744/100
f 1083/6745/100 1175/6746/100 1081/6747/100
f 1174/6748/1764 1176/6749/1764 1049/6750/1764
f 1049/6751/100 1176/6752/100 1043/6753/100
f 1083/6754/100 1177/6755/100 1175/6756/100
f 1083/6757/1765 1178/6758/1765 1177/6759/1765
f 1176/6760/1766 1179/6761/1766 1043/6762/1766
f 1083/6763/100 1180/6764/100 1178/6765/100
f 1085/6766/100 1180/6767/100 1083/6768/100
f 1179/6769/100 1181/6770/100 1043/6771/100
f 1043/6772/100 1181/6773/100 1039/6774/100
f 1085/6775/100 1182/6776/100 1180/6777/100
f 1085/6778/100 1183/6779/100 1182/6780/100
f 1181/6781/1767 1184/6782/1767 1039/6783/1767
f 1085/6784/1768 1185/6785/1768 1183/6786/1768
f 1184/6787/1769 1186/6788/1769 1039/6789/1769
f 1085/6790/1770 1187/6791/1770 1185/6792/1770
f 1087/6793/100 1187/6794/100 1085/6795/100
f 1087/6796/1771 1188/6797/1771 1187/6798/1771
f 1186/6799/100 1189/6800/100 1039/6801/100
f 1039/6802/100 1189/6803/100 1040/6804/100
f 1189/6805/100 1190/6806/100 1040/6807/100
f 1087/6808/100 1191/6809/100 1188/6810/100
f 1040/6811/100 1192/6812/100 1089/6813/100
f 1190/6814/100 1192/6815/100 1040/6816/100
f 1089/6817/1772 1193/6818/1772 1087/6819/1772
f 1087/6820/1773 1193/6821/1773 1191/6822/1773
f 1089/6823/1774 1194/6824/1774 1193/6825/1774
f 1192/6826/100 1195/6827/100 1089/6828/100
f 1089/6829/1775 1195/6830/1775 1194/6831/1775
f 1196/6832/1776 1197/6833/1776 1198/6834/1776
f 1196/6835/1777 1198/6836/1777 1199/6837/1777
f 1196/6838/149 1199/6839/149 1200/6840/149
f 1196/6841/1778 1200/6842/1778 1201/6843/1778
f 1202/6844/149 1196/6845/149 1201/6846/149
f 1202/6847/1779 1201/6848/1779 1203/6849/1779
f 1202/6850/1780 1203/6851/1780 1204/6852/1780
f 1202/6853/1781 1204/6854/1781 1205/6855/1781
f 1206/6856/149 1207/6857/149 1208/6858/149
f 1206/6859/149 1208/6860/149 1209/6861/149
f 1206/6862/1782 1209/6863/1782 1197/6864/1782
f 1206/6865/149 1197/6866/149 1196/6867/149
f 1210/6868/1783 1202/6869/1783 1205/6870/1783
f 1210/6871/1784 1205/6872/1784 1211/6873/1784
f 1210/6874/1785 1211/6875/1785 1212/6876/1785
f 1213/6877/1786 1214/6878/1786 1215/6879/1786
f 1213/6880/1787 1215/6881/1787 1216/6882/1787
f 1213/6883/149 1216/6884/149 1207/6885/149
f 1213/6886/149 1207/6887/149 1206/6888/149
f 1217/6889/1788 1212/6890/1788 1218/6891/1788
f 1217/6892/1789 1218/6893/1789 1219/6894/1789
f 1217/6895/1790 1219/6896/1790 1220/6897/1790
f 1217/6898/149 1210/6899/149 1212/6900/149
f 1221/6901/1791 1214/6902/1791 1213/6903/1791
f 1221/6904/1792 1222/6905/1792 1223/6906/1792
f 1221/6907/149 1223/6908/149 1224/6909/149
f 1221/6910/149 1224/6911/149 1214/6912/149
f 1225/6913/1793 1220/6914/1793 1226/6915/1793
f 1225/6916/1794 1226/6917/1794 1227/6918/1794
f 1225/6919/1795 1227/6920/1795 1228/6921/1795
f 1225/6922/1796 1217/6923/1796 1220/6924/1796
f 1229/6925/149 1230/6926/149 1231/6927/149
f 1229/6928/1797 1231/6929/1797 1232/6930/1797
f 1229/6931/1798 1232/6932/1798 1222/6933/1798
f 1229/6934/1799 1222/6935/1799 1221/6936/1799
f 1233/6937/149 1225/6938/149 1228/6939/149
f 1233/6940/1800 1228/6941/1800 1234/6942/1800
f 1233/6943/1801 1234/6944/1801 1235/6945/1801
f 1233/6946/1802 1235/6947/1802 1236/6948/1802
f 1237/6949/1803 1238/6950/1803 1239/6951/1803
f 1237/6952/149 1239/6953/149 1230/6954/149
f 1237/6955/1804 1230/6956/1804 1229/6957/1804
f 1240/6958/149 1233/6959/149 1236/6960/149
f 1240/6961/1805 1236/6962/1805 1241/6963/1805
f 1240/6964/1806 1241/6965/1806 1242/6966/1806
f 1240/6967/1807 1242/6968/1807 1243/6969/1807
f 1244/6970/149 1245/6971/149 1238/6972/149
f 1244/6973/149 1238/6974/149 1237/6975/149
f 1246/6976/149 1245/6977/149 1244/6978/149
f 1247/6979/1808 1246/6980/1808 1244/6981/1808
f 1248/6982/1809 1243/6983/1809 1249/6984/1809
f 1248/6985/1810 1240/6986/1810 1243/6987/1810
f 1250/6988/1811 1248/6989/1811 1249/6990/1811
f 1251/6991/149 1247/6992/149 1244/6993/149
f 1252/6994/149 1247/6995/149 1251/6996/149
f 1253/6997/149 1248/6998/149 1250/6999/149
f 1254/7000/149 1248/7001/149 1253/7002/149
f 1255/7003/1812 1252/7004/1812 1251/7005/1812
f 1256/7006/149 1254/7007/149 1253/7008/149
f 1257/7009/149 1254/7010/149 1256/7011/149
f 1258/7012/1813 1255/7013/1813 1251/7014/1813
f 1258/7015/1814 1251/7016/1814 1259/7017/1814
f 1260/7018/149 1258/7019/149 1259/7020/149
f 1261/7021/149 1260/7022/149 1259/7023/149
f 1262/7024/149 1254/7025/149 1257/7026/149
f 1262/7027/1815 1263/7028/1815 1254/7029/1815
f 1264/7030/149 1263/7031/149 1262/7032/149
f 1265/7033/149 1261/7034/149 1259/7035/149
f 1265/7036/149 1259/7037/149 1266/7038/149
f 1267/7039/149 1263/7040/149 1264/7041/149
f 1268/7042/149 1265/7043/149 1266/7044/149
f 1269/7045/149 1263/7046/149 1267/7047/149
f 1270/7048/1816 1271/7049/1816 1263/7050/1816
f 1270/7051/149 1263/7052/149 1269/7053/149
f 1272/7054/149 1268/7055/149 1266/7056/149
f 1273/7057/149 1271/7058/149 1270/7059/149
f 1274/7060/1817 1271/7061/1817 1273/7062/1817
f 1275/7063/1818 1272/7064/1818 1266/7065/1818
f 1275/7066/1819 1266/7067/1819 1276/7068/1819
f 1277/7069/149 1275/7070/149 1276/7071/149
f 1278/7072/1820 1271/7073/1820 1274/7074/1820
f 1278/7075/1821 1279/7076/1821 1271/7077/1821
f 1280/7078/149 1277/7079/149 1276/7080/149
f 1280/7081/1822 1276/7082/1822 1281/7083/1822
f 1282/7084/1823 1279/7085/1823 1278/7086/1823
f 1283/7087/1824 1279/7088/1824 1282/7089/1824
f 1284/7090/149 1280/7091/149 1281/7092/149
f 1285/7093/149 1279/7094/149 1283/7095/149
f 1285/7096/149 1286/7097/149 1279/7098/149
f 1287/7099/149 1284/7100/149 1281/7101/149
f 1288/7102/149 1287/7103/149 1281/7104/149
f 1288/7105/1825 1281/7106/1825 1289/7107/1825
f 1290/7108/149 1286/7109/149 1285/7110/149
f 1291/7111/149 1286/7112/149 1290/7113/149
f 1292/7114/149 1288/7115/149 1289/7116/149
f 1293/7117/1826 1292/7118/1826 1289/7119/1826
f 1294/7120/1827 1295/7121/1827 1286/7122/1827
f 1294/7123/149 1286/7124/149 1291/7125/149
f 1296/7126/1828 1295/7127/1828 1294/7128/1828
f 1297/7129/1829 1295/7130/1829 1296/7131/1829
f 1297/7132/1830 1289/7133/1830 1295/7134/1830
f 1297/7135/149 1293/7136/149 1289/7137/149
f 1233/7138/1831 1298/7139/1831 1299/7140/1831
f 1233/7141/1831 1240/7142/1831 1298/7143/1831
f 1225/7144/1832 1299/7145/1832 1300/7146/1832
f 1225/7147/1833 1233/7148/1833 1299/7149/1833
f 1229/7150/1834 1301/7151/1834 1302/7152/1834
f 1217/7153/1835 1300/7154/1835 1303/7155/1835
f 1229/7156/1836 1221/7157/1836 1301/7158/1836
f 1217/7159/1837 1225/7160/1837 1300/7161/1837
f 1237/7162/1838 1302/7163/1838 1304/7164/1838
f 1210/7165/1839 1303/7166/1839 1305/7167/1839
f 1237/7168/1840 1229/7169/1840 1302/7170/1840
f 1210/7171/1839 1217/7172/1839 1303/7173/1839
f 1244/7174/1841 1304/7175/1841 1306/7176/1841
f 1202/7177/1842 1305/7178/1842 1307/7179/1842
f 1244/7180/1843 1237/7181/1843 1304/7182/1843
f 1202/7183/1844 1210/7184/1844 1305/7185/1844
f 1251/7186/1845 1306/7187/1845 1308/7188/1845
f 1196/7189/1846 1307/7190/1846 1309/7191/1846
f 1251/7192/1847 1244/7193/1847 1306/7194/1847
f 1196/7195/1848 1202/7196/1848 1307/7197/1848
f 1259/7198/1849 1308/7199/1849 1310/7200/1849
f 1206/7201/1850 1309/7202/1850 1311/7203/1850
f 1259/7204/1851 1251/7205/1851 1308/7206/1851
f 1206/7207/1852 1196/7208/1852 1309/7209/1852
f 1213/7210/1853 1312/7211/1853 1301/7212/1853
f 1213/7213/1854 1311/7214/1854 1312/7215/1854
f 1213/7216/1854 1206/7217/1854 1311/7218/1854
f 1266/7219/1855 1310/7220/1855 1313/7221/1855
f 1221/7222/1856 1213/7223/1856 1301/7224/1856
f 1266/7225/1857 1259/7226/1857 1310/7227/1857
f 1276/7228/1858 1313/7229/1858 1314/7230/1858
f 1276/7231/1859 1266/7232/1859 1313/7233/1859
f 1281/7234/1860 1314/7235/1860 1315/7236/1860
f 1281/7237/1860 1276/7238/1860 1314/7239/1860
f 1289/7240/1861 1315/7241/1861 1316/7242/1861
f 1289/7243/1861 1281/7244/1861 1315/7245/1861
f 1295/7246/1862 1316/7247/1862 1317/7248/1862
f 1295/7249/1862 1289/7250/1862 1316/7251/1862
f 1286/7252/1863 1295/7253/1863 1317/7254/1863
f 1286/7255/1864 1317/7256/1864 1318/7257/1864
f 1279/7258/1865 1286/7259/1865 1318/7260/1865
f 1279/7261/1865 1318/7262/1865 1319/7263/1865
f 1271/7264/1866 1279/7265/1866 1319/7266/1866
f 1271/7267/1867 1319/7268/1867 1320/7269/1867
f 1263/7270/1868 1320/7271/1868 1321/7272/1868
f 1263/7273/1869 1271/7274/1869 1320/7275/1869
f 1254/7276/1870 1321/7277/1870 1322/7278/1870
f 1254/7279/1871 1263/7280/1871 1321/7281/1871
f 1248/7282/1872 1322/7283/1872 1323/7284/1872
f 1248/7285/1873 1254/7286/1873 1322/7287/1873
f 1240/7288/1874 1323/7289/1874 1298/7290/1874
f 1240/7291/1875 1248/7292/1875 1323/7293/1875
f 1322/7294/100 1324/7295/100 1325/7296/100
f 1321/7297/100 1324/7298/100 1322/7299/100
f 1326/7300/100 1327/7301/100 1308/7302/100
f 1308/7303/1876 1327/7304/1876 1310/7305/1876
f 1321/7306/1877 1328/7307/1877 1324/7308/1877
f 1329/7309/100 1309/7310/100 1330/7311/100
f 1330/7312/100 1307/7313/100 1331/7314/100
f 1309/7315/1878 1307/7316/1878 1330/7317/1878
f 1332/7318/1068 1311/7319/1068 1329/7320/1068
f 1329/7321/1879 1311/7322/1879 1309/7323/1879
f 1327/7324/1880 1333/7325/1880 1310/7326/1880
f 1331/7327/100 1305/7328/100 1334/7329/100
f 1310/7330/100 1333/7331/100 1313/7332/100
f 1307/7333/100 1305/7334/100 1331/7335/100
f 1320/7336/1881 1335/7337/1881 1321/7338/1881
f 1321/7339/100 1335/7340/100 1328/7341/100
f 1336/7342/100 1312/7343/100 1332/7344/100
f 1332/7345/100 1312/7346/100 1311/7347/100
f 1334/7348/100 1303/7349/100 1337/7350/100
f 1313/7351/1882 1338/7352/1882 1314/7353/1882
f 1333/7354/100 1338/7355/100 1313/7356/100
f 1305/7357/100 1303/7358/100 1334/7359/100
f 1320/7360/1883 1339/7361/1883 1335/7362/1883
f 1319/7363/1884 1339/7364/1884 1320/7365/1884
f 1340/7366/1885 1301/7367/1885 1341/7368/1885
f 1341/7369/100 1301/7370/100 1336/7371/100
f 1336/7372/1886 1301/7373/1886 1312/7374/1886
f 1318/7375/100 1342/7376/100 1319/7377/100
f 1337/7378/1887 1300/7379/1887 1343/7380/1887
f 1319/7381/100 1342/7382/100 1339/7383/100
f 1303/7384/1888 1300/7385/1888 1337/7386/1888
f 1314/7387/100 1344/7388/100 1315/7389/100
f 1338/7390/1889 1344/7391/1889 1314/7392/1889
f 1345/7393/1890 1302/7394/1890 1340/7395/1890
f 1318/7396/100 1346/7397/100 1342/7398/100
f 1340/7399/100 1302/7400/100 1301/7401/100
f 1315/7402/100 1347/7403/100 1316/7404/100
f 1344/7405/100 1347/7406/100 1315/7407/100
f 1318/7408/100 1348/7409/100 1346/7410/100
f 1343/7411/100 1299/7412/100 1349/7413/100
f 1317/7414/100 1348/7415/100 1318/7416/100
f 1349/7417/1891 1299/7418/1891 1350/7419/1891
f 1300/7420/100 1299/7421/100 1343/7422/100
f 1345/7423/1892 1304/7424/1892 1302/7425/1892
f 1316/7426/100 1351/7427/100 1317/7428/100
f 1347/7429/100 1351/7430/100 1316/7431/100
f 1317/7432/100 1351/7433/100 1348/7434/100
f 1350/7435/100 1298/7436/100 1352/7437/100
f 1299/7438/100 1298/7439/100 1350/7440/100
f 1345/7441/1893 1353/7442/1893 1304/7443/1893
f 1353/7444/100 1306/7445/100 1304/7446/100
f 1298/7447/100 1323/7448/100 1352/7449/100
f 1352/7450/100 1323/7451/100 1354/7452/100
f 1353/7453/100 1326/7454/100 1306/7455/100
f 1306/7456/100 1326/7457/100 1308/7458/100
f 1323/7459/1894 1325/7460/1894 1354/7461/1894
f 1322/7462/100 1325/7463/100 1323/7464/100
f 1297/7465/1895 1355/7466/1895 1293/7467/1895
f 1355/7468/1896 1356/7469/1896 1293/7470/1896
f 1293/7471/1897 1356/7472/1897 1292/7473/1897
f 1292/7474/1898 1356/7475/1898 1288/7476/1898
f 1288/7477/1899 1356/7478/1899 1287/7479/1899
f 1356/7480/1900 1357/7481/1900 1287/7482/1900
f 1287/7483/1901 1357/7484/1901 1284/7485/1901
f 1284/7486/1902 1357/7487/1902 1280/7488/1902
f 1357/7489/1903 1358/7490/1903 1280/7491/1903
f 1280/7492/1904 1358/7493/1904 1277/7494/1904
f 1277/7495/1905 1358/7496/1905 1275/7497/1905
f 1275/7498/1906 1358/7499/1906 1272/7500/1906
f 1358/7501/1907 1359/7502/1907 1272/7503/1907
f 1272/7504/1908 1359/7505/1908 1268/7506/1908
f 1268/7507/1909 1359/7508/1909 1265/7509/1909
f 1359/7510/1910 1360/7511/1910 1265/7512/1910
f 1265/7513/1911 1360/7514/1911 1261/7515/1911
f 1261/7516/1912 1360/7517/1912 1260/7518/1912
f 1260/7519/1913 1360/7520/1913 1258/7521/1913
f 1258/7522/1914 1361/7523/1914 1255/7524/1914
f 1255/7525/1915 1361/7526/1915 1252/7527/1915
f 1360/7528/1916 1361/7529/1916 1258/7530/1916
f 1252/7531/1917 1362/7532/1917 1247/7533/1917
f 1247/7534/1918 1362/7535/1918 1246/7536/1918
f 1246/7537/1919 1362/7538/1919 1245/7539/1919
f 1361/7540/1920 1362/7541/1920 1252/7542/1920
f 1245/7543/1921 1363/7544/1921 1238/7545/1921
f 1238/7546/1922 1363/7547/1922 1239/7548/1922
f 1239/7549/1923 1363/7550/1923 1230/7551/1923
f 1362/7552/1924 1363/7553/1924 1245/7554/1924
f 1230/7555/1925 1364/7556/1925 1231/7557/1925
f 1363/7558/1926 1364/7559/1926 1230/7560/1926
f 1231/7561/1927 1364/7562/1927 1232/7563/1927
f 1232/7564/1928 1364/7565/1928 1222/7566/1928
f 1222/7567/1929 1365/7568/1929 1223/7569/1929
f 1223/7570/1930 1365/7571/1930 1224/7572/1930
f 1224/7573/1931 1365/7574/1931 1214/7575/1931
f 1364/7576/1932 1365/7577/1932 1222/7578/1932
f 1214/7579/1933 1366/7580/1933 1215/7581/1933
f 1215/7582/1934 1366/7583/1934 1216/7584/1934
f 1365/7585/1935 1366/7586/1935 1214/7587/1935
f 1216/7588/1936 1367/7589/1936 1207/7590/1936
f 1207/7591/1937 1367/7592/1937 1208/7593/1937
f 1208/7594/1938 1367/7595/1938 1209/7596/1938
f 1366/7597/1939 1367/7598/1939 1216/7599/1939
f 1209/7600/1940 1368/7601/1940 1197/7602/1940
f 1197/7603/1941 1368/7604/1941 1198/7605/1941
f 1198/7606/1942 1368/7607/1942 1199/7608/1942
f 1367/7609/1943 1368/7610/1943 1209/7611/1943
f 1368/7612/1944 1369/7613/1944 1199/7614/1944
f 1199/7615/1945 1369/7616/1945 1200/7617/1945
f 1200/7618/1946 1369/7619/1946 1201/7620/1946
f 1369/7621/1947 1370/7622/1947 1201/7623/1947
f 1201/7624/1948 1370/7625/1948 1203/7626/1948
f 1203/7627/1949 1370/7628/1949 1204/7629/1949
f 1204/7630/1950 1370/7631/1950 1205/7632/1950
f 1370/7633/1951 1371/7634/1951 1205/7635/1951
f 1205/7636/1952 1371/7637/1952 1211/7638/1952
f 1211/7639/1953 1371/7640/1953 1212/7641/1953
f 1212/7642/1954 1371/7643/1954 1218/7644/1954
f 1371/7645/1955 1372/7646/1955 1218/7647/1955
f 1218/7648/1956 1372/7649/1956 1219/7650/1956
f 1219/7651/1957 1372/7652/1957 1220/7653/1957
f 1372/7654/1958 1373/7655/1958 1220/7656/1958
f 1220/7657/1959 1373/7658/1959 1226/7659/1959
f 1226/7660/1960 1373/7661/1960 1227/7662/1960
f 1373/7663/1961 1374/7664/1961 1227/7665/1961
f 1227/7666/1962 1374/7667/1962 1228/7668/1962
f 1228/7669/1963 1374/7670/1963 1234/7671/1963
f 1374/7672/1964 1375/7673/1964 1234/7674/1964
f 1234/7675/1965 1375/7676/1965 1235/7677/1965
f 1235/7678/1966 1375/7679/1966 1236/7680/1966
f 1236/7681/1967 1375/7682/1967 1241/7683/1967
f 1375/7684/1968 1376/7685/1968 1241/7686/1968
f 1241/7687/1969 1376/7688/1969 1242/7689/1969
f 1242/7690/1970 1376/7691/1970 1243/7692/1970
f 1376/7693/1971 1377/7694/1971 1243/7695/1971
f 1243/7696/1972 1377/7697/1972 1249/7698/1972
f 1249/7699/1973 1377/7700/1973 1250/7701/1973
f 1250/7702/1974 1377/7703/1974 1253/7704/1974
f 1377/7705/1975 1378/7706/1975 1253/7707/1975
f 1253/7708/1976 1378/7709/1976 1256/7710/1976
f 1256/7711/1977 1378/7712/1977 1257/7713/1977
f 1378/7714/1978 1379/7715/1978 1257/7716/1978
f 1257/7717/1979 1379/7718/1979 1262/7719/1979
f 1262/7720/1980 1379/7721/1980 1264/7722/1980
f 1264/7723/1981 1379/7724/1981 1267/7725/1981
f 1379/7726/1982 1380/7727/1982 1267/7728/1982
f 1267/7729/1983 1380/7730/1983 1269/7731/1983
f 1269/7732/1984 1380/7733/1984 1270/7734/1984
f 1270/7735/1985 1380/7736/1985 1273/7737/1985
f 1380/7738/1986 1381/7739/1986 1273/7740/1986
f 1273/7741/1987 1381/7742/1987 1274/7743/1987
f 1274/7744/1988 1381/7745/1988 1278/7746/1988
f 1278/7747/1989 1382/7748/1989 1282/7749/1989
f 1282/7750/1990 1382/7751/1990 1283/7752/1990
f 1283/7753/1991 1382/7754/1991 1285/7755/1991
f 1381/7756/1992 1382/7757/1992 1278/7758/1992
f 1285/7759/1993 1383/7760/1993 1290/7761/1993
f 1290/7762/1994 1383/7763/1994 1291/7764/1994
f 1382/7765/1995 1383/7766/1995 1285/7767/1995
f 1291/7768/1996 1384/7769/1996 1294/7770/1996
f 1294/7771/1997 1384/7772/1997 1296/7773/1997
f 1383/7774/1998 1384/7775/1998 1291/7776/1998
f 1384/7777/1999 1355/7778/1999 1296/7779/1999
f 1296/7780/2000 1355/7781/2000 1297/7782/2000
f 1376/7783/100 1355/7784/100 1384/7785/100
f 1376/7786/100 1384/7787/100 1377/7788/100
f 1370/7789/2001 1365/7790/2001 1364/7791/2001
f 1370/7792/2002 1366/7793/2002 1365/7794/2002
f 1370/7795/2003 1369/7796/2003 1366/7797/2003
f 1375/7798/2004 1356/7799/2004 1355/7800/2004
f 1375/7801/2005 1355/7802/2005 1376/7803/2005
f 1371/7804/2006 1361/7805/2006 1360/7806/2006
f 1371/7807/2007 1362/7808/2007 1361/7809/2007
f 1371/7810/2008 1363/7811/2008 1362/7812/2008
f 1371/7813/2009 1364/7814/2009 1363/7815/2009
f 1371/7816/2010 1370/7817/2010 1364/7818/2010
f 1374/7819/2011 1357/7820/2011 1356/7821/2011
f 1374/7822/100 1356/7823/100 1375/7824/100
f 1372/7825/2012 1359/7826/2012 1358/7827/2012
f 1372/7828/2013 1360/7829/2013 1359/7830/2013
f 1372/7831/100 1371/7832/100 1360/7833/100
f 1373/7834/2014 1358/7835/2014 1357/7836/2014
f 1373/7837/100 1357/7838/100 1374/7839/100
f 1373/7840/100 1372/7841/100 1358/7842/100
f 1379/7843/2015 1381/7844/2015 1380/7845/2015
f 1379/7846/100 1382/7847/100 1381/7848/100
f 1378/7849/2016 1383/7850/2016 1382/7851/2016
f 1378/7852/100 1382/7853/100 1379/7854/100
f 1377/7855/2017 1384/7856/2017 1383/7857/2017
f 1377/7858/100 1383/7859/100 1378/7860/100
f 1369/7861/2018 1367/7862/2018 1366/7863/2018
f 1369/7864/100 1368/7865/100 1367/7866/100
f 1195/7867/2019 1385/7868/2019 1194/7869/2019
f 1193/7870/2020 1386/7871/2020 1191/7872/2020
f 1194/7873/2021 1386/7874/2021 1193/7875/2021
f 1385/7876/2022 1386/7877/2022 1194/7878/2022
f 1386/7879/2023 1387/7880/2023 1191/7881/2023
f 1191/7882/2024 1388/7883/2024 1188/7884/2024
f 1387/7885/2025 1388/7886/2025 1191/7887/2025
f 1188/7888/2026 1389/7889/2026 1187/7890/2026
f 1388/7891/2027 1389/7892/2027 1188/7893/2027
f 1185/7894/2028 1390/7895/2028 1183/7896/2028
f 1187/7897/2029 1390/7898/2029 1185/7899/2029
f 1389/7900/2030 1390/7901/2030 1187/7902/2030
f 1390/7903/2031 1391/7904/2031 1183/7905/2031
f 1183/7906/2032 1392/7907/2032 1182/7908/2032
f 1391/7909/2033 1392/7910/2033 1183/7911/2033
f 1182/7912/2034 1393/7913/2034 1180/7914/2034
f 1392/7915/2035 1393/7916/2035 1182/7917/2035
f 1393/7918/2036 1394/7919/2036 1180/7920/2036
f 1180/7921/2037 1394/7922/2037 1178/7923/2037
f 1394/7924/2038 1395/7925/2038 1178/7926/2038
f 1177/7927/2039 1395/7928/2039 1175/7929/2039
f 1178/7930/2040 1395/7931/2040 1177/7932/2040
f 1395/7933/2041 1396/7934/2041 1175/7935/2041
f 1396/7936/2042 1397/7937/2042 1175/7938/2042
f 1175/7939/2043 1397/7940/2043 1173/7941/2043
f 1397/7942/2044 1398/7943/2044 1173/7944/2044
f 1171/7945/2045 1398/7946/2045 1170/7947/2045
f 1173/7948/2046 1398/7949/2046 1171/7950/2046
f 1398/7951/2047 1399/7952/2047 1170/7953/2047
f 1399/7954/2048 1400/7955/2048 1170/7956/2048
f 1167/7957/2049 1400/7958/2049 1166/7959/2049
f 1170/7960/2050 1400/7961/2050 1167/7962/2050
f 1400/7963/2051 1401/7964/2051 1166/7965/2051
f 1401/7966/2052 1402/7967/2052 1166/7968/2052
f 1166/7969/2053 1402/7970/2053 1162/7971/2053
f 1161/7972/2054 1403/7973/2054 1160/7974/2054
f 1162/7975/2055 1403/7976/2055 1161/7977/2055
f 1402/7978/2056 1403/7979/2056 1162/7980/2056
f 1403/7981/2057 1404/7982/2057 1160/7983/2057
f 1159/7984/2058 1405/7985/2058 1155/7986/2058
f 1160/7987/2059 1405/7988/2059 1159/7989/2059
f 1404/7990/2060 1405/7991/2060 1160/7992/2060
f 1155/7993/2061 1406/7994/2061 1154/7995/2061
f 1405/7996/2062 1406/7997/2062 1155/7998/2062
f 1406/7999/2063 1407/8000/2063 1154/8001/2063
f 1153/8002/2064 1408/8003/2064 1149/8004/2064
f 1154/8005/2065 1408/8006/2065 1153/8007/2065
f 1407/8008/2066 1408/8009/2066 1154/8010/2066
f 1149/8011/2067 1409/8012/2067 1148/8013/2067
f 1408/8014/2068 1409/8015/2068 1149/8016/2068
f 1409/8017/2069 1410/8018/2069 1148/8019/2069
f 1148/8020/2070 1411/8021/2070 1147/8022/2070
f 1410/8023/2071 1411/8024/2071 1148/8025/2071
f 1147/8026/2072 1412/8027/2072 1143/8028/2072
f 1411/8029/2073 1412/8030/2073 1147/8031/2073
f 1143/8032/2074 1413/8033/2074 1142/8034/2074
f 1412/8035/2075 1413/8036/2075 1143/8037/2075
f 1142/8038/2076 1414/8039/2076 1137/8040/2076
f 1413/8041/2077 1414/8042/2077 1142/8043/2077
f 1137/8044/2078 1415/8045/2078 1136/8046/2078
f 1414/8047/2079 1415/8048/2079 1137/8049/2079
f 1415/8050/2080 1416/8051/2080 1136/8052/2080
f 1136/8053/2081 1417/8054/2081 1133/8055/2081
f 1416/8056/2082 1417/8057/2082 1136/8058/2082
f 1132/8059/2083 1418/8060/2083 1131/8061/2083
f 1133/8062/2084 1418/8063/2084 1132/8064/2084
f 1417/8065/2085 1418/8066/2085 1133/8067/2085
f 1131/8068/2086 1419/8069/2086 1130/8070/2086
f 1418/8071/2087 1419/8072/2087 1131/8073/2087
f 1419/8074/2088 1420/8075/2088 1130/8076/2088
f 1130/8077/2089 1420/8078/2089 1125/8079/2089
f 1420/8080/2090 1421/8081/2090 1125/8082/2090
f 1125/8083/2091 1421/8084/2091 1124/8085/2091
f 1421/8086/2092 1422/8087/2092 1124/8088/2092
f 1124/8089/2093 1422/8090/2093 1123/8091/2093
f 1422/8092/2094 1423/8093/2094 1123/8094/2094
f 1123/8095/2095 1423/8096/2095 1122/8097/2095
f 1423/8098/2096 1424/8099/2096 1122/8100/2096
f 1121/8101/2097 1424/8102/2097 1120/8103/2097
f 1122/8104/2098 1424/8105/2098 1121/8106/2098
f 1424/8107/2099 1425/8108/2099 1120/8109/2099
f 1120/8110/2100 1425/8111/2100 1119/8112/2100
f 1425/8113/2101 1426/8114/2101 1119/8115/2101
f 1129/8116/2102 1427/8117/2102 1128/8118/2102
f 1119/8119/2103 1427/8120/2103 1129/8121/2103
f 1426/8122/2104 1427/8123/2104 1119/8124/2104
f 1427/8125/2105 1428/8126/2105 1128/8127/2105
f 1128/8128/2106 1428/8129/2106 1127/8130/2106
f 1428/8131/2107 1429/8132/2107 1127/8133/2107
f 1127/8134/2108 1429/8135/2108 1126/8136/2108
f 1126/8137/2109 1430/8138/2109 1135/8139/2109
f 1429/8140/2110 1430/8141/2110 1126/8142/2110
f 1135/8143/2111 1431/8144/2111 1134/8145/2111
f 1430/8146/2112 1431/8147/2112 1135/8148/2112
f 1134/8149/2113 1432/8150/2113 1141/8151/2113
f 1431/8152/2114 1432/8153/2114 1134/8154/2114
f 1140/8155/2115 1433/8156/2115 1139/8157/2115
f 1141/8158/2116 1433/8159/2116 1140/8160/2116
f 1432/8161/2117 1433/8162/2117 1141/8163/2117
f 1433/8164/2118 1434/8165/2118 1139/8166/2118
f 1139/8167/2119 1435/8168/2119 1138/8169/2119
f 1434/8170/2120 1435/8171/2120 1139/8172/2120
f 1138/8173/2121 1436/8174/2121 1146/8175/2121
f 1435/8176/2122 1436/8177/2122 1138/8178/2122
f 1146/8179/2123 1437/8180/2123 1145/8181/2123
f 1436/8182/2124 1437/8183/2124 1146/8184/2124
f 1144/8185/2125 1438/8186/2125 1152/8187/2125
f 1145/8188/2126 1438/8189/2126 1144/8190/2126
f 1437/8191/2127 1438/8192/2127 1145/8193/2127
f 1438/8194/2128 1439/8195/2128 1152/8196/2128
f 1152/8197/2129 1440/8198/2129 1151/8199/2129
f 1439/8200/2130 1440/8201/2130 1152/8202/2130
f 1150/8203/2131 1441/8204/2131 1156/8205/2131
f 1151/8206/2132 1441/8207/2132 1150/8208/2132
f 1440/8209/2133 1441/8210/2133 1151/8211/2133
f 1441/8212/2134 1442/8213/2134 1156/8214/2134
f 1157/8215/2135 1443/8216/2135 1158/8217/2135
f 1156/8218/2136 1443/8219/2136 1157/8220/2136
f 1442/8221/2137 1443/8222/2137 1156/8223/2137
f 1158/8224/2138 1444/8225/2138 1163/8226/2138
f 1443/8227/2139 1444/8228/2139 1158/8229/2139
f 1444/8230/2140 1445/8231/2140 1163/8232/2140
f 1164/8233/2141 1446/8234/2141 1165/8235/2141
f 1163/8236/2142 1446/8237/2142 1164/8238/2142
f 1445/8239/2143 1446/8240/2143 1163/8241/2143
f 1165/8242/2144 1447/8243/2144 1168/8244/2144
f 1446/8245/2145 1447/8246/2145 1165/8247/2145
f 1447/8248/2146 1448/8249/2146 1168/8250/2146
f 1169/8251/2147 1449/8252/2147 1172/8253/2147
f 1168/8254/2148 1449/8255/2148 1169/8256/2148
f 1448/8257/2149 1449/8258/2149 1168/8259/2149
f 1449/8260/2150 1450/8261/2150 1172/8262/2150
f 1172/8263/2151 1451/8264/2151 1174/8265/2151
f 1450/8266/2152 1451/8267/2152 1172/8268/2152
f 1174/8269/2153 1452/8270/2153 1176/8271/2153
f 1451/8272/2154 1452/8273/2154 1174/8274/2154
f 1452/8275/2155 1453/8276/2155 1176/8277/2155
f 1176/8278/2156 1454/8279/2156 1179/8280/2156
f 1453/8281/2157 1454/8282/2157 1176/8283/2157
f 1454/8284/2158 1455/8285/2158 1179/8286/2158
f 1179/8287/2159 1455/8288/2159 1181/8289/2159
f 1455/8290/2160 1456/8291/2160 1181/8292/2160
f 1181/8293/2161 1457/8294/2161 1184/8295/2161
f 1456/8296/2162 1457/8297/2162 1181/8298/2162
f 1457/8299/2163 1458/8300/2163 1184/8301/2163
f 1186/8302/2164 1458/8303/2164 1189/8304/2164
f 1184/8305/2165 1458/8306/2165 1186/8307/2165
f 1189/8308/2166 1459/8309/2166 1190/8310/2166
f 1458/8311/2167 1459/8312/2167 1189/8313/2167
f 1190/8314/2168 1460/8315/2168 1192/8316/2168
f 1459/8317/2169 1460/8318/2169 1190/8319/2169
f 1460/8320/2170 1461/8321/2170 1192/8322/2170
f 1192/8323/2171 1462/8324/2171 1195/8325/2171
f 1461/8326/2172 1462/8327/2172 1192/8328/2172
f 1462/8329/2173 1385/8330/2173 1195/8331/2173
f 1451/8332/149 1424/8333/149 1452/8334/149
f 1394/8335/2174 1398/8336/2174 1395/8337/2174
f 1425/8338/149 1424/8339/149 1451/8340/149
f 1395/8341/2175 1398/8342/2175 1397/8343/2175
f 1387/8344/2176 1405/8345/2176 1388/8346/2176
f 1431/8347/149 1430/8348/149 1446/8349/149
f 1446/8350/2177 1430/8351/2177 1447/8352/2177
f 1388/8353/2178 1405/8354/2178 1404/8355/2178
f 1436/8356/149 1435/8357/149 1442/8358/149
f 1424/8359/2179 1423/8360/2179 1452/8361/2179
f 1386/8362/149 1406/8363/149 1387/8364/149
f 1393/8365/149 1399/8366/149 1394/8367/149
f 1394/8368/2180 1399/8369/2180 1398/8370/2180
f 1387/8371/2181 1406/8372/2181 1405/8373/2181
f 1423/8374/149 1422/8375/149 1452/8376/149
f 1435/8377/149 1434/8378/149 1442/8379/149
f 1447/8380/149 1429/8381/149 1448/8382/149
f 1442/8383/2182 1434/8384/2182 1443/8385/2182
f 1386/8386/2183 1407/8387/2183 1406/8388/2183
f 1385/8389/149 1407/8390/149 1386/8391/149
f 1430/8392/149 1429/8393/149 1447/8394/149
f 1385/8395/2184 1408/8396/2184 1407/8397/2184
f 1392/8398/149 1400/8399/149 1393/8400/149
f 1393/8401/2185 1400/8402/2185 1399/8403/2185
f 1422/8404/149 1421/8405/149 1452/8406/149
f 1452/8407/149 1421/8408/149 1453/8409/149
f 1434/8410/149 1433/8411/149 1443/8412/149
f 1448/8413/149 1428/8414/149 1449/8415/149
f 1443/8416/2186 1433/8417/2186 1444/8418/2186
f 1444/8419/149 1433/8420/149 1445/8421/149
f 1421/8422/2187 1420/8423/2187 1453/8424/2187
f 1420/8425/2188 1419/8426/2188 1453/8427/2188
f 1429/8428/149 1428/8429/149 1448/8430/149
f 1453/8431/149 1419/8432/149 1454/8433/149
f 1392/8434/149 1401/8435/149 1400/8436/149
f 1439/8437/149 1438/8438/149 1440/8439/149
f 1440/8440/2189 1438/8441/2189 1441/8442/2189
f 1461/8443/149 1409/8444/149 1462/8445/149
f 1462/8446/149 1409/8447/149 1385/8448/149
f 1385/8449/149 1409/8450/149 1408/8451/149
f 1461/8452/2190 1410/8453/2190 1409/8454/2190
f 1449/8455/2191 1427/8456/2191 1450/8457/2191
f 1460/8458/149 1410/8459/149 1461/8460/149
f 1460/8461/2192 1411/8462/2192 1410/8463/2192
f 1428/8464/2193 1427/8465/2193 1449/8466/2193
f 1459/8467/149 1411/8468/149 1460/8469/149
f 1390/8470/2194 1402/8471/2194 1391/8472/2194
f 1391/8473/149 1402/8474/149 1392/8475/149
f 1419/8476/149 1418/8477/149 1454/8478/149
f 1454/8479/149 1417/8480/149 1455/8481/149
f 1418/8482/2195 1417/8483/2195 1454/8484/2195
f 1392/8485/2196 1402/8486/2196 1401/8487/2196
f 1459/8488/2197 1412/8489/2197 1411/8490/2197
f 1458/8491/2198 1412/8492/2198 1459/8493/2198
f 1389/8494/149 1403/8495/149 1390/8496/149
f 1395/8497/2199 1397/8498/2199 1396/8499/2199
f 1390/8500/2200 1403/8501/2200 1402/8502/2200
f 1438/8503/2201 1437/8504/2201 1441/8505/2201
f 1458/8506/2202 1413/8507/2202 1412/8508/2202
f 1457/8509/2203 1413/8510/2203 1458/8511/2203
f 1417/8512/2204 1416/8513/2204 1455/8514/2204
f 1433/8515/149 1432/8516/149 1445/8517/149
f 1455/8518/2205 1416/8519/2205 1456/8520/2205
f 1427/8521/149 1426/8522/149 1450/8523/149
f 1445/8524/2206 1432/8525/2206 1446/8526/2206
f 1416/8527/149 1415/8528/149 1456/8529/149
f 1457/8530/2207 1414/8531/2207 1413/8532/2207
f 1415/8533/149 1414/8534/149 1456/8535/149
f 1456/8536/149 1414/8537/149 1457/8538/149
f 1450/8539/149 1425/8540/149 1451/8541/149
f 1437/8542/2208 1436/8543/2208 1441/8544/2208
f 1432/8545/149 1431/8546/149 1446/8547/149
f 1441/8548/149 1436/8549/149 1442/8550/149
f 1426/8551/589 1425/8552/589 1450/8553/589
f 1388/8554/149 1404/8555/149 1389/8556/149
f 1389/8557/2209 1404/8558/2209 1403/8559/2209
f 1463/8560/2210 1464/8561/2210 1465/8562/2210
f 1353/8563/2211 1466/8564/2211 1326/8565/2211
f 1467/8566/2212 1348/8567/2212 1351/8568/2212
f 1468/8569/2213 1466/8570/2213 1353/8571/2213
f 1469/8572/2214 1470/8573/2214 1471/8574/2214
f 1099/8575/2215 1470/8576/2215 1096/8577/2215
f 1471/8578/2216 1470/8579/2216 1463/8580/2216
f 1096/8581/2217 1470/8582/2217 1469/8583/2217
f 1464/8584/2218 1472/8585/2218 1473/8586/2218
f 1473/8587/2219 1472/8588/2219 1474/8589/2219
f 1326/8590/2220 1475/8591/2220 1327/8592/2220
f 1326/8593/2221 1476/8594/2221 1475/8595/2221
f 1466/8596/2222 1476/8597/2222 1326/8598/2222
f 1472/8599/2223 1477/8600/2223 1474/8601/2223
f 1474/8602/2224 1477/8603/2224 1478/8604/2224
f 1470/8605/2225 1479/8606/2225 1463/8607/2225
f 1463/8608/2226 1479/8609/2226 1464/8610/2226
f 1099/8611/2227 1479/8612/2227 1470/8613/2227
f 1102/8614/2228 1479/8615/2228 1099/8616/2228
f 1327/8617/2229 1480/8618/2229 1333/8619/2229
f 1475/8620/2230 1480/8621/2230 1327/8622/2230
f 1476/8623/2231 1481/8624/2231 1475/8625/2231
f 1475/8626/2232 1481/8627/2232 1480/8628/2232
f 1472/8629/2233 1482/8630/2233 1477/8631/2233
f 1479/8632/2234 1482/8633/2234 1464/8634/2234
f 1102/8635/2235 1482/8636/2235 1479/8637/2235
f 1464/8638/2236 1482/8639/2236 1472/8640/2236
f 1115/8641/2237 1113/8642/2237 1483/8643/2237
f 1107/8644/2238 1482/8645/2238 1102/8646/2238
f 1477/8647/2239 1484/8648/2239 1478/8649/2239
f 1478/8650/2240 1484/8651/2240 1485/8652/2240
f 1333/8653/2241 1486/8654/2241 1338/8655/2241
f 1480/8656/2242 1486/8657/2242 1333/8658/2242
f 1107/8659/2243 1487/8660/2243 1482/8661/2243
f 1111/8662/2244 1487/8663/2244 1107/8664/2244
f 1477/8665/2245 1487/8666/2245 1484/8667/2245
f 1482/8668/2246 1487/8669/2246 1477/8670/2246
f 1481/8671/2247 1488/8672/2247 1480/8673/2247
f 1480/8674/2248 1488/8675/2248 1486/8676/2248
f 1485/8677/2249 1489/8678/2249 1468/8679/2249
f 1484/8680/2250 1489/8681/2250 1485/8682/2250
f 1338/8683/2251 1490/8684/2251 1344/8685/2251
f 1486/8686/2252 1490/8687/2252 1338/8688/2252
f 1487/8689/2253 1491/8690/2253 1484/8691/2253
f 1111/8692/2254 1491/8693/2254 1487/8694/2254
f 1116/8695/2255 1491/8696/2255 1111/8697/2255
f 1486/8698/2256 1492/8699/2256 1490/8700/2256
f 1488/8701/2257 1492/8702/2257 1486/8703/2257
f 1489/8704/2258 1493/8705/2258 1468/8706/2258
f 1468/8707/2259 1493/8708/2259 1466/8709/2259
f 1344/8710/2260 1494/8711/2260 1347/8712/2260
f 1467/8713/2261 1494/8714/2261 1495/8715/2261
f 1490/8716/2262 1494/8717/2262 1344/8718/2262
f 1347/8719/2263 1494/8720/2263 1467/8721/2263
f 1491/8722/2264 1496/8723/2264 1484/8724/2264
f 1484/8725/2265 1496/8726/2265 1489/8727/2265
f 1118/8728/2266 1496/8729/2266 1116/8730/2266
f 1116/8731/2267 1496/8732/2267 1491/8733/2267
f 1495/8734/2268 1497/8735/2268 1498/8736/2268
f 1498/8737/2269 1497/8738/2269 1492/8739/2269
f 1492/8740/2270 1497/8741/2270 1490/8742/2270
f 1494/8743/2271 1497/8744/2271 1495/8745/2271
f 1490/8746/2272 1497/8747/2272 1494/8748/2272
f 1493/8749/2273 1499/8750/2273 1466/8751/2273
f 1466/8752/2274 1499/8753/2274 1476/8754/2274
f 1094/8755/2275 1500/8756/2275 1118/8757/2275
f 1489/8758/2276 1500/8759/2276 1493/8760/2276
f 1496/8761/2277 1500/8762/2277 1489/8763/2277
f 1118/8764/2278 1500/8765/2278 1496/8766/2278
f 1476/8767/2279 1501/8768/2279 1481/8769/2279
f 1499/8770/2280 1501/8771/2280 1476/8772/2280
f 1093/8773/2281 1502/8774/2281 1094/8775/2281
f 1094/8776/2282 1502/8777/2282 1500/8778/2282
f 1500/8779/2283 1502/8780/2283 1493/8781/2283
f 1499/8782/2284 1502/8783/2284 1501/8784/2284
f 1493/8785/2285 1502/8786/2285 1499/8787/2285
f 1501/8788/2286 1503/8789/2286 1481/8790/2286
f 1481/8791/2287 1503/8792/2287 1488/8793/2287
f 1101/8794/2288 1504/8795/2288 1093/8796/2288
f 1093/8797/2289 1504/8798/2289 1502/8799/2289
f 1502/8800/2290 1504/8801/2290 1501/8802/2290
f 1488/8803/2291 1505/8804/2291 1492/8805/2291
f 1492/8806/2292 1505/8807/2292 1498/8808/2292
f 1503/8809/2293 1505/8810/2293 1488/8811/2293
f 1501/8812/2294 1506/8813/2294 1503/8814/2294
f 1104/8815/2295 1506/8816/2295 1101/8817/2295
f 1504/8818/2296 1506/8819/2296 1501/8820/2296
f 1101/8821/2297 1506/8822/2297 1504/8823/2297
f 1505/8824/2298 1507/8825/2298 1498/8826/2298
f 1508/8827/2299 1507/8828/2299 1483/8829/2299
f 1498/8830/2300 1507/8831/2300 1508/8832/2300
f 1112/8833/2301 1509/8834/2301 1108/8835/2301
f 1108/8836/2302 1509/8837/2302 1104/8838/2302
f 1506/8839/2303 1509/8840/2303 1503/8841/2303
f 1104/8842/2304 1509/8843/2304 1506/8844/2304
f 1503/8845/2305 1509/8846/2305 1505/8847/2305
f 1505/8848/2306 1510/8849/2306 1507/8850/2306
f 1483/8851/2307 1510/8852/2307 1115/8853/2307
f 1115/8854/2308 1510/8855/2308 1112/8856/2308
f 1112/8857/2309 1510/8858/2309 1509/8859/2309
f 1509/8860/2310 1510/8861/2310 1505/8862/2310
f 1507/8863/2311 1510/8864/2311 1483/8865/2311
f 1347/8866/2312 1467/8867/2312 1351/8868/2312
f 1495/8869/2313 1511/8870/2313 1467/8871/2313
f 1348/8872/2314 1511/8873/2314 1346/8874/2314
f 1467/8875/2315 1511/8876/2315 1348/8877/2315
f 1498/8878/2316 1512/8879/2316 1495/8880/2316
f 1495/8881/2317 1512/8882/2317 1511/8883/2317
f 1346/8884/2318 1513/8885/2318 1342/8886/2318
f 1511/8887/2319 1513/8888/2319 1346/8889/2319
f 1512/8890/2320 1514/8891/2320 1511/8892/2320
f 1511/8893/2321 1514/8894/2321 1513/8895/2321
f 1498/8896/2322 1514/8897/2322 1512/8898/2322
f 1342/8899/2323 1515/8900/2323 1339/8901/2323
f 1513/8902/2324 1515/8903/2324 1342/8904/2324
f 1514/8905/2325 1516/8906/2325 1513/8907/2325
f 1513/8908/2326 1516/8909/2326 1515/8910/2326
f 1335/8911/2327 1517/8912/2327 1328/8913/2327
f 1339/8914/2328 1517/8915/2328 1335/8916/2328
f 1515/8917/2329 1517/8918/2329 1339/8919/2329
f 1516/8920/2330 1518/8921/2330 1515/8922/2330
f 1515/8923/2331 1518/8924/2331 1517/8925/2331
f 1328/8926/2332 1519/8927/2332 1324/8928/2332
f 1517/8929/2333 1519/8930/2333 1328/8931/2333
f 1518/8932/2334 1520/8933/2334 1517/8934/2334
f 1517/8935/2335 1520/8936/2335 1519/8937/2335
f 1324/8938/2336 1521/8939/2336 1325/8940/2336
f 1519/8941/2337 1521/8942/2337 1324/8943/2337
f 1519/8944/2338 1522/8945/2338 1521/8946/2338
f 1520/8947/2339 1522/8948/2339 1519/8949/2339
f 1483/8950/2340 1523/8951/2340 1508/8952/2340
f 1508/8953/2341 1523/8954/2341 1498/8955/2341
f 1113/8956/2342 1523/8957/2342 1483/8958/2342
f 1110/8959/2343 1523/8960/2343 1113/8961/2343
f 1354/8962/2344 1524/8963/2344 1352/8964/2344
f 1325/8965/2345 1524/8966/2345 1354/8967/2345
f 1521/8968/2346 1524/8969/2346 1325/8970/2346
f 1498/8971/2347 1525/8972/2347 1514/8973/2347
f 1106/8974/2348 1525/8975/2348 1110/8976/2348
f 1523/8977/2349 1525/8978/2349 1498/8979/2349
f 1110/8980/2350 1525/8981/2350 1523/8982/2350
f 1521/8983/2351 1526/8984/2351 1524/8985/2351
f 1522/8986/2352 1526/8987/2352 1521/8988/2352
f 1106/8989/2353 1527/8990/2353 1525/8991/2353
f 1525/8992/2354 1527/8993/2354 1514/8994/2354
f 1514/8995/2355 1527/8996/2355 1516/8997/2355
f 1103/8998/2356 1527/8999/2356 1106/9000/2356
f 1350/9001/2357 1528/9002/2357 1349/9003/2357
f 1352/9004/2358 1528/9005/2358 1350/9006/2358
f 1524/9007/2359 1528/9008/2359 1352/9009/2359
f 1527/9010/2360 1529/9011/2360 1516/9012/2360
f 1516/9013/2361 1529/9014/2361 1518/9015/2361
f 1103/9016/2362 1529/9017/2362 1527/9018/2362
f 1524/9019/2363 1530/9020/2363 1528/9021/2363
f 1526/9022/2364 1530/9023/2364 1524/9024/2364
f 1518/9025/2365 1531/9026/2365 1520/9027/2365
f 1529/9028/2366 1531/9029/2366 1518/9030/2366
f 1349/9031/2367 1532/9032/2367 1343/9033/2367
f 1528/9034/2368 1532/9035/2368 1349/9036/2368
f 1528/9037/2369 1533/9038/2369 1532/9039/2369
f 1530/9040/2370 1533/9041/2370 1528/9042/2370
f 1343/9043/2371 1534/9044/2371 1337/9045/2371
f 1532/9046/2372 1534/9047/2372 1343/9048/2372
f 1520/9049/2373 1535/9050/2373 1522/9051/2373
f 1531/9052/2374 1535/9053/2374 1520/9054/2374
f 1533/9055/2375 1536/9056/2375 1532/9057/2375
f 1532/9058/2376 1536/9059/2376 1534/9060/2376
f 1095/9061/2377 1537/9062/2377 1103/9063/2377
f 1529/9064/2378 1537/9065/2378 1531/9066/2378
f 1103/9067/2379 1537/9068/2379 1529/9069/2379
f 1334/9070/2380 1538/9071/2380 1331/9072/2380
f 1337/9073/2381 1538/9074/2381 1334/9075/2381
f 1534/9076/2382 1538/9077/2382 1337/9078/2382
f 1522/9079/2383 1539/9080/2383 1526/9081/2383
f 1535/9082/2384 1539/9083/2384 1522/9084/2384
f 1538/9085/2385 1540/9086/2385 1331/9087/2385
f 1534/9088/2386 1540/9089/2386 1538/9090/2386
f 1536/9091/2387 1540/9092/2387 1534/9093/2387
f 1095/9094/2388 1541/9095/2388 1537/9096/2388
f 1531/9097/2389 1541/9098/2389 1535/9099/2389
f 1092/9100/2390 1541/9101/2390 1091/9102/2390
f 1091/9103/2391 1541/9104/2391 1095/9105/2391
f 1537/9106/2392 1541/9107/2392 1531/9108/2392
f 1331/9109/2393 1542/9110/2393 1330/9111/2393
f 1540/9112/2394 1542/9113/2394 1331/9114/2394
f 1539/9115/2395 1543/9116/2395 1526/9117/2395
f 1526/9118/2396 1543/9119/2396 1530/9120/2396
f 1535/9121/2397 1544/9122/2397 1539/9123/2397
f 1092/9124/2398 1544/9125/2398 1541/9126/2398
f 1541/9127/2399 1544/9128/2399 1535/9129/2399
f 1117/9130/2400 1544/9131/2400 1092/9132/2400
f 1330/9133/2401 1545/9134/2401 1329/9135/2401
f 1542/9136/2402 1545/9137/2402 1330/9138/2402
f 1543/9139/2403 1546/9140/2403 1530/9141/2403
f 1530/9142/2404 1546/9143/2404 1533/9144/2404
f 1545/9145/2405 1547/9146/2405 1329/9147/2405
f 1543/9148/2406 1548/9149/2406 1546/9150/2406
f 1539/9151/2407 1548/9152/2407 1543/9153/2407
f 1117/9154/2408 1548/9155/2408 1544/9156/2408
f 1114/9157/2409 1548/9158/2409 1117/9159/2409
f 1544/9160/2410 1548/9161/2410 1539/9162/2410
f 1546/9163/2411 1549/9164/2411 1533/9165/2411
f 1533/9166/2412 1549/9167/2412 1536/9168/2412
f 1329/9169/2413 1465/9170/2413 1332/9171/2413
f 1547/9172/2414 1465/9173/2414 1329/9174/2414
f 1548/9175/2415 1550/9176/2415 1546/9177/2415
f 1546/9178/2416 1550/9179/2416 1549/9180/2416
f 1114/9181/2417 1550/9182/2417 1548/9183/2417
f 1109/9184/2418 1550/9185/2418 1114/9186/2418
f 1536/9187/2419 1551/9188/2419 1540/9189/2419
f 1549/9190/2420 1551/9191/2420 1536/9192/2420
f 1332/9193/2421 1473/9194/2421 1336/9195/2421
f 1465/9196/2422 1473/9197/2422 1332/9198/2422
f 1540/9199/2423 1552/9200/2423 1542/9201/2423
f 1551/9202/2424 1552/9203/2424 1540/9204/2424
f 1550/9205/2425 1553/9206/2425 1549/9207/2425
f 1109/9208/2426 1553/9209/2426 1550/9210/2426
f 1105/9211/2427 1553/9212/2427 1109/9213/2427
f 1336/9214/2428 1474/9215/2428 1341/9216/2428
f 1473/9217/2429 1474/9218/2429 1336/9219/2429
f 1542/9220/2430 1554/9221/2430 1545/9222/2430
f 1552/9223/2431 1554/9224/2431 1542/9225/2431
f 1549/9226/2432 1555/9227/2432 1551/9228/2432
f 1553/9229/2433 1555/9230/2433 1549/9231/2433
f 1100/9232/2434 1555/9233/2434 1105/9234/2434
f 1105/9235/2435 1555/9236/2435 1553/9237/2435
f 1551/9238/2436 1555/9239/2436 1552/9240/2436
f 1341/9241/2437 1478/9242/2437 1340/9243/2437
f 1474/9244/2438 1478/9245/2438 1341/9246/2438
f 1098/9247/2439 1556/9248/2439 1100/9249/2439
f 1100/9250/2440 1556/9251/2440 1555/9252/2440
f 1555/9253/2441 1556/9254/2441 1552/9255/2441
f 1545/9256/2442 1471/9257/2442 1547/9258/2442
f 1554/9259/2443 1471/9260/2443 1545/9261/2443
f 1340/9262/2444 1485/9263/2444 1345/9264/2444
f 1478/9265/2445 1485/9266/2445 1340/9267/2445
f 1097/9268/2446 1557/9269/2446 1098/9270/2446
f 1554/9271/2447 1557/9272/2447 1471/9273/2447
f 1098/9274/2448 1557/9275/2448 1556/9276/2448
f 1552/9277/2449 1557/9278/2449 1554/9279/2449
f 1556/9280/2450 1557/9281/2450 1552/9282/2450
f 1547/9283/2451 1463/9284/2451 1465/9285/2451
f 1471/9286/2452 1463/9287/2452 1547/9288/2452
f 1345/9289/2453 1468/9290/2453 1353/9291/2453
f 1485/9292/2454 1468/9293/2454 1345/9294/2454
f 1096/9295/2455 1469/9296/2455 1097/9297/2455
f 1097/9298/2456 1469/9299/2456 1557/9300/2456
f 1557/9301/2457 1469/9302/2457 1471/9303/2457
f 1465/9304/2458 1464/9305/2458 1473/9306/2458
f 1558/9307/1645 1559/9308/1645 1560/9309/1645
f 1558/9310/1021 1561/9311/1021 1559/9312/1021
f 1562/9313/2459 1563/9314/2459 1564/9315/2459
f 1565/9316/1643 1560/9317/1643 1566/9318/1643
f 1565/9319/2460 1558/9320/2460 1560/9321/2460
f 1567/9322/2461 1564/9323/2461 1568/9324/2461
f 1569/9325/2462 1566/9326/2462 1570/9327/2462
f 1567/9328/2463 1562/9329/2463 1564/9330/2463
f 1569/9331/2464 1565/9332/2464 1566/9333/2464
f 1571/9334/1673 1568/9335/1673 1572/9336/1673
f 1573/9337/1680 1570/9338/1680 1574/9339/1680
f 1571/9340/2465 1567/9341/2465 1568/9342/2465
f 1573/9343/1682 1569/9344/1682 1570/9345/1682
f 1575/9346/1672 1572/9347/1672 1576/9348/1672
f 1577/9349/2466 1574/9350/2466 1578/9351/2466
f 1575/9352/1673 1571/9353/1673 1572/9354/1673
f 1577/9355/1680 1573/9356/1680 1574/9357/1680
f 1579/9358/2467 1578/9359/2467 1563/9360/2467
f 1579/9361/2468 1577/9362/2468 1578/9363/2468
f 1580/9364/2469 1576/9365/2469 1581/9366/2469
f 1580/9367/2470 1575/9368/2470 1576/9369/2470
f 1562/9370/2471 1579/9371/2471 1563/9372/2471
f 1582/9373/2472 1581/9374/2472 1583/9375/2472
f 1582/9376/1669 1580/9377/1669 1581/9378/1669
f 1584/9379/1044 1583/9380/1044 1585/9381/1044
f 1584/9382/1668 1582/9383/1668 1583/9384/1668
f 1586/9385/1664 1585/9386/1664 1587/9387/1664
f 1586/9388/1044 1584/9389/1044 1585/9390/1044
f 1588/9391/2473 1587/9392/2473 1589/9393/2473
f 1588/9394/1666 1586/9395/1666 1587/9396/1666
f 1590/9397/2474 1589/9398/2474 1591/9399/2474
f 1590/9400/1659 1588/9401/1659 1589/9402/1659
f 1592/9403/1652 1591/9404/1652 1593/9405/1652
f 1592/9406/1657 1590/9407/1657 1591/9408/1657
f 1594/9409/1652 1592/9410/1652 1593/9411/1652
f 1594/9412/1648 1593/9413/1648 1595/9414/1648
f 1596/9415/2475 1594/9416/2475 1595/9417/2475
f 1596/9418/1646 1595/9419/1646 1597/9420/1646
f 1598/9421/2476 1596/9422/2476 1597/9423/2476
f 1598/9424/2477 1597/9425/2477 1599/9426/2477
f 1600/9427/2478 1599/9428/2478 1601/9429/2478
f 1600/9430/1665 1598/9431/1665 1599/9432/1665
f 1602/9433/1660 1601/9434/1660 1603/9435/1660
f 1602/9436/1663 1600/9437/1663 1601/9438/1663
f 1604/9439/1656 1603/9440/1656 1605/9441/1656
f 1604/9442/1660 1602/9443/1660 1603/9444/1660
f 1606/9445/1654 1605/9446/1654 1607/9447/1654
f 1606/9448/2479 1604/9449/2479 1605/9450/2479
f 1608/9451/1649 1607/9452/1649 1609/9453/1649
f 1608/9454/2480 1606/9455/2480 1607/9456/2480
f 1561/9457/1021 1609/9458/1021 1559/9459/1021
f 1561/9460/1651 1608/9461/1651 1609/9462/1651
f 1594/9463/2481 1610/9464/2481 1611/9465/2481
f 1596/9466/2482 1610/9467/2482 1594/9468/2482
f 1612/9469/2483 1613/9470/2483 1565/9471/2483
f 1565/9472/2484 1613/9473/2484 1558/9474/2484
f 1596/9475/2485 1614/9476/2485 1610/9477/2485
f 1615/9478/2486 1575/9479/2486 1616/9480/2486
f 1616/9481/2487 1580/9482/2487 1617/9483/2487
f 1575/9484/2488 1580/9485/2488 1616/9486/2488
f 1618/9487/2489 1571/9488/2489 1615/9489/2489
f 1615/9490/2490 1571/9491/2490 1575/9492/2490
f 1617/9493/2491 1582/9494/2491 1619/9495/2491
f 1613/9496/2492 1620/9497/2492 1558/9498/2492
f 1580/9499/2493 1582/9500/2493 1617/9501/2493
f 1596/9502/2494 1621/9503/2494 1614/9504/2494
f 1622/9505/2495 1567/9506/2495 1618/9507/2495
f 1618/9508/2496 1567/9509/2496 1571/9510/2496
f 1598/9511/2497 1621/9512/2497 1596/9513/2497
f 1558/9514/2498 1623/9515/2498 1561/9516/2498
f 1619/9517/2499 1584/9518/2499 1624/9519/2499
f 1620/9520/2500 1623/9521/2500 1558/9522/2500
f 1582/9523/2501 1584/9524/2501 1619/9525/2501
f 1600/9526/2502 1625/9527/2502 1598/9528/2502
f 1598/9529/2503 1625/9530/2503 1621/9531/2503
f 1626/9532/2504 1562/9533/2504 1622/9534/2504
f 1561/9535/2505 1627/9536/2505 1608/9537/2505
f 1622/9538/2506 1562/9539/2506 1567/9540/2506
f 1623/9541/2507 1627/9542/2507 1561/9543/2507
f 1600/9544/2508 1628/9545/2508 1625/9546/2508
f 1624/9547/2509 1586/9548/2509 1629/9549/2509
f 1602/9550/2510 1628/9551/2510 1600/9552/2510
f 1584/9553/2511 1586/9554/2511 1624/9555/2511
f 1630/9556/2512 1579/9557/2512 1626/9558/2512
f 1608/9559/2513 1631/9560/2513 1606/9561/2513
f 1627/9562/2514 1631/9563/2514 1608/9564/2514
f 1626/9565/2515 1579/9566/2515 1562/9567/2515
f 1604/9568/2516 1632/9569/2516 1602/9570/2516
f 1602/9571/2517 1632/9572/2517 1628/9573/2517
f 1606/9574/2518 1633/9575/2518 1604/9576/2518
f 1629/9577/2519 1588/9578/2519 1634/9579/2519
f 1631/9580/2520 1633/9581/2520 1606/9582/2520
f 1604/9583/2521 1633/9584/2521 1632/9585/2521
f 1586/9586/2522 1588/9587/2522 1629/9588/2522
f 1635/9589/2523 1577/9590/2523 1630/9591/2523
f 1630/9592/2524 1577/9593/2524 1579/9594/2524
f 1634/9595/2525 1590/9596/2525 1636/9597/2525
f 1588/9598/2526 1590/9599/2526 1634/9600/2526
f 1635/9601/2527 1573/9602/2527 1577/9603/2527
f 1635/9604/2528 1637/9605/2528 1573/9606/2528
f 1590/9607/2529 1592/9608/2529 1636/9609/2529
f 1592/9610/2530 1611/9611/2530 1636/9612/2530
f 1637/9613/2531 1569/9614/2531 1573/9615/2531
f 1592/9616/2532 1594/9617/2532 1611/9618/2532
f 1637/9619/2533 1612/9620/2533 1569/9621/2533
f 1612/9622/2534 1565/9623/2534 1569/9624/2534
f 1572/9625/100 1638/9626/100 1639/9627/100
f 1572/9628/2535 1639/9629/2535 1640/9630/2535
f 1572/9631/2536 1640/9632/2536 1641/9633/2536
f 1576/9634/100 1572/9635/100 1641/9636/100
f 1576/9637/2537 1641/9638/2537 1642/9639/2537
f 1576/9640/2538 1642/9641/2538 1643/9642/2538
f 1576/9643/100 1643/9644/100 1644/9645/100
f 1568/9646/2539 1645/9647/2539 1646/9648/2539
f 1568/9649/2540 1646/9650/2540 1647/9651/2540
f 1568/9652/100 1647/9653/100 1648/9654/100
f 1568/9655/2541 1648/9656/2541 1638/9657/2541
f 1568/9658/107 1638/9659/107 1572/9660/107
f 1581/9661/2542 1644/9662/2542 1649/9663/2542
f 1581/9664/2543 1649/9665/2543 1650/9666/2543
f 1581/9667/2544 1650/9668/2544 1651/9669/2544
f 1581/9670/2545 1651/9671/2545 1652/9672/2545
f 1581/9673/100 1576/9674/100 1644/9675/100
f 1564/9676/2546 1653/9677/2546 1654/9678/2546
f 1564/9679/100 1654/9680/100 1645/9681/100
f 1564/9682/100 1645/9683/100 1568/9684/100
f 1583/9685/100 1581/9686/100 1652/9687/100
f 1583/9688/2547 1652/9689/2547 1655/9690/2547
f 1583/9691/2548 1655/9692/2548 1656/9693/2548
f 1563/9694/100 1657/9695/100 1658/9696/100
f 1563/9697/100 1658/9698/100 1659/9699/100
f 1563/9700/100 1659/9701/100 1660/9702/100
f 1563/9703/2549 1660/9704/2549 1653/9705/2549
f 1563/9706/2550 1653/9707/2550 1564/9708/2550
f 1585/9709/2551 1656/9710/2551 1661/9711/2551
f 1585/9712/2552 1661/9713/2552 1662/9714/2552
f 1585/9715/100 1583/9716/100 1656/9717/100
f 1578/9718/100 1663/9719/100 1664/9720/100
f 1578/9721/100 1664/9722/100 1665/9723/100
f 1578/9724/100 1665/9725/100 1657/9726/100
f 1578/9727/100 1657/9728/100 1563/9729/100
f 1587/9730/2553 1662/9731/2553 1666/9732/2553
f 1587/9733/2554 1666/9734/2554 1667/9735/2554
f 1587/9736/2555 1667/9737/2555 1668/9738/2555
f 1587/9739/2556 1585/9740/2556 1662/9741/2556
f 1574/9742/2557 1669/9743/2557 1670/9744/2557
f 1574/9745/2558 1670/9746/2558 1671/9747/2558
f 1574/9748/2559 1671/9749/2559 1663/9750/2559
f 1574/9751/100 1663/9752/100 1578/9753/100
f 1589/9754/2560 1668/9755/2560 1672/9756/2560
f 1589/9757/100 1672/9758/100 1673/9759/100
f 1589/9760/100 1587/9761/100 1668/9762/100
f 1674/9763/2561 1589/9764/2561 1673/9765/2561
f 1570/9766/2562 1675/9767/2562 1669/9768/2562
f 1570/9769/100 1669/9770/100 1574/9771/100
f 1676/9772/2563 1675/9773/2563 1570/9774/2563
f 1677/9775/100 1676/9776/100 1570/9777/100
f 1591/9778/128 1589/9779/128 1674/9780/128
f 1591/9781/2564 1674/9782/2564 1678/9783/2564
f 1679/9784/100 1591/9785/100 1678/9786/100
f 1566/9787/100 1677/9788/100 1570/9789/100
f 1680/9790/100 1591/9791/100 1679/9792/100
f 1680/9793/2565 1593/9794/2565 1591/9795/2565
f 1681/9796/100 1593/9797/100 1680/9798/100
f 1682/9799/100 1677/9800/100 1566/9801/100
f 1683/9802/100 1682/9803/100 1566/9804/100
f 1684/9805/2566 1683/9806/2566 1566/9807/2566
f 1684/9808/2567 1566/9809/2567 1560/9810/2567
f 1685/9811/100 1593/9812/100 1681/9813/100
f 1686/9814/100 1593/9815/100 1685/9816/100
f 1687/9817/100 1684/9818/100 1560/9819/100
f 1688/9820/100 1687/9821/100 1560/9822/100
f 1689/9823/100 1593/9824/100 1686/9825/100
f 1689/9826/100 1595/9827/100 1593/9828/100
f 1690/9829/135 1595/9830/135 1689/9831/135
f 1691/9832/2568 1688/9833/2568 1560/9834/2568
f 1691/9835/2569 1560/9836/2569 1559/9837/2569
f 1692/9838/100 1595/9839/100 1690/9840/100
f 1693/9841/2570 1691/9842/2570 1559/9843/2570
f 1694/9844/2571 1595/9845/2571 1692/9846/2571
f 1694/9847/100 1597/9848/100 1595/9849/100
f 1695/9850/2572 1693/9851/2572 1559/9852/2572
f 1695/9853/100 1559/9854/100 1609/9855/100
f 1696/9856/100 1597/9857/100 1694/9858/100
f 1697/9859/2573 1597/9860/2573 1696/9861/2573
f 1698/9862/2574 1695/9863/2574 1609/9864/2574
f 1699/9865/100 1597/9866/100 1697/9867/100
f 1699/9868/100 1599/9869/100 1597/9870/100
f 1700/9871/100 1698/9872/100 1609/9873/100
f 1700/9874/2575 1609/9875/2575 1607/9876/2575
f 1701/9877/2576 1599/9878/2576 1699/9879/2576
f 1702/9880/100 1599/9881/100 1701/9882/100
f 1703/9883/2577 1700/9884/2577 1607/9885/2577
f 1704/9886/2578 1599/9887/2578 1702/9888/2578
f 1705/9889/100 1703/9890/100 1607/9891/100
f 1706/9892/100 1599/9893/100 1704/9894/100
f 1706/9895/100 1601/9896/100 1599/9897/100
f 1707/9898/2579 1601/9899/2579 1706/9900/2579
f 1708/9901/100 1705/9902/100 1607/9903/100
f 1708/9904/100 1607/9905/100 1605/9906/100
f 1709/9907/100 1708/9908/100 1605/9909/100
f 1710/9910/100 1601/9911/100 1707/9912/100
f 1711/9913/2580 1605/9914/2580 1603/9915/2580
f 1711/9916/100 1709/9917/100 1605/9918/100
f 1712/9919/2581 1603/9920/2581 1601/9921/2581
f 1712/9922/100 1601/9923/100 1710/9924/100
f 1713/9925/2582 1603/9926/2582 1712/9927/2582
f 1714/9928/100 1711/9929/100 1603/9930/100
f 1714/9931/2583 1603/9932/2583 1713/9933/2583
f 1715/9934/149 1716/9935/149 1717/9936/149
f 1717/9937/149 1716/9938/149 1718/9939/149
f 1718/9940/149 1716/9941/149 1719/9942/149
f 1719/9943/149 1716/9944/149 1720/9945/149
f 1716/9946/149 1721/9947/149 1720/9948/149
f 1720/9949/149 1721/9950/149 1722/9951/149
f 1722/9952/149 1721/9953/149 1723/9954/149
f 1723/9955/151 1721/9956/151 1724/9957/151
f 1725/9958/149 1726/9959/149 1727/9960/149
f 1727/9961/149 1726/9962/149 1728/9963/149
f 1728/9964/2584 1726/9965/2584 1715/9966/2584
f 1715/9967/2585 1726/9968/2585 1716/9969/2585
f 1721/9970/2586 1729/9971/2586 1724/9972/2586
f 1724/9973/2587 1729/9974/2587 1730/9975/2587
f 1730/9976/149 1729/9977/149 1731/9978/149
f 1732/9979/2588 1733/9980/2588 1734/9981/2588
f 1734/9982/149 1733/9983/149 1735/9984/149
f 1735/9985/149 1733/9986/149 1725/9987/149
f 1725/9988/149 1733/9989/149 1726/9990/149
f 1731/9991/149 1736/9992/149 1737/9993/149
f 1737/9994/149 1736/9995/149 1738/9996/149
f 1738/9997/149 1736/9998/149 1739/9999/149
f 1729/10000/149 1736/10001/149 1731/10002/149
f 1732/10003/149 1740/10004/149 1733/10005/149
f 1741/10006/2589 1740/10007/2589 1742/10008/2589
f 1742/10009/149 1740/10010/149 1743/10011/149
f 1743/10012/149 1740/10013/149 1732/10014/149
f 1739/10015/149 1744/10016/149 1745/10017/149
f 1745/10018/149 1744/10019/149 1746/10020/149
f 1746/10021/149 1744/10022/149 1747/10023/149
f 1736/10024/2590 1744/10025/2590 1739/10026/2590
f 1748/10027/149 1749/10028/149 1750/10029/149
f 1750/10030/149 1749/10031/149 1751/10032/149
f 1751/10033/2591 1749/10034/2591 1741/10035/2591
f 1741/10036/2592 1749/10037/2592 1740/10038/2592
f 1744/10039/2593 1752/10040/2593 1747/10041/2593
f 1747/10042/2594 1752/10043/2594 1753/10044/2594
f 1753/10045/2595 1752/10046/2595 1754/10047/2595
f 1754/10048/149 1752/10049/149 1755/10050/149
f 1756/10051/2596 1757/10052/2596 1758/10053/2596
f 1758/10054/149 1757/10055/149 1748/10056/149
f 1748/10057/2597 1757/10058/2597 1749/10059/2597
f 1755/10060/2598 1759/10061/2598 1760/10062/2598
f 1760/10063/2599 1759/10064/2599 1761/10065/2599
f 1761/10066/149 1759/10067/149 1762/10068/149
f 1752/10069/149 1759/10070/149 1755/10071/149
f 1763/10072/149 1764/10073/149 1756/10074/149
f 1756/10075/149 1764/10076/149 1757/10077/149
f 1763/10078/149 1765/10079/149 1764/10080/149
f 1765/10081/2600 1766/10082/2600 1764/10083/2600
f 1762/10084/2601 1767/10085/2601 1768/10086/2601
f 1759/10087/149 1767/10088/149 1762/10089/149
f 1767/10090/2602 1769/10091/2602 1768/10092/2602
f 1766/10093/2603 1770/10094/2603 1764/10095/2603
f 1766/10096/149 1771/10097/149 1770/10098/149
f 1767/10099/2604 1772/10100/2604 1769/10101/2604
f 1767/10102/149 1773/10103/149 1772/10104/149
f 1771/10105/149 1774/10106/149 1770/10107/149
f 1773/10108/2605 1775/10109/2605 1772/10110/2605
f 1773/10111/2606 1776/10112/2606 1775/10113/2606
f 1774/10114/2607 1777/10115/2607 1770/10116/2607
f 1770/10117/2608 1777/10118/2608 1778/10119/2608
f 1777/10120/149 1779/10121/149 1778/10122/149
f 1779/10123/149 1780/10124/149 1778/10125/149
f 1773/10126/2609 1781/10127/2609 1776/10128/2609
f 1782/10129/2610 1781/10130/2610 1773/10131/2610
f 1782/10132/2611 1783/10133/2611 1781/10134/2611
f 1780/10135/149 1784/10136/149 1778/10137/149
f 1778/10138/149 1784/10139/149 1785/10140/149
f 1782/10141/2612 1786/10142/2612 1783/10143/2612
f 1784/10144/149 1787/10145/149 1785/10146/149
f 1782/10147/149 1788/10148/149 1786/10149/149
f 1782/10150/149 1789/10151/149 1788/10152/149
f 1790/10153/2613 1789/10154/2613 1782/10155/2613
f 1787/10156/149 1791/10157/149 1785/10158/149
f 1790/10159/149 1792/10160/149 1789/10161/149
f 1790/10162/2614 1793/10163/2614 1792/10164/2614
f 1791/10165/2615 1794/10166/2615 1785/10167/2615
f 1785/10168/149 1794/10169/149 1795/10170/149
f 1794/10171/149 1796/10172/149 1795/10173/149
f 1790/10174/2616 1797/10175/2616 1793/10176/2616
f 1798/10177/2617 1797/10178/2617 1790/10179/2617
f 1796/10180/149 1799/10181/149 1795/10182/149
f 1795/10183/149 1799/10184/149 1800/10185/149
f 1798/10186/149 1801/10187/149 1797/10188/149
f 1798/10189/2618 1802/10190/2618 1801/10191/2618
f 1799/10192/149 1803/10193/149 1800/10194/149
f 1798/10195/149 1804/10196/149 1802/10197/149
f 1805/10198/149 1804/10199/149 1798/10200/149
f 1803/10201/149 1806/10202/149 1800/10203/149
f 1806/10204/149 1807/10205/149 1800/10206/149
f 1800/10207/149 1807/10208/149 1808/10209/149
f 1805/10210/149 1809/10211/149 1804/10212/149
f 1805/10213/2619 1810/10214/2619 1809/10215/2619
f 1807/10216/149 1811/10217/149 1808/10218/149
f 1811/10219/2620 1812/10220/2620 1808/10221/2620
f 1813/10222/2621 1814/10223/2621 1805/10224/2621
f 1805/10225/149 1814/10226/149 1810/10227/149
f 1813/10228/2622 1815/10229/2622 1814/10230/2622
f 1813/10231/2623 1816/10232/2623 1815/10233/2623
f 1808/10234/2624 1816/10235/2624 1813/10236/2624
f 1812/10237/149 1816/10238/149 1808/10239/149
f 1817/10240/2625 1818/10241/2625 1759/10242/2625
f 1817/10243/2626 1759/10244/2626 1752/10245/2626
f 1819/10246/2627 1752/10247/2627 1744/10248/2627
f 1819/10249/2628 1817/10250/2628 1752/10251/2628
f 1820/10252/2629 1821/10253/2629 1740/10254/2629
f 1820/10255/2630 1740/10256/2630 1749/10257/2630
f 1822/10258/2631 1744/10259/2631 1736/10260/2631
f 1822/10261/2632 1819/10262/2632 1744/10263/2632
f 1823/10264/2633 1749/10265/2633 1757/10266/2633
f 1824/10267/2634 1736/10268/2634 1729/10269/2634
f 1823/10270/2635 1820/10271/2635 1749/10272/2635
f 1824/10273/2636 1822/10274/2636 1736/10275/2636
f 1825/10276/2637 1757/10277/2637 1764/10278/2637
f 1826/10279/2638 1729/10280/2638 1721/10281/2638
f 1825/10282/2639 1823/10283/2639 1757/10284/2639
f 1826/10285/2638 1824/10286/2638 1729/10287/2638
f 1827/10288/2640 1764/10289/2640 1770/10290/2640
f 1828/10291/2641 1721/10292/2641 1716/10293/2641
f 1827/10294/2642 1825/10295/2642 1764/10296/2642
f 1828/10297/2643 1826/10298/2643 1721/10299/2643
f 1829/10300/2644 1770/10301/2644 1778/10302/2644
f 1830/10303/2645 1716/10304/2645 1726/10305/2645
f 1829/10306/2644 1827/10307/2644 1770/10308/2644
f 1830/10309/2646 1828/10310/2646 1716/10311/2646
f 1831/10312/2647 1726/10313/2647 1733/10314/2647
f 1831/10315/2648 1830/10316/2648 1726/10317/2648
f 1832/10318/2649 1778/10319/2649 1785/10320/2649
f 1821/10321/2650 1733/10322/2650 1740/10323/2650
f 1832/10324/2649 1829/10325/2649 1778/10326/2649
f 1821/10327/2651 1831/10328/2651 1733/10329/2651
f 1833/10330/2652 1785/10331/2652 1795/10332/2652
f 1833/10333/2653 1832/10334/2653 1785/10335/2653
f 1834/10336/2654 1795/10337/2654 1800/10338/2654
f 1834/10339/2654 1833/10340/2654 1795/10341/2654
f 1835/10342/2655 1800/10343/2655 1808/10344/2655
f 1835/10345/2656 1834/10346/2656 1800/10347/2656
f 1836/10348/2657 1808/10349/2657 1813/10350/2657
f 1836/10351/2657 1835/10352/2657 1808/10353/2657
f 1837/10354/2658 1836/10355/2658 1813/10356/2658
f 1837/10357/2659 1813/10358/2659 1805/10359/2659
f 1838/10360/2660 1837/10361/2660 1805/10362/2660
f 1838/10363/2660 1805/10364/2660 1798/10365/2660
f 1839/10366/2661 1838/10367/2661 1798/10368/2661
f 1839/10369/2662 1798/10370/2662 1790/10371/2662
f 1840/10372/2663 1839/10373/2663 1790/10374/2663
f 1840/10375/2664 1790/10376/2664 1782/10377/2664
f 1841/10378/2665 1840/10379/2665 1782/10380/2665
f 1841/10381/2666 1782/10382/2666 1773/10383/2666
f 1842/10384/2667 1841/10385/2667 1773/10386/2667
f 1842/10387/2668 1773/10388/2668 1767/10389/2668
f 1818/10390/2669 1842/10391/2669 1767/10392/2669
f 1818/10393/2670 1767/10394/2670 1759/10395/2670
f 1843/10396/100 1841/10397/100 1844/10398/100
f 1843/10399/100 1840/10400/100 1841/10401/100
f 1845/10402/2671 1846/10403/2671 1827/10404/2671
f 1845/10405/2672 1827/10406/2672 1829/10407/2672
f 1847/10408/100 1840/10409/100 1843/10410/100
f 1828/10411/2673 1848/10412/2673 1849/10413/2673
f 1826/10414/2674 1849/10415/2674 1850/10416/2674
f 1826/10417/100 1828/10418/100 1849/10419/100
f 1830/10420/2675 1851/10421/2675 1848/10422/2675
f 1830/10423/2676 1848/10424/2676 1828/10425/2676
f 1824/10426/2677 1850/10427/2677 1852/10428/2677
f 1853/10429/2678 1845/10430/2678 1829/10431/2678
f 1853/10432/2679 1829/10433/2679 1832/10434/2679
f 1824/10435/100 1826/10436/100 1850/10437/100
f 1854/10438/2680 1839/10439/2680 1840/10440/2680
f 1854/10441/2681 1840/10442/2681 1847/10443/2681
f 1831/10444/100 1855/10445/100 1851/10446/100
f 1831/10447/100 1851/10448/100 1830/10449/100
f 1822/10450/2682 1852/10451/2682 1856/10452/2682
f 1857/10453/2683 1832/10454/2683 1833/10455/2683
f 1857/10456/100 1853/10457/100 1832/10458/100
f 1822/10459/100 1824/10460/100 1852/10461/100
f 1858/10462/100 1838/10463/100 1839/10464/100
f 1821/10465/100 1859/10466/100 1860/10467/100
f 1821/10468/100 1860/10469/100 1855/10470/100
f 1858/10471/2684 1839/10472/2684 1854/10473/2684
f 1821/10474/2685 1855/10475/2685 1831/10476/2685
f 1861/10477/2686 1838/10478/2686 1858/10479/2686
f 1861/10480/100 1837/10481/100 1838/10482/100
f 1819/10483/2687 1856/10484/2687 1862/10485/2687
f 1819/10486/2688 1822/10487/2688 1856/10488/2688
f 1863/10489/2689 1833/10490/2689 1834/10491/2689
f 1863/10492/100 1857/10493/100 1833/10494/100
f 1820/10495/100 1864/10496/100 1859/10497/100
f 1820/10498/100 1859/10499/100 1821/10500/100
f 1865/10501/2690 1837/10502/2690 1861/10503/2690
f 1866/10504/100 1834/10505/100 1835/10506/100
f 1866/10507/100 1863/10508/100 1834/10509/100
f 1817/10510/2691 1862/10511/2691 1867/10512/2691
f 1868/10513/100 1836/10514/100 1837/10515/100
f 1817/10516/2692 1867/10517/2692 1869/10518/2692
f 1868/10519/100 1837/10520/100 1865/10521/100
f 1817/10522/2693 1819/10523/2693 1862/10524/2693
f 1823/10525/100 1864/10526/100 1820/10527/100
f 1870/10528/2694 1835/10529/2694 1836/10530/2694
f 1870/10531/100 1836/10532/100 1868/10533/100
f 1870/10534/100 1866/10535/100 1835/10536/100
f 1818/10537/2695 1869/10538/2695 1871/10539/2695
f 1818/10540/100 1817/10541/100 1869/10542/100
f 1872/10543/2696 1864/10544/2696 1823/10545/2696
f 1825/10546/100 1872/10547/100 1823/10548/100
f 1842/10549/100 1818/10550/100 1871/10551/100
f 1842/10552/2697 1871/10553/2697 1873/10554/2697
f 1846/10555/100 1872/10556/100 1825/10557/100
f 1846/10558/2698 1825/10559/2698 1827/10560/2698
f 1844/10561/100 1842/10562/100 1873/10563/100
f 1844/10564/100 1841/10565/100 1842/10566/100
f 1874/10567/2699 1816/10568/2699 1812/10569/2699
f 1875/10570/2700 1812/10571/2700 1811/10572/2700
f 1875/10573/2701 1811/10574/2701 1807/10575/2701
f 1875/10576/2702 1807/10577/2702 1806/10578/2702
f 1875/10579/2703 1874/10580/2703 1812/10581/2703
f 1876/10582/2704 1806/10583/2704 1803/10584/2704
f 1876/10585/2705 1803/10586/2705 1799/10587/2705
f 1876/10588/2706 1875/10589/2706 1806/10590/2706
f 1877/10591/2707 1799/10592/2707 1796/10593/2707
f 1877/10594/2708 1796/10595/2708 1794/10596/2708
f 1877/10597/2709 1794/10598/2709 1791/10599/2709
f 1877/10600/2710 1876/10601/2710 1799/10602/2710
f 1878/10603/2711 1791/10604/2711 1787/10605/2711
f 1878/10606/2712 1787/10607/2712 1784/10608/2712
f 1878/10609/2713 1877/10610/2713 1791/10611/2713
f 1879/10612/2714 1784/10613/2714 1780/10614/2714
f 1879/10615/2715 1780/10616/2715 1779/10617/2715
f 1879/10618/2716 1779/10619/2716 1777/10620/2716
f 1879/10621/2717 1878/10622/2717 1784/10623/2717
f 1880/10624/2718 1777/10625/2718 1774/10626/2718
f 1880/10627/2719 1774/10628/2719 1771/10629/2719
f 1880/10630/2720 1879/10631/2720 1777/10632/2720
f 1881/10633/2721 1771/10634/2721 1766/10635/2721
f 1881/10636/2722 1766/10637/2722 1765/10638/2722
f 1881/10639/2723 1765/10640/2723 1763/10641/2723
f 1881/10642/2724 1880/10643/2724 1771/10644/2724
f 1882/10645/2725 1763/10646/2725 1756/10647/2725
f 1882/10648/2726 1756/10649/2726 1758/10650/2726
f 1882/10651/2727 1758/10652/2727 1748/10653/2727
f 1882/10654/2728 1881/10655/2728 1763/10656/2728
f 1883/10657/2729 1748/10658/2729 1750/10659/2729
f 1883/10660/2730 1750/10661/2730 1751/10662/2730
f 1883/10663/2731 1751/10664/2731 1741/10665/2731
f 1883/10666/2732 1882/10667/2732 1748/10668/2732
f 1884/10669/2733 1741/10670/2733 1742/10671/2733
f 1884/10672/2734 1742/10673/2734 1743/10674/2734
f 1884/10675/2735 1743/10676/2735 1732/10677/2735
f 1884/10678/2736 1883/10679/2736 1741/10680/2736
f 1885/10681/2737 1732/10682/2737 1734/10683/2737
f 1885/10684/2738 1734/10685/2738 1735/10686/2738
f 1885/10687/2739 1884/10688/2739 1732/10689/2739
f 1886/10690/2740 1735/10691/2740 1725/10692/2740
f 1886/10693/2741 1725/10694/2741 1727/10695/2741
f 1886/10696/2742 1727/10697/2742 1728/10698/2742
f 1886/10699/2743 1885/10700/2743 1735/10701/2743
f 1887/10702/2744 1728/10703/2744 1715/10704/2744
f 1887/10705/2745 1715/10706/2745 1717/10707/2745
f 1887/10708/2746 1717/10709/2746 1718/10710/2746
f 1887/10711/2747 1886/10712/2747 1728/10713/2747
f 1888/10714/2748 1887/10715/2748 1718/10716/2748
f 1888/10717/2749 1718/10718/2749 1719/10719/2749
f 1888/10720/2750 1719/10721/2750 1720/10722/2750
f 1889/10723/2751 1888/10724/2751 1720/10725/2751
f 1889/10726/2752 1720/10727/2752 1722/10728/2752
f 1889/10729/2753 1722/10730/2753 1723/10731/2753
f 1889/10732/2754 1723/10733/2754 1724/10734/2754
f 1890/10735/2755 1889/10736/2755 1724/10737/2755
f 1890/10738/2756 1724/10739/2756 1730/10740/2756
f 1890/10741/2757 1730/10742/2757 1731/10743/2757
f 1890/10744/2758 1731/10745/2758 1737/10746/2758
f 1891/10747/2759 1890/10748/2759 1737/10749/2759
f 1891/10750/2760 1737/10751/2760 1738/10752/2760
f 1891/10753/2761 1738/10754/2761 1739/10755/2761
f 1892/10756/2762 1891/10757/2762 1739/10758/2762
f 1892/10759/2763 1739/10760/2763 1745/10761/2763
f 1892/10762/2764 1745/10763/2764 1746/10764/2764
f 1893/10765/2765 1746/10766/2765 1747/10767/2765
f 1893/10768/2766 1892/10769/2766 1746/10770/2766
f 1893/10771/2767 1747/10772/2767 1753/10773/2767
f 1894/10774/2768 1893/10775/2768 1753/10776/2768
f 1894/10777/2769 1753/10778/2769 1754/10779/2769
f 1894/10780/2770 1754/10781/2770 1755/10782/2770
f 1894/10783/2771 1755/10784/2771 1760/10785/2771
f 1895/10786/2772 1760/10787/2772 1761/10788/2772
f 1895/10789/2773 1761/10790/2773 1762/10791/2773
f 1895/10792/2774 1894/10793/2774 1760/10794/2774
f 1896/10795/2775 1762/10796/2775 1768/10797/2775
f 1896/10798/2776 1768/10799/2776 1769/10800/2776
f 1896/10801/2777 1769/10802/2777 1772/10803/2777
f 1896/10804/2778 1895/10805/2778 1762/10806/2778
f 1897/10807/2779 1772/10808/2779 1775/10809/2779
f 1897/10810/2780 1775/10811/2780 1776/10812/2780
f 1897/10813/2781 1896/10814/2781 1772/10815/2781
f 1898/10816/2782 1776/10817/2782 1781/10818/2782
f 1898/10819/2783 1781/10820/2783 1783/10821/2783
f 1898/10822/2784 1783/10823/2784 1786/10824/2784
f 1898/10825/2785 1897/10826/2785 1776/10827/2785
f 1899/10828/2786 1786/10829/2786 1788/10830/2786
f 1899/10831/2787 1788/10832/2787 1789/10833/2787
f 1899/10834/2788 1789/10835/2788 1792/10836/2788
f 1899/10837/2789 1898/10838/2789 1786/10839/2789
f 1900/10840/2790 1792/10841/2790 1793/10842/2790
f 1900/10843/2791 1793/10844/2791 1797/10845/2791
f 1900/10846/2792 1899/10847/2792 1792/10848/2792
f 1901/10849/2793 1900/10850/2793 1797/10851/2793
f 1901/10852/2794 1797/10853/2794 1801/10854/2794
f 1901/10855/2795 1801/10856/2795 1802/10857/2795
f 1901/10858/2796 1802/10859/2796 1804/10860/2796
f 1902/10861/2797 1901/10862/2797 1804/10863/2797
f 1902/10864/2798 1804/10865/2798 1809/10866/2798
f 1902/10867/2799 1809/10868/2799 1810/10869/2799
f 1903/10870/2800 1902/10871/2800 1810/10872/2800
f 1903/10873/2801 1810/10874/2801 1814/10875/2801
f 1903/10876/2802 1814/10877/2802 1815/10878/2802
f 1874/10879/2803 1903/10880/2803 1815/10881/2803
f 1874/10882/2804 1815/10883/2804 1816/10884/2804
f 1874/10885/100 1895/10886/100 1903/10887/100
f 1903/10888/100 1895/10889/100 1896/10890/100
f 1884/10891/2805 1889/10892/2805 1883/10893/2805
f 1885/10894/100 1889/10895/100 1884/10896/100
f 1888/10897/100 1889/10898/100 1885/10899/100
f 1875/10900/2806 1894/10901/2806 1874/10902/2806
f 1874/10903/2807 1894/10904/2807 1895/10905/2807
f 1880/10906/2808 1890/10907/2808 1879/10908/2808
f 1881/10909/100 1890/10910/100 1880/10911/100
f 1882/10912/100 1890/10913/100 1881/10914/100
f 1883/10915/2809 1890/10916/2809 1882/10917/2809
f 1889/10918/2810 1890/10919/2810 1883/10920/2810
f 1876/10921/100 1893/10922/100 1875/10923/100
f 1875/10924/2811 1893/10925/2811 1894/10926/2811
f 1878/10927/100 1891/10928/100 1877/10929/100
f 1879/10930/100 1891/10931/100 1878/10932/100
f 1890/10933/100 1891/10934/100 1879/10935/100
f 1877/10936/100 1892/10937/100 1876/10938/100
f 1876/10939/2812 1892/10940/2812 1893/10941/2812
f 1891/10942/100 1892/10943/100 1877/10944/100
f 1900/10945/2813 1898/10946/2813 1899/10947/2813
f 1901/10948/100 1898/10949/100 1900/10950/100
f 1902/10951/100 1897/10952/100 1901/10953/100
f 1901/10954/100 1897/10955/100 1898/10956/100
f 1903/10957/100 1896/10958/100 1902/10959/100
f 1902/10960/2814 1896/10961/2814 1897/10962/2814
f 1886/10963/100 1888/10964/100 1885/10965/100
f 1887/10966/100 1888/10967/100 1886/10968/100
f 1904/10969/2815 1714/10970/2815 1713/10971/2815
f 1905/10972/2816 1712/10973/2816 1710/10974/2816
f 1905/10975/2817 1713/10976/2817 1712/10977/2817
f 1905/10978/2818 1904/10979/2818 1713/10980/2818
f 1906/10981/2819 1905/10982/2819 1710/10983/2819
f 1907/10984/2820 1710/10985/2820 1707/10986/2820
f 1907/10987/2821 1906/10988/2821 1710/10989/2821
f 1908/10990/2822 1707/10991/2822 1706/10992/2822
f 1908/10993/2823 1907/10994/2823 1707/10995/2823
f 1909/10996/2824 1704/10997/2824 1702/10998/2824
f 1909/10999/2825 1706/11000/2825 1704/11001/2825
f 1909/11002/2826 1908/11003/2826 1706/11004/2826
f 1910/11005/2827 1909/11006/2827 1702/11007/2827
f 1911/11008/2828 1702/11009/2828 1701/11010/2828
f 1911/11011/2829 1910/11012/2829 1702/11013/2829
f 1912/11014/2830 1701/11015/2830 1699/11016/2830
f 1912/11017/2831 1911/11018/2831 1701/11019/2831
f 1913/11020/2832 1912/11021/2832 1699/11022/2832
f 1913/11023/2833 1699/11024/2833 1697/11025/2833
f 1914/11026/2834 1913/11027/2834 1697/11028/2834
f 1914/11029/2835 1696/11030/2835 1694/11031/2835
f 1914/11032/2836 1697/11033/2836 1696/11034/2836
f 1915/11035/2837 1914/11036/2837 1694/11037/2837
f 1916/11038/2838 1915/11039/2838 1694/11040/2838
f 1916/11041/2839 1694/11042/2839 1692/11043/2839
f 1917/11044/2840 1690/11045/2840 1689/11046/2840
f 1917/11047/2841 1692/11048/2841 1690/11049/2841
f 1917/11050/2842 1916/11051/2842 1692/11052/2842
f 1918/11053/2843 1917/11054/2843 1689/11055/2843
f 1919/11056/2844 1686/11057/2844 1685/11058/2844
f 1919/11059/2845 1689/11060/2845 1686/11061/2845
f 1919/11062/2846 1918/11063/2846 1689/11064/2846
f 1920/11065/2847 1919/11066/2847 1685/11067/2847
f 1921/11068/2848 1685/11069/2848 1681/11070/2848
f 1921/11071/2849 1920/11072/2849 1685/11073/2849
f 1922/11074/2850 1680/11075/2850 1679/11076/2850
f 1922/11077/2851 1681/11078/2851 1680/11079/2851
f 1922/11080/2852 1921/11081/2852 1681/11082/2852
f 1923/11083/2853 1922/11084/2853 1679/11085/2853
f 1924/11086/2854 1678/11087/2854 1674/11088/2854
f 1924/11089/2855 1679/11090/2855 1678/11091/2855
f 1924/11092/2856 1923/11093/2856 1679/11094/2856
f 1925/11095/2857 1674/11096/2857 1673/11097/2857
f 1925/11098/2858 1924/11099/2858 1674/11100/2858
f 1926/11101/2859 1925/11102/2859 1673/11103/2859
f 1927/11104/2860 1672/11105/2860 1668/11106/2860
f 1927/11107/2861 1673/11108/2861 1672/11109/2861
f 1927/11110/2862 1926/11111/2862 1673/11112/2862
f 1928/11113/2863 1668/11114/2863 1667/11115/2863
f 1928/11116/2864 1927/11117/2864 1668/11118/2864
f 1929/11119/2865 1928/11120/2865 1667/11121/2865
f 1930/11122/2866 1667/11123/2866 1666/11124/2866
f 1930/11125/2867 1929/11126/2867 1667/11127/2867
f 1931/11128/2868 1666/11129/2868 1662/11130/2868
f 1931/11131/2869 1930/11132/2869 1666/11133/2869
f 1932/11134/2870 1662/11135/2870 1661/11136/2870
f 1932/11137/2871 1931/11138/2871 1662/11139/2871
f 1933/11140/2872 1661/11141/2872 1656/11142/2872
f 1933/11143/2873 1932/11144/2873 1661/11145/2873
f 1934/11146/2874 1656/11147/2874 1655/11148/2874
f 1934/11149/2875 1933/11150/2875 1656/11151/2875
f 1935/11152/2876 1934/11153/2876 1655/11154/2876
f 1936/11155/2877 1655/11156/2877 1652/11157/2877
f 1936/11158/2878 1935/11159/2878 1655/11160/2878
f 1937/11161/2879 1651/11162/2879 1650/11163/2879
f 1937/11164/2880 1652/11165/2880 1651/11166/2880
f 1937/11167/2881 1936/11168/2881 1652/11169/2881
f 1938/11170/2882 1650/11171/2882 1649/11172/2882
f 1938/11173/2883 1937/11174/2883 1650/11175/2883
f 1939/11176/2884 1938/11177/2884 1649/11178/2884
f 1939/11179/2885 1649/11180/2885 1644/11181/2885
f 1940/11182/2886 1939/11183/2886 1644/11184/2886
f 1940/11185/2887 1644/11186/2887 1643/11187/2887
f 1941/11188/2888 1940/11189/2888 1643/11190/2888
f 1941/11191/2889 1643/11192/2889 1642/11193/2889
f 1942/11194/2890 1941/11195/2890 1642/11196/2890
f 1942/11197/2891 1642/11198/2891 1641/11199/2891
f 1943/11200/2892 1942/11201/2892 1641/11202/2892
f 1943/11203/2893 1640/11204/2893 1639/11205/2893
f 1943/11206/2894 1641/11207/2894 1640/11208/2894
f 1944/11209/2895 1943/11210/2895 1639/11211/2895
f 1944/11212/2896 1639/11213/2896 1638/11214/2896
f 1945/11215/2897 1944/11216/2897 1638/11217/2897
f 1946/11218/2898 1945/11219/2898 1638/11220/2898
f 1946/11221/2899 1648/11222/2899 1647/11223/2899
f 1946/11224/2900 1638/11225/2900 1648/11226/2900
f 1947/11227/2901 1946/11228/2901 1647/11229/2901
f 1947/11230/2902 1647/11231/2902 1646/11232/2902
f 1948/11233/2903 1947/11234/2903 1646/11235/2903
f 1948/11236/2904 1646/11237/2904 1645/11238/2904
f 1949/11239/2905 1948/11240/2905 1645/11241/2905
f 1949/11242/2906 1645/11243/2906 1654/11244/2906
f 1950/11245/2907 1654/11246/2907 1653/11247/2907
f 1950/11248/2908 1949/11249/2908 1654/11250/2908
f 1951/11251/2909 1653/11252/2909 1660/11253/2909
f 1951/11254/2910 1950/11255/2910 1653/11256/2910
f 1952/11257/2911 1659/11258/2911 1658/11259/2911
f 1952/11260/2912 1660/11261/2912 1659/11262/2912
f 1952/11263/2913 1951/11264/2913 1660/11265/2913
f 1953/11266/2914 1952/11267/2914 1658/11268/2914
f 1954/11269/2915 1658/11270/2915 1657/11271/2915
f 1954/11272/2916 1953/11273/2916 1658/11274/2916
f 1955/11275/2917 1657/11276/2917 1665/11277/2917
f 1955/11278/2918 1954/11279/2918 1657/11280/2918
f 1956/11281/2919 1665/11282/2919 1664/11283/2919
f 1956/11284/2920 1955/11285/2920 1665/11286/2920
f 1957/11287/2921 1663/11288/2921 1671/11289/2921
f 1957/11290/2922 1664/11291/2922 1663/11292/2922
f 1957/11293/2923 1956/11294/2923 1664/11295/2923
f 1958/11296/2924 1957/11297/2924 1671/11298/2924
f 1959/11299/2925 1671/11300/2925 1670/11301/2925
f 1959/11302/2926 1958/11303/2926 1671/11304/2926
f 1960/11305/2927 1669/11306/2927 1675/11307/2927
f 1960/11308/2928 1670/11309/2928 1669/11310/2928
f 1960/11311/2929 1959/11312/2929 1670/11313/2929
f 1961/11314/2930 1960/11315/2930 1675/11316/2930
f 1962/11317/2931 1676/11318/2931 1677/11319/2931
f 1962/11320/2932 1675/11321/2932 1676/11322/2932
f 1962/11323/2933 1961/11324/2933 1675/11325/2933
f 1963/11326/2934 1677/11327/2934 1682/11328/2934
f 1963/11329/2935 1962/11330/2935 1677/11331/2935
f 1964/11332/2936 1963/11333/2936 1682/11334/2936
f 1965/11335/2937 1964/11336/2937 1682/11337/2937
f 1965/11338/2938 1683/11339/2938 1684/11340/2938
f 1965/11341/2939 1682/11342/2939 1683/11343/2939
f 1966/11344/2940 1965/11345/2940 1684/11346/2940
f 1966/11347/2941 1684/11348/2941 1687/11349/2941
f 1967/11350/2942 1966/11351/2942 1687/11352/2942
f 1968/11353/2943 1967/11354/2943 1687/11355/2943
f 1968/11356/2944 1688/11357/2944 1691/11358/2944
f 1968/11359/2945 1687/11360/2945 1688/11361/2945
f 1969/11362/2946 1968/11363/2946 1691/11364/2946
f 1970/11365/2947 1969/11366/2947 1691/11367/2947
f 1970/11368/2948 1691/11369/2948 1693/11370/2948
f 1971/11371/2949 1693/11372/2949 1695/11373/2949
f 1971/11374/2950 1970/11375/2950 1693/11376/2950
f 1972/11377/2951 1971/11378/2951 1695/11379/2951
f 1973/11380/2952 1695/11381/2952 1698/11382/2952
f 1973/11383/2953 1972/11384/2953 1695/11385/2953
f 1974/11386/2954 1973/11387/2954 1698/11388/2954
f 1974/11389/2955 1698/11390/2955 1700/11391/2955
f 1975/11392/2956 1974/11393/2956 1700/11394/2956
f 1976/11395/2957 1975/11396/2957 1700/11397/2957
f 1976/11398/2958 1700/11399/2958 1703/11400/2958
f 1977/11401/2959 1976/11402/2959 1703/11403/2959
f 1977/11404/2960 1705/11405/2960 1708/11406/2960
f 1977/11407/2961 1703/11408/2961 1705/11409/2961
f 1978/11410/2962 1977/11411/2962 1708/11412/2962
f 1978/11413/2963 1708/11414/2963 1709/11415/2963
f 1979/11416/2964 1978/11417/2964 1709/11418/2964
f 1979/11419/2965 1709/11420/2965 1711/11421/2965
f 1980/11422/2966 1979/11423/2966 1711/11424/2966
f 1981/11425/2967 1980/11426/2967 1711/11427/2967
f 1981/11428/2968 1711/11429/2968 1714/11430/2968
f 1904/11431/2969 1981/11432/2969 1714/11433/2969
f 1943/11434/2970 1970/11435/2970 1971/11436/2970
f 1917/11437/2971 1913/11438/2971 1914/11439/2971
f 1943/11440/149 1944/11441/149 1970/11442/149
f 1917/11443/2972 1914/11444/2972 1916/11445/2972
f 1924/11446/2973 1906/11447/2973 1907/11448/2973
f 1949/11449/149 1950/11450/149 1965/11451/149
f 1949/11452/2974 1965/11453/2974 1966/11454/2974
f 1924/11455/149 1907/11456/149 1923/11457/149
f 1954/11458/2975 1955/11459/2975 1961/11460/2975
f 1942/11461/2976 1943/11462/2976 1971/11463/2976
f 1925/11464/2977 1905/11465/2977 1906/11466/2977
f 1918/11467/2978 1912/11468/2978 1913/11469/2978
f 1918/11470/149 1913/11471/149 1917/11472/149
f 1925/11473/149 1906/11474/149 1924/11475/149
f 1941/11476/149 1942/11477/149 1971/11478/149
f 1953/11479/149 1954/11480/149 1961/11481/149
f 1948/11482/2979 1966/11483/2979 1967/11484/2979
f 1953/11485/2980 1961/11486/2980 1962/11487/2980
f 1926/11488/2981 1905/11489/2981 1925/11490/2981
f 1926/11491/2982 1904/11492/2982 1905/11493/2982
f 1948/11494/149 1949/11495/149 1966/11496/149
f 1927/11497/149 1904/11498/149 1926/11499/149
f 1919/11500/2983 1911/11501/2983 1912/11502/2983
f 1919/11503/2984 1912/11504/2984 1918/11505/2984
f 1940/11506/2985 1941/11507/2985 1971/11508/2985
f 1940/11509/2986 1971/11510/2986 1972/11511/2986
f 1952/11512/149 1953/11513/149 1962/11514/149
f 1947/11515/2987 1967/11516/2987 1968/11517/2987
f 1952/11518/2988 1962/11519/2988 1963/11520/2988
f 1952/11521/2989 1963/11522/2989 1964/11523/2989
f 1939/11524/561 1940/11525/561 1972/11526/561
f 1938/11527/2990 1939/11528/2990 1972/11529/2990
f 1947/11530/149 1948/11531/149 1967/11532/149
f 1938/11533/2991 1972/11534/2991 1973/11535/2991
f 1920/11536/149 1911/11537/149 1919/11538/149
f 1957/11539/2992 1958/11540/2992 1959/11541/2992
f 1957/11542/2993 1959/11543/2993 1960/11544/2993
f 1928/11545/2994 1980/11546/2994 1981/11547/2994
f 1928/11548/2995 1981/11549/2995 1904/11550/2995
f 1928/11551/149 1904/11552/149 1927/11553/149
f 1929/11554/149 1980/11555/149 1928/11556/149
f 1946/11557/2996 1968/11558/2996 1969/11559/2996
f 1929/11560/2997 1979/11561/2997 1980/11562/2997
f 1930/11563/149 1979/11564/149 1929/11565/149
f 1946/11566/2998 1947/11567/2998 1968/11568/2998
f 1930/11569/2999 1978/11570/2999 1979/11571/2999
f 1921/11572/3000 1909/11573/3000 1910/11574/3000
f 1921/11575/3001 1910/11576/3001 1911/11577/3001
f 1937/11578/149 1938/11579/149 1973/11580/149
f 1936/11581/3002 1973/11582/3002 1974/11583/3002
f 1936/11584/3003 1937/11585/3003 1973/11586/3003
f 1921/11587/149 1911/11588/149 1920/11589/149
f 1931/11590/3004 1978/11591/3004 1930/11592/3004
f 1931/11593/3005 1977/11594/3005 1978/11595/3005
f 1922/11596/3006 1908/11597/3006 1909/11598/3006
f 1916/11599/149 1914/11600/149 1915/11601/149
f 1922/11602/149 1909/11603/149 1921/11604/149
f 1956/11605/3007 1957/11606/3007 1960/11607/3007
f 1932/11608/149 1977/11609/149 1931/11610/149
f 1932/11611/3008 1976/11612/3008 1977/11613/3008
f 1935/11614/3009 1936/11615/3009 1974/11616/3009
f 1951/11617/3010 1952/11618/3010 1964/11619/3010
f 1935/11620/3011 1974/11621/3011 1975/11622/3011
f 1945/11623/149 1946/11624/149 1969/11625/149
f 1951/11626/3012 1964/11627/3012 1965/11628/3012
f 1934/11629/149 1935/11630/149 1975/11631/149
f 1933/11632/149 1976/11633/149 1932/11634/149
f 1933/11635/149 1934/11636/149 1975/11637/149
f 1933/11638/3013 1975/11639/3013 1976/11640/3013
f 1944/11641/3014 1969/11642/3014 1970/11643/3014
f 1955/11644/3015 1956/11645/3015 1960/11646/3015
f 1950/11647/149 1951/11648/149 1965/11649/149
f 1955/11650/3016 1960/11651/3016 1961/11652/3016
f 1944/11653/3017 1945/11654/3017 1969/11655/3017
f 1923/11656/3018 1907/11657/3018 1908/11658/3018
f 1923/11659/149 1908/11660/149 1922/11661/149
f 1982/11662/3019 1983/11663/3019 1984/11664/3019
f 1982/11665/3020 1985/11666/3020 1983/11667/3020
f 1868/11668/3021 1986/11669/3021 1870/11670/3021
f 1987/11671/3022 1872/11672/3022 1846/11673/3022
f 1987/11674/3023 1988/11675/3023 1872/11676/3023
f 1989/11677/3024 1990/11678/3024 1991/11679/3024
f 1989/11680/3025 1618/11681/3025 1615/11682/3025
f 1989/11683/3026 1991/11684/3026 1985/11685/3026
f 1989/11686/3027 1615/11687/3027 1990/11688/3027
f 1992/11689/3028 1982/11690/3028 1984/11691/3028
f 1992/11692/3029 1984/11693/3029 1993/11694/3029
f 1994/11695/3030 1846/11696/3030 1845/11697/3030
f 1995/11698/3031 1987/11699/3031 1846/11700/3031
f 1995/11701/3032 1846/11702/3032 1994/11703/3032
f 1996/11704/3033 1992/11705/3033 1993/11706/3033
f 1996/11707/3034 1993/11708/3034 1997/11709/3034
f 1998/11710/3035 1622/11711/3035 1618/11712/3035
f 1998/11713/3036 1989/11714/3036 1985/11715/3036
f 1998/11716/3037 1985/11717/3037 1982/11718/3037
f 1998/11719/3038 1618/11720/3038 1989/11721/3038
f 1999/11722/3039 1994/11723/3039 1845/11724/3039
f 1999/11725/3040 1845/11726/3040 1853/11727/3040
f 2000/11728/3041 1994/11729/3041 1999/11730/3041
f 2000/11731/3042 1995/11732/3042 1994/11733/3042
f 2001/11734/3043 1626/11735/3043 1622/11736/3043
f 2001/11737/3044 1622/11738/3044 1998/11739/3044
f 1632/11740/3045 1633/11741/3045 2002/11742/3045
f 2001/11743/3046 1998/11744/3046 1982/11745/3046
f 2001/11746/3047 1982/11747/3047 1992/11748/3047
f 2003/11749/3048 1996/11750/3048 1997/11751/3048
f 2003/11752/3049 1997/11753/3049 2004/11754/3049
f 2005/11755/3050 1999/11756/3050 1853/11757/3050
f 2005/11758/3051 1853/11759/3051 1857/11760/3051
f 2006/11761/3052 1630/11762/3052 1626/11763/3052
f 2006/11764/3053 1992/11765/3053 1996/11766/3053
f 2006/11767/3054 2001/11768/3054 1992/11769/3054
f 2006/11770/3055 1626/11771/3055 2001/11772/3055
f 2007/11773/3056 1999/11774/3056 2005/11775/3056
f 2007/11776/3057 2000/11777/3057 1999/11778/3057
f 2008/11779/3058 2004/11780/3058 1988/11781/3058
f 2008/11782/3059 2003/11783/3059 2004/11784/3059
f 2009/11785/3060 2005/11786/3060 1857/11787/3060
f 2009/11788/3061 1857/11789/3061 1863/11790/3061
f 2010/11791/3062 1635/11792/3062 1630/11793/3062
f 2010/11794/3063 1630/11795/3063 2006/11796/3063
f 2010/11797/3064 1996/11798/3064 2003/11799/3064
f 2010/11800/3065 2006/11801/3065 1996/11802/3065
f 2011/11803/3066 2005/11804/3066 2009/11805/3066
f 2011/11806/3067 2007/11807/3067 2005/11808/3067
f 2012/11809/3068 1988/11810/3068 1987/11811/3068
f 2012/11812/3069 2008/11813/3069 1988/11814/3069
f 2013/11815/3070 2009/11816/3070 1863/11817/3070
f 2013/11818/3071 1863/11819/3071 1866/11820/3071
f 2013/11821/3072 1986/11822/3072 2014/11823/3072
f 2013/11824/3073 1866/11825/3073 1986/11826/3073
f 2015/11827/3074 1637/11828/3074 1635/11829/3074
f 2015/11830/3075 1635/11831/3075 2010/11832/3075
f 2015/11833/3076 2003/11834/3076 2008/11835/3076
f 2015/11836/3077 2010/11837/3077 2003/11838/3077
f 2016/11839/3078 2009/11840/3078 2013/11841/3078
f 2016/11842/3079 2013/11843/3079 2014/11844/3079
f 2016/11845/3080 2011/11846/3080 2009/11847/3080
f 2016/11848/3081 2017/11849/3081 2011/11850/3081
f 2016/11851/3082 2014/11852/3082 2017/11853/3082
f 2018/11854/3083 1987/11855/3083 1995/11856/3083
f 2018/11857/3084 2012/11858/3084 1987/11859/3084
f 2019/11860/3085 1612/11861/3085 1637/11862/3085
f 2019/11863/3086 1637/11864/3086 2015/11865/3086
f 2019/11866/3087 2008/11867/3087 2012/11868/3087
f 2019/11869/3088 2015/11870/3088 2008/11871/3088
f 2020/11872/3089 2018/11873/3089 1995/11874/3089
f 2020/11875/3090 1995/11876/3090 2000/11877/3090
f 2021/11878/3091 1613/11879/3091 1612/11880/3091
f 2021/11881/3092 2012/11882/3092 2018/11883/3092
f 2021/11884/3093 2019/11885/3093 2012/11886/3093
f 2021/11887/3094 1612/11888/3094 2019/11889/3094
f 2022/11890/3095 2000/11891/3095 2007/11892/3095
f 2022/11893/3096 2020/11894/3096 2000/11895/3096
f 2023/11896/3097 1620/11897/3097 1613/11898/3097
f 2023/11899/3098 1613/11900/3098 2021/11901/3098
f 2023/11902/3099 2018/11903/3099 2020/11904/3099
f 2023/11905/3100 2021/11906/3100 2018/11907/3100
f 2024/11908/3101 2022/11909/3101 2007/11910/3101
f 2024/11911/3102 2007/11912/3102 2011/11913/3102
f 2024/11914/3103 2011/11915/3103 2017/11916/3103
f 2025/11917/3104 1623/11918/3104 1620/11919/3104
f 2025/11920/3105 2020/11921/3105 2022/11922/3105
f 2025/11923/3106 2023/11924/3106 2020/11925/3106
f 2025/11926/3107 1620/11927/3107 2023/11928/3107
f 2026/11929/3108 2027/11930/3108 2002/11931/3108
f 2026/11932/3109 2017/11933/3109 2027/11934/3109
f 2026/11935/3110 2024/11936/3110 2017/11937/3110
f 2028/11938/3111 1631/11939/3111 1627/11940/3111
f 2028/11941/3112 1627/11942/3112 1623/11943/3112
f 2028/11944/3113 2022/11945/3113 2024/11946/3113
f 2028/11947/3114 1623/11948/3114 2025/11949/3114
f 2028/11950/3115 2025/11951/3115 2022/11952/3115
f 2029/11953/3116 2028/11954/3116 2024/11955/3116
f 2029/11956/3117 1633/11957/3117 1631/11958/3117
f 2029/11959/3118 2002/11960/3118 1633/11961/3118
f 2029/11962/3119 2026/11963/3119 2002/11964/3119
f 2029/11965/3120 1631/11966/3120 2028/11967/3120
f 2029/11968/3121 2024/11969/3121 2026/11970/3121
f 1986/11971/3122 1866/11972/3122 1870/11973/3122
f 2030/11974/3123 2014/11975/3123 1986/11976/3123
f 2030/11977/3124 1868/11978/3124 1865/11979/3124
f 2030/11980/3125 1986/11981/3125 1868/11982/3125
f 2031/11983/3126 2014/11984/3126 2030/11985/3126
f 2031/11986/3127 2017/11987/3127 2014/11988/3127
f 2032/11989/3128 1865/11990/3128 1861/11991/3128
f 2032/11992/3129 2030/11993/3129 1865/11994/3129
f 2033/11995/3130 2017/11996/3130 2031/11997/3130
f 2033/11998/3131 2031/11999/3131 2030/12000/3131
f 2033/12001/3132 2030/12002/3132 2032/12003/3132
f 2034/12004/3133 2032/12005/3133 1861/12006/3133
f 2034/12007/3134 1861/12008/3134 1858/12009/3134
f 2035/12010/3135 2032/12011/3135 2034/12012/3135
f 2035/12013/3136 2033/12014/3136 2032/12015/3136
f 2036/12016/3137 2034/12017/3137 1858/12018/3137
f 2036/12019/3138 1854/12020/3138 1847/12021/3138
f 2036/12022/3139 1858/12023/3139 1854/12024/3139
f 2037/12025/3140 2034/12026/3140 2036/12027/3140
f 2037/12028/3141 2035/12029/3141 2034/12030/3141
f 2038/12031/3142 1847/12032/3142 1843/12033/3142
f 2038/12034/3143 2036/12035/3143 1847/12036/3143
f 2039/12037/3144 2036/12038/3144 2038/12039/3144
f 2039/12040/3145 2037/12041/3145 2036/12042/3145
f 2040/12043/3146 2038/12044/3146 1843/12045/3146
f 2040/12046/3147 1843/12047/3147 1844/12048/3147
f 2041/12049/3148 2038/12050/3148 2040/12051/3148
f 2041/12052/3149 2039/12053/3149 2038/12054/3149
f 2042/12055/3150 1632/12056/3150 2002/12057/3150
f 2042/12058/3151 1628/12059/3151 1632/12060/3151
f 2042/12061/3152 2002/12062/3152 2027/12063/3152
f 2042/12064/3153 2027/12065/3153 2017/12066/3153
f 2043/12067/3154 1873/12068/3154 1871/12069/3154
f 2043/12070/3155 1844/12071/3155 1873/12072/3155
f 2043/12073/3156 2040/12074/3156 1844/12075/3156
f 2044/12076/3157 1628/12077/3157 2042/12078/3157
f 2044/12079/3158 1625/12080/3158 1628/12081/3158
f 2044/12082/3159 2042/12083/3159 2017/12084/3159
f 2044/12085/3160 2017/12086/3160 2033/12087/3160
f 2045/12088/3161 2041/12089/3161 2040/12090/3161
f 2045/12091/3162 2040/12092/3162 2043/12093/3162
f 2046/12094/3163 2033/12095/3163 2035/12096/3163
f 2046/12097/3164 1625/12098/3164 2044/12099/3164
f 2046/12100/3165 1621/12101/3165 1625/12102/3165
f 2046/12103/3166 2044/12104/3166 2033/12105/3166
f 2047/12106/3167 2043/12107/3167 1871/12108/3167
f 2047/12109/3168 1869/12110/3168 1867/12111/3168
f 2047/12112/3169 1871/12113/3169 1869/12114/3169
f 2048/12115/3170 2035/12116/3170 2037/12117/3170
f 2048/12118/3171 2046/12119/3171 2035/12120/3171
f 2048/12121/3172 1621/12122/3172 2046/12123/3172
f 2049/12124/3173 2045/12125/3173 2043/12126/3173
f 2049/12127/3174 2043/12128/3174 2047/12129/3174
f 2050/12130/3175 2048/12131/3175 2037/12132/3175
f 2050/12133/3176 2037/12134/3176 2039/12135/3176
f 2051/12136/3177 2047/12137/3177 1867/12138/3177
f 2051/12139/3178 1867/12140/3178 1862/12141/3178
f 2052/12142/3179 2047/12143/3179 2051/12144/3179
f 2052/12145/3180 2049/12146/3180 2047/12147/3180
f 2053/12148/3181 1862/12149/3181 1856/12150/3181
f 2053/12151/3182 2051/12152/3182 1862/12153/3182
f 2054/12154/3183 2039/12155/3183 2041/12156/3183
f 2054/12157/3184 2050/12158/3184 2039/12159/3184
f 2055/12160/3185 2052/12161/3185 2051/12162/3185
f 2055/12163/3186 2051/12164/3186 2053/12165/3186
f 2056/12166/3187 1614/12167/3187 1621/12168/3187
f 2056/12169/3188 1621/12170/3188 2048/12171/3188
f 2056/12172/3189 2048/12173/3189 2050/12174/3189
f 2057/12175/3190 2053/12176/3190 1856/12177/3190
f 2057/12178/3191 1852/12179/3191 1850/12180/3191
f 2057/12181/3192 1856/12182/3192 1852/12183/3192
f 2058/12184/3193 2041/12185/3193 2045/12186/3193
f 2058/12187/3194 2054/12188/3194 2041/12189/3194
f 2059/12190/3195 2057/12191/3195 1850/12192/3195
f 2059/12193/3196 2055/12194/3196 2053/12195/3196
f 2059/12196/3197 2053/12197/3197 2057/12198/3197
f 2060/12199/3198 1614/12200/3198 2056/12201/3198
f 2060/12202/3199 2050/12203/3199 2054/12204/3199
f 2060/12205/3200 1611/12206/3200 1610/12207/3200
f 2060/12208/3201 1610/12209/3201 1614/12210/3201
f 2060/12211/3202 2056/12212/3202 2050/12213/3202
f 2061/12214/3203 2059/12215/3203 1850/12216/3203
f 2061/12217/3204 1850/12218/3204 1849/12219/3204
f 2062/12220/3205 2045/12221/3205 2049/12222/3205
f 2062/12223/3206 2058/12224/3206 2045/12225/3206
f 2063/12226/3207 1636/12227/3207 1611/12228/3207
f 2063/12229/3208 2054/12230/3208 2058/12231/3208
f 2063/12232/3209 1611/12233/3209 2060/12234/3209
f 2063/12235/3210 2060/12236/3210 2054/12237/3210
f 2064/12238/3211 2061/12239/3211 1849/12240/3211
f 2064/12241/3212 1849/12242/3212 1848/12243/3212
f 2065/12244/3213 2062/12245/3213 2049/12246/3213
f 2065/12247/3214 2049/12248/3214 2052/12249/3214
f 2066/12250/3215 2064/12251/3215 1848/12252/3215
f 2067/12253/3216 1636/12254/3216 2063/12255/3216
f 2067/12256/3217 1634/12257/3217 1636/12258/3217
f 2067/12259/3218 2058/12260/3218 2062/12261/3218
f 2067/12262/3219 2063/12263/3219 2058/12264/3219
f 2068/12265/3220 2065/12266/3220 2052/12267/3220
f 2068/12268/3221 2052/12269/3221 2055/12270/3221
f 1983/12271/3222 2066/12272/3222 1848/12273/3222
f 1983/12274/3223 1848/12275/3223 1851/12276/3223
f 2069/12277/3224 1629/12278/3224 1634/12279/3224
f 2069/12280/3225 2062/12281/3225 2065/12282/3225
f 2069/12283/3226 1634/12284/3226 2067/12285/3226
f 2069/12286/3227 2067/12287/3227 2062/12288/3227
f 2070/12289/3228 2055/12290/3228 2059/12291/3228
f 2070/12292/3229 2068/12293/3229 2055/12294/3229
f 1984/12295/3230 1983/12296/3230 1851/12297/3230
f 1984/12298/3231 1851/12299/3231 1855/12300/3231
f 2071/12301/3232 2070/12302/3232 2059/12303/3232
f 2071/12304/3233 2059/12305/3233 2061/12306/3233
f 2072/12307/3234 1624/12308/3234 1629/12309/3234
f 2072/12310/3235 1629/12311/3235 2069/12312/3235
f 2072/12313/3236 2065/12314/3236 2068/12315/3236
f 2072/12316/3237 2069/12317/3237 2065/12318/3237
f 1993/12319/3238 1855/12320/3238 1860/12321/3238
f 1993/12322/3239 1984/12323/3239 1855/12324/3239
f 2073/12325/3240 2061/12326/3240 2064/12327/3240
f 2073/12328/3241 2071/12329/3241 2061/12330/3241
f 2074/12331/3242 1619/12332/3242 1624/12333/3242
f 2074/12334/3243 2068/12335/3243 2070/12336/3243
f 2074/12337/3244 2072/12338/3244 2068/12339/3244
f 2074/12340/3245 1624/12341/3245 2072/12342/3245
f 1997/12343/3246 1860/12344/3246 1859/12345/3246
f 1997/12346/3247 1993/12347/3247 1860/12348/3247
f 2075/12349/3248 1617/12350/3248 1619/12351/3248
f 2075/12352/3249 1619/12353/3249 2074/12354/3249
f 2075/12355/3250 2074/12356/3250 2070/12357/3250
f 2075/12358/3251 2070/12359/3251 2071/12360/3251
f 1991/12361/3252 2064/12362/3252 2066/12363/3252
f 1991/12364/3253 2073/12365/3253 2064/12366/3253
f 2004/12367/3254 1859/12368/3254 1864/12369/3254
f 2004/12370/3255 1997/12371/3255 1859/12372/3255
f 2076/12373/3256 1616/12374/3256 1617/12375/3256
f 2076/12376/3257 1617/12377/3257 2075/12378/3257
f 2076/12379/3258 2071/12380/3258 2073/12381/3258
f 2076/12382/3259 2075/12383/3259 2071/12384/3259
f 1985/12385/3260 2066/12386/3260 1983/12387/3260
f 1985/12388/3261 1991/12389/3261 2066/12390/3261
f 1988/12391/3262 1864/12392/3262 1872/12393/3262
f 1988/12394/3263 2004/12395/3263 1864/12396/3263
f 1990/12397/3264 1615/12398/3264 1616/12399/3264
f 1990/12400/3265 2073/12401/3265 1991/12402/3265
f 1990/12403/3266 1616/12404/3266 2076/12405/3266
f 1990/12406/3267 2076/12407/3267 2073/12408/3267
