# x500 visual component (visual-only, no physics meaning)
# source: https://github.com/PX4/PX4-gazebo-models.git@d754381a1cecdd7f17050acd72bf5bf1327bced6 models/x500_base/meshes/5010Bell.dae geometry=Body2-mesh node=BellHead/BellHead_001
# generated by landing_mujoco/tools/convert_x500_visual_assets.py v1.1.0
# COLLADA node transform baked; 8 decimal places; no decimation; all pieces
v 0.00000000 -0.00974999 0.02087500
v 0.00174093 -0.00959331 0.02087500
v 0.00342591 -0.00912828 0.02087500
v 0.00500077 -0.00836987 0.02087500
v 0.00641490 -0.00734244 0.02087500
v 0.00762286 -0.00607902 0.02087500
v 0.00858581 -0.00462021 0.02087500
v 0.00927280 -0.00301291 0.02087500
v 0.00966176 -0.00130877 0.02087500
v 0.00974018 0.00043744 0.02087500
v 0.00950555 0.00216959 0.02087500
v 0.00896540 0.00383200 0.02087500
v 0.00813709 0.00537125 0.02087500
v 0.00704725 0.00673787 0.02087500
v 0.00573091 0.00788792 0.02087500
v 0.00423037 0.00878445 0.02087500
v 0.00259386 0.00939864 0.02087500
v 0.00087398 0.00971076 0.02087500
v -0.00087398 0.00971076 0.02087500
v -0.00259386 0.00939864 0.02087500
v -0.00423037 0.00878445 0.02087500
v -0.00573091 0.00788792 0.02087500
v -0.00704725 0.00673787 0.02087500
v -0.00813709 0.00537125 0.02087500
v -0.00896540 0.00383200 0.02087500
v -0.00950555 0.00216959 0.02087500
v -0.00974018 0.00043744 0.02087500
v -0.00966176 -0.00130877 0.02087500
v -0.00927280 -0.00301291 0.02087500
v -0.00858581 -0.00462021 0.02087500
v -0.00762286 -0.00607902 0.02087500
v -0.00641490 -0.00734244 0.02087500
v -0.00500077 -0.00836987 0.02087500
v -0.00342591 -0.00912828 0.02087500
v -0.00174093 -0.00959331 0.02087500
v 0.00000000 -0.00962499 0.02100000
v -0.00171861 -0.00947032 0.02100000
v -0.00338198 -0.00901125 0.02100000
v -0.00493665 -0.00826256 0.02100000
v -0.00633266 -0.00724831 0.02100000
v -0.00752513 -0.00600108 0.02100000
v -0.00847573 -0.00456098 0.02100000
v -0.00915392 -0.00297428 0.02100000
v -0.00953789 -0.00129199 0.02100000
v -0.00961531 0.00043183 0.02100000
v -0.00938368 0.00214177 0.02100000
v -0.00885046 0.00378287 0.02100000
v -0.00803277 0.00530239 0.02100000
v -0.00695690 0.00665148 0.02100000
v -0.00565743 0.00778679 0.02100000
v -0.00417613 0.00867183 0.02100000
v -0.00256060 0.00927815 0.02100000
v -0.00086278 0.00958626 0.02100000
v 0.00086278 0.00958626 0.02100000
v 0.00256060 0.00927815 0.02100000
v 0.00417613 0.00867183 0.02100000
v 0.00565743 0.00778679 0.02100000
v 0.00695690 0.00665148 0.02100000
v 0.00803277 0.00530239 0.02100000
v 0.00885046 0.00378287 0.02100000
v 0.00938368 0.00214177 0.02100000
v 0.00961531 0.00043183 0.02100000
v 0.00953789 -0.00129199 0.02100000
v 0.00915392 -0.00297428 0.02100000
v 0.00847573 -0.00456098 0.02100000
v 0.00752513 -0.00600108 0.02100000
v 0.00633266 -0.00724831 0.02100000
v 0.00493665 -0.00826256 0.02100000
v 0.00338198 -0.00901125 0.02100000
v 0.00171861 -0.00947032 0.02100000
v 0.00000000 -0.00974999 0.02087500
v 0.00000000 -0.00962499 0.02100000
v 0.00000000 -0.00974999 0.02000000
v 0.00174093 -0.00959331 0.02000000
v 0.00342591 -0.00912828 0.02000000
v 0.00500077 -0.00836987 0.02000000
v 0.00641490 -0.00734244 0.02000000
v 0.00762286 -0.00607902 0.02000000
v 0.00858581 -0.00462021 0.02000000
v 0.00927280 -0.00301291 0.02000000
v 0.00966176 -0.00130877 0.02000000
v 0.00974018 0.00043744 0.02000000
v 0.00950555 0.00216959 0.02000000
v 0.00896540 0.00383200 0.02000000
v 0.00813709 0.00537125 0.02000000
v 0.00704725 0.00673787 0.02000000
v 0.00573091 0.00788792 0.02000000
v 0.00423037 0.00878445 0.02000000
v 0.00259386 0.00939864 0.02000000
v 0.00087398 0.00971075 0.02000000
v -0.00087398 0.00971075 0.02000000
v -0.00259386 0.00939864 0.02000000
v -0.00423037 0.00878445 0.02000000
v -0.00573091 0.00788792 0.02000000
v -0.00704725 0.00673787 0.02000000
v -0.00813709 0.00537125 0.02000000
v -0.00896540 0.00383200 0.02000000
v -0.00950555 0.00216959 0.02000000
v -0.00974018 0.00043744 0.02000000
v -0.00966176 -0.00130877 0.02000000
v -0.00927280 -0.00301291 0.02000000
v -0.00858581 -0.00462021 0.02000000
v -0.00762286 -0.00607902 0.02000000
v -0.00641490 -0.00734244 0.02000000
v -0.00500077 -0.00836987 0.02000000
v -0.00342591 -0.00912828 0.02000000
v -0.00174093 -0.00959331 0.02000000
v 0.00000000 -0.00974999 0.02087500
v -0.00174093 -0.00959331 0.02087500
v -0.00342591 -0.00912828 0.02087500
v -0.00500077 -0.00836987 0.02087500
v -0.00641490 -0.00734244 0.02087500
v -0.00762286 -0.00607902 0.02087500
v -0.00858581 -0.00462021 0.02087500
v -0.00927280 -0.00301291 0.02087500
v -0.00966176 -0.00130877 0.02087500
v -0.00974018 0.00043744 0.02087500
v -0.00950555 0.00216959 0.02087500
v -0.00896540 0.00383200 0.02087500
v -0.00813709 0.00537125 0.02087500
v -0.00704725 0.00673787 0.02087500
v -0.00573091 0.00788792 0.02087500
v -0.00423037 0.00878445 0.02087500
v -0.00259386 0.00939864 0.02087500
v -0.00087398 0.00971076 0.02087500
v 0.00087398 0.00971076 0.02087500
v 0.00259386 0.00939864 0.02087500
v 0.00423037 0.00878445 0.02087500
v 0.00573091 0.00788792 0.02087500
v 0.00704725 0.00673787 0.02087500
v 0.00813709 0.00537125 0.02087500
v 0.00896540 0.00383200 0.02087500
v 0.00950555 0.00216959 0.02087500
v 0.00974018 0.00043744 0.02087500
v 0.00966176 -0.00130877 0.02087500
v 0.00927280 -0.00301291 0.02087500
v 0.00858581 -0.00462021 0.02087500
v 0.00762286 -0.00607902 0.02087500
v 0.00641490 -0.00734244 0.02087500
v 0.00500077 -0.00836987 0.02087500
v 0.00342591 -0.00912828 0.02087500
v 0.00174093 -0.00959331 0.02087500
v -0.00087398 0.00971075 0.02000000
v -0.00087398 0.00971076 0.02087500
v 0.00000000 -0.00962499 0.02100000
v 0.00171861 -0.00947032 0.02100000
v 0.00338198 -0.00901125 0.02100000
v 0.00493665 -0.00826256 0.02100000
v 0.00633266 -0.00724831 0.02100000
v 0.00752513 -0.00600108 0.02100000
v 0.00847573 -0.00456098 0.02100000
v 0.00915392 -0.00297428 0.02100000
v 0.00953789 -0.00129199 0.02100000
v 0.00961531 0.00043183 0.02100000
v 0.00938368 0.00214177 0.02100000
v 0.00885046 0.00378287 0.02100000
v 0.00803277 0.00530239 0.02100000
v 0.00695690 0.00665148 0.02100000
v 0.00565743 0.00778679 0.02100000
v 0.00417613 0.00867183 0.02100000
v 0.00256060 0.00927815 0.02100000
v 0.00086278 0.00958626 0.02100000
v -0.00086278 0.00958626 0.02100000
v -0.00256060 0.00927815 0.02100000
v -0.00417613 0.00867183 0.02100000
v -0.00565743 0.00778679 0.02100000
v -0.00695690 0.00665148 0.02100000
v -0.00803277 0.00530239 0.02100000
v -0.00885046 0.00378287 0.02100000
v -0.00938368 0.00214177 0.02100000
v -0.00961531 0.00043183 0.02100000
v -0.00953789 -0.00129199 0.02100000
v -0.00915392 -0.00297428 0.02100000
v -0.00847573 -0.00456098 0.02100000
v -0.00752513 -0.00600108 0.02100000
v -0.00633266 -0.00724831 0.02100000
v -0.00493665 -0.00826256 0.02100000
v -0.00338198 -0.00901125 0.02100000
v -0.00171861 -0.00947032 0.02100000
v 0.00000000 -0.02937500 0.01300001
v 0.00307052 -0.02921407 0.01300001
v 0.00610741 -0.02873308 0.01300001
v 0.00907737 -0.02793729 0.01300001
v 0.01194789 -0.02683540 0.01300001
v 0.01468750 -0.02543950 0.01300001
v 0.01726619 -0.02376487 0.01300001
v 0.01965571 -0.02182987 0.01300001
v 0.02182988 -0.01965571 0.01300001
v 0.02376487 -0.01726619 0.01300000
v 0.02543950 -0.01468750 0.01300000
v 0.02683540 -0.01194789 0.01300000
v 0.02793729 -0.00907737 0.01300000
v 0.02873309 -0.00610740 0.01300000
v 0.02921408 -0.00307052 0.01300000
v 0.02937500 0.00000000 0.01300000
v 0.02921408 0.00307053 0.01300000
v 0.02873309 0.00610741 0.01300000
v 0.02793729 0.00907738 0.01300000
v 0.02683540 0.01194789 0.01300000
v 0.02543950 0.01468750 0.01299999
v 0.02376487 0.01726619 0.01299999
v 0.02182988 0.01965571 0.01299999
v 0.01965571 0.02182988 0.01299999
v 0.01726619 0.02376487 0.01299999
v 0.01468750 0.02543950 0.01299999
v 0.01194789 0.02683540 0.01299999
v 0.00907737 0.02793729 0.01299999
v 0.00610741 0.02873309 0.01299999
v 0.00307052 0.02921408 0.01299999
v 0.00000000 0.02937500 0.01299999
v -0.00307052 0.02921408 0.01299999
v -0.00610741 0.02873309 0.01299999
v -0.00907737 0.02793729 0.01299999
v -0.01194789 0.02683540 0.01299999
v -0.01468750 0.02543950 0.01299999
v -0.01726619 0.02376487 0.01299999
v -0.01965571 0.02182988 0.01299999
v -0.02182988 0.01965571 0.01299999
v -0.02376487 0.01726619 0.01299999
v -0.02543950 0.01468750 0.01299999
v -0.02683540 0.01194789 0.01300000
v -0.02793729 0.00907738 0.01300000
v -0.02873309 0.00610741 0.01300000
v -0.02921408 0.00307053 0.01300000
v -0.02937500 0.00000000 0.01300000
v -0.02921408 -0.00307052 0.01300000
v -0.02873309 -0.00610740 0.01300000
v -0.02793729 -0.00907737 0.01300000
v -0.02683540 -0.01194789 0.01300000
v -0.02543950 -0.01468750 0.01300000
v -0.02376487 -0.01726619 0.01300000
v -0.02182988 -0.01965571 0.01300001
v -0.01965571 -0.02182987 0.01300001
v -0.01726619 -0.02376487 0.01300001
v -0.01468750 -0.02543950 0.01300001
v -0.01194789 -0.02683540 0.01300001
v -0.00907737 -0.02793729 0.01300001
v -0.00610741 -0.02873308 0.01300001
v -0.00307052 -0.02921407 0.01300001
v 0.00000000 -0.02950000 0.01312501
v -0.00308359 -0.02933840 0.01312501
v -0.00613339 -0.02885535 0.01312501
v -0.00911600 -0.02805617 0.01312501
v -0.01199873 -0.02694958 0.01312501
v -0.01475000 -0.02554775 0.01312501
v -0.01733966 -0.02386600 0.01312501
v -0.01973935 -0.02192276 0.01312501
v -0.02192277 -0.01973935 0.01312501
v -0.02386600 -0.01733966 0.01312501
v -0.02554775 -0.01475000 0.01312500
v -0.02694959 -0.01199873 0.01312500
v -0.02805617 -0.00911600 0.01312500
v -0.02885535 -0.00613339 0.01312500
v -0.02933840 -0.00308359 0.01312500
v -0.02950000 0.00000000 0.01312500
v -0.02933840 0.00308359 0.01312500
v -0.02885535 0.00613340 0.01312500
v -0.02805617 0.00911601 0.01312500
v -0.02694959 0.01199873 0.01312500
v -0.02554775 0.01475000 0.01312500
v -0.02386600 0.01733966 0.01312499
v -0.02192277 0.01973935 0.01312499
v -0.01973935 0.02192277 0.01312499
v -0.01733966 0.02386600 0.01312499
v -0.01475000 0.02554775 0.01312499
v -0.01199873 0.02694959 0.01312499
v -0.00911600 0.02805617 0.01312499
v -0.00613339 0.02885535 0.01312499
v -0.00308359 0.02933840 0.01312499
v 0.00000000 0.02950000 0.01312499
v 0.00308359 0.02933840 0.01312499
v 0.00613339 0.02885535 0.01312499
v 0.00911600 0.02805617 0.01312499
v 0.01199873 0.02694959 0.01312499
v 0.01475000 0.02554775 0.01312499
v 0.01733966 0.02386600 0.01312499
v 0.01973935 0.02192277 0.01312499
v 0.02192277 0.01973935 0.01312499
v 0.02386600 0.01733966 0.01312499
v 0.02554775 0.01475000 0.01312500
v 0.02694959 0.01199873 0.01312500
v 0.02805617 0.00911601 0.01312500
v 0.02885535 0.00613340 0.01312500
v 0.02933840 0.00308359 0.01312500
v 0.02950000 0.00000000 0.01312500
v 0.02933840 -0.00308359 0.01312500
v 0.02885535 -0.00613339 0.01312500
v 0.02805617 -0.00911600 0.01312500
v 0.02694959 -0.01199873 0.01312500
v 0.02554775 -0.01475000 0.01312500
v 0.02386600 -0.01733966 0.01312501
v 0.02192277 -0.01973935 0.01312501
v 0.01973935 -0.02192276 0.01312501
v 0.01733966 -0.02386600 0.01312501
v 0.01475000 -0.02554775 0.01312501
v 0.01199873 -0.02694958 0.01312501
v 0.00911600 -0.02805617 0.01312501
v 0.00613339 -0.02885535 0.01312501
v 0.00308359 -0.02933840 0.01312501
v 0.00000000 -0.02937500 0.01300001
v 0.00000000 -0.02950000 0.01312501
v 0.00000000 -0.02950000 0.01434691
v -0.00308359 -0.02933840 0.01434691
v -0.00613339 -0.02885534 0.01434691
v -0.00911600 -0.02805617 0.01434691
v -0.01199873 -0.02694958 0.01434691
v -0.01475000 -0.02554774 0.01434691
v -0.01733966 -0.02386600 0.01434691
v -0.01973935 -0.02192276 0.01434691
v -0.02192277 -0.01973935 0.01434691
v -0.02386600 -0.01733966 0.01434691
v -0.02554775 -0.01475000 0.01434690
v -0.02694959 -0.01199872 0.01434690
v -0.02805617 -0.00911600 0.01434690
v -0.02885535 -0.00613339 0.01434690
v -0.02933840 -0.00308359 0.01434690
v -0.02950000 0.00000000 0.01434690
v -0.02933840 0.00308359 0.01434690
v -0.02885535 0.00613340 0.01434690
v -0.02805617 0.00911601 0.01434690
v -0.02694959 0.01199873 0.01434690
v -0.02554775 0.01475000 0.01434690
v -0.02386600 0.01733966 0.01434689
v -0.02192277 0.01973935 0.01434689
v -0.01973935 0.02192277 0.01434689
v -0.01733966 0.02386600 0.01434689
v -0.01475000 0.02554775 0.01434689
v -0.01199873 0.02694959 0.01434689
v -0.00911600 0.02805617 0.01434689
v -0.00613339 0.02885535 0.01434689
v -0.00308359 0.02933840 0.01434689
v 0.00000000 0.02950000 0.01434689
v 0.00308359 0.02933840 0.01434689
v 0.00613339 0.02885535 0.01434689
v 0.00911600 0.02805617 0.01434689
v 0.01199873 0.02694959 0.01434689
v 0.01475000 0.02554775 0.01434689
v 0.01733966 0.02386600 0.01434689
v 0.01973935 0.02192277 0.01434689
v 0.02192277 0.01973935 0.01434689
v 0.02386600 0.01733966 0.01434689
v 0.02554775 0.01475000 0.01434690
v 0.02694959 0.01199873 0.01434690
v 0.02805617 0.00911601 0.01434690
v 0.02885535 0.00613340 0.01434690
v 0.02933840 0.00308359 0.01434690
v 0.02950000 0.00000000 0.01434690
v 0.02933840 -0.00308359 0.01434690
v 0.02885535 -0.00613339 0.01434690
v 0.02805617 -0.00911600 0.01434690
v 0.02694959 -0.01199872 0.01434690
v 0.02554775 -0.01475000 0.01434690
v 0.02386600 -0.01733966 0.01434691
v 0.02192277 -0.01973935 0.01434691
v 0.01973935 -0.02192276 0.01434691
v 0.01733966 -0.02386600 0.01434691
v 0.01475000 -0.02554774 0.01434691
v 0.01199873 -0.02694958 0.01434691
v 0.00911600 -0.02805617 0.01434691
v 0.00613339 -0.02885534 0.01434691
v 0.00308359 -0.02933840 0.01434691
v 0.00000000 -0.02950000 0.01312501
v 0.00308359 -0.02933840 0.01312501
v 0.00613339 -0.02885535 0.01312501
v 0.00911600 -0.02805617 0.01312501
v 0.01199873 -0.02694958 0.01312501
v 0.01475000 -0.02554775 0.01312501
v 0.01733966 -0.02386600 0.01312501
v 0.01973935 -0.02192276 0.01312501
v 0.02192277 -0.01973935 0.01312501
v 0.02386600 -0.01733966 0.01312501
v 0.02554775 -0.01475000 0.01312500
v 0.02694959 -0.01199873 0.01312500
v 0.02805617 -0.00911600 0.01312500
v 0.02885535 -0.00613339 0.01312500
v 0.02933840 -0.00308359 0.01312500
v 0.02950000 0.00000000 0.01312500
v 0.02933840 0.00308359 0.01312500
v 0.02885535 0.00613340 0.01312500
v 0.02805617 0.00911601 0.01312500
v 0.02694959 0.01199873 0.01312500
v 0.02554775 0.01475000 0.01312500
v 0.02386600 0.01733966 0.01312499
v 0.02192277 0.01973935 0.01312499
v 0.01973935 0.02192277 0.01312499
v 0.01733966 0.02386600 0.01312499
v 0.01475000 0.02554775 0.01312499
v 0.01199873 0.02694959 0.01312499
v 0.00911600 0.02805617 0.01312499
v 0.00613339 0.02885535 0.01312499
v 0.00308359 0.02933840 0.01312499
v 0.00000000 0.02950000 0.01312499
v -0.00308359 0.02933840 0.01312499
v -0.00613339 0.02885535 0.01312499
v -0.00911600 0.02805617 0.01312499
v -0.01199873 0.02694959 0.01312499
v -0.01475000 0.02554775 0.01312499
v -0.01733966 0.02386600 0.01312499
v -0.01973935 0.02192277 0.01312499
v -0.02192277 0.01973935 0.01312499
v -0.02386600 0.01733966 0.01312499
v -0.02554775 0.01475000 0.01312500
v -0.02694959 0.01199873 0.01312500
v -0.02805617 0.00911601 0.01312500
v -0.02885535 0.00613340 0.01312500
v -0.02933840 0.00308359 0.01312500
v -0.02950000 0.00000000 0.01312500
v -0.02933840 -0.00308359 0.01312500
v -0.02885535 -0.00613339 0.01312500
v -0.02805617 -0.00911600 0.01312500
v -0.02694959 -0.01199873 0.01312500
v -0.02554775 -0.01475000 0.01312500
v -0.02386600 -0.01733966 0.01312501
v -0.02192277 -0.01973935 0.01312501
v -0.01973935 -0.02192276 0.01312501
v -0.01733966 -0.02386600 0.01312501
v -0.01475000 -0.02554775 0.01312501
v -0.01199873 -0.02694958 0.01312501
v -0.00911600 -0.02805617 0.01312501
v -0.00613339 -0.02885535 0.01312501
v -0.00308359 -0.02933840 0.01312501
v 0.00000000 0.02950000 0.01312499
v 0.00000000 0.02950000 0.01434689
v 0.00000000 -0.02549999 0.01300001
v 0.00285509 -0.02533966 0.01300001
v 0.00567428 -0.02486066 0.01300001
v 0.00842212 -0.02406903 0.01300001
v 0.01106404 -0.02297471 0.01300001
v 0.01356682 -0.02159147 0.01300001
v 0.01589899 -0.01993670 0.01300001
v 0.01803122 -0.01803122 0.01300000
v 0.01993670 -0.01589899 0.01300000
v 0.02159147 -0.01356682 0.01300000
v 0.02297471 -0.01106404 0.01300000
v 0.02406903 -0.00842211 0.01300000
v 0.02486066 -0.00567428 0.01300000
v 0.02533966 -0.00285509 0.01300000
v 0.02550000 0.00000000 0.01300000
v 0.02533966 0.00285510 0.01300000
v 0.02486066 0.00567429 0.01300000
v 0.02406903 0.00842212 0.01300000
v 0.02297471 0.01106404 0.01300000
v 0.02159147 0.01356682 0.01299999
v 0.01993670 0.01589899 0.01299999
v 0.01803122 0.01803122 0.01299999
v 0.01589899 0.01993670 0.01299999
v 0.01356682 0.02159147 0.01299999
v 0.01106404 0.02297471 0.01299999
v 0.00842212 0.02406903 0.01299999
v 0.00567428 0.02486066 0.01299999
v 0.00285509 0.02533966 0.01299999
v 0.00000000 0.02550000 0.01299999
v -0.00285509 0.02533966 0.01299999
v -0.00567428 0.02486066 0.01299999
v -0.00842212 0.02406903 0.01299999
v -0.01106404 0.02297471 0.01299999
v -0.01356682 0.02159147 0.01299999
v -0.01589899 0.01993670 0.01299999
v -0.01803122 0.01803122 0.01299999
v -0.01993670 0.01589899 0.01299999
v -0.02159147 0.01356682 0.01299999
v -0.02297471 0.01106404 0.01300000
v -0.02406903 0.00842212 0.01300000
v -0.02486066 0.00567429 0.01300000
v -0.02533966 0.00285510 0.01300000
v -0.02550000 0.00000000 0.01300000
v -0.02533966 -0.00285509 0.01300000
v -0.02486066 -0.00567428 0.01300000
v -0.02406903 -0.00842211 0.01300000
v -0.02297471 -0.01106404 0.01300000
v -0.02159147 -0.01356682 0.01300000
v -0.01993670 -0.01589899 0.01300000
v -0.01803122 -0.01803122 0.01300000
v -0.01589899 -0.01993670 0.01300001
v -0.01356682 -0.02159147 0.01300001
v -0.01106404 -0.02297471 0.01300001
v -0.00842212 -0.02406903 0.01300001
v -0.00567428 -0.02486066 0.01300001
v -0.00285509 -0.02533966 0.01300001
v 0.00000000 -0.02937500 0.01300001
v -0.00307052 -0.02921407 0.01300001
v -0.00610741 -0.02873308 0.01300001
v -0.00907737 -0.02793729 0.01300001
v -0.01194789 -0.02683540 0.01300001
v -0.01468750 -0.02543950 0.01300001
v -0.01726619 -0.02376487 0.01300001
v -0.01965571 -0.02182987 0.01300001
v -0.02182988 -0.01965571 0.01300001
v -0.02376487 -0.01726619 0.01300000
v -0.02543950 -0.01468750 0.01300000
v -0.02683540 -0.01194789 0.01300000
v -0.02793729 -0.00907737 0.01300000
v -0.02873309 -0.00610740 0.01300000
v -0.02921408 -0.00307052 0.01300000
v -0.02937500 0.00000000 0.01300000
v -0.02921408 0.00307053 0.01300000
v -0.02873309 0.00610741 0.01300000
v -0.02793729 0.00907738 0.01300000
v -0.02683540 0.01194789 0.01300000
v -0.02543950 0.01468750 0.01299999
v -0.02376487 0.01726619 0.01299999
v -0.02182988 0.01965571 0.01299999
v -0.01965571 0.02182988 0.01299999
v -0.01726619 0.02376487 0.01299999
v -0.01468750 0.02543950 0.01299999
v -0.01194789 0.02683540 0.01299999
v -0.00907737 0.02793729 0.01299999
v -0.00610741 0.02873309 0.01299999
v -0.00307052 0.02921408 0.01299999
v 0.00000000 0.02937500 0.01299999
v 0.00307052 0.02921408 0.01299999
v 0.00610741 0.02873309 0.01299999
v 0.00907737 0.02793729 0.01299999
v 0.01194789 0.02683540 0.01299999
v 0.01468750 0.02543950 0.01299999
v 0.01726619 0.02376487 0.01299999
v 0.01965571 0.02182988 0.01299999
v 0.02182988 0.01965571 0.01299999
v 0.02376487 0.01726619 0.01299999
v 0.02543950 0.01468750 0.01299999
v 0.02683540 0.01194789 0.01300000
v 0.02793729 0.00907738 0.01300000
v 0.02873309 0.00610741 0.01300000
v 0.02921408 0.00307053 0.01300000
v 0.02937500 0.00000000 0.01300000
v 0.02921408 -0.00307052 0.01300000
v 0.02873309 -0.00610740 0.01300000
v 0.02793729 -0.00907737 0.01300000
v 0.02683540 -0.01194789 0.01300000
v 0.02543950 -0.01468750 0.01300000
v 0.02376487 -0.01726619 0.01300000
v 0.02182988 -0.01965571 0.01300001
v 0.01965571 -0.02182987 0.01300001
v 0.01726619 -0.02376487 0.01300001
v 0.01468750 -0.02543950 0.01300001
v 0.01194789 -0.02683540 0.01300001
v 0.00907737 -0.02793729 0.01300001
v 0.00610741 -0.02873308 0.01300001
v 0.00307052 -0.02921407 0.01300001
v 0.00609550 0.00824060 0.01950000
v 0.00618878 0.00816378 0.01950003
v 0.00618878 0.00816378 0.01650000
v 0.00588609 0.00847105 0.01650000
v 0.00568336 0.00885176 0.01650000
v 0.00559734 0.00927441 0.01650000
v 0.00563514 0.00970407 0.01650000
v 0.00579365 0.01010520 0.01650000
v 0.00579365 0.01010521 0.01950000
v 0.00561919 0.00962774 0.01950000
v 0.00561422 0.00911943 0.01950000
v 0.00577931 0.00863864 0.01950000
v 0.00579365 0.01010521 0.01950000
v 0.00579365 0.01010520 0.01650000
v 0.00905277 0.01578972 0.01649999
v 0.00918951 0.01602822 0.01648100
v 0.00932366 0.01626220 0.01642441
v 0.00945266 0.01648721 0.01633128
v 0.01112185 0.01939857 0.01485794
v 0.01112185 0.01939858 0.01813433
v 0.00976578 0.01703335 0.01933128
v 0.00963678 0.01680835 0.01942441
v 0.00950264 0.01657438 0.01948100
v 0.00936590 0.01633588 0.01949999
v 0.00824060 0.00609550 0.01950000
v 0.00863864 0.00577932 0.01950000
v 0.00911942 0.00561423 0.01950000
v 0.00962773 0.00561920 0.01950000
v 0.01010520 0.00579365 0.01950000
v 0.01010520 0.00579365 0.01650000
v 0.00970406 0.00563515 0.01650000
v 0.00927441 0.00559734 0.01650000
v 0.00885175 0.00568336 0.01650000
v 0.00847105 0.00588610 0.01650000
v 0.00816378 0.00618878 0.01650000
v 0.00816378 0.00618878 0.01950003
v 0.00618878 0.00816378 0.01650000
v 0.00618878 0.00816378 0.01950003
v 0.00690630 0.00756646 0.01950003
v 0.00756646 0.00690630 0.01950003
v 0.00816378 0.00618878 0.01950003
v 0.00816378 0.00618878 0.01650000
v 0.00756646 0.00690630 0.01650000
v 0.00690630 0.00756646 0.01650000
v 0.02017234 0.01476741 0.01369923
v 0.02044131 0.01430024 0.01372251
v 0.02060730 0.01377719 0.01379205
v 0.02065375 0.01323683 0.01390492
v 0.02058937 0.01272124 0.01404943
v 0.02042053 0.01223505 0.01422370
v 0.02015338 0.01178838 0.01442454
v 0.01980281 0.01141142 0.01464076
v 0.01939857 0.01112185 0.01485795
v 0.01939857 0.01112186 0.01813434
v 0.01980281 0.01141143 0.01791714
v 0.02015338 0.01178839 0.01770092
v 0.02042053 0.01223506 0.01750008
v 0.02058937 0.01272125 0.01732581
v 0.02065375 0.01323684 0.01718130
v 0.02060730 0.01377720 0.01706844
v 0.02044131 0.01430025 0.01699890
v 0.02017234 0.01476741 0.01697561
v 0.01010520 0.00579365 0.01650000
v 0.01010520 0.00579365 0.01950000
v 0.01633587 0.00936590 0.01950000
v 0.01657437 0.00950264 0.01948101
v 0.01680834 0.00963679 0.01942442
v 0.01703334 0.00976579 0.01933129
v 0.01939857 0.01112186 0.01813434
v 0.01939857 0.01112185 0.01485795
v 0.01648720 0.00945267 0.01633129
v 0.01626220 0.00932367 0.01642442
v 0.01602822 0.00918952 0.01648101
v 0.01578972 0.00905278 0.01650000
v 0.01112185 0.01939857 0.01485794
v 0.01141142 0.01980281 0.01464075
v 0.01178838 0.02015338 0.01442453
v 0.01223505 0.02042053 0.01422369
v 0.01272124 0.02058937 0.01404942
v 0.01323683 0.02065375 0.01390491
v 0.01377719 0.02060730 0.01379205
v 0.01430024 0.02044131 0.01372250
v 0.01476741 0.02017234 0.01369922
v 0.01476741 0.02017235 0.01697560
v 0.01430024 0.02044132 0.01699889
v 0.01377719 0.02060730 0.01706843
v 0.01323683 0.02065376 0.01718129
v 0.01272124 0.02058938 0.01732580
v 0.01223505 0.02042053 0.01750007
v 0.01178838 0.02015338 0.01770091
v 0.01141142 0.01980282 0.01791713
v 0.01112185 0.01939858 0.01813433
v 0.02017234 0.01476741 0.01369923
v 0.02017234 0.01476741 0.01697561
v 0.01855852 0.01675058 0.01697560
v 0.01675057 0.01855852 0.01697560
v 0.01476741 0.02017235 0.01697560
v 0.01476741 0.02017234 0.01369922
v 0.01675057 0.01855852 0.01369922
v 0.01855852 0.01675057 0.01369922
v 0.01013715 0.00151682 0.01950000
v 0.00975732 0.00313963 0.01950000
v 0.00911951 0.00467942 0.01950000
v 0.00824060 0.00609550 0.01950000
v 0.00816378 0.00618878 0.01950003
v 0.00756646 0.00690630 0.01950003
v 0.00690630 0.00756646 0.01950003
v 0.00618878 0.00816378 0.01950003
v 0.00609550 0.00824060 0.01950000
v 0.00467942 0.00911952 0.01950000
v 0.00313962 0.00975732 0.01950000
v 0.00151682 0.01013716 0.01950000
v 0.00139654 0.01014880 0.01950003
v 0.00046680 0.01023379 0.01950003
v -0.00046680 0.01023379 0.01950003
v -0.00139654 0.01014880 0.01950003
v -0.00151682 0.01013716 0.01950000
v -0.00313962 0.00975732 0.01950000
v -0.00467942 0.00911952 0.01950000
v -0.00609550 0.00824060 0.01950000
v -0.00618878 0.00816378 0.01950003
v -0.00690630 0.00756646 0.01950003
v -0.00756646 0.00690630 0.01950003
v -0.00816378 0.00618878 0.01950003
v -0.00824060 0.00609550 0.01950000
v -0.00911951 0.00467942 0.01950000
v -0.00975732 0.00313963 0.01950000
v -0.01013715 0.00151682 0.01950000
v -0.01014879 0.00139654 0.01950003
v -0.01023378 0.00046681 0.01950003
v -0.01023378 -0.00046680 0.01950003
v -0.01014879 -0.00139653 0.01950003
v -0.01013715 -0.00151681 0.01950000
v -0.00975732 -0.00313962 0.01950000
v -0.00911951 -0.00467941 0.01950000
v -0.00824060 -0.00609549 0.01950000
v -0.00816378 -0.00618877 0.01950003
v -0.00756646 -0.00690629 0.01950003
v -0.00690630 -0.00756645 0.01950003
v -0.00618878 -0.00816377 0.01950003
v -0.00609550 -0.00824059 0.01950000
v -0.00467942 -0.00911951 0.01950000
v -0.00313962 -0.00975731 0.01950000
v -0.00151682 -0.01013714 0.01950000
v -0.00139654 -0.01014878 0.01950003
v -0.00046680 -0.01023377 0.01950003
v 0.00046680 -0.01023377 0.01950003
v 0.00139654 -0.01014878 0.01950003
v 0.00151682 -0.01013714 0.01950000
v 0.00313962 -0.00975731 0.01950000
v 0.00467942 -0.00911951 0.01950000
v 0.00609550 -0.00824059 0.01950000
v 0.00618878 -0.00816377 0.01950003
v 0.00690630 -0.00756645 0.01950003
v 0.00756646 -0.00690629 0.01950003
v 0.00816378 -0.00618877 0.01950003
v 0.00824060 -0.00609549 0.01950000
v 0.00911951 -0.00467941 0.01950000
v 0.00975732 -0.00313962 0.01950000
v 0.01013715 -0.00151681 0.01950000
v 0.01014879 -0.00139653 0.01950003
v 0.01023378 -0.00046680 0.01950003
v 0.01023378 0.00046681 0.01950003
v 0.01014879 0.00139654 0.01950003
v 0.00000000 -0.00974999 0.02000000
v -0.00174093 -0.00959331 0.02000000
v -0.00342591 -0.00912828 0.02000000
v -0.00500077 -0.00836987 0.02000000
v -0.00641490 -0.00734244 0.02000000
v -0.00762286 -0.00607902 0.02000000
v -0.00858581 -0.00462021 0.02000000
v -0.00927280 -0.00301291 0.02000000
v -0.00966176 -0.00130877 0.02000000
v -0.00974018 0.00043744 0.02000000
v -0.00950555 0.00216959 0.02000000
v -0.00896540 0.00383200 0.02000000
v -0.00813709 0.00537125 0.02000000
v -0.00704725 0.00673787 0.02000000
v -0.00573091 0.00788792 0.02000000
v -0.00423037 0.00878445 0.02000000
v -0.00259386 0.00939864 0.02000000
v -0.00087398 0.00971075 0.02000000
v 0.00087398 0.00971075 0.02000000
v 0.00259386 0.00939864 0.02000000
v 0.00423037 0.00878445 0.02000000
v 0.00573091 0.00788792 0.02000000
v 0.00704725 0.00673787 0.02000000
v 0.00813709 0.00537125 0.02000000
v 0.00896540 0.00383200 0.02000000
v 0.00950555 0.00216959 0.02000000
v 0.00974018 0.00043744 0.02000000
v 0.00966176 -0.00130877 0.02000000
v 0.00927280 -0.00301291 0.02000000
v 0.00858581 -0.00462021 0.02000000
v 0.00762286 -0.00607902 0.02000000
v 0.00641490 -0.00734244 0.02000000
v 0.00500077 -0.00836987 0.02000000
v 0.00342591 -0.00912828 0.02000000
v 0.00174093 -0.00959331 0.02000000
v 0.00000000 0.01009550 0.01952447
v 0.00000000 0.00995611 0.01959549
v 0.00000000 0.00995611 0.01959549
v 0.00000000 0.00984550 0.01970611
v 0.00000000 0.00984550 0.01970611
v 0.00000000 0.00977448 0.01984549
v 0.00994212 0.00175307 0.01952447
v 0.00980485 0.00172887 0.01959549
v 0.00969592 0.00170966 0.01970611
v 0.00962598 0.00169733 0.01984549
v 0.00977447 0.00000001 0.01984549
v 0.00984549 0.00000001 0.01970611
v 0.00995611 0.00000001 0.01959549
v 0.01009549 0.00000001 0.01952447
v 0.00948666 0.00345287 0.01952447
v 0.00935568 0.00340519 0.01959549
v 0.00925174 0.00336736 0.01970611
v 0.00918500 0.00334307 0.01984549
v 0.00874295 0.00504775 0.01952447
v 0.00862224 0.00497806 0.01959549
v 0.00852645 0.00492275 0.01970611
v 0.00846494 0.00488724 0.01984549
v 0.00773359 0.00648926 0.01952447
v 0.00762682 0.00639967 0.01959549
v 0.00754208 0.00632857 0.01970611
v 0.00748768 0.00628292 0.01984549
v 0.00648926 0.00773360 0.01952447
v 0.00639966 0.00762683 0.01959549
v 0.00632856 0.00754209 0.01970611
v 0.00628291 0.00748769 0.01984549
v 0.00504775 0.00874296 0.01952447
v 0.00497805 0.00862225 0.01959549
v 0.00492275 0.00852645 0.01970611
v 0.00488724 0.00846495 0.01984549
v 0.00345286 0.00948667 0.01952447
v 0.00340519 0.00935569 0.01959549
v 0.00336736 0.00925174 0.01970611
v 0.00334307 0.00918500 0.01984549
v 0.00175306 0.00994213 0.01952447
v 0.00172886 0.00980486 0.01959549
v 0.00170965 0.00969592 0.01970611
v 0.00169732 0.00962598 0.01984549
v 0.00000000 0.00977448 0.01984549
v -0.00175306 0.00994213 0.01952447
v -0.00172886 0.00980486 0.01959549
v -0.00170965 0.00969592 0.01970611
v -0.00169732 0.00962598 0.01984549
v 0.00000000 0.01009550 0.01952447
v -0.00345286 0.00948667 0.01952447
v -0.00340519 0.00935569 0.01959549
v -0.00336736 0.00925174 0.01970611
v -0.00334307 0.00918500 0.01984549
v -0.00504775 0.00874296 0.01952447
v -0.00497805 0.00862225 0.01959549
v -0.00492275 0.00852645 0.01970611
v -0.00488724 0.00846495 0.01984549
v -0.00648926 0.00773360 0.01952447
v -0.00639966 0.00762683 0.01959549
v -0.00632856 0.00754209 0.01970611
v -0.00628291 0.00748769 0.01984549
v -0.00773359 0.00648926 0.01952447
v -0.00762682 0.00639967 0.01959549
v -0.00754208 0.00632857 0.01970611
v -0.00748768 0.00628292 0.01984549
v -0.00874295 0.00504775 0.01952447
v -0.00862224 0.00497806 0.01959549
v -0.00852645 0.00492275 0.01970611
v -0.00846494 0.00488724 0.01984549
v -0.00948666 0.00345287 0.01952447
v -0.00935568 0.00340519 0.01959549
v -0.00925174 0.00336736 0.01970611
v -0.00918500 0.00334307 0.01984549
v -0.00994212 0.00175307 0.01952447
v -0.00980485 0.00172887 0.01959549
v -0.00969592 0.00170966 0.01970611
v -0.00962598 0.00169733 0.01984549
v -0.01009549 0.00000001 0.01952447
v -0.00995611 0.00000001 0.01959549
v -0.00984549 0.00000001 0.01970611
v -0.00977447 0.00000001 0.01984549
v -0.00994212 -0.00175306 0.01952447
v -0.00980485 -0.00172885 0.01959549
v -0.00969592 -0.00170964 0.01970611
v -0.00962598 -0.00169731 0.01984549
v -0.00948666 -0.00345285 0.01952447
v -0.00935568 -0.00340518 0.01959549
v -0.00925174 -0.00336735 0.01970611
v -0.00918500 -0.00334306 0.01984549
v -0.00874295 -0.00504774 0.01952447
v -0.00862224 -0.00497805 0.01959549
v -0.00852645 -0.00492274 0.01970611
v -0.00846494 -0.00488723 0.01984549
v -0.00773359 -0.00648925 0.01952447
v -0.00762682 -0.00639966 0.01959549
v -0.00754208 -0.00632855 0.01970611
v -0.00748768 -0.00628290 0.01984549
v -0.00648926 -0.00773359 0.01952447
v -0.00639966 -0.00762681 0.01959549
v -0.00632856 -0.00754208 0.01970611
v -0.00628291 -0.00748767 0.01984549
v -0.00504775 -0.00874295 0.01952447
v -0.00497805 -0.00862224 0.01959549
v -0.00492275 -0.00852644 0.01970611
v -0.00488724 -0.00846493 0.01984549
v -0.00345286 -0.00948665 0.01952447
v -0.00340519 -0.00935567 0.01959549
v -0.00336736 -0.00925173 0.01970611
v -0.00334307 -0.00918499 0.01984549
v -0.00175306 -0.00994211 0.01952447
v -0.00172886 -0.00980485 0.01959549
v -0.00170965 -0.00969591 0.01970611
v -0.00169732 -0.00962597 0.01984549
v 0.00000000 -0.01009548 0.01952447
v 0.00000000 -0.00995610 0.01959549
v 0.00000000 -0.00984549 0.01970611
v 0.00000000 -0.00977447 0.01984549
v 0.00175306 -0.00994211 0.01952447
v 0.00172886 -0.00980485 0.01959549
v 0.00170965 -0.00969591 0.01970611
v 0.00169732 -0.00962597 0.01984549
v 0.00345286 -0.00948665 0.01952447
v 0.00340519 -0.00935567 0.01959549
v 0.00336736 -0.00925173 0.01970611
v 0.00334307 -0.00918499 0.01984549
v 0.00504775 -0.00874295 0.01952447
v 0.00497805 -0.00862224 0.01959549
v 0.00492275 -0.00852644 0.01970611
v 0.00488724 -0.00846493 0.01984549
v 0.00648926 -0.00773359 0.01952447
v 0.00639966 -0.00762681 0.01959549
v 0.00632856 -0.00754208 0.01970611
v 0.00628291 -0.00748767 0.01984549
v 0.00773359 -0.00648925 0.01952447
v 0.00762682 -0.00639966 0.01959549
v 0.00754208 -0.00632855 0.01970611
v 0.00748768 -0.00628290 0.01984549
v 0.00874295 -0.00504774 0.01952447
v 0.00862224 -0.00497805 0.01959549
v 0.00852645 -0.00492274 0.01970611
v 0.00846494 -0.00488723 0.01984549
v 0.00948666 -0.00345285 0.01952447
v 0.00935568 -0.00340518 0.01959549
v 0.00925174 -0.00336735 0.01970611
v 0.00918500 -0.00334306 0.01984549
v 0.00994212 -0.00175306 0.01952447
v 0.00980485 -0.00172885 0.01959549
v 0.00969592 -0.00170964 0.01970611
v 0.00962598 -0.00169731 0.01984549
v 0.00046680 0.01023379 0.01950003
v -0.00087398 0.00971075 0.02000000
v 0.00579365 0.01010521 0.01950000
v 0.00936590 0.01633588 0.01949999
v 0.00794086 0.01707406 0.01949999
v 0.00645814 0.01768822 0.01949999
v 0.00492851 0.01817390 0.01949999
v 0.00304873 0.01124219 0.01950000
v 0.00283447 0.01078121 0.01950000
v 0.00247855 0.01041827 0.01950000
v 0.00202185 0.01019503 0.01950000
v 0.00151682 0.01013716 0.01950000
v 0.00313962 0.00975732 0.01950000
v 0.00467942 0.00911952 0.01950000
v 0.00609550 0.00824060 0.01950000
v 0.00577931 0.00863864 0.01950000
v 0.00561422 0.00911943 0.01950000
v 0.00561919 0.00962774 0.01950000
v 0.00936590 0.01633588 0.01949999
v 0.00950264 0.01657438 0.01948100
v 0.00963678 0.01680835 0.01942441
v 0.00976578 0.01703335 0.01933128
v 0.00827990 0.01780306 0.01933128
v 0.00673388 0.01844344 0.01933128
v 0.00513894 0.01894985 0.01933128
v 0.00507106 0.01869953 0.01942441
v 0.00500047 0.01843924 0.01948100
v 0.00492851 0.01817390 0.01949999
v 0.00645814 0.01768822 0.01949999
v 0.00794086 0.01707406 0.01949999
v 0.00736323 0.01777643 0.01945736
v 0.00000000 -0.02549999 0.01347973
v -0.00285509 -0.02533966 0.01347973
v -0.00567428 -0.02486066 0.01347973
v -0.00842212 -0.02406903 0.01347973
v -0.01106404 -0.02297471 0.01347973
v -0.01356682 -0.02159147 0.01347973
v -0.01589899 -0.01993670 0.01347973
v -0.01803122 -0.01803122 0.01347973
v -0.01993670 -0.01589898 0.01347973
v -0.02159147 -0.01356681 0.01347972
v -0.02297471 -0.01106403 0.01347972
v -0.02406903 -0.00842211 0.01347972
v -0.02486066 -0.00567428 0.01347972
v -0.02533966 -0.00285509 0.01347972
v -0.02550000 0.00000000 0.01347972
v -0.02533966 0.00285510 0.01347972
v -0.02486066 0.00567429 0.01347972
v -0.02406903 0.00842212 0.01347972
v -0.02297471 0.01106404 0.01347972
v -0.02159147 0.01356682 0.01347972
v -0.01993670 0.01589899 0.01347972
v -0.01803122 0.01803122 0.01347971
v -0.01589899 0.01993670 0.01347971
v -0.01356682 0.02159147 0.01347971
v -0.01106404 0.02297471 0.01347971
v -0.00842212 0.02406903 0.01347971
v -0.00567428 0.02486066 0.01347971
v -0.00285509 0.02533966 0.01347971
v 0.00000000 0.02550000 0.01347971
v 0.00285509 0.02533966 0.01347971
v 0.00567428 0.02486066 0.01347971
v 0.00842212 0.02406903 0.01347971
v 0.01106404 0.02297471 0.01347971
v 0.01356682 0.02159147 0.01347971
v 0.01589899 0.01993670 0.01347971
v 0.01803122 0.01803122 0.01347971
v 0.01993670 0.01589899 0.01347972
v 0.02159147 0.01356682 0.01347972
v 0.02297471 0.01106404 0.01347972
v 0.02406903 0.00842212 0.01347972
v 0.02486066 0.00567429 0.01347972
v 0.02533966 0.00285510 0.01347972
v 0.02550000 0.00000000 0.01347972
v 0.02533966 -0.00285509 0.01347972
v 0.02486066 -0.00567428 0.01347972
v 0.02406903 -0.00842211 0.01347972
v 0.02297471 -0.01106403 0.01347972
v 0.02159147 -0.01356681 0.01347972
v 0.01993670 -0.01589898 0.01347973
v 0.01803122 -0.01803122 0.01347973
v 0.01589899 -0.01993670 0.01347973
v 0.01356682 -0.02159147 0.01347973
v 0.01106404 -0.02297471 0.01347973
v 0.00842212 -0.02406903 0.01347973
v 0.00567428 -0.02486066 0.01347973
v 0.00285509 -0.02533966 0.01347973
v 0.01648720 0.00945267 0.01633129
v 0.01939857 0.01112185 0.01485795
v 0.01980281 0.01141142 0.01464076
v 0.02015338 0.01178838 0.01442454
v 0.02042053 0.01223505 0.01422370
v 0.02058937 0.01272124 0.01404943
v 0.02065375 0.01323683 0.01390492
v 0.02060730 0.01377719 0.01379205
v 0.02044131 0.01430024 0.01372251
v 0.02017234 0.01476741 0.01369923
v 0.01855852 0.01675057 0.01369922
v 0.01675057 0.01855852 0.01369922
v 0.01476741 0.02017234 0.01369922
v 0.01430024 0.02044131 0.01372250
v 0.01377719 0.02060730 0.01379205
v 0.01323683 0.02065375 0.01390491
v 0.01272124 0.02058937 0.01404942
v 0.01223505 0.02042053 0.01422369
v 0.01178838 0.02015338 0.01442453
v 0.01141142 0.01980281 0.01464075
v 0.01112185 0.01939857 0.01485794
v 0.00945266 0.01648721 0.01633128
v 0.00801442 0.01723222 0.01633128
v 0.00651797 0.01785208 0.01633128
v 0.00497417 0.01834226 0.01633128
v 0.00585253 0.02158119 0.01485794
v 0.00593361 0.02207180 0.01464075
v 0.00591495 0.02258624 0.01442453
v 0.00578801 0.02309099 0.01422369
v 0.00556361 0.02355416 0.01404942
v 0.00524455 0.02396425 0.01390491
v 0.00482962 0.02431351 0.01379205
v 0.00434239 0.02456599 0.01372250
v 0.00382186 0.02470614 0.01369922
v 0.00127841 0.02496729 0.01369922
v -0.00127841 0.02496729 0.01369922
v -0.00382186 0.02470614 0.01369922
v -0.00434239 0.02456599 0.01372250
v -0.00482962 0.02431351 0.01379205
v -0.00524455 0.02396425 0.01390491
v -0.00556361 0.02355416 0.01404942
v -0.00578801 0.02309099 0.01422369
v -0.00591495 0.02258624 0.01442453
v -0.00593361 0.02207180 0.01464075
v -0.00585253 0.02158119 0.01485794
v -0.00497417 0.01834226 0.01633128
v -0.00651797 0.01785208 0.01633128
v -0.00801442 0.01723222 0.01633128
v -0.00945266 0.01648721 0.01633128
v -0.01112185 0.01939857 0.01485794
v -0.01141142 0.01980281 0.01464075
v -0.01178838 0.02015338 0.01442453
v -0.01223505 0.02042053 0.01422369
v -0.01272124 0.02058937 0.01404942
v -0.01323683 0.02065375 0.01390491
v -0.01377719 0.02060730 0.01379205
v -0.01430024 0.02044131 0.01372250
v -0.01476741 0.02017234 0.01369922
v -0.01675057 0.01855852 0.01369922
v -0.01855852 0.01675057 0.01369922
v -0.02017234 0.01476741 0.01369923
v -0.02044131 0.01430024 0.01372251
v -0.02060730 0.01377719 0.01379205
v -0.02065375 0.01323683 0.01390492
v -0.02058937 0.01272124 0.01404943
v -0.02042053 0.01223505 0.01422370
v -0.02015338 0.01178838 0.01442454
v -0.01980281 0.01141142 0.01464076
v -0.01939857 0.01112185 0.01485795
v -0.01648720 0.00945267 0.01633129
v -0.01723222 0.00801443 0.01633129
v -0.01785208 0.00651797 0.01633129
v -0.01834225 0.00497418 0.01633129
v -0.02158119 0.00585253 0.01485795
v -0.02207180 0.00593361 0.01464076
v -0.02258624 0.00591495 0.01442454
v -0.02309099 0.00578801 0.01422370
v -0.02355416 0.00556361 0.01404943
v -0.02396425 0.00524456 0.01390492
v -0.02431351 0.00482962 0.01379206
v -0.02456599 0.00434240 0.01372251
v -0.02470614 0.00382187 0.01369923
v -0.02496729 0.00127842 0.01369923
v -0.02496729 -0.00127841 0.01369923
v -0.02470614 -0.00382186 0.01369923
v -0.02456599 -0.00434239 0.01372251
v -0.02431351 -0.00482961 0.01379206
v -0.02396425 -0.00524455 0.01390492
v -0.02355416 -0.00556360 0.01404943
v -0.02309099 -0.00578800 0.01422370
v -0.02258624 -0.00591494 0.01442454
v -0.02207180 -0.00593361 0.01464076
v -0.02158119 -0.00585252 0.01485795
v -0.01834225 -0.00497416 0.01633129
v -0.01785208 -0.00651796 0.01633129
v -0.01723222 -0.00801442 0.01633129
v -0.01648720 -0.00945266 0.01633129
v -0.01939857 -0.01112185 0.01485795
v -0.01980281 -0.01141142 0.01464076
v -0.02015338 -0.01178838 0.01442454
v -0.02042053 -0.01223505 0.01422370
v -0.02058937 -0.01272124 0.01404943
v -0.02065375 -0.01323683 0.01390492
v -0.02060730 -0.01377719 0.01379206
v -0.02044131 -0.01430024 0.01372251
v -0.02017234 -0.01476740 0.01369923
v -0.01855852 -0.01675057 0.01369923
v -0.01675057 -0.01855852 0.01369924
v -0.01476741 -0.02017234 0.01369924
v -0.01430024 -0.02044131 0.01372252
v -0.01377719 -0.02060730 0.01379207
v -0.01323683 -0.02065375 0.01390493
v -0.01272124 -0.02058937 0.01404944
v -0.01223505 -0.02042052 0.01422371
v -0.01178838 -0.02015337 0.01442455
v -0.01141142 -0.01980280 0.01464077
v -0.01112185 -0.01939856 0.01485796
v -0.00945266 -0.01648719 0.01633129
v -0.00801442 -0.01723221 0.01633130
v -0.00651797 -0.01785207 0.01633130
v -0.00497417 -0.01834225 0.01633130
v -0.00585253 -0.02158118 0.01485796
v -0.00593361 -0.02207180 0.01464077
v -0.00591495 -0.02258624 0.01442455
v -0.00578801 -0.02309098 0.01422371
v -0.00556361 -0.02355416 0.01404944
v -0.00524455 -0.02396425 0.01390493
v -0.00482962 -0.02431350 0.01379207
v -0.00434239 -0.02456599 0.01372252
v -0.00382186 -0.02470613 0.01369924
v -0.00127841 -0.02496728 0.01369924
v 0.00127841 -0.02496728 0.01369924
v 0.00382186 -0.02470613 0.01369924
v 0.00434239 -0.02456599 0.01372252
v 0.00482962 -0.02431350 0.01379207
v 0.00524455 -0.02396425 0.01390493
v 0.00556361 -0.02355416 0.01404944
v 0.00578801 -0.02309098 0.01422371
v 0.00591495 -0.02258624 0.01442455
v 0.00593361 -0.02207180 0.01464077
v 0.00585253 -0.02158118 0.01485796
v 0.00497417 -0.01834225 0.01633130
v 0.00651797 -0.01785207 0.01633130
v 0.00801442 -0.01723221 0.01633130
v 0.00945266 -0.01648719 0.01633129
v 0.01112185 -0.01939856 0.01485796
v 0.01141142 -0.01980280 0.01464077
v 0.01178838 -0.02015337 0.01442455
v 0.01223505 -0.02042052 0.01422371
v 0.01272124 -0.02058937 0.01404944
v 0.01323683 -0.02065375 0.01390493
v 0.01377719 -0.02060730 0.01379207
v 0.01430024 -0.02044131 0.01372252
v 0.01476741 -0.02017234 0.01369924
v 0.01675057 -0.01855852 0.01369924
v 0.01855852 -0.01675057 0.01369923
v 0.02017234 -0.01476740 0.01369923
v 0.02044131 -0.01430024 0.01372251
v 0.02060730 -0.01377719 0.01379206
v 0.02065375 -0.01323683 0.01390492
v 0.02058937 -0.01272124 0.01404943
v 0.02042053 -0.01223505 0.01422370
v 0.02015338 -0.01178838 0.01442454
v 0.01980281 -0.01141142 0.01464076
v 0.01939857 -0.01112185 0.01485795
v 0.01648720 -0.00945266 0.01633129
v 0.01723222 -0.00801442 0.01633129
v 0.01785208 -0.00651796 0.01633129
v 0.01834225 -0.00497416 0.01633129
v 0.02158119 -0.00585252 0.01485795
v 0.02207180 -0.00593361 0.01464076
v 0.02258624 -0.00591494 0.01442454
v 0.02309099 -0.00578800 0.01422370
v 0.02355416 -0.00556360 0.01404943
v 0.02396425 -0.00524455 0.01390492
v 0.02431351 -0.00482961 0.01379206
v 0.02456599 -0.00434239 0.01372251
v 0.02470614 -0.00382186 0.01369923
v 0.02496729 -0.00127841 0.01369923
v 0.02496729 0.00127842 0.01369923
v 0.02470614 0.00382187 0.01369923
v 0.02456599 0.00434240 0.01372251
v 0.02431351 0.00482962 0.01379206
v 0.02396425 0.00524456 0.01390492
v 0.02355416 0.00556361 0.01404943
v 0.02309099 0.00578801 0.01422370
v 0.02258624 0.00591495 0.01442454
v 0.02207180 0.00593361 0.01464076
v 0.02158119 0.00585253 0.01485795
v 0.01834225 0.00497418 0.01633129
v 0.01785208 0.00651797 0.01633129
v 0.01723222 0.00801443 0.01633129
v 0.00000000 0.02550000 0.01347971
v 0.00127841 0.02496729 0.01369922
v 0.00945266 0.01648721 0.01633128
v 0.00932366 0.01626220 0.01642441
v 0.00918951 0.01602822 0.01648100
v 0.00905277 0.01578972 0.01649999
v 0.00767538 0.01650324 0.01649999
v 0.00624223 0.01709687 0.01649999
v 0.00476374 0.01756630 0.01649999
v 0.00483570 0.01783163 0.01648100
v 0.00490629 0.01809193 0.01642441
v 0.00497417 0.01834226 0.01633128
v 0.00651797 0.01785208 0.01633128
v 0.00801442 0.01723222 0.01633128
v 0.00712232 0.01719481 0.01645736
v 0.01578972 0.00905278 0.01650000
v 0.01602822 0.00918952 0.01648101
v 0.01626220 0.00932367 0.01642442
v 0.01648720 0.00945267 0.01633129
v 0.01723222 0.00801443 0.01633129
v 0.01785208 0.00651797 0.01633129
v 0.01834225 0.00497418 0.01633129
v 0.01809193 0.00490629 0.01642442
v 0.01783163 0.00483570 0.01648101
v 0.01756630 0.00476375 0.01650000
v 0.01709686 0.00624224 0.01650000
v 0.01650323 0.00767539 0.01650000
v 0.01719480 0.00712232 0.01645737
v 0.01013715 0.00151682 0.01950000
v 0.01014879 0.00139654 0.01950003
v 0.01014879 0.00139654 0.01650000
v 0.01015203 0.00182785 0.01650000
v 0.01027787 0.00224040 0.01650000
v 0.01051591 0.00260008 0.01650000
v 0.01084646 0.00287717 0.01650000
v 0.01124218 0.00304873 0.01650000
v 0.01124218 0.00304873 0.01950000
v 0.01078120 0.00283448 0.01950000
v 0.01041826 0.00247856 0.01950000
v 0.01019502 0.00202186 0.01950000
v 0.01124218 0.00304873 0.01950000
v 0.01124218 0.00304873 0.01650000
v 0.01756630 0.00476375 0.01650000
v 0.01783163 0.00483570 0.01648101
v 0.01809193 0.00490629 0.01642442
v 0.01834225 0.00497418 0.01633129
v 0.02158119 0.00585253 0.01485795
v 0.02158119 0.00585253 0.01813434
v 0.01894984 0.00513895 0.01933129
v 0.01869952 0.00507106 0.01942442
v 0.01843923 0.00500047 0.01948101
v 0.01817389 0.00492852 0.01950000
v 0.01013715 -0.00151681 0.01950000
v 0.01019502 -0.00202184 0.01950000
v 0.01041826 -0.00247854 0.01950000
v 0.01078120 -0.00283446 0.01950000
v 0.01124218 -0.00304872 0.01950000
v 0.01124218 -0.00304872 0.01650000
v 0.01084646 -0.00287715 0.01650000
v 0.01051591 -0.00260007 0.01650000
v 0.01027787 -0.00224039 0.01650000
v 0.01015203 -0.00182783 0.01650000
v 0.01014879 -0.00139653 0.01650000
v 0.01014879 -0.00139653 0.01950003
v 0.01014879 0.00139654 0.01650000
v 0.01014879 0.00139654 0.01950003
v 0.01023378 0.00046681 0.01950003
v 0.01023378 -0.00046680 0.01950003
v 0.01014879 -0.00139653 0.01950003
v 0.01014879 -0.00139653 0.01650000
v 0.01023378 -0.00046680 0.01650000
v 0.01023378 0.00046681 0.01650000
v 0.02470614 -0.00382186 0.01369923
v 0.02456599 -0.00434239 0.01372251
v 0.02431351 -0.00482961 0.01379206
v 0.02396425 -0.00524455 0.01390492
v 0.02355416 -0.00556360 0.01404943
v 0.02309099 -0.00578800 0.01422370
v 0.02258624 -0.00591494 0.01442454
v 0.02207180 -0.00593361 0.01464076
v 0.02158119 -0.00585252 0.01485795
v 0.02158119 -0.00585252 0.01813434
v 0.02207180 -0.00593360 0.01791714
v 0.02258624 -0.00591494 0.01770092
v 0.02309099 -0.00578800 0.01750008
v 0.02355416 -0.00556360 0.01732581
v 0.02396425 -0.00524455 0.01718130
v 0.02431351 -0.00482961 0.01706844
v 0.02456599 -0.00434239 0.01699890
v 0.02470614 -0.00382186 0.01697561
v 0.01124218 -0.00304872 0.01650000
v 0.01124218 -0.00304872 0.01950000
v 0.01817389 -0.00492851 0.01950000
v 0.01843923 -0.00500046 0.01948101
v 0.01869952 -0.00507105 0.01942442
v 0.01894984 -0.00513893 0.01933129
v 0.02158119 -0.00585252 0.01813434
v 0.02158119 -0.00585252 0.01485795
v 0.01834225 -0.00497416 0.01633129
v 0.01809193 -0.00490628 0.01642442
v 0.01783163 -0.00483569 0.01648101
v 0.01756630 -0.00476374 0.01650000
v 0.02158119 0.00585253 0.01485795
v 0.02207180 0.00593361 0.01464076
v 0.02258624 0.00591495 0.01442454
v 0.02309099 0.00578801 0.01422370
v 0.02355416 0.00556361 0.01404943
v 0.02396425 0.00524456 0.01390492
v 0.02431351 0.00482962 0.01379206
v 0.02456599 0.00434240 0.01372251
v 0.02470614 0.00382187 0.01369923
v 0.02470614 0.00382187 0.01697561
v 0.02456599 0.00434240 0.01699890
v 0.02431351 0.00482962 0.01706844
v 0.02396425 0.00524456 0.01718130
v 0.02355416 0.00556361 0.01732581
v 0.02309099 0.00578801 0.01750008
v 0.02258624 0.00591495 0.01770092
v 0.02207180 0.00593362 0.01791714
v 0.02158119 0.00585253 0.01813434
v 0.02470614 -0.00382186 0.01369923
v 0.02470614 -0.00382186 0.01697561
v 0.02496729 -0.00127841 0.01697561
v 0.02496729 0.00127842 0.01697561
v 0.02470614 0.00382187 0.01697561
v 0.02470614 0.00382187 0.01369923
v 0.02496729 0.00127842 0.01369923
v 0.02496729 -0.00127841 0.01369923
v 0.01939857 0.01112186 0.01813434
v 0.01703334 0.00976579 0.01933129
v 0.01780305 0.00827991 0.01933129
v 0.01844343 0.00673389 0.01933129
v 0.01894984 0.00513895 0.01933129
v 0.02158119 0.00585253 0.01813434
v 0.02207180 0.00593362 0.01791714
v 0.02258624 0.00591495 0.01770092
v 0.02309099 0.00578801 0.01750008
v 0.02355416 0.00556361 0.01732581
v 0.02396425 0.00524456 0.01718130
v 0.02431351 0.00482962 0.01706844
v 0.02456599 0.00434240 0.01699890
v 0.02470614 0.00382187 0.01697561
v 0.02496729 0.00127842 0.01697561
v 0.02496729 -0.00127841 0.01697561
v 0.02470614 -0.00382186 0.01697561
v 0.02456599 -0.00434239 0.01699890
v 0.02431351 -0.00482961 0.01706844
v 0.02396425 -0.00524455 0.01718130
v 0.02355416 -0.00556360 0.01732581
v 0.02309099 -0.00578800 0.01750008
v 0.02258624 -0.00591494 0.01770092
v 0.02207180 -0.00593360 0.01791714
v 0.02158119 -0.00585252 0.01813434
v 0.01894984 -0.00513893 0.01933129
v 0.01844343 -0.00673387 0.01933129
v 0.01780305 -0.00827990 0.01933129
v 0.01703334 -0.00976578 0.01933129
v 0.01939857 -0.01112184 0.01813434
v 0.01980281 -0.01141141 0.01791714
v 0.02015338 -0.01178837 0.01770092
v 0.02042053 -0.01223504 0.01750008
v 0.02058937 -0.01272123 0.01732581
v 0.02065375 -0.01323682 0.01718130
v 0.02060730 -0.01377718 0.01706844
v 0.02044131 -0.01430023 0.01699890
v 0.02017234 -0.01476740 0.01697561
v 0.01855852 -0.01675056 0.01697562
v 0.01675057 -0.01855851 0.01697562
v 0.01476741 -0.02017234 0.01697562
v 0.01430024 -0.02044130 0.01699891
v 0.01377719 -0.02060729 0.01706845
v 0.01323683 -0.02065375 0.01718131
v 0.01272124 -0.02058936 0.01732582
v 0.01223505 -0.02042052 0.01750009
v 0.01178838 -0.02015337 0.01770093
v 0.01141142 -0.01980280 0.01791715
v 0.01112185 -0.01939856 0.01813435
v 0.00976578 -0.01703333 0.01933129
v 0.00827990 -0.01780304 0.01933129
v 0.00673388 -0.01844342 0.01933129
v 0.00513894 -0.01894983 0.01933130
v 0.00585253 -0.02158118 0.01813435
v 0.00593361 -0.02207179 0.01791715
v 0.00591495 -0.02258623 0.01770093
v 0.00578801 -0.02309098 0.01750009
v 0.00556361 -0.02355415 0.01732582
v 0.00524455 -0.02396424 0.01718131
v 0.00482962 -0.02431350 0.01706845
v 0.00434239 -0.02456598 0.01699891
v 0.00382186 -0.02470613 0.01697562
v 0.00127841 -0.02496728 0.01697562
v -0.00127841 -0.02496728 0.01697562
v -0.00382186 -0.02470613 0.01697562
v -0.00434239 -0.02456598 0.01699891
v -0.00482962 -0.02431350 0.01706845
v -0.00524455 -0.02396424 0.01718131
v -0.00556361 -0.02355415 0.01732582
v -0.00578801 -0.02309098 0.01750009
v -0.00591495 -0.02258623 0.01770093
v -0.00593361 -0.02207179 0.01791715
v -0.00585253 -0.02158118 0.01813435
v -0.00513894 -0.01894983 0.01933130
v -0.00673388 -0.01844342 0.01933129
v -0.00827990 -0.01780304 0.01933129
v -0.00976578 -0.01703333 0.01933129
v -0.01112185 -0.01939856 0.01813435
v -0.01141142 -0.01980280 0.01791715
v -0.01178838 -0.02015337 0.01770093
v -0.01223505 -0.02042052 0.01750009
v -0.01272124 -0.02058936 0.01732582
v -0.01323683 -0.02065375 0.01718131
v -0.01377719 -0.02060729 0.01706845
v -0.01430024 -0.02044130 0.01699891
v -0.01476741 -0.02017234 0.01697562
v -0.01675057 -0.01855851 0.01697562
v -0.01855852 -0.01675056 0.01697562
v -0.02017234 -0.01476740 0.01697561
v -0.02044131 -0.01430023 0.01699890
v -0.02060730 -0.01377718 0.01706844
v -0.02065375 -0.01323682 0.01718130
v -0.02058937 -0.01272123 0.01732581
v -0.02042053 -0.01223504 0.01750008
v -0.02015338 -0.01178837 0.01770092
v -0.01980281 -0.01141141 0.01791714
v -0.01939857 -0.01112184 0.01813434
v -0.01703334 -0.00976578 0.01933129
v -0.01780305 -0.00827990 0.01933129
v -0.01844343 -0.00673387 0.01933129
v -0.01894984 -0.00513893 0.01933129
v -0.02158119 -0.00585252 0.01813434
v -0.02207180 -0.00593360 0.01791714
v -0.02258624 -0.00591494 0.01770092
v -0.02309099 -0.00578800 0.01750008
v -0.02355416 -0.00556360 0.01732581
v -0.02396425 -0.00524455 0.01718130
v -0.02431351 -0.00482961 0.01706844
v -0.02456599 -0.00434239 0.01699890
v -0.02470614 -0.00382186 0.01697561
v -0.02496729 -0.00127841 0.01697561
v -0.02496729 0.00127842 0.01697561
v -0.02470614 0.00382187 0.01697561
v -0.02456599 0.00434240 0.01699890
v -0.02431351 0.00482962 0.01706844
v -0.02396425 0.00524456 0.01718130
v -0.02355416 0.00556361 0.01732581
v -0.02309099 0.00578801 0.01750008
v -0.02258624 0.00591495 0.01770092
v -0.02207180 0.00593362 0.01791714
v -0.02158119 0.00585253 0.01813434
v -0.01894984 0.00513895 0.01933129
v -0.01844343 0.00673389 0.01933129
v -0.01780305 0.00827991 0.01933129
v -0.01703334 0.00976579 0.01933129
v -0.01939857 0.01112186 0.01813434
v -0.01980281 0.01141143 0.01791714
v -0.02015338 0.01178839 0.01770092
v -0.02042053 0.01223506 0.01750008
v -0.02058937 0.01272125 0.01732581
v -0.02065375 0.01323684 0.01718130
v -0.02060730 0.01377720 0.01706844
v -0.02044131 0.01430025 0.01699890
v -0.02017234 0.01476741 0.01697561
v -0.01855852 0.01675058 0.01697560
v -0.01675057 0.01855852 0.01697560
v -0.01476741 0.02017235 0.01697560
v -0.01430024 0.02044132 0.01699889
v -0.01377719 0.02060730 0.01706843
v -0.01323683 0.02065376 0.01718129
v -0.01272124 0.02058938 0.01732580
v -0.01223505 0.02042053 0.01750007
v -0.01178838 0.02015338 0.01770091
v -0.01141142 0.01980282 0.01791713
v -0.01112185 0.01939858 0.01813433
v -0.00976578 0.01703335 0.01933128
v -0.00827990 0.01780306 0.01933128
v -0.00673388 0.01844344 0.01933128
v -0.00513894 0.01894985 0.01933128
v -0.00585253 0.02158119 0.01813433
v -0.00593361 0.02207181 0.01791713
v -0.00591495 0.02258625 0.01770091
v -0.00578801 0.02309099 0.01750007
v -0.00556361 0.02355417 0.01732580
v -0.00524455 0.02396425 0.01718129
v -0.00482962 0.02431351 0.01706843
v -0.00434239 0.02456599 0.01699889
v -0.00382186 0.02470614 0.01697560
v -0.00127841 0.02496729 0.01697560
v 0.00127841 0.02496729 0.01697560
v 0.00382186 0.02470614 0.01697560
v 0.00434239 0.02456599 0.01699889
v 0.00482962 0.02431351 0.01706843
v 0.00524455 0.02396425 0.01718129
v 0.00556361 0.02355417 0.01732580
v 0.00578801 0.02309099 0.01750007
v 0.00591495 0.02258625 0.01770091
v 0.00593361 0.02207181 0.01791713
v 0.00585253 0.02158119 0.01813433
v 0.00513894 0.01894985 0.01933128
v 0.00673388 0.01844344 0.01933128
v 0.00827990 0.01780306 0.01933128
v 0.00976578 0.01703335 0.01933128
v 0.01112185 0.01939858 0.01813433
v 0.01141142 0.01980282 0.01791713
v 0.01178838 0.02015338 0.01770091
v 0.01223505 0.02042053 0.01750007
v 0.01272124 0.02058938 0.01732580
v 0.01323683 0.02065376 0.01718129
v 0.01377719 0.02060730 0.01706843
v 0.01430024 0.02044132 0.01699889
v 0.01476741 0.02017235 0.01697560
v 0.01675057 0.01855852 0.01697560
v 0.01855852 0.01675058 0.01697560
v 0.02017234 0.01476741 0.01697561
v 0.02044131 0.01430025 0.01699890
v 0.02060730 0.01377720 0.01706844
v 0.02065375 0.01323684 0.01718130
v 0.02058937 0.01272125 0.01732581
v 0.02042053 0.01223506 0.01750008
v 0.02015338 0.01178839 0.01770092
v 0.01980281 0.01141143 0.01791714
v 0.00000000 -0.02890198 0.01526255
v 0.00302108 -0.02874366 0.01526255
v 0.00600906 -0.02827040 0.01526255
v 0.00893121 -0.02748743 0.01526255
v 0.01175550 -0.02640327 0.01526255
v 0.01445099 -0.02502985 0.01526255
v 0.01698816 -0.02338219 0.01526255
v 0.01933921 -0.02147835 0.01526255
v 0.02147836 -0.01933920 0.01526255
v 0.02338220 -0.01698815 0.01526255
v 0.02502986 -0.01445098 0.01526254
v 0.02640328 -0.01175549 0.01526254
v 0.02748743 -0.00893120 0.01526254
v 0.02827041 -0.00600906 0.01526254
v 0.02874366 -0.00302108 0.01526254
v 0.02890199 0.00000000 0.01526254
v 0.02874366 0.00302109 0.01526254
v 0.02827041 0.00600907 0.01526254
v 0.02748743 0.00893121 0.01526254
v 0.02640328 0.01175550 0.01526254
v 0.02502986 0.01445099 0.01526254
v 0.02338220 0.01698816 0.01526253
v 0.02147836 0.01933921 0.01526253
v 0.01933921 0.02147836 0.01526253
v 0.01698816 0.02338220 0.01526253
v 0.01445099 0.02502986 0.01526253
v 0.01175550 0.02640328 0.01526253
v 0.00893121 0.02748743 0.01526253
v 0.00600906 0.02827041 0.01526253
v 0.00302108 0.02874366 0.01526253
v 0.00000000 0.02890199 0.01526253
v -0.00302108 0.02874366 0.01526253
v -0.00600906 0.02827041 0.01526253
v -0.00893121 0.02748743 0.01526253
v -0.01175550 0.02640328 0.01526253
v -0.01445099 0.02502986 0.01526253
v -0.01698816 0.02338220 0.01526253
v -0.01933921 0.02147836 0.01526253
v -0.02147836 0.01933921 0.01526253
v -0.02338220 0.01698816 0.01526253
v -0.02502986 0.01445099 0.01526254
v -0.02640328 0.01175550 0.01526254
v -0.02748743 0.00893121 0.01526254
v -0.02827041 0.00600907 0.01526254
v -0.02874366 0.00302109 0.01526254
v -0.02890199 0.00000000 0.01526254
v -0.02874366 -0.00302108 0.01526254
v -0.02827041 -0.00600906 0.01526254
v -0.02748743 -0.00893120 0.01526254
v -0.02640328 -0.01175549 0.01526254
v -0.02502986 -0.01445098 0.01526254
v -0.02338220 -0.01698815 0.01526255
v -0.02147836 -0.01933920 0.01526255
v -0.01933921 -0.02147835 0.01526255
v -0.01698816 -0.02338219 0.01526255
v -0.01445099 -0.02502985 0.01526255
v -0.01175550 -0.02640327 0.01526255
v -0.00893121 -0.02748743 0.01526255
v -0.00600906 -0.02827040 0.01526255
v -0.00302108 -0.02874366 0.01526255
v -0.00127841 0.02496729 0.01697560
v 0.00000000 0.02890199 0.01526253
v 0.01894984 -0.00513893 0.01933129
v 0.01869952 -0.00507105 0.01942442
v 0.01843923 -0.00500046 0.01948101
v 0.01817389 -0.00492851 0.01950000
v 0.01768821 -0.00645814 0.01950000
v 0.01707405 -0.00794085 0.01950000
v 0.01633587 -0.00936589 0.01950000
v 0.01657437 -0.00950263 0.01948101
v 0.01680834 -0.00963677 0.01942442
v 0.01703334 -0.00976578 0.01933129
v 0.01780305 -0.00827990 0.01933129
v 0.01844343 -0.00673387 0.01933129
v 0.01777642 -0.00736323 0.01945737
v 0.01817389 -0.00492851 0.01950000
v 0.01124218 -0.00304872 0.01950000
v 0.01078120 -0.00283446 0.01950000
v 0.01041826 -0.00247854 0.01950000
v 0.01019502 -0.00202184 0.01950000
v 0.01013715 -0.00151681 0.01950000
v 0.00975732 -0.00313962 0.01950000
v 0.00911951 -0.00467941 0.01950000
v 0.00824060 -0.00609549 0.01950000
v 0.00863864 -0.00577930 0.01950000
v 0.00911942 -0.00561421 0.01950000
v 0.00962773 -0.00561918 0.01950000
v 0.01010520 -0.00579364 0.01950000
v 0.01633587 -0.00936589 0.01950000
v 0.01707405 -0.00794085 0.01950000
v 0.01768821 -0.00645814 0.01950000
v 0.01010520 0.00579365 0.01650000
v 0.01578972 0.00905278 0.01650000
v 0.01650323 0.00767539 0.01650000
v 0.01709686 0.00624224 0.01650000
v 0.01756630 0.00476375 0.01650000
v 0.01124218 0.00304873 0.01650000
v 0.01084646 0.00287717 0.01650000
v 0.01051591 0.00260008 0.01650000
v 0.01027787 0.00224040 0.01650000
v 0.01015203 0.00182785 0.01650000
v 0.01014879 0.00139654 0.01650000
v 0.01023378 0.00046681 0.01650000
v 0.01023378 -0.00046680 0.01650000
v 0.01014879 -0.00139653 0.01650000
v 0.01015203 -0.00182783 0.01650000
v 0.01027787 -0.00224039 0.01650000
v 0.01051591 -0.00260007 0.01650000
v 0.01084646 -0.00287715 0.01650000
v 0.01124218 -0.00304872 0.01650000
v 0.01756630 -0.00476374 0.01650000
v 0.01709686 -0.00624223 0.01650000
v 0.01650323 -0.00767537 0.01650000
v 0.01578972 -0.00905277 0.01650000
v 0.01010520 -0.00579364 0.01650000
v 0.00970406 -0.00563514 0.01650000
v 0.00927441 -0.00559733 0.01650000
v 0.00885175 -0.00568335 0.01650000
v 0.00847105 -0.00588609 0.01650000
v 0.00816378 -0.00618877 0.01650000
v 0.00756646 -0.00690629 0.01650000
v 0.00690630 -0.00756645 0.01650000
v 0.00618878 -0.00816377 0.01650000
v 0.00588609 -0.00847104 0.01650000
v 0.00568336 -0.00885175 0.01650000
v 0.00559734 -0.00927440 0.01650000
v 0.00563514 -0.00970406 0.01650000
v 0.00579365 -0.01010519 0.01650000
v 0.00905277 -0.01578971 0.01650000
v 0.00767538 -0.01650322 0.01650000
v 0.00624223 -0.01709685 0.01650000
v 0.00476374 -0.01756629 0.01650000
v 0.00304873 -0.01124217 0.01650000
v 0.00287716 -0.01084645 0.01650000
v 0.00260008 -0.01051590 0.01650000
v 0.00224039 -0.01027786 0.01650000
v 0.00182784 -0.01015202 0.01650000
v 0.00139654 -0.01014878 0.01650000
v 0.00046680 -0.01023377 0.01650000
v -0.00046680 -0.01023377 0.01650000
v -0.00139654 -0.01014878 0.01650000
v -0.00182784 -0.01015202 0.01650000
v -0.00224039 -0.01027786 0.01650000
v -0.00260008 -0.01051590 0.01650000
v -0.00287716 -0.01084645 0.01650000
v -0.00304873 -0.01124217 0.01650000
v -0.00476374 -0.01756629 0.01650000
v -0.00624223 -0.01709685 0.01650000
v -0.00767538 -0.01650322 0.01650000
v -0.00905277 -0.01578971 0.01650000
v -0.00579365 -0.01010519 0.01650000
v -0.00563514 -0.00970406 0.01650000
v -0.00559734 -0.00927440 0.01650000
v -0.00568336 -0.00885175 0.01650000
v -0.00588609 -0.00847104 0.01650000
v -0.00618878 -0.00816377 0.01650000
v -0.00690630 -0.00756645 0.01650000
v -0.00756646 -0.00690629 0.01650000
v -0.00816378 -0.00618877 0.01650000
v -0.00847105 -0.00588609 0.01650000
v -0.00885175 -0.00568335 0.01650000
v -0.00927441 -0.00559733 0.01650000
v -0.00970406 -0.00563514 0.01650000
v -0.01010520 -0.00579364 0.01650000
v -0.01578972 -0.00905277 0.01650000
v -0.01650323 -0.00767537 0.01650000
v -0.01709686 -0.00624223 0.01650000
v -0.01756630 -0.00476374 0.01650000
v -0.01124218 -0.00304872 0.01650000
v -0.01084646 -0.00287715 0.01650000
v -0.01051591 -0.00260007 0.01650000
v -0.01027787 -0.00224039 0.01650000
v -0.01015203 -0.00182783 0.01650000
v -0.01014879 -0.00139653 0.01650000
v -0.01023378 -0.00046680 0.01650000
v -0.01023378 0.00046681 0.01650000
v -0.01014879 0.00139654 0.01650000
v -0.01015203 0.00182785 0.01650000
v -0.01027787 0.00224040 0.01650000
v -0.01051591 0.00260008 0.01650000
v -0.01084646 0.00287717 0.01650000
v -0.01124218 0.00304873 0.01650000
v -0.01756630 0.00476375 0.01650000
v -0.01709686 0.00624224 0.01650000
v -0.01650323 0.00767539 0.01650000
v -0.01578972 0.00905278 0.01650000
v -0.01010520 0.00579365 0.01650000
v -0.00970406 0.00563515 0.01650000
v -0.00927441 0.00559734 0.01650000
v -0.00885175 0.00568336 0.01650000
v -0.00847105 0.00588610 0.01650000
v -0.00816378 0.00618878 0.01650000
v -0.00756646 0.00690630 0.01650000
v -0.00690630 0.00756646 0.01650000
v -0.00618878 0.00816378 0.01650000
v -0.00588609 0.00847105 0.01650000
v -0.00568336 0.00885176 0.01650000
v -0.00559734 0.00927441 0.01650000
v -0.00563514 0.00970407 0.01650000
v -0.00579365 0.01010520 0.01650000
v -0.00905277 0.01578972 0.01649999
v -0.00767538 0.01650324 0.01649999
v -0.00624223 0.01709687 0.01649999
v -0.00476374 0.01756630 0.01649999
v -0.00304873 0.01124218 0.01650000
v -0.00287716 0.01084646 0.01650000
v -0.00260008 0.01051592 0.01650000
v -0.00224039 0.01027787 0.01650000
v -0.00182784 0.01015203 0.01650000
v -0.00139654 0.01014879 0.01650000
v -0.00046680 0.01023379 0.01650000
v 0.00046680 0.01023379 0.01650000
v 0.00139654 0.01014879 0.01650000
v 0.00182784 0.01015203 0.01650000
v 0.00224039 0.01027787 0.01650000
v 0.00260008 0.01051592 0.01650000
v 0.00287716 0.01084646 0.01650000
v 0.00304873 0.01124218 0.01650000
v 0.00476374 0.01756630 0.01649999
v 0.00624223 0.01709687 0.01649999
v 0.00767538 0.01650324 0.01649999
v 0.00905277 0.01578972 0.01649999
v 0.00579365 0.01010520 0.01650000
v 0.00563514 0.00970407 0.01650000
v 0.00559734 0.00927441 0.01650000
v 0.00568336 0.00885176 0.01650000
v 0.00588609 0.00847105 0.01650000
v 0.00618878 0.00816378 0.01650000
v 0.00690630 0.00756646 0.01650000
v 0.00756646 0.00690630 0.01650000
v 0.00816378 0.00618878 0.01650000
v 0.00847105 0.00588610 0.01650000
v 0.00885175 0.00568336 0.01650000
v 0.00927441 0.00559734 0.01650000
v 0.00970406 0.00563515 0.01650000
v 0.00000000 -0.00299999 0.01650000
v 0.00092705 -0.00285316 0.01650000
v 0.00176335 -0.00242705 0.01650000
v 0.00242705 -0.00176335 0.01650000
v 0.00285317 -0.00092705 0.01650000
v 0.00300000 0.00000001 0.01650000
v 0.00285317 0.00092706 0.01650000
v 0.00242705 0.00176336 0.01650000
v 0.00176335 0.00242706 0.01650000
v 0.00092705 0.00285318 0.01650000
v 0.00000000 0.00300001 0.01650000
v -0.00092705 0.00285318 0.01650000
v -0.00176335 0.00242706 0.01650000
v -0.00242705 0.00176336 0.01650000
v -0.00285317 0.00092706 0.01650000
v -0.00300000 0.00000001 0.01650000
v -0.00285317 -0.00092705 0.01650000
v -0.00242705 -0.00176335 0.01650000
v -0.00176335 -0.00242705 0.01650000
v -0.00092705 -0.00285316 0.01650000
v 0.01756630 -0.00476374 0.01650000
v 0.01783163 -0.00483569 0.01648101
v 0.01809193 -0.00490628 0.01642442
v 0.01834225 -0.00497416 0.01633129
v 0.01785208 -0.00651796 0.01633129
v 0.01723222 -0.00801442 0.01633129
v 0.01648720 -0.00945266 0.01633129
v 0.01626220 -0.00932365 0.01642442
v 0.01602822 -0.00918951 0.01648101
v 0.01578972 -0.00905277 0.01650000
v 0.01650323 -0.00767537 0.01650000
v 0.01709686 -0.00624223 0.01650000
v 0.01719480 -0.00712231 0.01645737
v 0.00824060 -0.00609549 0.01950000
v 0.00816378 -0.00618877 0.01950003
v 0.00816378 -0.00618877 0.01650000
v 0.00847105 -0.00588609 0.01650000
v 0.00885175 -0.00568335 0.01650000
v 0.00927441 -0.00559733 0.01650000
v 0.00970406 -0.00563514 0.01650000
v 0.01010520 -0.00579364 0.01650000
v 0.01010520 -0.00579364 0.01950000
v 0.00962773 -0.00561918 0.01950000
v 0.00911942 -0.00561421 0.01950000
v 0.00863864 -0.00577930 0.01950000
v 0.01010520 -0.00579364 0.01950000
v 0.01010520 -0.00579364 0.01650000
v 0.01578972 -0.00905277 0.01650000
v 0.01602822 -0.00918951 0.01648101
v 0.01626220 -0.00932365 0.01642442
v 0.01648720 -0.00945266 0.01633129
v 0.01939857 -0.01112185 0.01485795
v 0.01939857 -0.01112184 0.01813434
v 0.01703334 -0.00976578 0.01933129
v 0.01680834 -0.00963677 0.01942442
v 0.01657437 -0.00950263 0.01948101
v 0.01633587 -0.00936589 0.01950000
v 0.00609550 -0.00824059 0.01950000
v 0.00577931 -0.00863863 0.01950000
v 0.00561422 -0.00911941 0.01950000
v 0.00561919 -0.00962773 0.01950000
v 0.00579365 -0.01010519 0.01950000
v 0.00579365 -0.01010519 0.01650000
v 0.00563514 -0.00970406 0.01650000
v 0.00559734 -0.00927440 0.01650000
v 0.00568336 -0.00885175 0.01650000
v 0.00588609 -0.00847104 0.01650000
v 0.00618878 -0.00816377 0.01650000
v 0.00618878 -0.00816377 0.01950003
v 0.00816378 -0.00618877 0.01650000
v 0.00816378 -0.00618877 0.01950003
v 0.00756646 -0.00690629 0.01950003
v 0.00690630 -0.00756645 0.01950003
v 0.00618878 -0.00816377 0.01950003
v 0.00618878 -0.00816377 0.01650000
v 0.00690630 -0.00756645 0.01650000
v 0.00756646 -0.00690629 0.01650000
v 0.01476741 -0.02017234 0.01369924
v 0.01430024 -0.02044131 0.01372252
v 0.01377719 -0.02060730 0.01379207
v 0.01323683 -0.02065375 0.01390493
v 0.01272124 -0.02058937 0.01404944
v 0.01223505 -0.02042052 0.01422371
v 0.01178838 -0.02015337 0.01442455
v 0.01141142 -0.01980280 0.01464077
v 0.01112185 -0.01939856 0.01485796
v 0.01112185 -0.01939856 0.01813435
v 0.01141142 -0.01980280 0.01791715
v 0.01178838 -0.02015337 0.01770093
v 0.01223505 -0.02042052 0.01750009
v 0.01272124 -0.02058936 0.01732582
v 0.01323683 -0.02065375 0.01718131
v 0.01377719 -0.02060729 0.01706845
v 0.01430024 -0.02044130 0.01699891
v 0.01476741 -0.02017234 0.01697562
v 0.00579365 -0.01010519 0.01650000
v 0.00579365 -0.01010519 0.01950000
v 0.00936590 -0.01633586 0.01950001
v 0.00950264 -0.01657436 0.01948102
v 0.00963678 -0.01680833 0.01942443
v 0.00976578 -0.01703333 0.01933129
v 0.01112185 -0.01939856 0.01813435
v 0.01112185 -0.01939856 0.01485796
v 0.00945266 -0.01648719 0.01633129
v 0.00932366 -0.01626219 0.01642442
v 0.00918951 -0.01602821 0.01648101
v 0.00905277 -0.01578971 0.01650000
v 0.01939857 -0.01112185 0.01485795
v 0.01980281 -0.01141142 0.01464076
v 0.02015338 -0.01178838 0.01442454
v 0.02042053 -0.01223505 0.01422370
v 0.02058937 -0.01272124 0.01404943
v 0.02065375 -0.01323683 0.01390492
v 0.02060730 -0.01377719 0.01379206
v 0.02044131 -0.01430024 0.01372251
v 0.02017234 -0.01476740 0.01369923
v 0.02017234 -0.01476740 0.01697561
v 0.02044131 -0.01430023 0.01699890
v 0.02060730 -0.01377718 0.01706844
v 0.02065375 -0.01323682 0.01718130
v 0.02058937 -0.01272123 0.01732581
v 0.02042053 -0.01223504 0.01750008
v 0.02015338 -0.01178837 0.01770092
v 0.01980281 -0.01141141 0.01791714
v 0.01939857 -0.01112184 0.01813434
v 0.01476741 -0.02017234 0.01369924
v 0.01476741 -0.02017234 0.01697562
v 0.01675057 -0.01855851 0.01697562
v 0.01855852 -0.01675056 0.01697562
v 0.02017234 -0.01476740 0.01697561
v 0.02017234 -0.01476740 0.01369923
v 0.01855852 -0.01675057 0.01369923
v 0.01675057 -0.01855852 0.01369924
v 0.01633587 0.00936590 0.01950000
v 0.01010520 0.00579365 0.01950000
v 0.00962773 0.00561920 0.01950000
v 0.00911942 0.00561423 0.01950000
v 0.00863864 0.00577932 0.01950000
v 0.00824060 0.00609550 0.01950000
v 0.00911951 0.00467942 0.01950000
v 0.00975732 0.00313963 0.01950000
v 0.01013715 0.00151682 0.01950000
v 0.01019502 0.00202186 0.01950000
v 0.01041826 0.00247856 0.01950000
v 0.01078120 0.00283448 0.01950000
v 0.01124218 0.00304873 0.01950000
v 0.01817389 0.00492852 0.01950000
v 0.01768821 0.00645815 0.01950000
v 0.01707405 0.00794087 0.01950000
v 0.01703334 0.00976579 0.01933129
v 0.01680834 0.00963679 0.01942442
v 0.01657437 0.00950264 0.01948101
v 0.01633587 0.00936590 0.01950000
v 0.01707405 0.00794087 0.01950000
v 0.01768821 0.00645815 0.01950000
v 0.01817389 0.00492852 0.01950000
v 0.01843923 0.00500047 0.01948101
v 0.01869952 0.00507106 0.01942442
v 0.01894984 0.00513895 0.01933129
v 0.01844343 0.00673389 0.01933129
v 0.01780305 0.00827991 0.01933129
v 0.01777642 0.00736324 0.01945737
v 0.00905277 -0.01578971 0.01650000
v 0.00918951 -0.01602821 0.01648101
v 0.00932366 -0.01626219 0.01642442
v 0.00945266 -0.01648719 0.01633129
v 0.00801442 -0.01723221 0.01633130
v 0.00651797 -0.01785207 0.01633130
v 0.00497417 -0.01834225 0.01633130
v 0.00490629 -0.01809192 0.01642443
v 0.00483570 -0.01783162 0.01648101
v 0.00476374 -0.01756629 0.01650000
v 0.00624223 -0.01709685 0.01650000
v 0.00767538 -0.01650322 0.01650000
v 0.00712232 -0.01719479 0.01645738
v 0.00151682 -0.01013714 0.01950000
v 0.00139654 -0.01014878 0.01950003
v 0.00139654 -0.01014878 0.01650000
v 0.00182784 -0.01015202 0.01650000
v 0.00224039 -0.01027786 0.01650000
v 0.00260008 -0.01051590 0.01650000
v 0.00287716 -0.01084645 0.01650000
v 0.00304873 -0.01124217 0.01650000
v 0.00304873 -0.01124217 0.01950000
v 0.00283447 -0.01078119 0.01950000
v 0.00247855 -0.01041825 0.01950000
v 0.00202185 -0.01019501 0.01950000
v 0.00304873 -0.01124217 0.01950000
v 0.00304873 -0.01124217 0.01650000
v 0.00476374 -0.01756629 0.01650000
v 0.00483570 -0.01783162 0.01648101
v 0.00490629 -0.01809192 0.01642443
v 0.00497417 -0.01834225 0.01633130
v 0.00585253 -0.02158118 0.01485796
v 0.00585253 -0.02158118 0.01813435
v 0.00513894 -0.01894983 0.01933130
v 0.00507106 -0.01869951 0.01942443
v 0.00500047 -0.01843922 0.01948102
v 0.00492851 -0.01817388 0.01950001
v -0.00151682 -0.01013714 0.01950000
v -0.00202185 -0.01019501 0.01950000
v -0.00247855 -0.01041825 0.01950000
v -0.00283447 -0.01078119 0.01950000
v -0.00304873 -0.01124217 0.01950000
v -0.00304873 -0.01124217 0.01650000
v -0.00287716 -0.01084645 0.01650000
v -0.00260008 -0.01051590 0.01650000
v -0.00224039 -0.01027786 0.01650000
v -0.00182784 -0.01015202 0.01650000
v -0.00139654 -0.01014878 0.01650000
v -0.00139654 -0.01014878 0.01950003
v 0.00139654 -0.01014878 0.01650000
v 0.00139654 -0.01014878 0.01950003
v 0.00046680 -0.01023377 0.01950003
v -0.00046680 -0.01023377 0.01950003
v -0.00139654 -0.01014878 0.01950003
v -0.00139654 -0.01014878 0.01650000
v -0.00046680 -0.01023377 0.01650000
v 0.00046680 -0.01023377 0.01650000
v -0.00382186 -0.02470613 0.01369924
v -0.00434239 -0.02456599 0.01372252
v -0.00482962 -0.02431350 0.01379207
v -0.00524455 -0.02396425 0.01390493
v -0.00556361 -0.02355416 0.01404944
v -0.00578801 -0.02309098 0.01422371
v -0.00591495 -0.02258624 0.01442455
v -0.00593361 -0.02207180 0.01464077
v -0.00585253 -0.02158118 0.01485796
v -0.00585253 -0.02158118 0.01813435
v -0.00593361 -0.02207179 0.01791715
v -0.00591495 -0.02258623 0.01770093
v -0.00578801 -0.02309098 0.01750009
v -0.00556361 -0.02355415 0.01732582
v -0.00524455 -0.02396424 0.01718131
v -0.00482962 -0.02431350 0.01706845
v -0.00434239 -0.02456598 0.01699891
v -0.00382186 -0.02470613 0.01697562
v -0.00304873 -0.01124217 0.01650000
v -0.00304873 -0.01124217 0.01950000
v -0.00492851 -0.01817388 0.01950001
v -0.00500047 -0.01843922 0.01948102
v -0.00507106 -0.01869951 0.01942443
v -0.00513894 -0.01894983 0.01933130
v -0.00585253 -0.02158118 0.01813435
v -0.00585253 -0.02158118 0.01485796
v -0.00497417 -0.01834225 0.01633130
v -0.00490629 -0.01809192 0.01642443
v -0.00483570 -0.01783162 0.01648101
v -0.00476374 -0.01756629 0.01650000
v 0.00585253 -0.02158118 0.01485796
v 0.00593361 -0.02207180 0.01464077
v 0.00591495 -0.02258624 0.01442455
v 0.00578801 -0.02309098 0.01422371
v 0.00556361 -0.02355416 0.01404944
v 0.00524455 -0.02396425 0.01390493
v 0.00482962 -0.02431350 0.01379207
v 0.00434239 -0.02456599 0.01372252
v 0.00382186 -0.02470613 0.01369924
v 0.00382186 -0.02470613 0.01697562
v 0.00434239 -0.02456598 0.01699891
v 0.00482962 -0.02431350 0.01706845
v 0.00524455 -0.02396424 0.01718131
v 0.00556361 -0.02355415 0.01732582
v 0.00578801 -0.02309098 0.01750009
v 0.00591495 -0.02258623 0.01770093
v 0.00593361 -0.02207179 0.01791715
v 0.00585253 -0.02158118 0.01813435
v -0.00382186 -0.02470613 0.01369924
v -0.00382186 -0.02470613 0.01697562
v -0.00127841 -0.02496728 0.01697562
v 0.00127841 -0.02496728 0.01697562
v 0.00382186 -0.02470613 0.01697562
v 0.00382186 -0.02470613 0.01369924
v 0.00127841 -0.02496728 0.01369924
v -0.00127841 -0.02496728 0.01369924
v -0.00513894 -0.01894983 0.01933130
v -0.00507106 -0.01869951 0.01942443
v -0.00500047 -0.01843922 0.01948102
v -0.00492851 -0.01817388 0.01950001
v -0.00645814 -0.01768820 0.01950001
v -0.00794086 -0.01707404 0.01950001
v -0.00936590 -0.01633586 0.01950001
v -0.00950264 -0.01657436 0.01948102
v -0.00963678 -0.01680833 0.01942443
v -0.00976578 -0.01703333 0.01933129
v -0.00827990 -0.01780304 0.01933129
v -0.00673388 -0.01844342 0.01933129
v -0.00736323 -0.01777641 0.01945738
v -0.00492851 -0.01817388 0.01950001
v -0.00304873 -0.01124217 0.01950000
v -0.00283447 -0.01078119 0.01950000
v -0.00247855 -0.01041825 0.01950000
v -0.00202185 -0.01019501 0.01950000
v -0.00151682 -0.01013714 0.01950000
v -0.00313962 -0.00975731 0.01950000
v -0.00467942 -0.00911951 0.01950000
v -0.00609550 -0.00824059 0.01950000
v -0.00577931 -0.00863863 0.01950000
v -0.00561422 -0.00911941 0.01950000
v -0.00561919 -0.00962773 0.01950000
v -0.00579365 -0.01010519 0.01950000
v -0.00936590 -0.01633586 0.01950001
v -0.00794086 -0.01707404 0.01950001
v -0.00645814 -0.01768820 0.01950001
v -0.00476374 -0.01756629 0.01650000
v -0.00483570 -0.01783162 0.01648101
v -0.00490629 -0.01809192 0.01642443
v -0.00497417 -0.01834225 0.01633130
v -0.00651797 -0.01785207 0.01633130
v -0.00801442 -0.01723221 0.01633130
v -0.00945266 -0.01648719 0.01633129
v -0.00932366 -0.01626219 0.01642442
v -0.00918951 -0.01602821 0.01648101
v -0.00905277 -0.01578971 0.01650000
v -0.00767538 -0.01650322 0.01650000
v -0.00624223 -0.01709685 0.01650000
v -0.00712232 -0.01719479 0.01645738
v -0.00609550 -0.00824059 0.01950000
v -0.00618878 -0.00816377 0.01950003
v -0.00618878 -0.00816377 0.01650000
v -0.00588609 -0.00847104 0.01650000
v -0.00568336 -0.00885175 0.01650000
v -0.00559734 -0.00927440 0.01650000
v -0.00563514 -0.00970406 0.01650000
v -0.00579365 -0.01010519 0.01650000
v -0.00579365 -0.01010519 0.01950000
v -0.00561919 -0.00962773 0.01950000
v -0.00561422 -0.00911941 0.01950000
v -0.00577931 -0.00863863 0.01950000
v -0.00579365 -0.01010519 0.01950000
v -0.00579365 -0.01010519 0.01650000
v -0.00905277 -0.01578971 0.01650000
v -0.00918951 -0.01602821 0.01648101
v -0.00932366 -0.01626219 0.01642442
v -0.00945266 -0.01648719 0.01633129
v -0.01112185 -0.01939856 0.01485796
v -0.01112185 -0.01939856 0.01813435
v -0.00976578 -0.01703333 0.01933129
v -0.00963678 -0.01680833 0.01942443
v -0.00950264 -0.01657436 0.01948102
v -0.00936590 -0.01633586 0.01950001
v -0.00824060 -0.00609549 0.01950000
v -0.00863864 -0.00577930 0.01950000
v -0.00911942 -0.00561421 0.01950000
v -0.00962773 -0.00561918 0.01950000
v -0.01010520 -0.00579364 0.01950000
v -0.01010520 -0.00579364 0.01650000
v -0.00970406 -0.00563514 0.01650000
v -0.00927441 -0.00559733 0.01650000
v -0.00885175 -0.00568335 0.01650000
v -0.00847105 -0.00588609 0.01650000
v -0.00816378 -0.00618877 0.01650000
v -0.00816378 -0.00618877 0.01950003
v -0.00618878 -0.00816377 0.01650000
v -0.00618878 -0.00816377 0.01950003
v -0.00690630 -0.00756645 0.01950003
v -0.00756646 -0.00690629 0.01950003
v -0.00816378 -0.00618877 0.01950003
v -0.00816378 -0.00618877 0.01650000
v -0.00756646 -0.00690629 0.01650000
v -0.00690630 -0.00756645 0.01650000
v -0.02017234 -0.01476740 0.01369923
v -0.02044131 -0.01430024 0.01372251
v -0.02060730 -0.01377719 0.01379206
v -0.02065375 -0.01323683 0.01390492
v -0.02058937 -0.01272124 0.01404943
v -0.02042053 -0.01223505 0.01422370
v -0.02015338 -0.01178838 0.01442454
v -0.01980281 -0.01141142 0.01464076
v -0.01939857 -0.01112185 0.01485795
v -0.01939857 -0.01112184 0.01813434
v -0.01980281 -0.01141141 0.01791714
v -0.02015338 -0.01178837 0.01770092
v -0.02042053 -0.01223504 0.01750008
v -0.02058937 -0.01272123 0.01732581
v -0.02065375 -0.01323682 0.01718130
v -0.02060730 -0.01377718 0.01706844
v -0.02044131 -0.01430023 0.01699890
v -0.02017234 -0.01476740 0.01697561
v -0.01010520 -0.00579364 0.01650000
v -0.01010520 -0.00579364 0.01950000
v -0.01633587 -0.00936589 0.01950000
v -0.01657437 -0.00950263 0.01948101
v -0.01680834 -0.00963677 0.01942442
v -0.01703334 -0.00976578 0.01933129
v -0.01939857 -0.01112184 0.01813434
v -0.01939857 -0.01112185 0.01485795
v -0.01648720 -0.00945266 0.01633129
v -0.01626220 -0.00932365 0.01642442
v -0.01602822 -0.00918951 0.01648101
v -0.01578972 -0.00905277 0.01650000
v -0.01112185 -0.01939856 0.01485796
v -0.01141142 -0.01980280 0.01464077
v -0.01178838 -0.02015337 0.01442455
v -0.01223505 -0.02042052 0.01422371
v -0.01272124 -0.02058937 0.01404944
v -0.01323683 -0.02065375 0.01390493
v -0.01377719 -0.02060730 0.01379207
v -0.01430024 -0.02044131 0.01372252
v -0.01476741 -0.02017234 0.01369924
v -0.01476741 -0.02017234 0.01697562
v -0.01430024 -0.02044130 0.01699891
v -0.01377719 -0.02060729 0.01706845
v -0.01323683 -0.02065375 0.01718131
v -0.01272124 -0.02058936 0.01732582
v -0.01223505 -0.02042052 0.01750009
v -0.01178838 -0.02015337 0.01770093
v -0.01141142 -0.01980280 0.01791715
v -0.01112185 -0.01939856 0.01813435
v -0.02017234 -0.01476740 0.01369923
v -0.02017234 -0.01476740 0.01697561
v -0.01855852 -0.01675056 0.01697562
v -0.01675057 -0.01855851 0.01697562
v -0.01476741 -0.02017234 0.01697562
v -0.01476741 -0.02017234 0.01369924
v -0.01675057 -0.01855852 0.01369924
v -0.01855852 -0.01675057 0.01369923
v 0.00936590 -0.01633586 0.01950001
v 0.00579365 -0.01010519 0.01950000
v 0.00561919 -0.00962773 0.01950000
v 0.00561422 -0.00911941 0.01950000
v 0.00577931 -0.00863863 0.01950000
v 0.00609550 -0.00824059 0.01950000
v 0.00467942 -0.00911951 0.01950000
v 0.00313962 -0.00975731 0.01950000
v 0.00151682 -0.01013714 0.01950000
v 0.00202185 -0.01019501 0.01950000
v 0.00247855 -0.01041825 0.01950000
v 0.00283447 -0.01078119 0.01950000
v 0.00304873 -0.01124217 0.01950000
v 0.00492851 -0.01817388 0.01950001
v 0.00645814 -0.01768820 0.01950001
v 0.00794086 -0.01707404 0.01950001
v 0.00976578 -0.01703333 0.01933129
v 0.00963678 -0.01680833 0.01942443
v 0.00950264 -0.01657436 0.01948102
v 0.00936590 -0.01633586 0.01950001
v 0.00794086 -0.01707404 0.01950001
v 0.00645814 -0.01768820 0.01950001
v 0.00492851 -0.01817388 0.01950001
v 0.00500047 -0.01843922 0.01948102
v 0.00507106 -0.01869951 0.01942443
v 0.00513894 -0.01894983 0.01933130
v 0.00673388 -0.01844342 0.01933129
v 0.00827990 -0.01780304 0.01933129
v 0.00736323 -0.01777641 0.01945738
v -0.01578972 -0.00905277 0.01650000
v -0.01602822 -0.00918951 0.01648101
v -0.01626220 -0.00932365 0.01642442
v -0.01648720 -0.00945266 0.01633129
v -0.01723222 -0.00801442 0.01633129
v -0.01785208 -0.00651796 0.01633129
v -0.01834225 -0.00497416 0.01633129
v -0.01809193 -0.00490628 0.01642442
v -0.01783163 -0.00483569 0.01648101
v -0.01756630 -0.00476374 0.01650000
v -0.01709686 -0.00624223 0.01650000
v -0.01650323 -0.00767537 0.01650000
v -0.01719480 -0.00712231 0.01645737
v -0.01013715 -0.00151681 0.01950000
v -0.01014879 -0.00139653 0.01950003
v -0.01014879 -0.00139653 0.01650000
v -0.01015203 -0.00182783 0.01650000
v -0.01027787 -0.00224039 0.01650000
v -0.01051591 -0.00260007 0.01650000
v -0.01084646 -0.00287715 0.01650000
v -0.01124218 -0.00304872 0.01650000
v -0.01124218 -0.00304872 0.01950000
v -0.01078120 -0.00283446 0.01950000
v -0.01041826 -0.00247854 0.01950000
v -0.01019502 -0.00202184 0.01950000
v -0.01124218 -0.00304872 0.01950000
v -0.01124218 -0.00304872 0.01650000
v -0.01756630 -0.00476374 0.01650000
v -0.01783163 -0.00483569 0.01648101
v -0.01809193 -0.00490628 0.01642442
v -0.01834225 -0.00497416 0.01633129
v -0.02158119 -0.00585252 0.01485795
v -0.02158119 -0.00585252 0.01813434
v -0.01894984 -0.00513893 0.01933129
v -0.01869952 -0.00507105 0.01942442
v -0.01843923 -0.00500046 0.01948101
v -0.01817389 -0.00492851 0.01950000
v -0.01013715 0.00151682 0.01950000
v -0.01019502 0.00202186 0.01950000
v -0.01041826 0.00247856 0.01950000
v -0.01078120 0.00283448 0.01950000
v -0.01124218 0.00304873 0.01950000
v -0.01124218 0.00304873 0.01650000
v -0.01084646 0.00287717 0.01650000
v -0.01051591 0.00260008 0.01650000
v -0.01027787 0.00224040 0.01650000
v -0.01015203 0.00182785 0.01650000
v -0.01014879 0.00139654 0.01650000
v -0.01014879 0.00139654 0.01950003
v -0.01014879 -0.00139653 0.01650000
v -0.01014879 -0.00139653 0.01950003
v -0.01023378 -0.00046680 0.01950003
v -0.01023378 0.00046681 0.01950003
v -0.01014879 0.00139654 0.01950003
v -0.01014879 0.00139654 0.01650000
v -0.01023378 0.00046681 0.01650000
v -0.01023378 -0.00046680 0.01650000
v -0.02470614 0.00382187 0.01369923
v -0.02456599 0.00434240 0.01372251
v -0.02431351 0.00482962 0.01379206
v -0.02396425 0.00524456 0.01390492
v -0.02355416 0.00556361 0.01404943
v -0.02309099 0.00578801 0.01422370
v -0.02258624 0.00591495 0.01442454
v -0.02207180 0.00593361 0.01464076
v -0.02158119 0.00585253 0.01485795
v -0.02158119 0.00585253 0.01813434
v -0.02207180 0.00593362 0.01791714
v -0.02258624 0.00591495 0.01770092
v -0.02309099 0.00578801 0.01750008
v -0.02355416 0.00556361 0.01732581
v -0.02396425 0.00524456 0.01718130
v -0.02431351 0.00482962 0.01706844
v -0.02456599 0.00434240 0.01699890
v -0.02470614 0.00382187 0.01697561
v -0.01124218 0.00304873 0.01650000
v -0.01124218 0.00304873 0.01950000
v -0.01817389 0.00492852 0.01950000
v -0.01843923 0.00500047 0.01948101
v -0.01869952 0.00507106 0.01942442
v -0.01894984 0.00513895 0.01933129
v -0.02158119 0.00585253 0.01813434
v -0.02158119 0.00585253 0.01485795
v -0.01834225 0.00497418 0.01633129
v -0.01809193 0.00490629 0.01642442
v -0.01783163 0.00483570 0.01648101
v -0.01756630 0.00476375 0.01650000
v -0.02158119 -0.00585252 0.01485795
v -0.02207180 -0.00593361 0.01464076
v -0.02258624 -0.00591494 0.01442454
v -0.02309099 -0.00578800 0.01422370
v -0.02355416 -0.00556360 0.01404943
v -0.02396425 -0.00524455 0.01390492
v -0.02431351 -0.00482961 0.01379206
v -0.02456599 -0.00434239 0.01372251
v -0.02470614 -0.00382186 0.01369923
v -0.02470614 -0.00382186 0.01697561
v -0.02456599 -0.00434239 0.01699890
v -0.02431351 -0.00482961 0.01706844
v -0.02396425 -0.00524455 0.01718130
v -0.02355416 -0.00556360 0.01732581
v -0.02309099 -0.00578800 0.01750008
v -0.02258624 -0.00591494 0.01770092
v -0.02207180 -0.00593360 0.01791714
v -0.02158119 -0.00585252 0.01813434
v -0.02470614 0.00382187 0.01369923
v -0.02470614 0.00382187 0.01697561
v -0.02496729 0.00127842 0.01697561
v -0.02496729 -0.00127841 0.01697561
v -0.02470614 -0.00382186 0.01697561
v -0.02470614 -0.00382186 0.01369923
v -0.02496729 -0.00127841 0.01369923
v -0.02496729 0.00127842 0.01369923
v -0.01756630 0.00476375 0.01650000
v -0.01783163 0.00483570 0.01648101
v -0.01809193 0.00490629 0.01642442
v -0.01834225 0.00497418 0.01633129
v -0.01785208 0.00651797 0.01633129
v -0.01723222 0.00801443 0.01633129
v -0.01648720 0.00945267 0.01633129
v -0.01626220 0.00932367 0.01642442
v -0.01602822 0.00918952 0.01648101
v -0.01578972 0.00905278 0.01650000
v -0.01650323 0.00767539 0.01650000
v -0.01709686 0.00624224 0.01650000
v -0.01719480 0.00712232 0.01645737
v -0.01894984 0.00513895 0.01933129
v -0.01869952 0.00507106 0.01942442
v -0.01843923 0.00500047 0.01948101
v -0.01817389 0.00492852 0.01950000
v -0.01768821 0.00645815 0.01950000
v -0.01707405 0.00794087 0.01950000
v -0.01633587 0.00936590 0.01950000
v -0.01657437 0.00950264 0.01948101
v -0.01680834 0.00963679 0.01942442
v -0.01703334 0.00976579 0.01933129
v -0.01780305 0.00827991 0.01933129
v -0.01844343 0.00673389 0.01933129
v -0.01777642 0.00736324 0.01945737
v -0.01817389 0.00492852 0.01950000
v -0.01124218 0.00304873 0.01950000
v -0.01078120 0.00283448 0.01950000
v -0.01041826 0.00247856 0.01950000
v -0.01019502 0.00202186 0.01950000
v -0.01013715 0.00151682 0.01950000
v -0.00975732 0.00313963 0.01950000
v -0.00911951 0.00467942 0.01950000
v -0.00824060 0.00609550 0.01950000
v -0.00863864 0.00577932 0.01950000
v -0.00911942 0.00561423 0.01950000
v -0.00962773 0.00561920 0.01950000
v -0.01010520 0.00579365 0.01950000
v -0.01633587 0.00936590 0.01950000
v -0.01707405 0.00794087 0.01950000
v -0.01768821 0.00645815 0.01950000
v -0.00824060 0.00609550 0.01950000
v -0.00816378 0.00618878 0.01950003
v -0.00816378 0.00618878 0.01650000
v -0.00847105 0.00588610 0.01650000
v -0.00885175 0.00568336 0.01650000
v -0.00927441 0.00559734 0.01650000
v -0.00970406 0.00563515 0.01650000
v -0.01010520 0.00579365 0.01650000
v -0.01010520 0.00579365 0.01950000
v -0.00962773 0.00561920 0.01950000
v -0.00911942 0.00561423 0.01950000
v -0.00863864 0.00577932 0.01950000
v -0.01010520 0.00579365 0.01950000
v -0.01010520 0.00579365 0.01650000
v -0.01578972 0.00905278 0.01650000
v -0.01602822 0.00918952 0.01648101
v -0.01626220 0.00932367 0.01642442
v -0.01648720 0.00945267 0.01633129
v -0.01939857 0.01112185 0.01485795
v -0.01939857 0.01112186 0.01813434
v -0.01703334 0.00976579 0.01933129
v -0.01680834 0.00963679 0.01942442
v -0.01657437 0.00950264 0.01948101
v -0.01633587 0.00936590 0.01950000
v -0.00609550 0.00824060 0.01950000
v -0.00577931 0.00863864 0.01950000
v -0.00561422 0.00911943 0.01950000
v -0.00561919 0.00962774 0.01950000
v -0.00579365 0.01010521 0.01950000
v -0.00579365 0.01010520 0.01650000
v -0.00563514 0.00970407 0.01650000
v -0.00559734 0.00927441 0.01650000
v -0.00568336 0.00885176 0.01650000
v -0.00588609 0.00847105 0.01650000
v -0.00618878 0.00816378 0.01650000
v -0.00618878 0.00816378 0.01950003
v -0.00816378 0.00618878 0.01650000
v -0.00816378 0.00618878 0.01950003
v -0.00756646 0.00690630 0.01950003
v -0.00690630 0.00756646 0.01950003
v -0.00618878 0.00816378 0.01950003
v -0.00618878 0.00816378 0.01650000
v -0.00690630 0.00756646 0.01650000
v -0.00756646 0.00690630 0.01650000
v -0.01476741 0.02017234 0.01369922
v -0.01430024 0.02044131 0.01372250
v -0.01377719 0.02060730 0.01379205
v -0.01323683 0.02065375 0.01390491
v -0.01272124 0.02058937 0.01404942
v -0.01223505 0.02042053 0.01422369
v -0.01178838 0.02015338 0.01442453
v -0.01141142 0.01980281 0.01464075
v -0.01112185 0.01939857 0.01485794
v -0.01112185 0.01939858 0.01813433
v -0.01141142 0.01980282 0.01791713
v -0.01178838 0.02015338 0.01770091
v -0.01223505 0.02042053 0.01750007
v -0.01272124 0.02058938 0.01732580
v -0.01323683 0.02065376 0.01718129
v -0.01377719 0.02060730 0.01706843
v -0.01430024 0.02044132 0.01699889
v -0.01476741 0.02017235 0.01697560
v -0.00579365 0.01010520 0.01650000
v -0.00579365 0.01010521 0.01950000
v -0.00936590 0.01633588 0.01949999
v -0.00950264 0.01657438 0.01948100
v -0.00963678 0.01680835 0.01942441
v -0.00976578 0.01703335 0.01933128
v -0.01112185 0.01939858 0.01813433
v -0.01112185 0.01939857 0.01485794
v -0.00945266 0.01648721 0.01633128
v -0.00932366 0.01626220 0.01642441
v -0.00918951 0.01602822 0.01648100
v -0.00905277 0.01578972 0.01649999
v -0.01939857 0.01112185 0.01485795
v -0.01980281 0.01141142 0.01464076
v -0.02015338 0.01178838 0.01442454
v -0.02042053 0.01223505 0.01422370
v -0.02058937 0.01272124 0.01404943
v -0.02065375 0.01323683 0.01390492
v -0.02060730 0.01377719 0.01379205
v -0.02044131 0.01430024 0.01372251
v -0.02017234 0.01476741 0.01369923
v -0.02017234 0.01476741 0.01697561
v -0.02044131 0.01430025 0.01699890
v -0.02060730 0.01377720 0.01706844
v -0.02065375 0.01323684 0.01718130
v -0.02058937 0.01272125 0.01732581
v -0.02042053 0.01223506 0.01750008
v -0.02015338 0.01178839 0.01770092
v -0.01980281 0.01141143 0.01791714
v -0.01939857 0.01112186 0.01813434
v -0.01476741 0.02017234 0.01369922
v -0.01476741 0.02017235 0.01697560
v -0.01675057 0.01855852 0.01697560
v -0.01855852 0.01675058 0.01697560
v -0.02017234 0.01476741 0.01697561
v -0.02017234 0.01476741 0.01369923
v -0.01855852 0.01675057 0.01369922
v -0.01675057 0.01855852 0.01369922
v -0.00905277 0.01578972 0.01649999
v -0.00918951 0.01602822 0.01648100
v -0.00932366 0.01626220 0.01642441
v -0.00945266 0.01648721 0.01633128
v -0.00801442 0.01723222 0.01633128
v -0.00651797 0.01785208 0.01633128
v -0.00497417 0.01834226 0.01633128
v -0.00490629 0.01809193 0.01642441
v -0.00483570 0.01783163 0.01648100
v -0.00476374 0.01756630 0.01649999
v -0.00624223 0.01709687 0.01649999
v -0.00767538 0.01650324 0.01649999
v -0.00712232 0.01719481 0.01645736
v -0.01633587 -0.00936589 0.01950000
v -0.01010520 -0.00579364 0.01950000
v -0.00962773 -0.00561918 0.01950000
v -0.00911942 -0.00561421 0.01950000
v -0.00863864 -0.00577930 0.01950000
v -0.00824060 -0.00609549 0.01950000
v -0.00911951 -0.00467941 0.01950000
v -0.00975732 -0.00313962 0.01950000
v -0.01013715 -0.00151681 0.01950000
v -0.01019502 -0.00202184 0.01950000
v -0.01041826 -0.00247854 0.01950000
v -0.01078120 -0.00283446 0.01950000
v -0.01124218 -0.00304872 0.01950000
v -0.01817389 -0.00492851 0.01950000
v -0.01768821 -0.00645814 0.01950000
v -0.01707405 -0.00794085 0.01950000
v -0.01703334 -0.00976578 0.01933129
v -0.01680834 -0.00963677 0.01942442
v -0.01657437 -0.00950263 0.01948101
v -0.01633587 -0.00936589 0.01950000
v -0.01707405 -0.00794085 0.01950000
v -0.01768821 -0.00645814 0.01950000
v -0.01817389 -0.00492851 0.01950000
v -0.01843923 -0.00500046 0.01948101
v -0.01869952 -0.00507105 0.01942442
v -0.01894984 -0.00513893 0.01933129
v -0.01844343 -0.00673387 0.01933129
v -0.01780305 -0.00827990 0.01933129
v -0.01777642 -0.00736323 0.01945737
v -0.00151682 0.01013716 0.01950000
v -0.00139654 0.01014880 0.01950003
v -0.00139654 0.01014879 0.01650000
v -0.00182784 0.01015203 0.01650000
v -0.00224039 0.01027787 0.01650000
v -0.00260008 0.01051592 0.01650000
v -0.00287716 0.01084646 0.01650000
v -0.00304873 0.01124218 0.01650000
v -0.00304873 0.01124219 0.01950000
v -0.00283447 0.01078121 0.01950000
v -0.00247855 0.01041827 0.01950000
v -0.00202185 0.01019503 0.01950000
v -0.00304873 0.01124219 0.01950000
v -0.00304873 0.01124218 0.01650000
v -0.00476374 0.01756630 0.01649999
v -0.00483570 0.01783163 0.01648100
v -0.00490629 0.01809193 0.01642441
v -0.00497417 0.01834226 0.01633128
v -0.00585253 0.02158119 0.01485794
v -0.00585253 0.02158119 0.01813433
v -0.00513894 0.01894985 0.01933128
v -0.00507106 0.01869953 0.01942441
v -0.00500047 0.01843924 0.01948100
v -0.00492851 0.01817390 0.01949999
v 0.00151682 0.01013716 0.01950000
v 0.00202185 0.01019503 0.01950000
v 0.00247855 0.01041827 0.01950000
v 0.00283447 0.01078121 0.01950000
v 0.00304873 0.01124219 0.01950000
v 0.00304873 0.01124218 0.01650000
v 0.00287716 0.01084646 0.01650000
v 0.00260008 0.01051592 0.01650000
v 0.00224039 0.01027787 0.01650000
v 0.00182784 0.01015203 0.01650000
v 0.00139654 0.01014879 0.01650000
v 0.00139654 0.01014880 0.01950003
v -0.00139654 0.01014879 0.01650000
v -0.00139654 0.01014880 0.01950003
v -0.00046680 0.01023379 0.01950003
v 0.00046680 0.01023379 0.01950003
v 0.00139654 0.01014880 0.01950003
v 0.00139654 0.01014879 0.01650000
v 0.00046680 0.01023379 0.01650000
v -0.00046680 0.01023379 0.01650000
v 0.00382186 0.02470614 0.01369922
v 0.00434239 0.02456599 0.01372250
v 0.00482962 0.02431351 0.01379205
v 0.00524455 0.02396425 0.01390491
v 0.00556361 0.02355416 0.01404942
v 0.00578801 0.02309099 0.01422369
v 0.00591495 0.02258624 0.01442453
v 0.00593361 0.02207180 0.01464075
v 0.00585253 0.02158119 0.01485794
v 0.00585253 0.02158119 0.01813433
v 0.00593361 0.02207181 0.01791713
v 0.00591495 0.02258625 0.01770091
v 0.00578801 0.02309099 0.01750007
v 0.00556361 0.02355417 0.01732580
v 0.00524455 0.02396425 0.01718129
v 0.00482962 0.02431351 0.01706843
v 0.00434239 0.02456599 0.01699889
v 0.00382186 0.02470614 0.01697560
v 0.00304873 0.01124218 0.01650000
v 0.00304873 0.01124219 0.01950000
v 0.00492851 0.01817390 0.01949999
v 0.00500047 0.01843924 0.01948100
v 0.00507106 0.01869953 0.01942441
v 0.00513894 0.01894985 0.01933128
v 0.00585253 0.02158119 0.01813433
v 0.00585253 0.02158119 0.01485794
v 0.00497417 0.01834226 0.01633128
v 0.00490629 0.01809193 0.01642441
v 0.00483570 0.01783163 0.01648100
v 0.00476374 0.01756630 0.01649999
v -0.00585253 0.02158119 0.01485794
v -0.00593361 0.02207180 0.01464075
v -0.00591495 0.02258624 0.01442453
v -0.00578801 0.02309099 0.01422369
v -0.00556361 0.02355416 0.01404942
v -0.00524455 0.02396425 0.01390491
v -0.00482962 0.02431351 0.01379205
v -0.00434239 0.02456599 0.01372250
v -0.00382186 0.02470614 0.01369922
v -0.00382186 0.02470614 0.01697560
v -0.00434239 0.02456599 0.01699889
v -0.00482962 0.02431351 0.01706843
v -0.00524455 0.02396425 0.01718129
v -0.00556361 0.02355417 0.01732580
v -0.00578801 0.02309099 0.01750007
v -0.00591495 0.02258625 0.01770091
v -0.00593361 0.02207181 0.01791713
v -0.00585253 0.02158119 0.01813433
v 0.00382186 0.02470614 0.01369922
v 0.00382186 0.02470614 0.01697560
v 0.00127841 0.02496729 0.01697560
v -0.00127841 0.02496729 0.01697560
v -0.00382186 0.02470614 0.01697560
v -0.00382186 0.02470614 0.01369922
v -0.00127841 0.02496729 0.01369922
v 0.00127841 0.02496729 0.01369922
v -0.00976578 0.01703335 0.01933128
v -0.00963678 0.01680835 0.01942441
v -0.00950264 0.01657438 0.01948100
v -0.00936590 0.01633588 0.01949999
v -0.00794086 0.01707406 0.01949999
v -0.00645814 0.01768822 0.01949999
v -0.00492851 0.01817390 0.01949999
v -0.00500047 0.01843924 0.01948100
v -0.00507106 0.01869953 0.01942441
v -0.00513894 0.01894985 0.01933128
v -0.00673388 0.01844344 0.01933128
v -0.00827990 0.01780306 0.01933128
v -0.00736323 0.01777643 0.01945736
v -0.00936590 0.01633588 0.01949999
v -0.00579365 0.01010521 0.01950000
v -0.00561919 0.00962774 0.01950000
v -0.00561422 0.00911943 0.01950000
v -0.00577931 0.00863864 0.01950000
v -0.00609550 0.00824060 0.01950000
v -0.00467942 0.00911952 0.01950000
v -0.00313962 0.00975732 0.01950000
v -0.00151682 0.01013716 0.01950000
v -0.00202185 0.01019503 0.01950000
v -0.00247855 0.01041827 0.01950000
v -0.00283447 0.01078121 0.01950000
v -0.00304873 0.01124219 0.01950000
v -0.00492851 0.01817390 0.01949999
v -0.00645814 0.01768822 0.01949999
v -0.00794086 0.01707406 0.01949999
v 0.00000000 -0.02950000 0.01434691
v 0.00308359 -0.02933840 0.01434691
v 0.00613339 -0.02885534 0.01434691
v 0.00911600 -0.02805617 0.01434691
v 0.01199873 -0.02694958 0.01434691
v 0.01475000 -0.02554774 0.01434691
v 0.01733966 -0.02386600 0.01434691
v 0.01973935 -0.02192276 0.01434691
v 0.02192277 -0.01973935 0.01434691
v 0.02386600 -0.01733966 0.01434691
v 0.02554775 -0.01475000 0.01434690
v 0.02694959 -0.01199872 0.01434690
v 0.02805617 -0.00911600 0.01434690
v 0.02885535 -0.00613339 0.01434690
v 0.02933840 -0.00308359 0.01434690
v 0.02950000 0.00000000 0.01434690
v 0.02933840 0.00308359 0.01434690
v 0.02885535 0.00613340 0.01434690
v 0.02805617 0.00911601 0.01434690
v 0.02694959 0.01199873 0.01434690
v 0.02554775 0.01475000 0.01434690
v 0.02386600 0.01733966 0.01434689
v 0.02192277 0.01973935 0.01434689
v 0.01973935 0.02192277 0.01434689
v 0.01733966 0.02386600 0.01434689
v 0.01475000 0.02554775 0.01434689
v 0.01199873 0.02694959 0.01434689
v 0.00911600 0.02805617 0.01434689
v 0.00613339 0.02885535 0.01434689
v 0.00308359 0.02933840 0.01434689
v 0.00000000 0.02950000 0.01434689
v -0.00308359 0.02933840 0.01434689
v -0.00613339 0.02885535 0.01434689
v -0.00911600 0.02805617 0.01434689
v -0.01199873 0.02694959 0.01434689
v -0.01475000 0.02554775 0.01434689
v -0.01733966 0.02386600 0.01434689
v -0.01973935 0.02192277 0.01434689
v -0.02192277 0.01973935 0.01434689
v -0.02386600 0.01733966 0.01434689
v -0.02554775 0.01475000 0.01434690
v -0.02694959 0.01199873 0.01434690
v -0.02805617 0.00911601 0.01434690
v -0.02885535 0.00613340 0.01434690
v -0.02933840 0.00308359 0.01434690
v -0.02950000 0.00000000 0.01434690
v -0.02933840 -0.00308359 0.01434690
v -0.02885535 -0.00613339 0.01434690
v -0.02805617 -0.00911600 0.01434690
v -0.02694959 -0.01199872 0.01434690
v -0.02554775 -0.01475000 0.01434690
v -0.02386600 -0.01733966 0.01434691
v -0.02192277 -0.01973935 0.01434691
v -0.01973935 -0.02192276 0.01434691
v -0.01733966 -0.02386600 0.01434691
v -0.01475000 -0.02554774 0.01434691
v -0.01199873 -0.02694958 0.01434691
v -0.00911600 -0.02805617 0.01434691
v -0.00613339 -0.02885534 0.01434691
v -0.00308359 -0.02933840 0.01434691
v 0.00000000 -0.02890198 0.01526255
v -0.00302108 -0.02874366 0.01526255
v -0.00600906 -0.02827040 0.01526255
v -0.00893121 -0.02748743 0.01526255
v -0.01175550 -0.02640327 0.01526255
v -0.01445099 -0.02502985 0.01526255
v -0.01698816 -0.02338219 0.01526255
v -0.01933921 -0.02147835 0.01526255
v -0.02147836 -0.01933920 0.01526255
v -0.02338220 -0.01698815 0.01526255
v -0.02502986 -0.01445098 0.01526254
v -0.02640328 -0.01175549 0.01526254
v -0.02748743 -0.00893120 0.01526254
v -0.02827041 -0.00600906 0.01526254
v -0.02874366 -0.00302108 0.01526254
v -0.02890199 0.00000000 0.01526254
v -0.02874366 0.00302109 0.01526254
v -0.02827041 0.00600907 0.01526254
v -0.02748743 0.00893121 0.01526254
v -0.02640328 0.01175550 0.01526254
v -0.02502986 0.01445099 0.01526254
v -0.02338220 0.01698816 0.01526253
v -0.02147836 0.01933921 0.01526253
v -0.01933921 0.02147836 0.01526253
v -0.01698816 0.02338220 0.01526253
v -0.01445099 0.02502986 0.01526253
v -0.01175550 0.02640328 0.01526253
v -0.00893121 0.02748743 0.01526253
v -0.00600906 0.02827041 0.01526253
v -0.00302108 0.02874366 0.01526253
v 0.00000000 0.02890199 0.01526253
v 0.00302108 0.02874366 0.01526253
v 0.00600906 0.02827041 0.01526253
v 0.00893121 0.02748743 0.01526253
v 0.01175550 0.02640328 0.01526253
v 0.01445099 0.02502986 0.01526253
v 0.01698816 0.02338220 0.01526253
v 0.01933921 0.02147836 0.01526253
v 0.02147836 0.01933921 0.01526253
v 0.02338220 0.01698816 0.01526253
v 0.02502986 0.01445099 0.01526254
v 0.02640328 0.01175550 0.01526254
v 0.02748743 0.00893121 0.01526254
v 0.02827041 0.00600907 0.01526254
v 0.02874366 0.00302109 0.01526254
v 0.02890199 0.00000000 0.01526254
v 0.02874366 -0.00302108 0.01526254
v 0.02827041 -0.00600906 0.01526254
v 0.02748743 -0.00893120 0.01526254
v 0.02640328 -0.01175549 0.01526254
v 0.02502986 -0.01445098 0.01526254
v 0.02338220 -0.01698815 0.01526255
v 0.02147836 -0.01933920 0.01526255
v 0.01933921 -0.02147835 0.01526255
v 0.01698816 -0.02338219 0.01526255
v 0.01445099 -0.02502985 0.01526255
v 0.01175550 -0.02640327 0.01526255
v 0.00893121 -0.02748743 0.01526255
v 0.00600906 -0.02827040 0.01526255
v 0.00302108 -0.02874366 0.01526255
v 0.00000000 0.02950000 0.01434689
v 0.00000000 0.02890199 0.01526253
v 0.00000000 0.02945845 0.01463215
v 0.00000000 0.02945845 0.01463215
v 0.00000000 0.02933726 0.01489370
v 0.00000000 0.02933726 0.01489370
v 0.00000000 0.02914648 0.01510981
v 0.00000000 0.02914648 0.01510981
v 0.00307925 -0.02929707 0.01463217
v 0.00306658 -0.02917654 0.01489372
v 0.00304664 -0.02898682 0.01510983
v 0.00000000 -0.02914648 0.01510983
v 0.00000000 -0.02933725 0.01489372
v 0.00000000 -0.02945844 0.01463217
v 0.00612476 -0.02881470 0.01463217
v 0.00609956 -0.02869615 0.01489372
v 0.00605990 -0.02850955 0.01510983
v 0.00910316 -0.02801665 0.01463217
v 0.00906571 -0.02790138 0.01489372
v 0.00900676 -0.02771995 0.01510983
v 0.01198183 -0.02691163 0.01463217
v 0.01193254 -0.02680092 0.01489372
v 0.01185494 -0.02662663 0.01510983
v 0.01472923 -0.02551177 0.01463217
v 0.01466863 -0.02540680 0.01489372
v 0.01457324 -0.02524158 0.01510983
v 0.01731524 -0.02383239 0.01463217
v 0.01724400 -0.02373434 0.01489372
v 0.01713187 -0.02358000 0.01510983
v 0.01971155 -0.02189188 0.01463217
v 0.01963045 -0.02180182 0.01489372
v 0.01950280 -0.02166006 0.01510983
v 0.02189189 -0.01971155 0.01463217
v 0.02180183 -0.01963044 0.01489372
v 0.02166006 -0.01950279 0.01510983
v 0.02383239 -0.01731523 0.01463216
v 0.02373434 -0.01724400 0.01489371
v 0.02358000 -0.01713186 0.01510983
v 0.02551177 -0.01472923 0.01463216
v 0.02540681 -0.01466863 0.01489371
v 0.02524159 -0.01457324 0.01510982
v 0.02691163 -0.01198182 0.01463216
v 0.02680092 -0.01193253 0.01489371
v 0.02662664 -0.01185493 0.01510982
v 0.02801665 -0.00910316 0.01463216
v 0.02790139 -0.00906570 0.01489371
v 0.02771995 -0.00900675 0.01510982
v 0.02881471 -0.00612475 0.01463216
v 0.02869616 -0.00609955 0.01489371
v 0.02850956 -0.00605989 0.01510982
v 0.02929707 -0.00307924 0.01463216
v 0.02917654 -0.00306657 0.01489371
v 0.02898682 -0.00304663 0.01510982
v 0.02945845 0.00000000 0.01463216
v 0.02933725 0.00000000 0.01489371
v 0.02914648 0.00000000 0.01510982
v 0.02929707 0.00307925 0.01463216
v 0.02917654 0.00306658 0.01489371
v 0.02898682 0.00304664 0.01510982
v 0.02881471 0.00612476 0.01463216
v 0.02869616 0.00609956 0.01489371
v 0.02850956 0.00605990 0.01510982
v 0.02801665 0.00910317 0.01463216
v 0.02790139 0.00906571 0.01489371
v 0.02771995 0.00900676 0.01510982
v 0.02691163 0.01198183 0.01463216
v 0.02680092 0.01193254 0.01489371
v 0.02662664 0.01185494 0.01510982
v 0.02551177 0.01472923 0.01463215
v 0.02540681 0.01466863 0.01489370
v 0.02524159 0.01457324 0.01510982
v 0.02383239 0.01731524 0.01463215
v 0.02373434 0.01724400 0.01489370
v 0.02358000 0.01713187 0.01510981
v 0.02189189 0.01971155 0.01463215
v 0.02180183 0.01963045 0.01489370
v 0.02166006 0.01950280 0.01510981
v 0.01971155 0.02189189 0.01463215
v 0.01963045 0.02180183 0.01489370
v 0.01950280 0.02166007 0.01510981
v 0.01731524 0.02383239 0.01463215
v 0.01724400 0.02373434 0.01489370
v 0.01713187 0.02358000 0.01510981
v 0.01472923 0.02551177 0.01463215
v 0.01466863 0.02540681 0.01489370
v 0.01457324 0.02524159 0.01510981
v 0.01198183 0.02691163 0.01463215
v 0.01193254 0.02680093 0.01489370
v 0.01185494 0.02662664 0.01510981
v 0.00910316 0.02801665 0.01463215
v 0.00906571 0.02790139 0.01489370
v 0.00900676 0.02771995 0.01510981
v 0.00612476 0.02881471 0.01463215
v 0.00609956 0.02869616 0.01489370
v 0.00605990 0.02850956 0.01510981
v 0.00307925 0.02929707 0.01463215
v 0.00306658 0.02917654 0.01489370
v 0.00304664 0.02898683 0.01510981
v -0.00307925 0.02929707 0.01463215
v -0.00306658 0.02917654 0.01489370
v -0.00304664 0.02898683 0.01510981
v -0.00612476 0.02881471 0.01463215
v -0.00609956 0.02869616 0.01489370
v -0.00605990 0.02850956 0.01510981
v -0.00910316 0.02801665 0.01463215
v -0.00906571 0.02790139 0.01489370
v -0.00900676 0.02771995 0.01510981
v -0.01198183 0.02691163 0.01463215
v -0.01193254 0.02680093 0.01489370
v -0.01185494 0.02662664 0.01510981
v -0.01472923 0.02551177 0.01463215
v -0.01466863 0.02540681 0.01489370
v -0.01457324 0.02524159 0.01510981
v -0.01731524 0.02383239 0.01463215
v -0.01724400 0.02373434 0.01489370
v -0.01713187 0.02358000 0.01510981
v -0.01971155 0.02189189 0.01463215
v -0.01963045 0.02180183 0.01489370
v -0.01950280 0.02166007 0.01510981
v -0.02189189 0.01971155 0.01463215
v -0.02180183 0.01963045 0.01489370
v -0.02166006 0.01950280 0.01510981
v -0.02383239 0.01731524 0.01463215
v -0.02373434 0.01724400 0.01489370
v -0.02358000 0.01713187 0.01510981
v -0.02551177 0.01472923 0.01463215
v -0.02540681 0.01466863 0.01489370
v -0.02524159 0.01457324 0.01510982
v -0.02691163 0.01198183 0.01463216
v -0.02680092 0.01193254 0.01489371
v -0.02662664 0.01185494 0.01510982
v -0.02801665 0.00910317 0.01463216
v -0.02790139 0.00906571 0.01489371
v -0.02771995 0.00900676 0.01510982
v -0.02881471 0.00612476 0.01463216
v -0.02869616 0.00609956 0.01489371
v -0.02850956 0.00605990 0.01510982
v -0.02929707 0.00307925 0.01463216
v -0.02917654 0.00306658 0.01489371
v -0.02898682 0.00304664 0.01510982
v -0.02945845 0.00000000 0.01463216
v -0.02933725 0.00000000 0.01489371
v -0.02914648 0.00000000 0.01510982
v -0.02929707 -0.00307924 0.01463216
v -0.02917654 -0.00306657 0.01489371
v -0.02898682 -0.00304663 0.01510982
v -0.02881471 -0.00612475 0.01463216
v -0.02869616 -0.00609955 0.01489371
v -0.02850956 -0.00605989 0.01510982
v -0.02801665 -0.00910316 0.01463216
v -0.02790139 -0.00906570 0.01489371
v -0.02771995 -0.00900675 0.01510982
v -0.02691163 -0.01198182 0.01463216
v -0.02680092 -0.01193253 0.01489371
v -0.02662664 -0.01185493 0.01510982
v -0.02551177 -0.01472923 0.01463216
v -0.02540681 -0.01466863 0.01489371
v -0.02524159 -0.01457324 0.01510982
v -0.02383239 -0.01731523 0.01463216
v -0.02373434 -0.01724400 0.01489371
v -0.02358000 -0.01713186 0.01510983
v -0.02189189 -0.01971155 0.01463217
v -0.02180183 -0.01963044 0.01489372
v -0.02166006 -0.01950279 0.01510983
v -0.01971155 -0.02189188 0.01463217
v -0.01963045 -0.02180182 0.01489372
v -0.01950280 -0.02166006 0.01510983
v -0.01731524 -0.02383239 0.01463217
v -0.01724400 -0.02373434 0.01489372
v -0.01713187 -0.02358000 0.01510983
v -0.01472923 -0.02551177 0.01463217
v -0.01466863 -0.02540680 0.01489372
v -0.01457324 -0.02524158 0.01510983
v -0.01198183 -0.02691163 0.01463217
v -0.01193254 -0.02680092 0.01489372
v -0.01185494 -0.02662663 0.01510983
v -0.00910316 -0.02801665 0.01463217
v -0.00906571 -0.02790138 0.01489372
v -0.00900676 -0.02771995 0.01510983
v -0.00612476 -0.02881470 0.01463217
v -0.00609956 -0.02869615 0.01489372
v -0.00605990 -0.02850955 0.01510983
v -0.00307925 -0.02929707 0.01463217
v -0.00306658 -0.02917654 0.01489372
v -0.00304664 -0.02898682 0.01510983
v 0.00000000 -0.00300000 0.01300000
v -0.00092705 -0.00285317 0.01300000
v -0.00176335 -0.00242705 0.01300000
v -0.00242705 -0.00176335 0.01300000
v -0.00285317 -0.00092705 0.01300000
v -0.00300000 0.00000000 0.01300000
v -0.00285317 0.00092705 0.01300000
v -0.00242705 0.00176336 0.01300000
v -0.00176335 0.00242706 0.01300000
v -0.00092705 0.00285317 0.01300000
v 0.00000000 0.00300000 0.01300000
v 0.00092705 0.00285317 0.01300000
v 0.00176335 0.00242706 0.01300000
v 0.00242705 0.00176336 0.01300000
v 0.00285317 0.00092705 0.01300000
v 0.00300000 0.00000000 0.01300000
v 0.00285317 -0.00092705 0.01300000
v 0.00242705 -0.00176335 0.01300000
v 0.00176335 -0.00242705 0.01300000
v 0.00092705 -0.00285317 0.01300000
v 0.00000000 -0.00300000 0.01300000
v 0.00092705 -0.00285317 0.01300000
v 0.00176335 -0.00242705 0.01300000
v 0.00242705 -0.00176335 0.01300000
v 0.00285317 -0.00092705 0.01300000
v 0.00300000 0.00000000 0.01300000
v 0.00285317 0.00092705 0.01300000
v 0.00242705 0.00176336 0.01300000
v 0.00176335 0.00242706 0.01300000
v 0.00092705 0.00285317 0.01300000
v 0.00000000 0.00300000 0.01300000
v -0.00092705 0.00285317 0.01300000
v -0.00176335 0.00242706 0.01300000
v -0.00242705 0.00176336 0.01300000
v -0.00285317 0.00092705 0.01300000
v -0.00300000 0.00000000 0.01300000
v -0.00285317 -0.00092705 0.01300000
v -0.00242705 -0.00176335 0.01300000
v -0.00176335 -0.00242705 0.01300000
v -0.00092705 -0.00285317 0.01300000
v 0.00000000 -0.00299999 0.01650000
v -0.00092705 -0.00285316 0.01650000
v -0.00176335 -0.00242705 0.01650000
v -0.00242705 -0.00176335 0.01650000
v -0.00285317 -0.00092705 0.01650000
v -0.00300000 0.00000001 0.01650000
v -0.00285317 0.00092706 0.01650000
v -0.00242705 0.00176336 0.01650000
v -0.00176335 0.00242706 0.01650000
v -0.00092705 0.00285318 0.01650000
v 0.00000000 0.00300001 0.01650000
v 0.00092705 0.00285318 0.01650000
v 0.00176335 0.00242706 0.01650000
v 0.00242705 0.00176336 0.01650000
v 0.00285317 0.00092706 0.01650000
v 0.00300000 0.00000001 0.01650000
v 0.00285317 -0.00092705 0.01650000
v 0.00242705 -0.00176335 0.01650000
v 0.00176335 -0.00242705 0.01650000
v 0.00092705 -0.00285316 0.01650000
v 0.00000000 0.00300000 0.01300000
v 0.00000000 0.00300001 0.01650000
v 0.00000000 -0.02549999 0.01347973
v 0.00285509 -0.02533966 0.01347973
v 0.00567428 -0.02486066 0.01347973
v 0.00842212 -0.02406903 0.01347973
v 0.01106404 -0.02297471 0.01347973
v 0.01356682 -0.02159147 0.01347973
v 0.01589899 -0.01993670 0.01347973
v 0.01803122 -0.01803122 0.01347973
v 0.01993670 -0.01589898 0.01347973
v 0.02159147 -0.01356681 0.01347972
v 0.02297471 -0.01106403 0.01347972
v 0.02406903 -0.00842211 0.01347972
v 0.02486066 -0.00567428 0.01347972
v 0.02533966 -0.00285509 0.01347972
v 0.02550000 0.00000000 0.01347972
v 0.02533966 0.00285510 0.01347972
v 0.02486066 0.00567429 0.01347972
v 0.02406903 0.00842212 0.01347972
v 0.02297471 0.01106404 0.01347972
v 0.02159147 0.01356682 0.01347972
v 0.01993670 0.01589899 0.01347972
v 0.01803122 0.01803122 0.01347971
v 0.01589899 0.01993670 0.01347971
v 0.01356682 0.02159147 0.01347971
v 0.01106404 0.02297471 0.01347971
v 0.00842212 0.02406903 0.01347971
v 0.00567428 0.02486066 0.01347971
v 0.00285509 0.02533966 0.01347971
v 0.00000000 0.02550000 0.01347971
v -0.00285509 0.02533966 0.01347971
v -0.00567428 0.02486066 0.01347971
v -0.00842212 0.02406903 0.01347971
v -0.01106404 0.02297471 0.01347971
v -0.01356682 0.02159147 0.01347971
v -0.01589899 0.01993670 0.01347971
v -0.01803122 0.01803122 0.01347971
v -0.01993670 0.01589899 0.01347972
v -0.02159147 0.01356682 0.01347972
v -0.02297471 0.01106404 0.01347972
v -0.02406903 0.00842212 0.01347972
v -0.02486066 0.00567429 0.01347972
v -0.02533966 0.00285510 0.01347972
v -0.02550000 0.00000000 0.01347972
v -0.02533966 -0.00285509 0.01347972
v -0.02486066 -0.00567428 0.01347972
v -0.02406903 -0.00842211 0.01347972
v -0.02297471 -0.01106403 0.01347972
v -0.02159147 -0.01356681 0.01347972
v -0.01993670 -0.01589898 0.01347973
v -0.01803122 -0.01803122 0.01347973
v -0.01589899 -0.01993670 0.01347973
v -0.01356682 -0.02159147 0.01347973
v -0.01106404 -0.02297471 0.01347973
v -0.00842212 -0.02406903 0.01347973
v -0.00567428 -0.02486066 0.01347973
v -0.00285509 -0.02533966 0.01347973
v 0.00000000 -0.02549999 0.01300001
v -0.00285509 -0.02533966 0.01300001
v -0.00567428 -0.02486066 0.01300001
v -0.00842212 -0.02406903 0.01300001
v -0.01106404 -0.02297471 0.01300001
v -0.01356682 -0.02159147 0.01300001
v -0.01589899 -0.01993670 0.01300001
v -0.01803122 -0.01803122 0.01300000
v -0.01993670 -0.01589899 0.01300000
v -0.02159147 -0.01356682 0.01300000
v -0.02297471 -0.01106404 0.01300000
v -0.02406903 -0.00842211 0.01300000
v -0.02486066 -0.00567428 0.01300000
v -0.02533966 -0.00285509 0.01300000
v -0.02550000 0.00000000 0.01300000
v -0.02533966 0.00285510 0.01300000
v -0.02486066 0.00567429 0.01300000
v -0.02406903 0.00842212 0.01300000
v -0.02297471 0.01106404 0.01300000
v -0.02159147 0.01356682 0.01299999
v -0.01993670 0.01589899 0.01299999
v -0.01803122 0.01803122 0.01299999
v -0.01589899 0.01993670 0.01299999
v -0.01356682 0.02159147 0.01299999
v -0.01106404 0.02297471 0.01299999
v -0.00842212 0.02406903 0.01299999
v -0.00567428 0.02486066 0.01299999
v -0.00285509 0.02533966 0.01299999
v 0.00000000 0.02550000 0.01299999
v 0.00285509 0.02533966 0.01299999
v 0.00567428 0.02486066 0.01299999
v 0.00842212 0.02406903 0.01299999
v 0.01106404 0.02297471 0.01299999
v 0.01356682 0.02159147 0.01299999
v 0.01589899 0.01993670 0.01299999
v 0.01803122 0.01803122 0.01299999
v 0.01993670 0.01589899 0.01299999
v 0.02159147 0.01356682 0.01299999
v 0.02297471 0.01106404 0.01300000
v 0.02406903 0.00842212 0.01300000
v 0.02486066 0.00567429 0.01300000
v 0.02533966 0.00285510 0.01300000
v 0.02550000 0.00000000 0.01300000
v 0.02533966 -0.00285509 0.01300000
v 0.02486066 -0.00567428 0.01300000
v 0.02406903 -0.00842211 0.01300000
v 0.02297471 -0.01106404 0.01300000
v 0.02159147 -0.01356682 0.01300000
v 0.01993670 -0.01589899 0.01300000
v 0.01803122 -0.01803122 0.01300000
v 0.01589899 -0.01993670 0.01300001
v 0.01356682 -0.02159147 0.01300001
v 0.01106404 -0.02297471 0.01300001
v 0.00842212 -0.02406903 0.01300001
v 0.00567428 -0.02486066 0.01300001
v 0.00285509 -0.02533966 0.01300001
v 0.00000000 0.02550000 0.01347971
v 0.00000000 0.02550000 0.01299999
vt 0.00000000 0.00000000
vt 0.00000000 0.00000000
vt 0.00000000 0.00000000
vt 0.00000000 0.00000000
vt 0.00000000 0.00000000
vt 0.00000000 0.00000000
vt 0.00000000 0.00000000
vt 0.00000000 0.00000000
vt 0.00000000 0.00000000
vt 0.00000000 0.00000000
vt 0.00000000 0.00000000
vt 0.00000000 0.00000000
vt 0.00000000 0.00000000
vt 0.00000000 0.00000000
vt 0.00000000 0.00000000
vt 0.00000000 0.00000000
vt 0.00000000 0.00000000
vt 0.00000000 0.00000000
vt 0.00000000 0.00000000
vt 0.00000000 0.00000000
vt 0.00000000 0.00000000
vt 0.00000000 0.00000000
vt 0.00000000 0.00000000
vt 0.00000000 0.00000000
vt 0.00000000 0.00000000
vt 0.00000000 0.00000000
vt 0.00000000 0.00000000
vt 0.00000000 0.00000000
vt 0.00000000 0.00000000
vt 0.00000000 0.00000000
vt 0.00000000 0.00000000
vt 0.00000000 0.00000000
vt 0.00000000 0.00000000
vt 0.00000000 0.00000000
vt 0.00000000 0.00000000
vt 0.00000000 0.00000000
vt 0.00000000 0.00000000
vt 0.00000000 0.00000000
vt 0.00000000 0.00000000
vt 0.00000000 0.00000000
vt 0.00000000 0.00000000
vt 0.00000000 0.00000000
vt 0.00000000 0.00000000
vt 0.00000000 0.00000000
vt 0.00000000 0.00000000
vt 0.00000000 0.00000000
vt 0.00000000 0.00000000
vt 0.00000000 0.00000000
vt 0.00000000 0.00000000
vt 0.00000000 0.00000000
vt 0.00000000 0.00000000
vt 0.00000000 0.00000000
vt 0.00000000 0.00000000
vt 0.00000000 0.00000000
vt 0.00000000 0.00000000
vt 0.00000000 0.00000000
vt 0.00000000 0.00000000
vt 0.00000000 0.00000000
vt 0.00000000 0.00000000
vt 0.00000000 0.00000000
vt 0.00000000 0.00000000
vt 0.00000000 0.00000000
vt 0.00000000 0.00000000
vt 0.00000000 0.00000000
vt 0.00000000 0.00000000
vt 0.00000000 0.00000000
vt 0.00000000 0.00000000
vt 0.00000000 0.00000000
vt 0.00000000 0.00000000
vt 0.00000000 0.00000000
vt 0.00000000 0.00000000
vt 0.00000000 0.00000000
vt 0.00000000 0.00000000
vt 0.00000000 0.00000000
vt 0.00000000 0.00000000
vt 0.00000000 0.00000000
vt 0.00000000 0.00000000
vt 0.00000000 0.00000000
vt 0.00000000 0.00000000
vt 0.00000000 0.00000000
vt 0.00000000 0.00000000
vt 0.00000000 0.00000000
vt 0.00000000 0.00000000
vt 0.00000000 0.00000000
vt 0.00000000 0.00000000
vt 0.00000000 0.00000000
vt 0.00000000 0.00000000
vt 0.00000000 0.00000000
vt 0.00000000 0.00000000
vt 0.00000000 0.00000000
vt 0.00000000 0.00000000
vt 0.00000000 0.00000000
vt 0.00000000 0.00000000
vt 0.00000000 0.00000000
vt 0.00000000 0.00000000
vt 0.00000000 0.00000000
vt 0.00000000 0.00000000
vt 0.00000000 0.00000000
vt 0.00000000 0.00000000
vt 0.00000000 0.00000000
vt 0.00000000 0.00000000
vt 0.00000000 0.00000000
vt 0.00000000 0.00000000
vt 0.00000000 0.00000000
vt 0.00000000 0.00000000
vt 0.00000000 0.00000000
vt 0.00000000 0.00000000
vt 0.00000000 0.00000000
vt 0.00000000 0.00000000
vt 0.00000000 0.00000000
vt 0.00000000 0.00000000
vt 0.00000000 0.00000000
vt 0.00000000 0.00000000
vt 0.00000000 0.00000000
vt 0.00000000 0.00000000
vt 0.00000000 0.00000000
vt 0.00000000 0.00000000
vt 0.00000000 0.00000000
vt 0.00000000 0.00000000
vt 0.00000000 0.00000000
vt 0.00000000 0.00000000
vt 0.00000000 0.00000000
vt 0.00000000 0.00000000
vt 0.00000000 0.00000000
vt 0.00000000 0.00000000
vt 0.00000000 0.00000000
vt 0.00000000 0.00000000
vt 0.00000000 0.00000000
vt 0.00000000 0.00000000
vt 0.00000000 0.00000000
vt 0.00000000 0.00000000
vt 0.00000000 0.00000000
vt 0.00000000 0.00000000
vt 0.00000000 0.00000000
vt 0.00000000 0.00000000
vt 0.00000000 0.00000000
vt 0.00000000 0.00000000
vt 0.00000000 0.00000000
vt 0.00000000 0.00000000
vt 0.00000000 0.00000000
vt 0.00000000 0.00000000
vt 0.00000000 0.00000000
vt 0.00000000 0.00000000
vt 0.00000000 0.00000000
vt 0.00000000 0.00000000
vt 0.00000000 0.00000000
vt 0.00000000 0.00000000
vt 0.00000000 0.00000000
vt 0.00000000 0.00000000
vt 0.00000000 0.00000000
vt 0.00000000 0.00000000
vt 0.00000000 0.00000000
vt 0.00000000 0.00000000
vt 0.00000000 0.00000000
vt 0.00000000 0.00000000
vt 0.00000000 0.00000000
vt 0.00000000 0.00000000
vt 0.00000000 0.00000000
vt 0.00000000 0.00000000
vt 0.00000000 0.00000000
vt 0.00000000 0.00000000
vt 0.00000000 0.00000000
vt 0.00000000 0.00000000
vt 0.00000000 0.00000000
vt 0.00000000 0.00000000
vt 0.00000000 0.00000000
vt 0.00000000 0.00000000
vt 0.00000000 0.00000000
vt 0.00000000 0.00000000
vt 0.00000000 0.00000000
vt 0.00000000 0.00000000
vt 0.00000000 0.00000000
vt 0.00000000 0.00000000
vt 0.00000000 0.00000000
vt 0.00000000 0.00000000
vt 0.00000000 0.00000000
vt 0.00000000 0.00000000
vt 0.00000000 0.00000000
vt 0.00000000 0.00000000
vt 0.00000000 0.00000000
vt 0.00000000 0.00000000
vt 0.00000000 0.00000000
vt 0.00000000 0.00000000
vt 0.00000000 0.00000000
vt 0.00000000 0.00000000
vt 0.00000000 0.00000000
vt 0.00000000 0.00000000
vt 0.00000000 0.00000000
vt 0.00000000 0.00000000
vt 0.00000000 0.00000000
vt 0.00000000 0.00000000
vt 0.00000000 0.00000000
vt 0.00000000 0.00000000
vt 0.00000000 0.00000000
vt 0.00000000 0.00000000
vt 0.00000000 0.00000000
vt 0.00000000 0.00000000
vt 0.00000000 0.00000000
vt 0.00000000 0.00000000
vt 0.00000000 0.00000000
vt 0.00000000 0.00000000
vt 0.00000000 0.00000000
vt 0.00000000 0.00000000
vt 0.00000000 0.00000000
vt 0.00000000 0.00000000
vt 0.00000000 0.00000000
vt 0.00000000 0.00000000
vt 0.00000000 0.00000000
vt 0.00000000 0.00000000
vt 0.00000000 0.00000000
vt 0.00000000 0.00000000
vt 0.00000000 0.00000000
vt 0.00000000 0.00000000
vt 0.00000000 0.00000000
vt 0.00000000 0.00000000
vt 0.00000000 0.00000000
vt 0.00000000 0.00000000
vt 0.00000000 0.00000000
vt 0.00000000 0.00000000
vt 0.00000000 0.00000000
vt 0.00000000 0.00000000
vt 0.00000000 0.00000000
vt 0.00000000 0.00000000
vt 0.00000000 0.00000000
vt 0.00000000 0.00000000
vt 0.00000000 0.00000000
vt 0.00000000 0.00000000
vt 0.00000000 0.00000000
vt 0.00000000 0.00000000
vt 0.00000000 0.00000000
vt 0.00000000 0.00000000
vt 0.00000000 0.00000000
vt 0.00000000 0.00000000
vt 0.00000000 0.00000000
vt 0.00000000 0.00000000
vt 0.00000000 0.00000000
vt 0.00000000 0.00000000
vt 0.00000000 0.00000000
vt 0.00000000 0.00000000
vt 0.00000000 0.00000000
vt 0.00000000 0.00000000
vt 0.00000000 0.00000000
vt 0.00000000 0.00000000
vt 0.00000000 0.00000000
vt 0.00000000 0.00000000
vt 0.00000000 0.00000000
vt 0.00000000 0.00000000
vt 0.00000000 0.00000000
vt 0.00000000 0.00000000
vt 0.00000000 0.00000000
vt 0.00000000 0.00000000
vt 0.00000000 0.00000000
vt 0.00000000 0.00000000
vt 0.00000000 0.00000000
vt 0.00000000 0.00000000
vt 0.00000000 0.00000000
vt 0.00000000 0.00000000
vt 0.00000000 0.00000000
vt 0.00000000 0.00000000
vt 0.00000000 0.00000000
vt 0.00000000 0.00000000
vt 0.00000000 0.00000000
vt 0.00000000 0.00000000
vt 0.00000000 0.00000000
vt 0.00000000 0.00000000
vt 0.00000000 0.00000000
vt 0.00000000 0.00000000
vt 0.00000000 0.00000000
vt 0.00000000 0.00000000
vt 0.00000000 0.00000000
vt 0.00000000 0.00000000
vt 0.00000000 0.00000000
vt 0.00000000 0.00000000
vt 0.00000000 0.00000000
vt 0.00000000 0.00000000
vt 0.00000000 0.00000000
vt 0.00000000 0.00000000
vt 0.00000000 0.00000000
vt 0.00000000 0.00000000
vt 0.00000000 0.00000000
vt 0.00000000 0.00000000
vt 0.00000000 0.00000000
vt 0.00000000 0.00000000
vt 0.00000000 0.00000000
vt 0.00000000 0.00000000
vt 0.00000000 0.00000000
vt 0.00000000 0.00000000
vt 0.00000000 0.00000000
vt 0.00000000 0.00000000
vt 0.00000000 0.00000000
vt 0.00000000 0.00000000
vt 0.00000000 0.00000000
vt 0.00000000 0.00000000
vt 0.00000000 0.00000000
vt 0.00000000 0.00000000
vt 0.00000000 0.00000000
vt 0.00000000 0.00000000
vt 0.00000000 0.00000000
vt 0.00000000 0.00000000
vt 0.00000000 0.00000000
vt 0.00000000 0.00000000
vt 0.00000000 0.00000000
vt 0.00000000 0.00000000
vt 0.00000000 0.00000000
vt 0.00000000 0.00000000
vt 0.00000000 0.00000000
vt 0.00000000 0.00000000
vt 0.00000000 0.00000000
vt 0.00000000 0.00000000
vt 0.00000000 0.00000000
vt 0.00000000 0.00000000
vt 0.00000000 0.00000000
vt 0.00000000 0.00000000
vt 0.00000000 0.00000000
vt 0.00000000 0.00000000
vt 0.00000000 0.00000000
vt 0.00000000 0.00000000
vt 0.00000000 0.00000000
vt 0.00000000 0.00000000
vt 0.00000000 0.00000000
vt 0.00000000 0.00000000
vt 0.00000000 0.00000000
vt 0.00000000 0.00000000
vt 0.00000000 0.00000000
vt 0.00000000 0.00000000
vt 0.00000000 0.00000000
vt 0.00000000 0.00000000
vt 0.00000000 0.00000000
vt 0.00000000 0.00000000
vt 0.00000000 0.00000000
vt 0.00000000 0.00000000
vt 0.00000000 0.00000000
vt 0.00000000 0.00000000
vt 0.00000000 0.00000000
vt 0.00000000 0.00000000
vt 0.00000000 0.00000000
vt 0.00000000 0.00000000
vt 0.00000000 0.00000000
vt 0.00000000 0.00000000
vt 0.00000000 0.00000000
vt 0.00000000 0.00000000
vt 0.00000000 0.00000000
vt 0.00000000 0.00000000
vt 0.00000000 0.00000000
vt 0.00000000 0.00000000
vt 0.00000000 0.00000000
vt 0.00000000 0.00000000
vt 0.00000000 0.00000000
vt 0.00000000 0.00000000
vt 0.00000000 0.00000000
vt 0.00000000 0.00000000
vt 0.00000000 0.00000000
vt 0.00000000 0.00000000
vt 0.00000000 0.00000000
vt 0.00000000 0.00000000
vt 0.00000000 0.00000000
vt 0.00000000 0.00000000
vt 0.00000000 0.00000000
vt 0.00000000 0.00000000
vt 0.00000000 0.00000000
vt 0.00000000 0.00000000
vt 0.00000000 0.00000000
vt 0.00000000 0.00000000
vt 0.00000000 0.00000000
vt 0.00000000 0.00000000
vt 0.00000000 0.00000000
vt 0.00000000 0.00000000
vt 0.00000000 0.00000000
vt 0.00000000 0.00000000
vt 0.00000000 0.00000000
vt 0.00000000 0.00000000
vt 0.00000000 0.00000000
vt 0.00000000 0.00000000
vt 0.00000000 0.00000000
vt 0.00000000 0.00000000
vt 0.00000000 0.00000000
vt 0.00000000 0.00000000
vt 0.00000000 0.00000000
vt 0.00000000 0.00000000
vt 0.00000000 0.00000000
vt 0.00000000 0.00000000
vt 0.00000000 0.00000000
vt 0.00000000 0.00000000
vt 0.00000000 0.00000000
vt 0.00000000 0.00000000
vt 0.00000000 0.00000000
vt 0.00000000 0.00000000
vt 0.00000000 0.00000000
vt 0.00000000 0.00000000
vt 0.00000000 0.00000000
vt 0.00000000 0.00000000
vt 0.00000000 0.00000000
vt 0.00000000 0.00000000
vt 0.00000000 0.00000000
vt 0.00000000 0.00000000
vt 0.00000000 0.00000000
vt 0.00000000 0.00000000
vt 0.00000000 0.00000000
vt 0.00000000 0.00000000
vt 0.00000000 0.00000000
vt 0.00000000 0.00000000
vt 0.00000000 0.00000000
vt 0.00000000 0.00000000
vt 0.00000000 0.00000000
vt 0.00000000 0.00000000
vt 0.00000000 0.00000000
vt 0.00000000 0.00000000
vt 0.00000000 0.00000000
vt 0.00000000 0.00000000
vt 0.00000000 0.00000000
vt 0.00000000 0.00000000
vt 0.00000000 0.00000000
vt 0.00000000 0.00000000
vt 0.00000000 0.00000000
vt 0.00000000 0.00000000
vt 0.00000000 0.00000000
vt 0.00000000 0.00000000
vt 0.00000000 0.00000000
vt 0.00000000 0.00000000
vt 0.00000000 0.00000000
vt 0.00000000 0.00000000
vt 0.00000000 0.00000000
vt 0.00000000 0.00000000
vt 0.00000000 0.00000000
vt 0.00000000 0.00000000
vt 0.00000000 0.00000000
vt 0.00000000 0.00000000
vt 0.00000000 0.00000000
vt 0.00000000 0.00000000
vt 0.00000000 0.00000000
vt 0.00000000 0.00000000
vt 0.00000000 0.00000000
vt 0.00000000 0.00000000
vt 0.00000000 0.00000000
vt 0.00000000 0.00000000
vt 0.00000000 0.00000000
vt 0.00000000 0.00000000
vt 0.00000000 0.00000000
vt 0.00000000 0.00000000
vt 0.00000000 0.00000000
vt 0.00000000 0.00000000
vt 0.00000000 0.00000000
vt 0.00000000 0.00000000
vt 0.00000000 0.00000000
vt 0.00000000 0.00000000
vt 0.00000000 0.00000000
vt 0.00000000 0.00000000
vt 0.00000000 0.00000000
vt 0.00000000 0.00000000
vt 0.00000000 0.00000000
vt 0.00000000 0.00000000
vt 0.00000000 0.00000000
vt 0.00000000 0.00000000
vt 0.00000000 0.00000000
vt 0.00000000 0.00000000
vt 0.00000000 0.00000000
vt 0.00000000 0.00000000
vt 0.00000000 0.00000000
vt 0.00000000 0.00000000
vt 0.00000000 0.00000000
vt 0.00000000 0.00000000
vt 0.00000000 0.00000000
vt 0.00000000 0.00000000
vt 0.00000000 0.00000000
vt 0.00000000 0.00000000
vt 0.00000000 0.00000000
vt 0.00000000 0.00000000
vt 0.00000000 0.00000000
vt 0.00000000 0.00000000
vt 0.00000000 0.00000000
vt 0.00000000 0.00000000
vt 0.00000000 0.00000000
vt 0.00000000 0.00000000
vt 0.00000000 0.00000000
vt 0.00000000 0.00000000
vt 0.00000000 0.00000000
vt 0.00000000 0.00000000
vt 0.00000000 0.00000000
vt 0.00000000 0.00000000
vt 0.00000000 0.00000000
vt 0.00000000 0.00000000
vt 0.00000000 0.00000000
vt 0.00000000 0.00000000
vt 0.00000000 0.00000000
vt 0.00000000 0.00000000
vt 0.00000000 0.00000000
vt 0.00000000 0.00000000
vt 0.00000000 0.00000000
vt 0.00000000 0.00000000
vt 0.00000000 0.00000000
vt 0.00000000 0.00000000
vt 0.00000000 0.00000000
vt 0.00000000 0.00000000
vt 0.00000000 0.00000000
vt 0.00000000 0.00000000
vt 0.00000000 0.00000000
vt 0.00000000 0.00000000
vt 0.00000000 0.00000000
vt 0.00000000 0.00000000
vt 0.00000000 0.00000000
vt 0.00000000 0.00000000
vt 0.00000000 0.00000000
vt 0.00000000 0.00000000
vt 0.00000000 0.00000000
vt 0.00000000 0.00000000
vt 0.00000000 0.00000000
vt 0.00000000 0.00000000
vt 0.00000000 0.00000000
vt 0.00000000 0.00000000
vt 0.00000000 0.00000000
vt 0.00000000 0.00000000
vt 0.00000000 0.00000000
vt 0.00000000 0.00000000
vt 0.00000000 0.00000000
vt 0.00000000 0.00000000
vt 0.00000000 0.00000000
vt 0.00000000 0.00000000
vt 0.00000000 0.00000000
vt 0.00000000 0.00000000
vt 0.00000000 0.00000000
vt 0.00000000 0.00000000
vt 0.00000000 0.00000000
vt 0.00000000 0.00000000
vt 0.00000000 0.00000000
vt 0.00000000 0.00000000
vt 0.00000000 0.00000000
vt 0.00000000 0.00000000
vt 0.00000000 0.00000000
vt 0.00000000 0.00000000
vt 0.00000000 0.00000000
vt 0.00000000 0.00000000
vt 0.00000000 0.00000000
vt 0.00000000 0.00000000
vt 0.00000000 0.00000000
vt 0.00000000 0.00000000
vt 0.00000000 0.00000000
vt 0.00000000 0.00000000
vt 0.00000000 0.00000000
vt 0.00000000 0.00000000
vt 0.00000000 0.00000000
vt 0.00000000 0.00000000
vt 0.00000000 0.00000000
vt 0.00000000 0.00000000
vt 0.00000000 0.00000000
vt 0.00000000 0.00000000
vt 0.00000000 0.00000000
vt 0.00000000 0.00000000
vt 0.00000000 0.00000000
vt 0.00000000 0.00000000
vt 0.00000000 0.00000000
vt 0.00000000 0.00000000
vt 0.00000000 0.00000000
vt 0.00000000 0.00000000
vt 0.00000000 0.00000000
vt 0.00000000 0.00000000
vt 0.00000000 0.00000000
vt 0.00000000 0.00000000
vt 0.00000000 0.00000000
vt 0.00000000 0.00000000
vt 0.00000000 0.00000000
vt 0.00000000 0.00000000
vt 0.00000000 0.00000000
vt 0.00000000 0.00000000
vt 0.00000000 0.00000000
vt 0.00000000 0.00000000
vt 0.00000000 0.00000000
vt 0.00000000 0.00000000
vt 0.00000000 0.00000000
vt 0.00000000 0.00000000
vt 0.00000000 0.00000000
vt 0.00000000 0.00000000
vt 0.00000000 0.00000000
vt 0.00000000 0.00000000
vt 0.00000000 0.00000000
vt 0.00000000 0.00000000
vt 0.00000000 0.00000000
vt 0.00000000 0.00000000
vt 0.00000000 0.00000000
vt 0.00000000 0.00000000
vt 0.00000000 0.00000000
vt 0.00000000 0.00000000
vt 0.00000000 0.00000000
vt 0.00000000 0.00000000
vt 0.00000000 0.00000000
vt 0.00000000 0.00000000
vt 0.00000000 0.00000000
vt 0.00000000 0.00000000
vt 0.00000000 0.00000000
vt 0.00000000 0.00000000
vt 0.00000000 0.00000000
vt 0.00000000 0.00000000
vt 0.00000000 0.00000000
vt 0.00000000 0.00000000
vt 0.00000000 0.00000000
vt 0.00000000 0.00000000
vt 0.00000000 0.00000000
vt 0.00000000 0.00000000
vt 0.00000000 0.00000000
vt 0.00000000 0.00000000
vt 0.00000000 0.00000000
vt 0.00000000 0.00000000
vt 0.00000000 0.00000000
vt 0.00000000 0.00000000
vt 0.00000000 0.00000000
vt 0.00000000 0.00000000
vt 0.00000000 0.00000000
vt 0.00000000 0.00000000
vt 0.00000000 0.00000000
vt 0.00000000 0.00000000
vt 0.00000000 0.00000000
vt 0.00000000 0.00000000
vt 0.00000000 0.00000000
vt 0.00000000 0.00000000
vt 0.00000000 0.00000000
vt 0.00000000 0.00000000
vt 0.00000000 0.00000000
vt 0.00000000 0.00000000
vt 0.00000000 0.00000000
vt 0.00000000 0.00000000
vt 0.00000000 0.00000000
vt 0.00000000 0.00000000
vt 0.00000000 0.00000000
vt 0.00000000 0.00000000
vt 0.00000000 0.00000000
vt 0.00000000 0.00000000
vt 0.00000000 0.00000000
vt 0.00000000 0.00000000
vt 0.00000000 0.00000000
vt 0.00000000 0.00000000
vt 0.00000000 0.00000000
vt 0.00000000 0.00000000
vt 0.00000000 0.00000000
vt 0.00000000 0.00000000
vt 0.00000000 0.00000000
vt 0.00000000 0.00000000
vt 0.00000000 0.00000000
vt 0.00000000 0.00000000
vt 0.00000000 0.00000000
vt 0.00000000 0.00000000
vt 0.00000000 0.00000000
vt 0.00000000 0.00000000
vt 0.00000000 0.00000000
vt 0.00000000 0.00000000
vt 0.00000000 0.00000000
vt 0.00000000 0.00000000
vt 0.00000000 0.00000000
vt 0.00000000 0.00000000
vt 0.00000000 0.00000000
vt 0.00000000 0.00000000
vt 0.00000000 0.00000000
vt 0.00000000 0.00000000
vt 0.00000000 0.00000000
vt 0.00000000 0.00000000
vt 0.00000000 0.00000000
vt 0.00000000 0.00000000
vt 0.00000000 0.00000000
vt 0.00000000 0.00000000
vt 0.00000000 0.00000000
vt 0.00000000 0.00000000
vt 0.00000000 0.00000000
vt 0.00000000 0.00000000
vt 0.00000000 0.00000000
vt 0.00000000 0.00000000
vt 0.00000000 0.00000000
vt 0.00000000 0.00000000
vt 0.00000000 0.00000000
vt 0.00000000 0.00000000
vt 0.00000000 0.00000000
vt 0.00000000 0.00000000
vt 0.00000000 0.00000000
vt 0.00000000 0.00000000
vt 0.00000000 0.00000000
vt 0.00000000 0.00000000
vt 0.00000000 0.00000000
vt 0.00000000 0.00000000
vt 0.00000000 0.00000000
vt 0.00000000 0.00000000
vt 0.00000000 0.00000000
vt 0.00000000 0.00000000
vt 0.00000000 0.00000000
vt 0.00000000 0.00000000
vt 0.00000000 0.00000000
vt 0.00000000 0.00000000
vt 0.00000000 0.00000000
vt 0.00000000 0.00000000
vt 0.00000000 0.00000000
vt 0.00000000 0.00000000
vt 0.00000000 0.00000000
vt 0.00000000 0.00000000
vt 0.00000000 0.00000000
vt 0.00000000 0.00000000
vt 0.00000000 0.00000000
vt 0.00000000 0.00000000
vt 0.00000000 0.00000000
vt 0.00000000 0.00000000
vt 0.00000000 0.00000000
vt 0.00000000 0.00000000
vt 0.00000000 0.00000000
vt 0.00000000 0.00000000
vt 0.00000000 0.00000000
vt 0.00000000 0.00000000
vt 0.00000000 0.00000000
vt 0.00000000 0.00000000
vt 0.00000000 0.00000000
vt 0.00000000 0.00000000
vt 0.00000000 0.00000000
vt 0.00000000 0.00000000
vt 0.00000000 0.00000000
vt 0.00000000 0.00000000
vt 0.00000000 0.00000000
vt 0.00000000 0.00000000
vt 0.00000000 0.00000000
vt 0.00000000 0.00000000
vt 0.00000000 0.00000000
vt 0.00000000 0.00000000
vt 0.00000000 0.00000000
vt 0.00000000 0.00000000
vt 0.00000000 0.00000000
vt 0.00000000 0.00000000
vt 0.00000000 0.00000000
vt 0.00000000 0.00000000
vt 0.00000000 0.00000000
vt 0.00000000 0.00000000
vt 0.00000000 0.00000000
vt 0.00000000 0.00000000
vt 0.00000000 0.00000000
vt 0.00000000 0.00000000
vt 0.00000000 0.00000000
vt 0.00000000 0.00000000
vt 0.00000000 0.00000000
vt 0.00000000 0.00000000
vt 0.00000000 0.00000000
vt 0.00000000 0.00000000
vt 0.00000000 0.00000000
vt 0.00000000 0.00000000
vt 0.00000000 0.00000000
vt 0.00000000 0.00000000
vt 0.00000000 0.00000000
vt 0.00000000 0.00000000
vt 0.00000000 0.00000000
vt 0.00000000 0.00000000
vt 0.00000000 0.00000000
vt 0.00000000 0.00000000
vt 0.00000000 0.00000000
vt 0.00000000 0.00000000
vt 0.00000000 0.00000000
vt 0.00000000 0.00000000
vt 0.00000000 0.00000000
vt 0.00000000 0.00000000
vt 0.00000000 0.00000000
vt 0.00000000 0.00000000
vt 0.00000000 0.00000000
vt 0.00000000 0.00000000
vt 0.00000000 0.00000000
vt 0.00000000 0.00000000
vt 0.00000000 0.00000000
vt 0.00000000 0.00000000
vt 0.00000000 0.00000000
vt 0.00000000 0.00000000
vt 0.00000000 0.00000000
vt 0.00000000 0.00000000
vt 0.00000000 0.00000000
vt 0.00000000 0.00000000
vt 0.00000000 0.00000000
vt 0.00000000 0.00000000
vt 0.00000000 0.00000000
vt 0.00000000 0.00000000
vt 0.00000000 0.00000000
vt 0.00000000 0.00000000
vt 0.00000000 0.00000000
vt 0.00000000 0.00000000
vt 0.00000000 0.00000000
vt 0.00000000 0.00000000
vt 0.00000000 0.00000000
vt 0.00000000 0.00000000
vt 0.00000000 0.00000000
vt 0.00000000 0.00000000
vt 0.00000000 0.00000000
vt 0.00000000 0.00000000
vt 0.00000000 0.00000000
vt 0.00000000 0.00000000
vt 0.00000000 0.00000000
vt 0.00000000 0.00000000
vt 0.00000000 0.00000000
vt 0.00000000 0.00000000
vt 0.00000000 0.00000000
vt 0.00000000 0.00000000
vt 0.00000000 0.00000000
vt 0.00000000 0.00000000
vt 0.00000000 0.00000000
vt 0.00000000 0.00000000
vt 0.00000000 0.00000000
vt 0.00000000 0.00000000
vt 0.00000000 0.00000000
vt 0.00000000 0.00000000
vt 0.00000000 0.00000000
vt 0.00000000 0.00000000
vt 0.00000000 0.00000000
vt 0.00000000 0.00000000
vt 0.00000000 0.00000000
vt 0.00000000 0.00000000
vt 0.00000000 0.00000000
vt 0.00000000 0.00000000
vt 0.00000000 0.00000000
vt 0.00000000 0.00000000
vt 0.00000000 0.00000000
vt 0.00000000 0.00000000
vt 0.00000000 0.00000000
vt 0.00000000 0.00000000
vt 0.00000000 0.00000000
vt 0.00000000 0.00000000
vt 0.00000000 0.00000000
vt 0.00000000 0.00000000
vt 0.00000000 0.00000000
vt 0.00000000 0.00000000
vt 0.00000000 0.00000000
vt 0.00000000 0.00000000
vt 0.00000000 0.00000000
vt 0.00000000 0.00000000
vt 0.00000000 0.00000000
vt 0.00000000 0.00000000
vt 0.00000000 0.00000000
vt 0.00000000 0.00000000
vt 0.00000000 0.00000000
vt 0.00000000 0.00000000
vt 0.00000000 0.00000000
vt 0.00000000 0.00000000
vt 0.00000000 0.00000000
vt 0.00000000 0.00000000
vt 0.00000000 0.00000000
vt 0.00000000 0.00000000
vt 0.00000000 0.00000000
vt 0.00000000 0.00000000
vt 0.00000000 0.00000000
vt 0.00000000 0.00000000
vt 0.00000000 0.00000000
vt 0.00000000 0.00000000
vt 0.00000000 0.00000000
vt 0.00000000 0.00000000
vt 0.00000000 0.00000000
vt 0.00000000 0.00000000
vt 0.00000000 0.00000000
vt 0.00000000 0.00000000
vt 0.00000000 0.00000000
vt 0.00000000 0.00000000
vt 0.00000000 0.00000000
vt 0.00000000 0.00000000
vt 0.00000000 0.00000000
vt 0.00000000 0.00000000
vt 0.00000000 0.00000000
vt 0.00000000 0.00000000
vt 0.00000000 0.00000000
vt 0.00000000 0.00000000
vt 0.00000000 0.00000000
vt 0.00000000 0.00000000
vt 0.00000000 0.00000000
vt 0.00000000 0.00000000
vt 0.00000000 0.00000000
vt 0.00000000 0.00000000
vt 0.00000000 0.00000000
vt 0.00000000 0.00000000
vt 0.00000000 0.00000000
vt 0.00000000 0.00000000
vt 0.00000000 0.00000000
vt 0.00000000 0.00000000
vt 0.00000000 0.00000000
vt 0.00000000 0.00000000
vt 0.00000000 0.00000000
vt 0.00000000 0.00000000
vt 0.00000000 0.00000000
vt 0.00000000 0.00000000
vt 0.00000000 0.00000000
vt 0.00000000 0.00000000
vt 0.00000000 0.00000000
vt 0.00000000 0.00000000
vt 0.00000000 0.00000000
vt 0.00000000 0.00000000
vt 0.00000000 0.00000000
vt 0.00000000 0.00000000
vt 0.00000000 0.00000000
vt 0.00000000 0.00000000
vt 0.00000000 0.00000000
vt 0.00000000 0.00000000
vt 0.00000000 0.00000000
vt 0.00000000 0.00000000
vt 0.00000000 0.00000000
vt 0.00000000 0.00000000
vt 0.00000000 0.00000000
vt 0.00000000 0.00000000
vt 0.00000000 0.00000000
vt 0.00000000 0.00000000
vt 0.00000000 0.00000000
vt 0.00000000 0.00000000
vt 0.00000000 0.00000000
vt 0.00000000 0.00000000
vt 0.00000000 0.00000000
vt 0.00000000 0.00000000
vt 0.00000000 0.00000000
vt 0.00000000 0.00000000
vt 0.00000000 0.00000000
vt 0.00000000 0.00000000
vt 0.00000000 0.00000000
vt 0.00000000 0.00000000
vt 0.00000000 0.00000000
vt 0.00000000 0.00000000
vt 0.00000000 0.00000000
vt 0.00000000 0.00000000
vt 0.00000000 0.00000000
vt 0.00000000 0.00000000
vt 0.00000000 0.00000000
vt 0.00000000 0.00000000
vt 0.00000000 0.00000000
vt 0.00000000 0.00000000
vt 0.00000000 0.00000000
vt 0.00000000 0.00000000
vt 0.00000000 0.00000000
vt 0.00000000 0.00000000
vt 0.00000000 0.00000000
vt 0.00000000 0.00000000
vt 0.00000000 0.00000000
vt 0.00000000 0.00000000
vt 0.00000000 0.00000000
vt 0.00000000 0.00000000
vt 0.00000000 0.00000000
vt 0.00000000 0.00000000
vt 0.00000000 0.00000000
vt 0.00000000 0.00000000
vt 0.00000000 0.00000000
vt 0.00000000 0.00000000
vt 0.00000000 0.00000000
vt 0.00000000 0.00000000
vt 0.00000000 0.00000000
vt 0.00000000 0.00000000
vt 0.00000000 0.00000000
vt 0.00000000 0.00000000
vt 0.00000000 0.00000000
vt 0.00000000 0.00000000
vt 0.00000000 0.00000000
vt 0.00000000 0.00000000
vt 0.00000000 0.00000000
vt 0.00000000 0.00000000
vt 0.00000000 0.00000000
vt 0.00000000 0.00000000
vt 0.00000000 0.00000000
vt 0.00000000 0.00000000
vt 0.00000000 0.00000000
vt 0.00000000 0.00000000
vt 0.00000000 0.00000000
vt 0.00000000 0.00000000
vt 0.00000000 0.00000000
vt 0.00000000 0.00000000
vt 0.00000000 0.00000000
vt 0.00000000 0.00000000
vt 0.00000000 0.00000000
vt 0.00000000 0.00000000
vt 0.00000000 0.00000000
vt 0.00000000 0.00000000
vt 0.00000000 0.00000000
vt 0.00000000 0.00000000
vt 0.00000000 0.00000000
vt 0.00000000 0.00000000
vt 0.00000000 0.00000000
vt 0.00000000 0.00000000
vt 0.00000000 0.00000000
vt 0.00000000 0.00000000
vt 0.00000000 0.00000000
vt 0.00000000 0.00000000
vt 0.00000000 0.00000000
vt 0.00000000 0.00000000
vt 0.00000000 0.00000000
vt 0.00000000 0.00000000
vt 0.00000000 0.00000000
vt 0.00000000 0.00000000
vt 0.00000000 0.00000000
vt 0.00000000 0.00000000
vt 0.00000000 0.00000000
vt 0.00000000 0.00000000
vt 0.00000000 0.00000000
vt 0.00000000 0.00000000
vt 0.00000000 0.00000000
vt 0.00000000 0.00000000
vt 0.00000000 0.00000000
vt 0.00000000 0.00000000
vt 0.00000000 0.00000000
vt 0.00000000 0.00000000
vt 0.00000000 0.00000000
vt 0.00000000 0.00000000
vt 0.00000000 0.00000000
vt 0.00000000 0.00000000
vt 0.00000000 0.00000000
vt 0.00000000 0.00000000
vt 0.00000000 0.00000000
vt 0.00000000 0.00000000
vt 0.00000000 0.00000000
vt 0.00000000 0.00000000
vt 0.00000000 0.00000000
vt 0.00000000 0.00000000
vt 0.00000000 0.00000000
vt 0.00000000 0.00000000
vt 0.00000000 0.00000000
vt 0.00000000 0.00000000
vt 0.00000000 0.00000000
vt 0.00000000 0.00000000
vt 0.00000000 0.00000000
vt 0.00000000 0.00000000
vt 0.00000000 0.00000000
vt 0.00000000 0.00000000
vt 0.00000000 0.00000000
vt 0.00000000 0.00000000
vt 0.00000000 0.00000000
vt 0.00000000 0.00000000
vt 0.00000000 0.00000000
vt 0.00000000 0.00000000
vt 0.00000000 0.00000000
vt 0.00000000 0.00000000
vt 0.00000000 0.00000000
vt 0.00000000 0.00000000
vt 0.00000000 0.00000000
vt 0.00000000 0.00000000
vt 0.00000000 0.00000000
vt 0.00000000 0.00000000
vt 0.00000000 0.00000000
vt 0.00000000 0.00000000
vt 0.00000000 0.00000000
vt 0.00000000 0.00000000
vt 0.00000000 0.00000000
vt 0.00000000 0.00000000
vt 0.00000000 0.00000000
vt 0.00000000 0.00000000
vt 0.00000000 0.00000000
vt 0.00000000 0.00000000
vt 0.00000000 0.00000000
vt 0.00000000 0.00000000
vt 0.00000000 0.00000000
vt 0.00000000 0.00000000
vt 0.00000000 0.00000000
vt 0.00000000 0.00000000
vt 0.00000000 0.00000000
vt 0.00000000 0.00000000
vt 0.00000000 0.00000000
vt 0.00000000 0.00000000
vt 0.00000000 0.00000000
vt 0.00000000 0.00000000
vt 0.00000000 0.00000000
vt 0.00000000 0.00000000
vt 0.00000000 0.00000000
vt 0.00000000 0.00000000
vt 0.00000000 0.00000000
vt 0.00000000 0.00000000
vt 0.00000000 0.00000000
vt 0.00000000 0.00000000
vt 0.00000000 0.00000000
vt 0.00000000 0.00000000
vt 0.00000000 0.00000000
vt 0.00000000 0.00000000
vt 0.00000000 0.00000000
vt 0.00000000 0.00000000
vt 0.00000000 0.00000000
vt 0.00000000 0.00000000
vt 0.00000000 0.00000000
vt 0.00000000 0.00000000
vt 0.00000000 0.00000000
vt 0.00000000 0.00000000
vt 0.00000000 0.00000000
vt 0.00000000 0.00000000
vt 0.00000000 0.00000000
vt 0.00000000 0.00000000
vt 0.00000000 0.00000000
vt 0.00000000 0.00000000
vt 0.00000000 0.00000000
vt 0.00000000 0.00000000
vt 0.00000000 0.00000000
vt 0.00000000 0.00000000
vt 0.00000000 0.00000000
vt 0.00000000 0.00000000
vt 0.00000000 0.00000000
vt 0.00000000 0.00000000
vt 0.00000000 0.00000000
vt 0.00000000 0.00000000
vt 0.00000000 0.00000000
vt 0.00000000 0.00000000
vt 0.00000000 0.00000000
vt 0.00000000 0.00000000
vt 0.00000000 0.00000000
vt 0.00000000 0.00000000
vt 0.00000000 0.00000000
vt 0.00000000 0.00000000
vt 0.00000000 0.00000000
vt 0.00000000 0.00000000
vt 0.00000000 0.00000000
vt 0.00000000 0.00000000
vt 0.00000000 0.00000000
vt 0.00000000 0.00000000
vt 0.00000000 0.00000000
vt 0.00000000 0.00000000
vt 0.00000000 0.00000000
vt 0.00000000 0.00000000
vt 0.00000000 0.00000000
vt 0.00000000 0.00000000
vt 0.00000000 0.00000000
vt 0.00000000 0.00000000
vt 0.00000000 0.00000000
vt 0.00000000 0.00000000
vt 0.00000000 0.00000000
vt 0.00000000 0.00000000
vt 0.00000000 0.00000000
vt 0.00000000 0.00000000
vt 0.00000000 0.00000000
vt 0.00000000 0.00000000
vt 0.00000000 0.00000000
vt 0.00000000 0.00000000
vt 0.00000000 0.00000000
vt 0.00000000 0.00000000
vt 0.00000000 0.00000000
vt 0.00000000 0.00000000
vt 0.00000000 0.00000000
vt 0.00000000 0.00000000
vt 0.00000000 0.00000000
vt 0.00000000 0.00000000
vt 0.00000000 0.00000000
vt 0.00000000 0.00000000
vt 0.00000000 0.00000000
vt 0.00000000 0.00000000
vt 0.00000000 0.00000000
vt 0.00000000 0.00000000
vt 0.00000000 0.00000000
vt 0.00000000 0.00000000
vt 0.00000000 0.00000000
vt 0.00000000 0.00000000
vt 0.00000000 0.00000000
vt 0.00000000 0.00000000
vt 0.00000000 0.00000000
vt 0.00000000 0.00000000
vt 0.00000000 0.00000000
vt 0.00000000 0.00000000
vt 0.00000000 0.00000000
vt 0.00000000 0.00000000
vt 0.00000000 0.00000000
vt 0.00000000 0.00000000
vt 0.00000000 0.00000000
vt 0.00000000 0.00000000
vt 0.00000000 0.00000000
vt 0.00000000 0.00000000
vt 0.00000000 0.00000000
vt 0.00000000 0.00000000
vt 0.00000000 0.00000000
vt 0.00000000 0.00000000
vt 0.00000000 0.00000000
vt 0.00000000 0.00000000
vt 0.00000000 0.00000000
vt 0.00000000 0.00000000
vt 0.00000000 0.00000000
vt 0.00000000 0.00000000
vt 0.00000000 0.00000000
vt 0.00000000 0.00000000
vt 0.00000000 0.00000000
vt 0.00000000 0.00000000
vt 0.00000000 0.00000000
vt 0.00000000 0.00000000
vt 0.00000000 0.00000000
vt 0.00000000 0.00000000
vt 0.00000000 0.00000000
vt 0.00000000 0.00000000
vt 0.00000000 0.00000000
vt 0.00000000 0.00000000
vt 0.00000000 0.00000000
vt 0.00000000 0.00000000
vt 0.00000000 0.00000000
vt 0.00000000 0.00000000
vt 0.00000000 0.00000000
vt 0.00000000 0.00000000
vt 0.00000000 0.00000000
vt 0.00000000 0.00000000
vt 0.00000000 0.00000000
vt 0.00000000 0.00000000
vt 0.00000000 0.00000000
vt 0.00000000 0.00000000
vt 0.00000000 0.00000000
vt 0.00000000 0.00000000
vt 0.00000000 0.00000000
vt 0.00000000 0.00000000
vt 0.00000000 0.00000000
vt 0.00000000 0.00000000
vt 0.00000000 0.00000000
vt 0.00000000 0.00000000
vt 0.00000000 0.00000000
vt 0.00000000 0.00000000
vt 0.00000000 0.00000000
vt 0.00000000 0.00000000
vt 0.00000000 0.00000000
vt 0.00000000 0.00000000
vt 0.00000000 0.00000000
vt 0.00000000 0.00000000
vt 0.00000000 0.00000000
vt 0.00000000 0.00000000
vt 0.00000000 0.00000000
vt 0.00000000 0.00000000
vt 0.00000000 0.00000000
vt 0.00000000 0.00000000
vt 0.00000000 0.00000000
vt 0.00000000 0.00000000
vt 0.00000000 0.00000000
vt 0.00000000 0.00000000
vt 0.00000000 0.00000000
vt 0.00000000 0.00000000
vt 0.00000000 0.00000000
vt 0.00000000 0.00000000
vt 0.00000000 0.00000000
vt 0.00000000 0.00000000
vt 0.00000000 0.00000000
vt 0.00000000 0.00000000
vt 0.00000000 0.00000000
vt 0.00000000 0.00000000
vt 0.00000000 0.00000000
vt 0.00000000 0.00000000
vt 0.00000000 0.00000000
vt 0.00000000 0.00000000
vt 0.00000000 0.00000000
vt 0.00000000 0.00000000
vt 0.00000000 0.00000000
vt 0.00000000 0.00000000
vt 0.00000000 0.00000000
vt 0.00000000 0.00000000
vt 0.00000000 0.00000000
vt 0.00000000 0.00000000
vt 0.00000000 0.00000000
vt 0.00000000 0.00000000
vt 0.00000000 0.00000000
vt 0.00000000 0.00000000
vt 0.00000000 0.00000000
vt 0.00000000 0.00000000
vt 0.00000000 0.00000000
vt 0.00000000 0.00000000
vt 0.00000000 0.00000000
vt 0.00000000 0.00000000
vt 0.00000000 0.00000000
vt 0.00000000 0.00000000
vt 0.00000000 0.00000000
vt 0.00000000 0.00000000
vt 0.00000000 0.00000000
vt 0.00000000 0.00000000
vt 0.00000000 0.00000000
vt 0.00000000 0.00000000
vt 0.00000000 0.00000000
vt 0.00000000 0.00000000
vt 0.00000000 0.00000000
vt 0.00000000 0.00000000
vt 0.00000000 0.00000000
vt 0.00000000 0.00000000
vt 0.00000000 0.00000000
vt 0.00000000 0.00000000
vt 0.00000000 0.00000000
vt 0.00000000 0.00000000
vt 0.00000000 0.00000000
vt 0.00000000 0.00000000
vt 0.00000000 0.00000000
vt 0.00000000 0.00000000
vt 0.00000000 0.00000000
vt 0.00000000 0.00000000
vt 0.00000000 0.00000000
vt 0.00000000 0.00000000
vt 0.00000000 0.00000000
vt 0.00000000 0.00000000
vt 0.00000000 0.00000000
vt 0.00000000 0.00000000
vt 0.00000000 0.00000000
vt 0.00000000 0.00000000
vt 0.00000000 0.00000000
vt 0.00000000 0.00000000
vt 0.00000000 0.00000000
vt 0.00000000 0.00000000
vt 0.00000000 0.00000000
vt 0.00000000 0.00000000
vt 0.00000000 0.00000000
vt 0.00000000 0.00000000
vt 0.00000000 0.00000000
vt 0.00000000 0.00000000
vt 0.00000000 0.00000000
vt 0.00000000 0.00000000
vt 0.00000000 0.00000000
vt 0.00000000 0.00000000
vt 0.00000000 0.00000000
vt 0.00000000 0.00000000
vt 0.00000000 0.00000000
vt 0.00000000 0.00000000
vt 0.00000000 0.00000000
vt 0.00000000 0.00000000
vt 0.00000000 0.00000000
vt 0.00000000 0.00000000
vt 0.00000000 0.00000000
vt 0.00000000 0.00000000
vt 0.00000000 0.00000000
vt 0.00000000 0.00000000
vt 0.00000000 0.00000000
vt 0.00000000 0.00000000
vt 0.00000000 0.00000000
vt 0.00000000 0.00000000
vt 0.00000000 0.00000000
vt 0.00000000 0.00000000
vt 0.00000000 0.00000000
vt 0.00000000 0.00000000
vt 0.00000000 0.00000000
vt 0.00000000 0.00000000
vt 0.00000000 0.00000000
vt 0.00000000 0.00000000
vt 0.00000000 0.00000000
vt 0.00000000 0.00000000
vt 0.00000000 0.00000000
vt 0.00000000 0.00000000
vt 0.00000000 0.00000000
vt 0.00000000 0.00000000
vt 0.00000000 0.00000000
vt 0.00000000 0.00000000
vt 0.00000000 0.00000000
vt 0.00000000 0.00000000
vt 0.00000000 0.00000000
vt 0.00000000 0.00000000
vt 0.00000000 0.00000000
vt 0.00000000 0.00000000
vt 0.00000000 0.00000000
vt 0.00000000 0.00000000
vt 0.00000000 0.00000000
vt 0.00000000 0.00000000
vt 0.00000000 0.00000000
vt 0.00000000 0.00000000
vt 0.00000000 0.00000000
vt 0.00000000 0.00000000
vt 0.00000000 0.00000000
vt 0.00000000 0.00000000
vt 0.00000000 0.00000000
vt 0.00000000 0.00000000
vt 0.00000000 0.00000000
vt 0.00000000 0.00000000
vt 0.00000000 0.00000000
vt 0.00000000 0.00000000
vt 0.00000000 0.00000000
vt 0.00000000 0.00000000
vt 0.00000000 0.00000000
vt 0.00000000 0.00000000
vt 0.00000000 0.00000000
vt 0.00000000 0.00000000
vt 0.00000000 0.00000000
vt 0.00000000 0.00000000
vt 0.00000000 0.00000000
vt 0.00000000 0.00000000
vt 0.00000000 0.00000000
vt 0.00000000 0.00000000
vt 0.00000000 0.00000000
vt 0.00000000 0.00000000
vt 0.00000000 0.00000000
vt 0.00000000 0.00000000
vt 0.00000000 0.00000000
vt 0.00000000 0.00000000
vt 0.00000000 0.00000000
vt 0.00000000 0.00000000
vt 0.00000000 0.00000000
vt 0.00000000 0.00000000
vt 0.00000000 0.00000000
vt 0.00000000 0.00000000
vt 0.00000000 0.00000000
vt 0.00000000 0.00000000
vt 0.00000000 0.00000000
vt 0.00000000 0.00000000
vt 0.00000000 0.00000000
vt 0.00000000 0.00000000
vt 0.00000000 0.00000000
vt 0.00000000 0.00000000
vt 0.00000000 0.00000000
vt 0.00000000 0.00000000
vt 0.00000000 0.00000000
vt 0.00000000 0.00000000
vt 0.00000000 0.00000000
vt 0.00000000 0.00000000
vt 0.00000000 0.00000000
vt 0.00000000 0.00000000
vt 0.00000000 0.00000000
vt 0.00000000 0.00000000
vt 0.00000000 0.00000000
vt 0.00000000 0.00000000
vt 0.00000000 0.00000000
vt 0.00000000 0.00000000
vt 0.00000000 0.00000000
vt 0.00000000 0.00000000
vt 0.00000000 0.00000000
vt 0.00000000 0.00000000
vt 0.00000000 0.00000000
vt 0.00000000 0.00000000
vt 0.00000000 0.00000000
vt 0.00000000 0.00000000
vt 0.00000000 0.00000000
vt 0.00000000 0.00000000
vt 0.00000000 0.00000000
vt 0.00000000 0.00000000
vt 0.00000000 0.00000000
vt 0.00000000 0.00000000
vt 0.00000000 0.00000000
vt 0.00000000 0.00000000
vt 0.00000000 0.00000000
vt 0.00000000 0.00000000
vt 0.00000000 0.00000000
vt 0.00000000 0.00000000
vt 0.00000000 0.00000000
vt 0.00000000 0.00000000
vt 0.00000000 0.00000000
vt 0.00000000 0.00000000
vt 0.00000000 0.00000000
vt 0.00000000 0.00000000
vt 0.00000000 0.00000000
vt 0.00000000 0.00000000
vt 0.00000000 0.00000000
vt 0.00000000 0.00000000
vt 0.00000000 0.00000000
vt 0.00000000 0.00000000
vt 0.00000000 0.00000000
vt 0.00000000 0.00000000
vt 0.00000000 0.00000000
vt 0.00000000 0.00000000
vt 0.00000000 0.00000000
vt 0.00000000 0.00000000
vt 0.00000000 0.00000000
vt 0.00000000 0.00000000
vt 0.00000000 0.00000000
vt 0.00000000 0.00000000
vt 0.00000000 0.00000000
vt 0.00000000 0.00000000
vt 0.00000000 0.00000000
vt 0.00000000 0.00000000
vt 0.00000000 0.00000000
vt 0.00000000 0.00000000
vt 0.00000000 0.00000000
vt 0.00000000 0.00000000
vt 0.00000000 0.00000000
vt 0.00000000 0.00000000
vt 0.00000000 0.00000000
vt 0.00000000 0.00000000
vt 0.00000000 0.00000000
vt 0.00000000 0.00000000
vt 0.00000000 0.00000000
vt 0.00000000 0.00000000
vt 0.00000000 0.00000000
vt 0.00000000 0.00000000
vt 0.00000000 0.00000000
vt 0.00000000 0.00000000
vt 0.00000000 0.00000000
vt 0.00000000 0.00000000
vt 0.00000000 0.00000000
vt 0.00000000 0.00000000
vt 0.00000000 0.00000000
vt 0.00000000 0.00000000
vt 0.00000000 0.00000000
vt 0.00000000 0.00000000
vt 0.00000000 0.00000000
vt 0.00000000 0.00000000
vt 0.00000000 0.00000000
vt 0.00000000 0.00000000
vt 0.00000000 0.00000000
vt 0.00000000 0.00000000
vt 0.00000000 0.00000000
vt 0.00000000 0.00000000
vt 0.00000000 0.00000000
vt 0.00000000 0.00000000
vt 0.00000000 0.00000000
vt 0.00000000 0.00000000
vt 0.00000000 0.00000000
vt 0.00000000 0.00000000
vt 0.00000000 0.00000000
vt 0.00000000 0.00000000
vt 0.00000000 0.00000000
vt 0.00000000 0.00000000
vt 0.00000000 0.00000000
vt 0.00000000 0.00000000
vt 0.00000000 0.00000000
vt 0.00000000 0.00000000
vt 0.00000000 0.00000000
vt 0.00000000 0.00000000
vt 0.00000000 0.00000000
vt 0.00000000 0.00000000
vt 0.00000000 0.00000000
vt 0.00000000 0.00000000
vt 0.00000000 0.00000000
vt 0.00000000 0.00000000
vt 0.00000000 0.00000000
vt 0.00000000 0.00000000
vt 0.00000000 0.00000000
vt 0.00000000 0.00000000
vt 0.00000000 0.00000000
vt 0.00000000 0.00000000
vt 0.00000000 0.00000000
vt 0.00000000 0.00000000
vt 0.00000000 0.00000000
vt 0.00000000 0.00000000
vt 0.00000000 0.00000000
vt 0.00000000 0.00000000
vt 0.00000000 0.00000000
vt 0.00000000 0.00000000
vt 0.00000000 0.00000000
vt 0.00000000 0.00000000
vt 0.00000000 0.00000000
vt 0.00000000 0.00000000
vt 0.00000000 0.00000000
vt 0.00000000 0.00000000
vt 0.00000000 0.00000000
vt 0.00000000 0.00000000
vt 0.00000000 0.00000000
vt 0.00000000 0.00000000
vt 0.00000000 0.00000000
vt 0.00000000 0.00000000
vt 0.00000000 0.00000000
vt 0.00000000 0.00000000
vt 0.00000000 0.00000000
vt 0.00000000 0.00000000
vt 0.00000000 0.00000000
vt 0.00000000 0.00000000
vt 0.00000000 0.00000000
vt 0.00000000 0.00000000
vt 0.00000000 0.00000000
vt 0.00000000 0.00000000
vt 0.00000000 0.00000000
vt 0.00000000 0.00000000
vt 0.00000000 0.00000000
vt 0.00000000 0.00000000
vt 0.00000000 0.00000000
vt 0.00000000 0.00000000
vt 0.00000000 0.00000000
vt 0.00000000 0.00000000
vt 0.00000000 0.00000000
vt 0.00000000 0.00000000
vt 0.00000000 0.00000000
vt 0.00000000 0.00000000
vt 0.00000000 0.00000000
vt 0.00000000 0.00000000
vt 0.00000000 0.00000000
vt 0.00000000 0.00000000
vt 0.00000000 0.00000000
vt 0.00000000 0.00000000
vt 0.00000000 0.00000000
vt 0.00000000 0.00000000
vt 0.00000000 0.00000000
vt 0.00000000 0.00000000
vt 0.00000000 0.00000000
vt 0.00000000 0.00000000
vt 0.00000000 0.00000000
vt 0.00000000 0.00000000
vt 0.00000000 0.00000000
vt 0.00000000 0.00000000
vt 0.00000000 0.00000000
vt 0.00000000 0.00000000
vt 0.00000000 0.00000000
vt 0.00000000 0.00000000
vt 0.00000000 0.00000000
vt 0.00000000 0.00000000
vt 0.00000000 0.00000000
vt 0.00000000 0.00000000
vt 0.00000000 0.00000000
vt 0.00000000 0.00000000
vt 0.00000000 0.00000000
vt 0.00000000 0.00000000
vt 0.00000000 0.00000000
vt 0.00000000 0.00000000
vt 0.00000000 0.00000000
vt 0.00000000 0.00000000
vt 0.00000000 0.00000000
vt 0.00000000 0.00000000
vt 0.00000000 0.00000000
vt 0.00000000 0.00000000
vt 0.00000000 0.00000000
vt 0.00000000 0.00000000
vt 0.00000000 0.00000000
vt 0.00000000 0.00000000
vt 0.00000000 0.00000000
vt 0.00000000 0.00000000
vt 0.00000000 0.00000000
vt 0.00000000 0.00000000
vt 0.00000000 0.00000000
vt 0.00000000 0.00000000
vt 0.00000000 0.00000000
vt 0.00000000 0.00000000
vt 0.00000000 0.00000000
vt 0.00000000 0.00000000
vt 0.00000000 0.00000000
vt 0.00000000 0.00000000
vt 0.00000000 0.00000000
vt 0.00000000 0.00000000
vt 0.00000000 0.00000000
vt 0.00000000 0.00000000
vt 0.00000000 0.00000000
vt 0.00000000 0.00000000
vt 0.00000000 0.00000000
vt 0.00000000 0.00000000
vt 0.00000000 0.00000000
vt 0.00000000 0.00000000
vt 0.00000000 0.00000000
vt 0.00000000 0.00000000
vt 0.00000000 0.00000000
vt 0.00000000 0.00000000
vt 0.00000000 0.00000000
vt 0.00000000 0.00000000
vt 0.00000000 0.00000000
vt 0.00000000 0.00000000
vt 0.00000000 0.00000000
vt 0.00000000 0.00000000
vt 0.00000000 0.00000000
vt 0.00000000 0.00000000
vt 0.00000000 0.00000000
vt 0.00000000 0.00000000
vt 0.00000000 0.00000000
vt 0.00000000 0.00000000
vt 0.00000000 0.00000000
vt 0.00000000 0.00000000
vt 0.00000000 0.00000000
vt 0.00000000 0.00000000
vt 0.00000000 0.00000000
vt 0.00000000 0.00000000
vt 0.00000000 0.00000000
vt 0.00000000 0.00000000
vt 0.00000000 0.00000000
vt 0.00000000 0.00000000
vt 0.00000000 0.00000000
vt 0.00000000 0.00000000
vt 0.00000000 0.00000000
vt 0.00000000 0.00000000
vt 0.00000000 0.00000000
vt 0.00000000 0.00000000
vt 0.00000000 0.00000000
vt 0.00000000 0.00000000
vt 0.00000000 0.00000000
vt 0.00000000 0.00000000
vt 0.00000000 0.00000000
vt 0.00000000 0.00000000
vt 0.00000000 0.00000000
vt 0.00000000 0.00000000
vt 0.00000000 0.00000000
vt 0.00000000 0.00000000
vt 0.00000000 0.00000000
vt 0.00000000 0.00000000
vt 0.00000000 0.00000000
vt 0.00000000 0.00000000
vt 0.00000000 0.00000000
vt 0.00000000 0.00000000
vt 0.00000000 0.00000000
vt 0.00000000 0.00000000
vt 0.00000000 0.00000000
vt 0.00000000 0.00000000
vt 0.00000000 0.00000000
vt 0.00000000 0.00000000
vt 0.00000000 0.00000000
vt 0.00000000 0.00000000
vt 0.00000000 0.00000000
vt 0.00000000 0.00000000
vt 0.00000000 0.00000000
vt 0.00000000 0.00000000
vt 0.00000000 0.00000000
vt 0.00000000 0.00000000
vt 0.00000000 0.00000000
vt 0.00000000 0.00000000
vt 0.00000000 0.00000000
vt 0.00000000 0.00000000
vt 0.00000000 0.00000000
vt 0.00000000 0.00000000
vt 0.00000000 0.00000000
vt 0.00000000 0.00000000
vt 0.00000000 0.00000000
vt 0.00000000 0.00000000
vt 0.00000000 0.00000000
vt 0.00000000 0.00000000
vt 0.00000000 0.00000000
vt 0.00000000 0.00000000
vt 0.00000000 0.00000000
vt 0.00000000 0.00000000
vt 0.00000000 0.00000000
vt 0.00000000 0.00000000
vt 0.00000000 0.00000000
vt 0.00000000 0.00000000
vt 0.00000000 0.00000000
vt 0.00000000 0.00000000
vt 0.00000000 0.00000000
vt 0.00000000 0.00000000
vt 0.00000000 0.00000000
vt 0.00000000 0.00000000
vt 0.00000000 0.00000000
vt 0.00000000 0.00000000
vt 0.00000000 0.00000000
vt 0.00000000 0.00000000
vt 0.00000000 0.00000000
vt 0.00000000 0.00000000
vt 0.00000000 0.00000000
vt 0.00000000 0.00000000
vt 0.00000000 0.00000000
vt 0.00000000 0.00000000
vt 0.00000000 0.00000000
vt 0.00000000 0.00000000
vt 0.00000000 0.00000000
vt 0.00000000 0.00000000
vt 0.00000000 0.00000000
vt 0.00000000 0.00000000
vt 0.00000000 0.00000000
vt 0.00000000 0.00000000
vt 0.00000000 0.00000000
vt 0.00000000 0.00000000
vt 0.00000000 0.00000000
vt 0.00000000 0.00000000
vt 0.00000000 0.00000000
vt 0.00000000 0.00000000
vt 0.00000000 0.00000000
vt 0.00000000 0.00000000
vt 0.00000000 0.00000000
vt 0.00000000 0.00000000
vt 0.00000000 0.00000000
vt 0.00000000 0.00000000
vt 0.00000000 0.00000000
vt 0.00000000 0.00000000
vt 0.00000000 0.00000000
vt 0.00000000 0.00000000
vt 0.00000000 0.00000000
vt 0.00000000 0.00000000
vt 0.00000000 0.00000000
vt 0.00000000 0.00000000
vt 0.00000000 0.00000000
vt 0.00000000 0.00000000
vt 0.00000000 0.00000000
vt 0.00000000 0.00000000
vt 0.00000000 0.00000000
vt 0.00000000 0.00000000
vt 0.00000000 0.00000000
vt 0.00000000 0.00000000
vt 0.00000000 0.00000000
vt 0.00000000 0.00000000
vt 0.00000000 0.00000000
vt 0.00000000 0.00000000
vt 0.00000000 0.00000000
vt 0.00000000 0.00000000
vt 0.00000000 0.00000000
vt 0.00000000 0.00000000
vt 0.00000000 0.00000000
vt 0.00000000 0.00000000
vt 0.00000000 0.00000000
vt 0.00000000 0.00000000
vt 0.00000000 0.00000000
vt 0.00000000 0.00000000
vt 0.00000000 0.00000000
vt 0.00000000 0.00000000
vt 0.00000000 0.00000000
vt 0.00000000 0.00000000
vt 0.00000000 0.00000000
vt 0.00000000 0.00000000
vt 0.00000000 0.00000000
vt 0.00000000 0.00000000
vt 0.00000000 0.00000000
vt 0.00000000 0.00000000
vt 0.00000000 0.00000000
vt 0.00000000 0.00000000
vt 0.00000000 0.00000000
vt 0.00000000 0.00000000
vt 0.00000000 0.00000000
vt 0.00000000 0.00000000
vt 0.00000000 0.00000000
vt 0.00000000 0.00000000
vt 0.00000000 0.00000000
vt 0.00000000 0.00000000
vt 0.00000000 0.00000000
vt 0.00000000 0.00000000
vt 0.00000000 0.00000000
vt 0.00000000 0.00000000
vt 0.00000000 0.00000000
vt 0.00000000 0.00000000
vt 0.00000000 0.00000000
vt 0.00000000 0.00000000
vt 0.00000000 0.00000000
vt 0.00000000 0.00000000
vt 0.00000000 0.00000000
vt 0.00000000 0.00000000
vt 0.00000000 0.00000000
vt 0.00000000 0.00000000
vt 0.00000000 0.00000000
vt 0.00000000 0.00000000
vt 0.00000000 0.00000000
vt 0.00000000 0.00000000
vt 0.00000000 0.00000000
vt 0.00000000 0.00000000
vt 0.00000000 0.00000000
vt 0.00000000 0.00000000
vt 0.00000000 0.00000000
vt 0.00000000 0.00000000
vt 0.00000000 0.00000000
vt 0.00000000 0.00000000
vt 0.00000000 0.00000000
vt 0.00000000 0.00000000
vt 0.00000000 0.00000000
vt 0.00000000 0.00000000
vt 0.00000000 0.00000000
vt 0.00000000 0.00000000
vt 0.00000000 0.00000000
vt 0.00000000 0.00000000
vt 0.00000000 0.00000000
vt 0.00000000 0.00000000
vt 0.00000000 0.00000000
vt 0.00000000 0.00000000
vt 0.00000000 0.00000000
vt 0.00000000 0.00000000
vt 0.00000000 0.00000000
vt 0.00000000 0.00000000
vt 0.00000000 0.00000000
vt 0.00000000 0.00000000
vt 0.00000000 0.00000000
vt 0.00000000 0.00000000
vt 0.00000000 0.00000000
vt 0.00000000 0.00000000
vt 0.00000000 0.00000000
vt 0.00000000 0.00000000
vt 0.00000000 0.00000000
vt 0.00000000 0.00000000
vt 0.00000000 0.00000000
vt 0.00000000 0.00000000
vt 0.00000000 0.00000000
vt 0.00000000 0.00000000
vt 0.00000000 0.00000000
vt 0.00000000 0.00000000
vt 0.00000000 0.00000000
vt 0.00000000 0.00000000
vt 0.00000000 0.00000000
vt 0.00000000 0.00000000
vt 0.00000000 0.00000000
vt 0.00000000 0.00000000
vt 0.00000000 0.00000000
vt 0.00000000 0.00000000
vt 0.00000000 0.00000000
vt 0.00000000 0.00000000
vt 0.00000000 0.00000000
vt 0.00000000 0.00000000
vt 0.00000000 0.00000000
vt 0.00000000 0.00000000
vt 0.00000000 0.00000000
vt 0.00000000 0.00000000
vt 0.00000000 0.00000000
vt 0.00000000 0.00000000
vt 0.00000000 0.00000000
vt 0.00000000 0.00000000
vt 0.00000000 0.00000000
vt 0.00000000 0.00000000
vt 0.00000000 0.00000000
vt 0.00000000 0.00000000
vt 0.00000000 0.00000000
vt 0.00000000 0.00000000
vt 0.00000000 0.00000000
vt 0.00000000 0.00000000
vt 0.00000000 0.00000000
vt 0.00000000 0.00000000
vt 0.00000000 0.00000000
vt 0.00000000 0.00000000
vt 0.00000000 0.00000000
vt 0.00000000 0.00000000
vt 0.00000000 0.00000000
vt 0.00000000 0.00000000
vt 0.00000000 0.00000000
vt 0.00000000 0.00000000
vt 0.00000000 0.00000000
vt 0.00000000 0.00000000
vt 0.00000000 0.00000000
vt 0.00000000 0.00000000
vt 0.00000000 0.00000000
vt 0.00000000 0.00000000
vt 0.00000000 0.00000000
vt 0.00000000 0.00000000
vt 0.00000000 0.00000000
vt 0.00000000 0.00000000
vt 0.00000000 0.00000000
vt 0.00000000 0.00000000
vt 0.00000000 0.00000000
vt 0.00000000 0.00000000
vt 0.00000000 0.00000000
vt 0.00000000 0.00000000
vt 0.00000000 0.00000000
vt 0.00000000 0.00000000
vt 0.00000000 0.00000000
vt 0.00000000 0.00000000
vt 0.00000000 0.00000000
vt 0.00000000 0.00000000
vt 0.00000000 0.00000000
vt 0.00000000 0.00000000
vt 0.00000000 0.00000000
vt 0.00000000 0.00000000
vt 0.00000000 0.00000000
vt 0.00000000 0.00000000
vt 0.00000000 0.00000000
vt 0.00000000 0.00000000
vt 0.00000000 0.00000000
vt 0.00000000 0.00000000
vt 0.00000000 0.00000000
vt 0.00000000 0.00000000
vt 0.00000000 0.00000000
vt 0.00000000 0.00000000
vt 0.00000000 0.00000000
vt 0.00000000 0.00000000
vt 0.00000000 0.00000000
vt 0.00000000 0.00000000
vt 0.00000000 0.00000000
vt 0.00000000 0.00000000
vt 0.00000000 0.00000000
vt 0.00000000 0.00000000
vt 0.00000000 0.00000000
vt 0.00000000 0.00000000
vt 0.00000000 0.00000000
vt 0.00000000 0.00000000
vt 0.00000000 0.00000000
vt 0.00000000 0.00000000
vt 0.00000000 0.00000000
vt 0.00000000 0.00000000
vt 0.00000000 0.00000000
vt 0.00000000 0.00000000
vt 0.00000000 0.00000000
vt 0.00000000 0.00000000
vt 0.00000000 0.00000000
vt 0.00000000 0.00000000
vt 0.00000000 0.00000000
vt 0.00000000 0.00000000
vt 0.00000000 0.00000000
vt 0.00000000 0.00000000
vt 0.00000000 0.00000000
vt 0.00000000 0.00000000
vt 0.00000000 0.00000000
vt 0.00000000 0.00000000
vt 0.00000000 0.00000000
vt 0.00000000 0.00000000
vt 0.00000000 0.00000000
vt 0.00000000 0.00000000
vt 0.00000000 0.00000000
vt 0.00000000 0.00000000
vt 0.00000000 0.00000000
vt 0.00000000 0.00000000
vt 0.00000000 0.00000000
vt 0.00000000 0.00000000
vt 0.00000000 0.00000000
vt 0.00000000 0.00000000
vt 0.00000000 0.00000000
vt 0.00000000 0.00000000
vt 0.00000000 0.00000000
vt 0.00000000 0.00000000
vt 0.00000000 0.00000000
vt 0.00000000 0.00000000
vt 0.00000000 0.00000000
vt 0.00000000 0.00000000
vt 0.00000000 0.00000000
vt 0.00000000 0.00000000
vt 0.00000000 0.00000000
vt 0.00000000 0.00000000
vt 0.00000000 0.00000000
vt 0.00000000 0.00000000
vt 0.00000000 0.00000000
vt 0.00000000 0.00000000
vt 0.00000000 0.00000000
vt 0.00000000 0.00000000
vt 0.00000000 0.00000000
vt 0.00000000 0.00000000
vt 0.00000000 0.00000000
vt 0.00000000 0.00000000
vt 0.00000000 0.00000000
vt 0.00000000 0.00000000
vt 0.00000000 0.00000000
vt 0.00000000 0.00000000
vt 0.00000000 0.00000000
vt 0.00000000 0.00000000
vt 0.00000000 0.00000000
vt 0.00000000 0.00000000
vt 0.00000000 0.00000000
vt 0.00000000 0.00000000
vt 0.00000000 0.00000000
vt 0.00000000 0.00000000
vt 0.00000000 0.00000000
vt 0.00000000 0.00000000
vt 0.00000000 0.00000000
vt 0.00000000 0.00000000
vt 0.00000000 0.00000000
vt 0.00000000 0.00000000
vt 0.00000000 0.00000000
vt 0.00000000 0.00000000
vt 0.00000000 0.00000000
vt 0.00000000 0.00000000
vt 0.00000000 0.00000000
vt 0.00000000 0.00000000
vt 0.00000000 0.00000000
vt 0.00000000 0.00000000
vt 0.00000000 0.00000000
vt 0.00000000 0.00000000
vt 0.00000000 0.00000000
vt 0.00000000 0.00000000
vt 0.00000000 0.00000000
vt 0.00000000 0.00000000
vt 0.00000000 0.00000000
vt 0.00000000 0.00000000
vt 0.00000000 0.00000000
vt 0.00000000 0.00000000
vt 0.00000000 0.00000000
vt 0.00000000 0.00000000
vt 0.00000000 0.00000000
vt 0.00000000 0.00000000
vt 0.00000000 0.00000000
vt 0.00000000 0.00000000
vt 0.00000000 0.00000000
vt 0.00000000 0.00000000
vt 0.00000000 0.00000000
vt 0.00000000 0.00000000
vt 0.00000000 0.00000000
vt 0.00000000 0.00000000
vt 0.00000000 0.00000000
vt 0.00000000 0.00000000
vt 0.00000000 0.00000000
vt 0.00000000 0.00000000
vt 0.00000000 0.00000000
vt 0.00000000 0.00000000
vt 0.00000000 0.00000000
vt 0.00000000 0.00000000
vt 0.00000000 0.00000000
vt 0.00000000 0.00000000
vt 0.00000000 0.00000000
vt 0.00000000 0.00000000
vt 0.00000000 0.00000000
vt 0.00000000 0.00000000
vt 0.00000000 0.00000000
vt 0.00000000 0.00000000
vt 0.00000000 0.00000000
vt 0.00000000 0.00000000
vt 0.00000000 0.00000000
vt 0.00000000 0.00000000
vt 0.00000000 0.00000000
vt 0.00000000 0.00000000
vt 0.00000000 0.00000000
vt 0.00000000 0.00000000
vt 0.00000000 0.00000000
vt 0.00000000 0.00000000
vt 0.00000000 0.00000000
vt 0.00000000 0.00000000
vt 0.00000000 0.00000000
vt 0.00000000 0.00000000
vt 0.00000000 0.00000000
vt 0.00000000 0.00000000
vt 0.00000000 0.00000000
vt 0.00000000 0.00000000
vt 0.00000000 0.00000000
vt 0.00000000 0.00000000
vt 0.00000000 0.00000000
vt 0.00000000 0.00000000
vt 0.00000000 0.00000000
vt 0.00000000 0.00000000
vt 0.00000000 0.00000000
vt 0.00000000 0.00000000
vt 0.00000000 0.00000000
vt 0.00000000 0.00000000
vt 0.00000000 0.00000000
vt 0.00000000 0.00000000
vt 0.00000000 0.00000000
vt 0.00000000 0.00000000
vt 0.00000000 0.00000000
vt 0.00000000 0.00000000
vt 0.00000000 0.00000000
vt 0.00000000 0.00000000
vt 0.00000000 0.00000000
vt 0.00000000 0.00000000
vt 0.00000000 0.00000000
vt 0.00000000 0.00000000
vt 0.00000000 0.00000000
vt 0.00000000 0.00000000
vt 0.00000000 0.00000000
vt 0.00000000 0.00000000
vt 0.00000000 0.00000000
vt 0.00000000 0.00000000
vt 0.00000000 0.00000000
vt 0.00000000 0.00000000
vt 0.00000000 0.00000000
vt 0.00000000 0.00000000
vt 0.00000000 0.00000000
vt 0.00000000 0.00000000
vt 0.00000000 0.00000000
vt 0.00000000 0.00000000
vt 0.00000000 0.00000000
vt 0.00000000 0.00000000
vt 0.00000000 0.00000000
vt 0.00000000 0.00000000
vt 0.00000000 0.00000000
vt 0.00000000 0.00000000
vt 0.00000000 0.00000000
vt 0.00000000 0.00000000
vt 0.00000000 0.00000000
vt 0.00000000 0.00000000
vt 0.00000000 0.00000000
vt 0.00000000 0.00000000
vt 0.00000000 0.00000000
vt 0.00000000 0.00000000
vt 0.00000000 0.00000000
vt 0.00000000 0.00000000
vt 0.00000000 0.00000000
vt 0.00000000 0.00000000
vt 0.00000000 0.00000000
vt 0.00000000 0.00000000
vt 0.00000000 0.00000000
vt 0.00000000 0.00000000
vt 0.00000000 0.00000000
vt 0.00000000 0.00000000
vt 0.00000000 0.00000000
vt 0.00000000 0.00000000
vt 0.00000000 0.00000000
vt 0.00000000 0.00000000
vt 0.00000000 0.00000000
vt 0.00000000 0.00000000
vt 0.00000000 0.00000000
vt 0.00000000 0.00000000
vt 0.00000000 0.00000000
vt 0.00000000 0.00000000
vt 0.00000000 0.00000000
vt 0.00000000 0.00000000
vt 0.00000000 0.00000000
vt 0.00000000 0.00000000
vt 0.00000000 0.00000000
vt 0.00000000 0.00000000
vt 0.00000000 0.00000000
vt 0.00000000 0.00000000
vt 0.00000000 0.00000000
vt 0.00000000 0.00000000
vt 0.00000000 0.00000000
vt 0.00000000 0.00000000
vt 0.00000000 0.00000000
vt 0.00000000 0.00000000
vt 0.00000000 0.00000000
vt 0.00000000 0.00000000
vt 0.00000000 0.00000000
vt 0.00000000 0.00000000
vt 0.00000000 0.00000000
vt 0.00000000 0.00000000
vt 0.00000000 0.00000000
vt 0.00000000 0.00000000
vt 0.00000000 0.00000000
vt 0.00000000 0.00000000
vt 0.00000000 0.00000000
vt 0.00000000 0.00000000
vt 0.00000000 0.00000000
vt 0.00000000 0.00000000
vt 0.00000000 0.00000000
vt 0.00000000 0.00000000
vt 0.00000000 0.00000000
vt 0.00000000 0.00000000
vt 0.00000000 0.00000000
vt 0.00000000 0.00000000
vt 0.00000000 0.00000000
vt 0.00000000 0.00000000
vt 0.00000000 0.00000000
vt 0.00000000 0.00000000
vt 0.00000000 0.00000000
vt 0.00000000 0.00000000
vt 0.00000000 0.00000000
vt 0.00000000 0.00000000
vt 0.00000000 0.00000000
vt 0.00000000 0.00000000
vt 0.00000000 0.00000000
vt 0.00000000 0.00000000
vt 0.00000000 0.00000000
vt 0.00000000 0.00000000
vt 0.00000000 0.00000000
vt 0.00000000 0.00000000
vt 0.00000000 0.00000000
vt 0.00000000 0.00000000
vt 0.00000000 0.00000000
vt 0.00000000 0.00000000
vt 0.00000000 0.00000000
vt 0.00000000 0.00000000
vt 0.00000000 0.00000000
vt 0.00000000 0.00000000
vt 0.00000000 0.00000000
vt 0.00000000 0.00000000
vt 0.00000000 0.00000000
vt 0.00000000 0.00000000
vt 0.00000000 0.00000000
vt 0.00000000 0.00000000
vt 0.00000000 0.00000000
vt 0.00000000 0.00000000
vt 0.00000000 0.00000000
vt 0.00000000 0.00000000
vt 0.00000000 0.00000000
vt 0.00000000 0.00000000
vt 0.00000000 0.00000000
vt 0.00000000 0.00000000
vt 0.00000000 0.00000000
vt 0.00000000 0.00000000
vt 0.00000000 0.00000000
vt 0.00000000 0.00000000
vt 0.00000000 0.00000000
vt 0.00000000 0.00000000
vt 0.00000000 0.00000000
vt 0.00000000 0.00000000
vt 0.00000000 0.00000000
vt 0.00000000 0.00000000
vt 0.00000000 0.00000000
vt 0.00000000 0.00000000
vt 0.00000000 0.00000000
vt 0.00000000 0.00000000
vt 0.00000000 0.00000000
vt 0.00000000 0.00000000
vt 0.00000000 0.00000000
vt 0.00000000 0.00000000
vt 0.00000000 0.00000000
vt 0.00000000 0.00000000
vt 0.00000000 0.00000000
vt 0.00000000 0.00000000
vt 0.00000000 0.00000000
vt 0.00000000 0.00000000
vt 0.00000000 0.00000000
vt 0.00000000 0.00000000
vt 0.00000000 0.00000000
vt 0.00000000 0.00000000
vt 0.00000000 0.00000000
vt 0.00000000 0.00000000
vt 0.00000000 0.00000000
vt 0.00000000 0.00000000
vt 0.00000000 0.00000000
vt 0.00000000 0.00000000
vt 0.00000000 0.00000000
vt 0.00000000 0.00000000
vt 0.00000000 0.00000000
vt 0.00000000 0.00000000
vt 0.00000000 0.00000000
vt 0.00000000 0.00000000
vt 0.00000000 0.00000000
vt 0.00000000 0.00000000
vt 0.00000000 0.00000000
vt 0.00000000 0.00000000
vt 0.00000000 0.00000000
vt 0.00000000 0.00000000
vt 0.00000000 0.00000000
vt 0.00000000 0.00000000
vt 0.00000000 0.00000000
vt 0.00000000 0.00000000
vt 0.00000000 0.00000000
vt 0.00000000 0.00000000
vt 0.00000000 0.00000000
vt 0.00000000 0.00000000
vt 0.00000000 0.00000000
vt 0.00000000 0.00000000
vt 0.00000000 0.00000000
vt 0.00000000 0.00000000
vt 0.00000000 0.00000000
vt 0.00000000 0.00000000
vt 0.00000000 0.00000000
vt 0.00000000 0.00000000
vt 0.00000000 0.00000000
vt 0.00000000 0.00000000
vt 0.00000000 0.00000000
vt 0.00000000 0.00000000
vt 0.00000000 0.00000000
vt 0.00000000 0.00000000
vt 0.00000000 0.00000000
vt 0.00000000 0.00000000
vt 0.00000000 0.00000000
vt 0.00000000 0.00000000
vt 0.00000000 0.00000000
vt 0.00000000 0.00000000
vt 0.00000000 0.00000000
vt 0.00000000 0.00000000
vt 0.00000000 0.00000000
vt 0.00000000 0.00000000
vt 0.00000000 0.00000000
vt 0.00000000 0.00000000
vt 0.00000000 0.00000000
vt 0.00000000 0.00000000
vt 0.00000000 0.00000000
vt 0.00000000 0.00000000
vt 0.00000000 0.00000000
vt 0.00000000 0.00000000
vt 0.00000000 0.00000000
vt 0.00000000 0.00000000
vt 0.00000000 0.00000000
vt 0.00000000 0.00000000
vt 0.00000000 0.00000000
vt 0.00000000 0.00000000
vt 0.00000000 0.00000000
vt 0.00000000 0.00000000
vt 0.00000000 0.00000000
vt 0.00000000 0.00000000
vt 0.00000000 0.00000000
vt 0.00000000 0.00000000
vt 0.00000000 0.00000000
vt 0.00000000 0.00000000
vt 0.00000000 0.00000000
vt 0.00000000 0.00000000
vt 0.00000000 0.00000000
vt 0.00000000 0.00000000
vt 0.00000000 0.00000000
vt 0.00000000 0.00000000
vt 0.00000000 0.00000000
vt 0.00000000 0.00000000
vt 0.00000000 0.00000000
vt 0.00000000 0.00000000
vt 0.00000000 0.00000000
vt 0.00000000 0.00000000
vt 0.00000000 0.00000000
vt 0.00000000 0.00000000
vt 0.00000000 0.00000000
vt 0.00000000 0.00000000
vt 0.00000000 0.00000000
vt 0.00000000 0.00000000
vt 0.00000000 0.00000000
vt 0.00000000 0.00000000
vt 0.00000000 0.00000000
vt 0.00000000 0.00000000
vt 0.00000000 0.00000000
vt 0.00000000 0.00000000
vt 0.00000000 0.00000000
vt 0.00000000 0.00000000
vt 0.00000000 0.00000000
vt 0.00000000 0.00000000
vt 0.00000000 0.00000000
vt 0.00000000 0.00000000
vt 0.00000000 0.00000000
vt 0.00000000 0.00000000
vt 0.00000000 0.00000000
vt 0.00000000 0.00000000
vt 0.00000000 0.00000000
vt 0.00000000 0.00000000
vt 0.00000000 0.00000000
vt 0.00000000 0.00000000
vt 0.00000000 0.00000000
vt 0.00000000 0.00000000
vt 0.00000000 0.00000000
vt 0.00000000 0.00000000
vt 0.00000000 0.00000000
vt 0.00000000 0.00000000
vt 0.00000000 0.00000000
vt 0.00000000 0.00000000
vt 0.00000000 0.00000000
vt 0.00000000 0.00000000
vt 0.00000000 0.00000000
vt 0.00000000 0.00000000
vt 0.00000000 0.00000000
vt 0.00000000 0.00000000
vt 0.00000000 0.00000000
vt 0.00000000 0.00000000
vt 0.00000000 0.00000000
vt 0.00000000 0.00000000
vt 0.00000000 0.00000000
vt 0.00000000 0.00000000
vt 0.00000000 0.00000000
vt 0.00000000 0.00000000
vt 0.00000000 0.00000000
vt 0.00000000 0.00000000
vt 0.00000000 0.00000000
vt 0.00000000 0.00000000
vt 0.00000000 0.00000000
vt 0.00000000 0.00000000
vt 0.00000000 0.00000000
vt 0.00000000 0.00000000
vt 0.00000000 0.00000000
vt 0.00000000 0.00000000
vt 0.00000000 0.00000000
vt 0.00000000 0.00000000
vt 0.00000000 0.00000000
vt 0.00000000 0.00000000
vt 0.00000000 0.00000000
vt 0.00000000 0.00000000
vt 0.00000000 0.00000000
vt 0.00000000 0.00000000
vt 0.00000000 0.00000000
vt 0.00000000 0.00000000
vt 0.00000000 0.00000000
vt 0.00000000 0.00000000
vt 0.00000000 0.00000000
vt 0.00000000 0.00000000
vt 0.00000000 0.00000000
vt 0.00000000 0.00000000
vt 0.00000000 0.00000000
vt 0.00000000 0.00000000
vt 0.00000000 0.00000000
vt 0.00000000 0.00000000
vt 0.00000000 0.00000000
vt 0.00000000 0.00000000
vt 0.00000000 0.00000000
vt 0.00000000 0.00000000
vt 0.00000000 0.00000000
vt 0.00000000 0.00000000
vt 0.00000000 0.00000000
vt 0.00000000 0.00000000
vt 0.00000000 0.00000000
vt 0.00000000 0.00000000
vt 0.00000000 0.00000000
vt 0.00000000 0.00000000
vt 0.00000000 0.00000000
vt 0.00000000 0.00000000
vt 0.00000000 0.00000000
vt 0.00000000 0.00000000
vt 0.00000000 0.00000000
vt 0.00000000 0.00000000
vt 0.00000000 0.00000000
vt 0.00000000 0.00000000
vt 0.00000000 0.00000000
vt 0.00000000 0.00000000
vt 0.00000000 0.00000000
vt 0.00000000 0.00000000
vt 0.00000000 0.00000000
vt 0.00000000 0.00000000
vt 0.00000000 0.00000000
vt 0.00000000 0.00000000
vt 0.00000000 0.00000000
vt 0.00000000 0.00000000
vt 0.00000000 0.00000000
vt 0.00000000 0.00000000
vt 0.00000000 0.00000000
vt 0.00000000 0.00000000
vt 0.00000000 0.00000000
vt 0.00000000 0.00000000
vt 0.00000000 0.00000000
vt 0.00000000 0.00000000
vt 0.00000000 0.00000000
vt 0.00000000 0.00000000
vt 0.00000000 0.00000000
vt 0.00000000 0.00000000
vt 0.00000000 0.00000000
vt 0.00000000 0.00000000
vt 0.00000000 0.00000000
vt 0.00000000 0.00000000
vt 0.00000000 0.00000000
vt 0.00000000 0.00000000
vt 0.00000000 0.00000000
vt 0.00000000 0.00000000
vt 0.00000000 0.00000000
vt 0.00000000 0.00000000
vt 0.00000000 0.00000000
vt 0.00000000 0.00000000
vt 0.00000000 0.00000000
vt 0.00000000 0.00000000
vt 0.00000000 0.00000000
vt 0.00000000 0.00000000
vt 0.00000000 0.00000000
vt 0.00000000 0.00000000
vt 0.00000000 0.00000000
vt 0.00000000 0.00000000
vt 0.00000000 0.00000000
vt 0.00000000 0.00000000
vt 0.00000000 0.00000000
vt 0.00000000 0.00000000
vt 0.00000000 0.00000000
vt 0.00000000 0.00000000
vt 0.00000000 0.00000000
vt 0.00000000 0.00000000
vt 0.00000000 0.00000000
vt 0.00000000 0.00000000
vt 0.00000000 0.00000000
vt 0.00000000 0.00000000
vt 0.00000000 0.00000000
vt 0.00000000 0.00000000
vt 0.00000000 0.00000000
vt 0.00000000 0.00000000
vt 0.00000000 0.00000000
vt 0.00000000 0.00000000
vt 0.00000000 0.00000000
vt 0.00000000 0.00000000
vt 0.00000000 0.00000000
vt 0.00000000 0.00000000
vt 0.00000000 0.00000000
vt 0.00000000 0.00000000
vt 0.00000000 0.00000000
vt 0.00000000 0.00000000
vt 0.00000000 0.00000000
vt 0.00000000 0.00000000
vt 0.00000000 0.00000000
vt 0.00000000 0.00000000
vt 0.00000000 0.00000000
vt 0.00000000 0.00000000
vt 0.00000000 0.00000000
vt 0.00000000 0.00000000
vt 0.00000000 0.00000000
vt 0.00000000 0.00000000
vt 0.00000000 0.00000000
vt 0.00000000 0.00000000
vt 0.00000000 0.00000000
vt 0.00000000 0.00000000
vt 0.00000000 0.00000000
vt 0.00000000 0.00000000
vt 0.00000000 0.00000000
vt 0.00000000 0.00000000
vt 0.00000000 0.00000000
vt 0.00000000 0.00000000
vt 0.00000000 0.00000000
vt 0.00000000 0.00000000
vt 0.00000000 0.00000000
vt 0.00000000 0.00000000
vt 0.00000000 0.00000000
vt 0.00000000 0.00000000
vt 0.00000000 0.00000000
vt 0.00000000 0.00000000
vt 0.00000000 0.00000000
vt 0.00000000 0.00000000
vt 0.00000000 0.00000000
vt 0.00000000 0.00000000
vt 0.00000000 0.00000000
vt 0.00000000 0.00000000
vt 0.00000000 0.00000000
vt 0.00000000 0.00000000
vt 0.00000000 0.00000000
vt 0.00000000 0.00000000
vt 0.00000000 0.00000000
vt 0.00000000 0.00000000
vt 0.00000000 0.00000000
vt 0.00000000 0.00000000
vt 0.00000000 0.00000000
vt 0.00000000 0.00000000
vt 0.00000000 0.00000000
vt 0.00000000 0.00000000
vt 0.00000000 0.00000000
vt 0.00000000 0.00000000
vt 0.00000000 0.00000000
vt 0.00000000 0.00000000
vt 0.00000000 0.00000000
vt 0.00000000 0.00000000
vt 0.00000000 0.00000000
vt 0.00000000 0.00000000
vt 0.00000000 0.00000000
vt 0.00000000 0.00000000
vt 0.00000000 0.00000000
vt 0.00000000 0.00000000
vt 0.00000000 0.00000000
vt 0.00000000 0.00000000
vt 0.00000000 0.00000000
vt 0.00000000 0.00000000
vt 0.00000000 0.00000000
vt 0.00000000 0.00000000
vt 0.00000000 0.00000000
vt 0.00000000 0.00000000
vt 0.00000000 0.00000000
vt 0.00000000 0.00000000
vt 0.00000000 0.00000000
vt 0.00000000 0.00000000
vt 0.00000000 0.00000000
vt 0.00000000 0.00000000
vt 0.00000000 0.00000000
vt 0.00000000 0.00000000
vt 0.00000000 0.00000000
vt 0.00000000 0.00000000
vt 0.00000000 0.00000000
vt 0.00000000 0.00000000
vt 0.00000000 0.00000000
vt 0.00000000 0.00000000
vt 0.00000000 0.00000000
vt 0.00000000 0.00000000
vt 0.00000000 0.00000000
vt 0.00000000 0.00000000
vt 0.00000000 0.00000000
vt 0.00000000 0.00000000
vt 0.00000000 0.00000000
vt 0.00000000 0.00000000
vt 0.00000000 0.00000000
vt 0.00000000 0.00000000
vt 0.00000000 0.00000000
vt 0.00000000 0.00000000
vt 0.00000000 0.00000000
vt 0.00000000 0.00000000
vt 0.00000000 0.00000000
vt 0.00000000 0.00000000
vt 0.00000000 0.00000000
vt 0.00000000 0.00000000
vt 0.00000000 0.00000000
vt 0.00000000 0.00000000
vt 0.00000000 0.00000000
vt 0.00000000 0.00000000
vt 0.00000000 0.00000000
vt 0.00000000 0.00000000
vt 0.00000000 0.00000000
vt 0.00000000 0.00000000
vt 0.00000000 0.00000000
vt 0.00000000 0.00000000
vt 0.00000000 0.00000000
vt 0.00000000 0.00000000
vt 0.00000000 0.00000000
vt 0.00000000 0.00000000
vt 0.00000000 0.00000000
vt 0.00000000 0.00000000
vt 0.00000000 0.00000000
vt 0.00000000 0.00000000
vt 0.00000000 0.00000000
vt 0.00000000 0.00000000
vt 0.00000000 0.00000000
vt 0.00000000 0.00000000
vt 0.00000000 0.00000000
vt 0.00000000 0.00000000
vt 0.00000000 0.00000000
vt 0.00000000 0.00000000
vt 0.00000000 0.00000000
vt 0.00000000 0.00000000
vt 0.00000000 0.00000000
vt 0.00000000 0.00000000
vt 0.00000000 0.00000000
vt 0.00000000 0.00000000
vt 0.00000000 0.00000000
vt 0.00000000 0.00000000
vt 0.00000000 0.00000000
vt 0.00000000 0.00000000
vt 0.00000000 0.00000000
vt 0.00000000 0.00000000
vt 0.00000000 0.00000000
vt 0.00000000 0.00000000
vt 0.00000000 0.00000000
vt 0.00000000 0.00000000
vt 0.00000000 0.00000000
vt 0.00000000 0.00000000
vt 0.00000000 0.00000000
vt 0.00000000 0.00000000
vt 0.00000000 0.00000000
vt 0.00000000 0.00000000
vt 0.00000000 0.00000000
vt 0.00000000 0.00000000
vt 0.00000000 0.00000000
vt 0.00000000 0.00000000
vt 0.00000000 0.00000000
vt 0.00000000 0.00000000
vt 0.00000000 0.00000000
vt 0.00000000 0.00000000
vt 0.00000000 0.00000000
vt 0.00000000 0.00000000
vt 0.00000000 0.00000000
vt 0.00000000 0.00000000
vt 0.00000000 0.00000000
vt 0.00000000 0.00000000
vt 0.00000000 0.00000000
vt 0.00000000 0.00000000
vt 0.00000000 0.00000000
vt 0.00000000 0.00000000
vt 0.00000000 0.00000000
vt 0.00000000 0.00000000
vt 0.00000000 0.00000000
vt 0.00000000 0.00000000
vt 0.00000000 0.00000000
vt 0.00000000 0.00000000
vt 0.00000000 0.00000000
vt 0.00000000 0.00000000
vt 0.00000000 0.00000000
vt 0.00000000 0.00000000
vt 0.00000000 0.00000000
vt 0.00000000 0.00000000
vt 0.00000000 0.00000000
vt 0.00000000 0.00000000
vt 0.00000000 0.00000000
vt 0.00000000 0.00000000
vt 0.00000000 0.00000000
vt 0.00000000 0.00000000
vt 0.00000000 0.00000000
vt 0.00000000 0.00000000
vt 0.00000000 0.00000000
vt 0.00000000 0.00000000
vt 0.00000000 0.00000000
vt 0.00000000 0.00000000
vt 0.00000000 0.00000000
vt 0.00000000 0.00000000
vt 0.00000000 0.00000000
vt 0.00000000 0.00000000
vt 0.00000000 0.00000000
vt 0.00000000 0.00000000
vt 0.00000000 0.00000000
vt 0.00000000 0.00000000
vt 0.00000000 0.00000000
vt 0.00000000 0.00000000
vt 0.00000000 0.00000000
vt 0.00000000 0.00000000
vt 0.00000000 0.00000000
vt 0.00000000 0.00000000
vt 0.00000000 0.00000000
vt 0.00000000 0.00000000
vt 0.00000000 0.00000000
vt 0.00000000 0.00000000
vt 0.00000000 0.00000000
vt 0.00000000 0.00000000
vt 0.00000000 0.00000000
vt 0.00000000 0.00000000
vt 0.00000000 0.00000000
vt 0.00000000 0.00000000
vt 0.00000000 0.00000000
vt 0.00000000 0.00000000
vt 0.00000000 0.00000000
vt 0.00000000 0.00000000
vt 0.00000000 0.00000000
vt 0.00000000 0.00000000
vt 0.00000000 0.00000000
vt 0.00000000 0.00000000
vt 0.00000000 0.00000000
vt 0.00000000 0.00000000
vt 0.00000000 0.00000000
vt 0.00000000 0.00000000
vt 0.00000000 0.00000000
vt 0.00000000 0.00000000
vt 0.00000000 0.00000000
vt 0.00000000 0.00000000
vt 0.00000000 0.00000000
vt 0.00000000 0.00000000
vt 0.00000000 0.00000000
vt 0.00000000 0.00000000
vt 0.00000000 0.00000000
vt 0.00000000 0.00000000
vt 0.00000000 0.00000000
vt 0.00000000 0.00000000
vt 0.00000000 0.00000000
vt 0.00000000 0.00000000
vt 0.00000000 0.00000000
vt 0.00000000 0.00000000
vt 0.00000000 0.00000000
vt 0.00000000 0.00000000
vt 0.00000000 0.00000000
vt 0.00000000 0.00000000
vt 0.00000000 0.00000000
vt 0.00000000 0.00000000
vt 0.00000000 0.00000000
vt 0.00000000 0.00000000
vt 0.00000000 0.00000000
vt 0.00000000 0.00000000
vt 0.00000000 0.00000000
vt 0.00000000 0.00000000
vt 0.00000000 0.00000000
vt 0.00000000 0.00000000
vt 0.00000000 0.00000000
vt 0.00000000 0.00000000
vt 0.00000000 0.00000000
vt 0.00000000 0.00000000
vt 0.00000000 0.00000000
vt 0.00000000 0.00000000
vt 0.00000000 0.00000000
vt 0.00000000 0.00000000
vt 0.00000000 0.00000000
vt 0.00000000 0.00000000
vt 0.00000000 0.00000000
vt 0.00000000 0.00000000
vt 0.00000000 0.00000000
vt 0.00000000 0.00000000
vt 0.00000000 0.00000000
vt 0.00000000 0.00000000
vt 0.00000000 0.00000000
vt 0.00000000 0.00000000
vt 0.00000000 0.00000000
vt 0.00000000 0.00000000
vt 0.00000000 0.00000000
vt 0.00000000 0.00000000
vt 0.00000000 0.00000000
vt 0.00000000 0.00000000
vt 0.00000000 0.00000000
vt 0.00000000 0.00000000
vt 0.00000000 0.00000000
vt 0.00000000 0.00000000
vt 0.00000000 0.00000000
vt 0.00000000 0.00000000
vt 0.00000000 0.00000000
vt 0.00000000 0.00000000
vt 0.00000000 0.00000000
vt 0.00000000 0.00000000
vt 0.00000000 0.00000000
vt 0.00000000 0.00000000
vt 0.00000000 0.00000000
vt 0.00000000 0.00000000
vt 0.00000000 0.00000000
vt 0.00000000 0.00000000
vt 0.00000000 0.00000000
vt 0.00000000 0.00000000
vt 0.00000000 0.00000000
vt 0.00000000 0.00000000
vt 0.00000000 0.00000000
vt 0.00000000 0.00000000
vt 0.00000000 0.00000000
vt 0.00000000 0.00000000
vt 0.00000000 0.00000000
vt 0.00000000 0.00000000
vt 0.00000000 0.00000000
vt 0.00000000 0.00000000
vt 0.00000000 0.00000000
vt 0.00000000 0.00000000
vt 0.00000000 0.00000000
vt 0.00000000 0.00000000
vt 0.00000000 0.00000000
vt 0.00000000 0.00000000
vt 0.00000000 0.00000000
vt 0.00000000 0.00000000
vt 0.00000000 0.00000000
vt 0.00000000 0.00000000
vt 0.00000000 0.00000000
vt 0.00000000 0.00000000
vt 0.00000000 0.00000000
vt 0.00000000 0.00000000
vt 0.00000000 0.00000000
vt 0.00000000 0.00000000
vt 0.00000000 0.00000000
vt 0.00000000 0.00000000
vt 0.00000000 0.00000000
vt 0.00000000 0.00000000
vt 0.00000000 0.00000000
vt 0.00000000 0.00000000
vt 0.00000000 0.00000000
vt 0.00000000 0.00000000
vt 0.00000000 0.00000000
vt 0.00000000 0.00000000
vt 0.00000000 0.00000000
vt 0.00000000 0.00000000
vt 0.00000000 0.00000000
vt 0.00000000 0.00000000
vt 0.00000000 0.00000000
vt 0.00000000 0.00000000
vt 0.00000000 0.00000000
vt 0.00000000 0.00000000
vt 0.00000000 0.00000000
vt 0.00000000 0.00000000
vt 0.00000000 0.00000000
vt 0.00000000 0.00000000
vt 0.00000000 0.00000000
vt 0.00000000 0.00000000
vt 0.00000000 0.00000000
vt 0.00000000 0.00000000
vt 0.00000000 0.00000000
vt 0.00000000 0.00000000
vt 0.00000000 0.00000000
vt 0.00000000 0.00000000
vt 0.00000000 0.00000000
vt 0.00000000 0.00000000
vt 0.00000000 0.00000000
vt 0.00000000 0.00000000
vt 0.00000000 0.00000000
vt 0.00000000 0.00000000
vt 0.00000000 0.00000000
vt 0.00000000 0.00000000
vt 0.00000000 0.00000000
vt 0.00000000 0.00000000
vt 0.00000000 0.00000000
vt 0.00000000 0.00000000
vt 0.00000000 0.00000000
vt 0.00000000 0.00000000
vt 0.00000000 0.00000000
vt 0.00000000 0.00000000
vt 0.00000000 0.00000000
vt 0.00000000 0.00000000
vt 0.00000000 0.00000000
vt 0.00000000 0.00000000
vt 0.00000000 0.00000000
vt 0.00000000 0.00000000
vt 0.00000000 0.00000000
vt 0.00000000 0.00000000
vt 0.00000000 0.00000000
vt 0.00000000 0.00000000
vt 0.00000000 0.00000000
vt 0.00000000 0.00000000
vt 0.00000000 0.00000000
vt 0.00000000 0.00000000
vt 0.00000000 0.00000000
vt 0.00000000 0.00000000
vt 0.00000000 0.00000000
vt 0.00000000 0.00000000
vt 0.00000000 0.00000000
vt 0.00000000 0.00000000
vt 0.00000000 0.00000000
vt 0.00000000 0.00000000
vt 0.00000000 0.00000000
vt 0.00000000 0.00000000
vt 0.00000000 0.00000000
vt 0.00000000 0.00000000
vt 0.00000000 0.00000000
vt 0.00000000 0.00000000
vt 0.00000000 0.00000000
vt 0.00000000 0.00000000
vt 0.00000000 0.00000000
vt 0.00000000 0.00000000
vt 0.00000000 0.00000000
vt 0.00000000 0.00000000
vt 0.00000000 0.00000000
vt 0.00000000 0.00000000
vt 0.00000000 0.00000000
vt 0.00000000 0.00000000
vt 0.00000000 0.00000000
vt 0.00000000 0.00000000
vt 0.00000000 0.00000000
vt 0.00000000 0.00000000
vt 0.00000000 0.00000000
vt 0.00000000 0.00000000
vt 0.00000000 0.00000000
vt 0.00000000 0.00000000
vt 0.00000000 0.00000000
vt 0.00000000 0.00000000
vt 0.00000000 0.00000000
vt 0.00000000 0.00000000
vt 0.00000000 0.00000000
vt 0.00000000 0.00000000
vt 0.00000000 0.00000000
vt 0.00000000 0.00000000
vt 0.00000000 0.00000000
vt 0.00000000 0.00000000
vt 0.00000000 0.00000000
vt 0.00000000 0.00000000
vt 0.00000000 0.00000000
vt 0.00000000 0.00000000
vt 0.00000000 0.00000000
vt 0.00000000 0.00000000
vt 0.00000000 0.00000000
vt 0.00000000 0.00000000
vt 0.00000000 0.00000000
vt 0.00000000 0.00000000
vt 0.00000000 0.00000000
vt 0.00000000 0.00000000
vt 0.00000000 0.00000000
vt 0.00000000 0.00000000
vt 0.00000000 0.00000000
vt 0.00000000 0.00000000
vt 0.00000000 0.00000000
vt 0.00000000 0.00000000
vt 0.00000000 0.00000000
vt 0.00000000 0.00000000
vt 0.00000000 0.00000000
vt 0.00000000 0.00000000
vt 0.00000000 0.00000000
vt 0.00000000 0.00000000
vt 0.00000000 0.00000000
vt 0.00000000 0.00000000
vt 0.00000000 0.00000000
vt 0.00000000 0.00000000
vt 0.00000000 0.00000000
vt 0.00000000 0.00000000
vt 0.00000000 0.00000000
vt 0.00000000 0.00000000
vt 0.00000000 0.00000000
vt 0.00000000 0.00000000
vt 0.00000000 0.00000000
vt 0.00000000 0.00000000
vt 0.00000000 0.00000000
vt 0.00000000 0.00000000
vt 0.00000000 0.00000000
vt 0.00000000 0.00000000
vt 0.00000000 0.00000000
vt 0.00000000 0.00000000
vt 0.00000000 0.00000000
vt 0.00000000 0.00000000
vt 0.00000000 0.00000000
vt 0.00000000 0.00000000
vt 0.00000000 0.00000000
vt 0.00000000 0.00000000
vt 0.00000000 0.00000000
vt 0.00000000 0.00000000
vt 0.00000000 0.00000000
vt 0.00000000 0.00000000
vt 0.00000000 0.00000000
vt 0.00000000 0.00000000
vt 0.00000000 0.00000000
vt 0.00000000 0.00000000
vt 0.00000000 0.00000000
vt 0.00000000 0.00000000
vt 0.00000000 0.00000000
vt 0.00000000 0.00000000
vt 0.00000000 0.00000000
vt 0.00000000 0.00000000
vt 0.00000000 0.00000000
vt 0.00000000 0.00000000
vt 0.00000000 0.00000000
vt 0.00000000 0.00000000
vt 0.00000000 0.00000000
vt 0.00000000 0.00000000
vt 0.00000000 0.00000000
vt 0.00000000 0.00000000
vt 0.00000000 0.00000000
vt 0.00000000 0.00000000
vt 0.00000000 0.00000000
vt 0.00000000 0.00000000
vt 0.00000000 0.00000000
vt 0.00000000 0.00000000
vt 0.00000000 0.00000000
vt 0.00000000 0.00000000
vt 0.00000000 0.00000000
vt 0.00000000 0.00000000
vt 0.00000000 0.00000000
vt 0.00000000 0.00000000
vt 0.00000000 0.00000000
vt 0.00000000 0.00000000
vt 0.00000000 0.00000000
vt 0.00000000 0.00000000
vt 0.00000000 0.00000000
vt 0.00000000 0.00000000
vt 0.00000000 0.00000000
vt 0.00000000 0.00000000
vt 0.00000000 0.00000000
vt 0.00000000 0.00000000
vt 0.00000000 0.00000000
vt 0.00000000 0.00000000
vt 0.00000000 0.00000000
vt 0.00000000 0.00000000
vt 0.00000000 0.00000000
vt 0.00000000 0.00000000
vt 0.00000000 0.00000000
vt 0.00000000 0.00000000
vt 0.00000000 0.00000000
vt 0.00000000 0.00000000
vt 0.00000000 0.00000000
vt 0.00000000 0.00000000
vt 0.00000000 0.00000000
vt 0.00000000 0.00000000
vt 0.00000000 0.00000000
vt 0.00000000 0.00000000
vt 0.00000000 0.00000000
vt 0.00000000 0.00000000
vt 0.00000000 0.00000000
vt 0.00000000 0.00000000
vt 0.00000000 0.00000000
vt 0.00000000 0.00000000
vt 0.00000000 0.00000000
vt 0.00000000 0.00000000
vt 0.00000000 0.00000000
vt 0.00000000 0.00000000
vt 0.00000000 0.00000000
vt 0.00000000 0.00000000
vt 0.00000000 0.00000000
vt 0.00000000 0.00000000
vt 0.00000000 0.00000000
vt 0.00000000 0.00000000
vt 0.00000000 0.00000000
vt 0.00000000 0.00000000
vt 0.00000000 0.00000000
vt 0.00000000 0.00000000
vt 0.00000000 0.00000000
vt 0.00000000 0.00000000
vt 0.00000000 0.00000000
vt 0.00000000 0.00000000
vt 0.00000000 0.00000000
vt 0.00000000 0.00000000
vt 0.00000000 0.00000000
vt 0.00000000 0.00000000
vt 0.00000000 0.00000000
vt 0.00000000 0.00000000
vt 0.00000000 0.00000000
vt 0.00000000 0.00000000
vt 0.00000000 0.00000000
vt 0.00000000 0.00000000
vt 0.00000000 0.00000000
vt 0.00000000 0.00000000
vt 0.00000000 0.00000000
vt 0.00000000 0.00000000
vt 0.00000000 0.00000000
vt 0.00000000 0.00000000
vt 0.00000000 0.00000000
vt 0.00000000 0.00000000
vt 0.00000000 0.00000000
vt 0.00000000 0.00000000
vt 0.00000000 0.00000000
vt 0.00000000 0.00000000
vt 0.00000000 0.00000000
vt 0.00000000 0.00000000
vt 0.00000000 0.00000000
vt 0.00000000 0.00000000
vt 0.00000000 0.00000000
vt 0.00000000 0.00000000
vt 0.00000000 0.00000000
vt 0.00000000 0.00000000
vt 0.00000000 0.00000000
vt 0.00000000 0.00000000
vt 0.00000000 0.00000000
vt 0.00000000 0.00000000
vt 0.00000000 0.00000000
vt 0.00000000 0.00000000
vt 0.00000000 0.00000000
vt 0.00000000 0.00000000
vt 0.00000000 0.00000000
vt 0.00000000 0.00000000
vt 0.00000000 0.00000000
vt 0.00000000 0.00000000
vt 0.00000000 0.00000000
vt 0.00000000 0.00000000
vt 0.00000000 0.00000000
vt 0.00000000 0.00000000
vt 0.00000000 0.00000000
vt 0.00000000 0.00000000
vt 0.00000000 0.00000000
vt 0.00000000 0.00000000
vt 0.00000000 0.00000000
vt 0.00000000 0.00000000
vt 0.00000000 0.00000000
vt 0.00000000 0.00000000
vt 0.00000000 0.00000000
vt 0.00000000 0.00000000
vt 0.00000000 0.00000000
vt 0.00000000 0.00000000
vt 0.00000000 0.00000000
vt 0.00000000 0.00000000
vt 0.00000000 0.00000000
vt 0.00000000 0.00000000
vt 0.00000000 0.00000000
vt 0.00000000 0.00000000
vt 0.00000000 0.00000000
vt 0.00000000 0.00000000
vt 0.00000000 0.00000000
vt 0.00000000 0.00000000
vt 0.00000000 0.00000000
vt 0.00000000 0.00000000
vt 0.00000000 0.00000000
vt 0.00000000 0.00000000
vt 0.00000000 0.00000000
vt 0.00000000 0.00000000
vt 0.00000000 0.00000000
vt 0.00000000 0.00000000
vt 0.00000000 0.00000000
vt 0.00000000 0.00000000
vt 0.00000000 0.00000000
vt 0.00000000 0.00000000
vt 0.00000000 0.00000000
vt 0.00000000 0.00000000
vt 0.00000000 0.00000000
vt 0.00000000 0.00000000
vt 0.00000000 0.00000000
vt 0.00000000 0.00000000
vt 0.00000000 0.00000000
vt 0.00000000 0.00000000
vt 0.00000000 0.00000000
vt 0.00000000 0.00000000
vt 0.00000000 0.00000000
vt 0.00000000 0.00000000
vt 0.00000000 0.00000000
vt 0.00000000 0.00000000
vt 0.00000000 0.00000000
vt 0.00000000 0.00000000
vt 0.00000000 0.00000000
vt 0.00000000 0.00000000
vt 0.00000000 0.00000000
vt 0.00000000 0.00000000
vt 0.00000000 0.00000000
vt 0.00000000 0.00000000
vt 0.00000000 0.00000000
vt 0.00000000 0.00000000
vt 0.00000000 0.00000000
vt 0.00000000 0.00000000
vt 0.00000000 0.00000000
vt 0.00000000 0.00000000
vt 0.00000000 0.00000000
vt 0.00000000 0.00000000
vt 0.00000000 0.00000000
vt 0.00000000 0.00000000
vt 0.00000000 0.00000000
vt 0.00000000 0.00000000
vt 0.00000000 0.00000000
vt 0.00000000 0.00000000
vt 0.00000000 0.00000000
vt 0.00000000 0.00000000
vt 0.00000000 0.00000000
vt 0.00000000 0.00000000
vt 0.00000000 0.00000000
vt 0.00000000 0.00000000
vt 0.00000000 0.00000000
vt 0.00000000 0.00000000
vt 0.00000000 0.00000000
vt 0.00000000 0.00000000
vt 0.00000000 0.00000000
vt 0.00000000 0.00000000
vt 0.00000000 0.00000000
vt 0.00000000 0.00000000
vt 0.00000000 0.00000000
vt 0.00000000 0.00000000
vt 0.00000000 0.00000000
vt 0.00000000 0.00000000
vt 0.00000000 0.00000000
vt 0.00000000 0.00000000
vt 0.00000000 0.00000000
vt 0.00000000 0.00000000
vt 0.00000000 0.00000000
vt 0.00000000 0.00000000
vt 0.00000000 0.00000000
vt 0.00000000 0.00000000
vt 0.00000000 0.00000000
vt 0.00000000 0.00000000
vt 0.00000000 0.00000000
vt 0.00000000 0.00000000
vt 0.00000000 0.00000000
vt 0.00000000 0.00000000
vt 0.00000000 0.00000000
vt 0.00000000 0.00000000
vt 0.00000000 0.00000000
vt 0.00000000 0.00000000
vt 0.00000000 0.00000000
vt 0.00000000 0.00000000
vt 0.00000000 0.00000000
vt 0.00000000 0.00000000
vt 0.00000000 0.00000000
vt 0.00000000 0.00000000
vt 0.00000000 0.00000000
vt 0.00000000 0.00000000
vt 0.00000000 0.00000000
vt 0.00000000 0.00000000
vt 0.00000000 0.00000000
vt 0.00000000 0.00000000
vt 0.00000000 0.00000000
vt 0.00000000 0.00000000
vt 0.00000000 0.00000000
vt 0.00000000 0.00000000
vt 0.00000000 0.00000000
vt 0.00000000 0.00000000
vt 0.00000000 0.00000000
vt 0.00000000 0.00000000
vt 0.00000000 0.00000000
vt 0.00000000 0.00000000
vt 0.00000000 0.00000000
vt 0.00000000 0.00000000
vt 0.00000000 0.00000000
vt 0.00000000 0.00000000
vt 0.00000000 0.00000000
vt 0.00000000 0.00000000
vt 0.00000000 0.00000000
vt 0.00000000 0.00000000
vt 0.00000000 0.00000000
vt 0.00000000 0.00000000
vt 0.00000000 0.00000000
vt 0.00000000 0.00000000
vt 0.00000000 0.00000000
vt 0.00000000 0.00000000
vt 0.00000000 0.00000000
vt 0.00000000 0.00000000
vt 0.00000000 0.00000000
vt 0.00000000 0.00000000
vt 0.00000000 0.00000000
vt 0.00000000 0.00000000
vt 0.00000000 0.00000000
vt 0.00000000 0.00000000
vt 0.00000000 0.00000000
vt 0.00000000 0.00000000
vt 0.00000000 0.00000000
vt 0.00000000 0.00000000
vt 0.00000000 0.00000000
vt 0.00000000 0.00000000
vt 0.00000000 0.00000000
vt 0.00000000 0.00000000
vt 0.00000000 0.00000000
vt 0.00000000 0.00000000
vt 0.00000000 0.00000000
vt 0.00000000 0.00000000
vt 0.00000000 0.00000000
vt 0.00000000 0.00000000
vt 0.00000000 0.00000000
vt 0.00000000 0.00000000
vt 0.00000000 0.00000000
vt 0.00000000 0.00000000
vt 0.00000000 0.00000000
vt 0.00000000 0.00000000
vt 0.00000000 0.00000000
vt 0.00000000 0.00000000
vt 0.00000000 0.00000000
vt 0.00000000 0.00000000
vt 0.00000000 0.00000000
vt 0.00000000 0.00000000
vt 0.00000000 0.00000000
vt 0.00000000 0.00000000
vt 0.00000000 0.00000000
vt 0.00000000 0.00000000
vt 0.00000000 0.00000000
vt 0.00000000 0.00000000
vt 0.00000000 0.00000000
vt 0.00000000 0.00000000
vt 0.00000000 0.00000000
vt 0.00000000 0.00000000
vt 0.00000000 0.00000000
vt 0.00000000 0.00000000
vt 0.00000000 0.00000000
vt 0.00000000 0.00000000
vt 0.00000000 0.00000000
vt 0.00000000 0.00000000
vt 0.00000000 0.00000000
vt 0.00000000 0.00000000
vt 0.00000000 0.00000000
vt 0.00000000 0.00000000
vt 0.00000000 0.00000000
vt 0.00000000 0.00000000
vt 0.00000000 0.00000000
vt 0.00000000 0.00000000
vt 0.00000000 0.00000000
vt 0.00000000 0.00000000
vt 0.00000000 0.00000000
vt 0.00000000 0.00000000
vt 0.00000000 0.00000000
vt 0.00000000 0.00000000
vt 0.00000000 0.00000000
vt 0.00000000 0.00000000
vt 0.00000000 0.00000000
vt 0.00000000 0.00000000
vt 0.00000000 0.00000000
vt 0.00000000 0.00000000
vt 0.00000000 0.00000000
vt 0.00000000 0.00000000
vt 0.00000000 0.00000000
vt 0.00000000 0.00000000
vt 0.00000000 0.00000000
vt 0.00000000 0.00000000
vt 0.00000000 0.00000000
vt 0.00000000 0.00000000
vt 0.00000000 0.00000000
vt 0.00000000 0.00000000
vt 0.00000000 0.00000000
vt 0.00000000 0.00000000
vt 0.00000000 0.00000000
vt 0.00000000 0.00000000
vt 0.00000000 0.00000000
vt 0.00000000 0.00000000
vt 0.00000000 0.00000000
vt 0.00000000 0.00000000
vt 0.00000000 0.00000000
vt 0.00000000 0.00000000
vt 0.00000000 0.00000000
vt 0.00000000 0.00000000
vt 0.00000000 0.00000000
vt 0.00000000 0.00000000
vt 0.00000000 0.00000000
vt 0.00000000 0.00000000
vt 0.00000000 0.00000000
vt 0.00000000 0.00000000
vt 0.00000000 0.00000000
vt 0.00000000 0.00000000
vt 0.00000000 0.00000000
vt 0.00000000 0.00000000
vt 0.00000000 0.00000000
vt 0.00000000 0.00000000
vt 0.00000000 0.00000000
vt 0.00000000 0.00000000
vt 0.00000000 0.00000000
vt 0.00000000 0.00000000
vt 0.00000000 0.00000000
vt 0.00000000 0.00000000
vt 0.00000000 0.00000000
vt 0.00000000 0.00000000
vt 0.00000000 0.00000000
vt 0.00000000 0.00000000
vt 0.00000000 0.00000000
vt 0.00000000 0.00000000
vt 0.00000000 0.00000000
vt 0.00000000 0.00000000
vt 0.00000000 0.00000000
vt 0.00000000 0.00000000
vt 0.00000000 0.00000000
vt 0.00000000 0.00000000
vt 0.00000000 0.00000000
vt 0.00000000 0.00000000
vt 0.00000000 0.00000000
vt 0.00000000 0.00000000
vt 0.00000000 0.00000000
vt 0.00000000 0.00000000
vt 0.00000000 0.00000000
vt 0.00000000 0.00000000
vt 0.00000000 0.00000000
vt 0.00000000 0.00000000
vt 0.00000000 0.00000000
vt 0.00000000 0.00000000
vt 0.00000000 0.00000000
vt 0.00000000 0.00000000
vt 0.00000000 0.00000000
vt 0.00000000 0.00000000
vt 0.00000000 0.00000000
vt 0.00000000 0.00000000
vt 0.00000000 0.00000000
vt 0.00000000 0.00000000
vt 0.00000000 0.00000000
vt 0.00000000 0.00000000
vt 0.00000000 0.00000000
vt 0.00000000 0.00000000
vt 0.00000000 0.00000000
vt 0.00000000 0.00000000
vt 0.00000000 0.00000000
vt 0.00000000 0.00000000
vt 0.00000000 0.00000000
vt 0.00000000 0.00000000
vt 0.00000000 0.00000000
vt 0.00000000 0.00000000
vt 0.00000000 0.00000000
vt 0.00000000 0.00000000
vt 0.00000000 0.00000000
vt 0.00000000 0.00000000
vt 0.00000000 0.00000000
vt 0.00000000 0.00000000
vt 0.00000000 0.00000000
vt 0.00000000 0.00000000
vt 0.00000000 0.00000000
vt 0.00000000 0.00000000
vt 0.00000000 0.00000000
vt 0.00000000 0.00000000
vt 0.00000000 0.00000000
vt 0.00000000 0.00000000
vt 0.00000000 0.00000000
vt 0.00000000 0.00000000
vt 0.00000000 0.00000000
vt 0.00000000 0.00000000
vt 0.00000000 0.00000000
vt 0.00000000 0.00000000
vt 0.00000000 0.00000000
vt 0.00000000 0.00000000
vt 0.00000000 0.00000000
vt 0.00000000 0.00000000
vt 0.00000000 0.00000000
vt 0.00000000 0.00000000
vt 0.00000000 0.00000000
vt 0.00000000 0.00000000
vt 0.00000000 0.00000000
vt 0.00000000 0.00000000
vt 0.00000000 0.00000000
vt 0.00000000 0.00000000
vt 0.00000000 0.00000000
vt 0.00000000 0.00000000
vt 0.00000000 0.00000000
vt 0.00000000 0.00000000
vt 0.00000000 0.00000000
vt 0.00000000 0.00000000
vt 0.00000000 0.00000000
vt 0.00000000 0.00000000
vt 0.00000000 0.00000000
vt 0.00000000 0.00000000
vt 0.00000000 0.00000000
vt 0.00000000 0.00000000
vt 0.00000000 0.00000000
vt 0.00000000 0.00000000
vt 0.00000000 0.00000000
vt 0.00000000 0.00000000
vt 0.00000000 0.00000000
vt 0.00000000 0.00000000
vt 0.00000000 0.00000000
vt 0.00000000 0.00000000
vt 0.00000000 0.00000000
vt 0.00000000 0.00000000
vt 0.00000000 0.00000000
vt 0.00000000 0.00000000
vt 0.00000000 0.00000000
vt 0.00000000 0.00000000
vt 0.00000000 0.00000000
vt 0.00000000 0.00000000
vt 0.00000000 0.00000000
vt 0.00000000 0.00000000
vt 0.00000000 0.00000000
vt 0.00000000 0.00000000
vt 0.00000000 0.00000000
vt 0.00000000 0.00000000
vt 0.00000000 0.00000000
vt 0.00000000 0.00000000
vt 0.00000000 0.00000000
vt 0.00000000 0.00000000
vt 0.00000000 0.00000000
vt 0.00000000 0.00000000
vt 0.00000000 0.00000000
vt 0.00000000 0.00000000
vt 0.00000000 0.00000000
vt 0.00000000 0.00000000
vt 0.00000000 0.00000000
vt 0.00000000 0.00000000
vt 0.00000000 0.00000000
vt 0.00000000 0.00000000
vt 0.00000000 0.00000000
vt 0.00000000 0.00000000
vt 0.00000000 0.00000000
vt 0.00000000 0.00000000
vt 0.00000000 0.00000000
vt 0.00000000 0.00000000
vt 0.00000000 0.00000000
vt 0.00000000 0.00000000
vt 0.00000000 0.00000000
vt 0.00000000 0.00000000
vt 0.00000000 0.00000000
vt 0.00000000 0.00000000
vt 0.00000000 0.00000000
vt 0.00000000 0.00000000
vt 0.00000000 0.00000000
vt 0.00000000 0.00000000
vt 0.00000000 0.00000000
vt 0.00000000 0.00000000
vt 0.00000000 0.00000000
vt 0.00000000 0.00000000
vt 0.00000000 0.00000000
vt 0.00000000 0.00000000
vt 0.00000000 0.00000000
vt 0.00000000 0.00000000
vt 0.00000000 0.00000000
vt 0.00000000 0.00000000
vt 0.00000000 0.00000000
vt 0.00000000 0.00000000
vt 0.00000000 0.00000000
vt 0.00000000 0.00000000
vt 0.00000000 0.00000000
vt 0.00000000 0.00000000
vt 0.00000000 0.00000000
vt 0.00000000 0.00000000
vt 0.00000000 0.00000000
vt 0.00000000 0.00000000
vt 0.00000000 0.00000000
vt 0.00000000 0.00000000
vt 0.00000000 0.00000000
vt 0.00000000 0.00000000
vt 0.00000000 0.00000000
vt 0.00000000 0.00000000
vt 0.00000000 0.00000000
vt 0.00000000 0.00000000
vt 0.00000000 0.00000000
vt 0.00000000 0.00000000
vt 0.00000000 0.00000000
vt 0.00000000 0.00000000
vt 0.00000000 0.00000000
vt 0.00000000 0.00000000
vt 0.00000000 0.00000000
vt 0.00000000 0.00000000
vt 0.00000000 0.00000000
vt 0.00000000 0.00000000
vt 0.00000000 0.00000000
vt 0.00000000 0.00000000
vt 0.00000000 0.00000000
vt 0.00000000 0.00000000
vt 0.00000000 0.00000000
vt 0.00000000 0.00000000
vt 0.00000000 0.00000000
vt 0.00000000 0.00000000
vt 0.00000000 0.00000000
vt 0.00000000 0.00000000
vt 0.00000000 0.00000000
vt 0.00000000 0.00000000
vt 0.00000000 0.00000000
vt 0.00000000 0.00000000
vt 0.00000000 0.00000000
vt 0.00000000 0.00000000
vt 0.00000000 0.00000000
vt 0.00000000 0.00000000
vt 0.00000000 0.00000000
vt 0.00000000 0.00000000
vt 0.00000000 0.00000000
vt 0.00000000 0.00000000
vt 0.00000000 0.00000000
vt 0.00000000 0.00000000
vt 0.00000000 0.00000000
vt 0.00000000 0.00000000
vt 0.00000000 0.00000000
vt 0.00000000 0.00000000
vt 0.00000000 0.00000000
vt 0.00000000 0.00000000
vt 0.00000000 0.00000000
vt 0.00000000 0.00000000
vt 0.00000000 0.00000000
vt 0.00000000 0.00000000
vt 0.00000000 0.00000000
vt 0.00000000 0.00000000
vt 0.00000000 0.00000000
vt 0.00000000 0.00000000
vt 0.00000000 0.00000000
vt 0.00000000 0.00000000
vt 0.00000000 0.00000000
vt 0.00000000 0.00000000
vt 0.00000000 0.00000000
vt 0.00000000 0.00000000
vt 0.00000000 0.00000000
vt 0.00000000 0.00000000
vt 0.00000000 0.00000000
vt 0.00000000 0.00000000
vt 0.00000000 0.00000000
vt 0.00000000 0.00000000
vt 0.00000000 0.00000000
vt 0.00000000 0.00000000
vt 0.00000000 0.00000000
vt 0.00000000 0.00000000
vt 0.00000000 0.00000000
vt 0.00000000 0.00000000
vt 0.00000000 0.00000000
vt 0.00000000 0.00000000
vt 0.00000000 0.00000000
vt 0.00000000 0.00000000
vt 0.00000000 0.00000000
vt 0.00000000 0.00000000
vt 0.00000000 0.00000000
vt 0.00000000 0.00000000
vt 0.00000000 0.00000000
vt 0.00000000 0.00000000
vt 0.00000000 0.00000000
vt 0.00000000 0.00000000
vt 0.00000000 0.00000000
vt 0.00000000 0.00000000
vt 0.00000000 0.00000000
vt 0.00000000 0.00000000
vt 0.00000000 0.00000000
vt 0.00000000 0.00000000
vt 0.00000000 0.00000000
vt 0.00000000 0.00000000
vt 0.00000000 0.00000000
vt 0.00000000 0.00000000
vt 0.00000000 0.00000000
vt 0.00000000 0.00000000
vt 0.00000000 0.00000000
vt 0.00000000 0.00000000
vt 0.00000000 0.00000000
vt 0.00000000 0.00000000
vt 0.00000000 0.00000000
vt 0.00000000 0.00000000
vt 0.00000000 0.00000000
vt 0.00000000 0.00000000
vt 0.00000000 0.00000000
vt 0.00000000 0.00000000
vt 0.00000000 0.00000000
vt 0.00000000 0.00000000
vt 0.00000000 0.00000000
vt 0.00000000 0.00000000
vt 0.00000000 0.00000000
vt 0.00000000 0.00000000
vt 0.00000000 0.00000000
vt 0.00000000 0.00000000
vt 0.00000000 0.00000000
vt 0.00000000 0.00000000
vt 0.00000000 0.00000000
vt 0.00000000 0.00000000
vt 0.00000000 0.00000000
vt 0.00000000 0.00000000
vt 0.00000000 0.00000000
vt 0.00000000 0.00000000
vt 0.00000000 0.00000000
vt 0.00000000 0.00000000
vt 0.00000000 0.00000000
vt 0.00000000 0.00000000
vt 0.00000000 0.00000000
vt 0.00000000 0.00000000
vt 0.00000000 0.00000000
vt 0.00000000 0.00000000
vt 0.00000000 0.00000000
vt 0.00000000 0.00000000
vt 0.00000000 0.00000000
vt 0.00000000 0.00000000
vt 0.00000000 0.00000000
vt 0.00000000 0.00000000
vt 0.00000000 0.00000000
vt 0.00000000 0.00000000
vt 0.00000000 0.00000000
vt 0.00000000 0.00000000
vt 0.00000000 0.00000000
vt 0.00000000 0.00000000
vt 0.00000000 0.00000000
vt 0.00000000 0.00000000
vt 0.00000000 0.00000000
vt 0.00000000 0.00000000
vt 0.00000000 0.00000000
vt 0.00000000 0.00000000
vt 0.00000000 0.00000000
vt 0.00000000 0.00000000
vt 0.00000000 0.00000000
vt 0.00000000 0.00000000
vt 0.00000000 0.00000000
vt 0.00000000 0.00000000
vt 0.00000000 0.00000000
vt 0.00000000 0.00000000
vt 0.00000000 0.00000000
vt 0.00000000 0.00000000
vt 0.00000000 0.00000000
vt 0.00000000 0.00000000
vt 0.00000000 0.00000000
vt 0.00000000 0.00000000
vt 0.00000000 0.00000000
vt 0.00000000 0.00000000
vt 0.00000000 0.00000000
vt 0.00000000 0.00000000
vt 0.00000000 0.00000000
vt 0.00000000 0.00000000
vt 0.00000000 0.00000000
vt 0.00000000 0.00000000
vt 0.00000000 0.00000000
vt 0.00000000 0.00000000
vt 0.00000000 0.00000000
vt 0.00000000 0.00000000
vt 0.00000000 0.00000000
vt 0.00000000 0.00000000
vt 0.00000000 0.00000000
vt 0.00000000 0.00000000
vt 0.00000000 0.00000000
vt 0.00000000 0.00000000
vt 0.00000000 0.00000000
vt 0.00000000 0.00000000
vt 0.00000000 0.00000000
vt 0.00000000 0.00000000
vt 0.00000000 0.00000000
vt 0.00000000 0.00000000
vt 0.00000000 0.00000000
vt 0.00000000 0.00000000
vt 0.00000000 0.00000000
vt 0.00000000 0.00000000
vt 0.00000000 0.00000000
vt 0.00000000 0.00000000
vt 0.00000000 0.00000000
vt 0.00000000 0.00000000
vt 0.00000000 0.00000000
vt 0.00000000 0.00000000
vt 0.00000000 0.00000000
vt 0.00000000 0.00000000
vt 0.00000000 0.00000000
vt 0.00000000 0.00000000
vt 0.00000000 0.00000000
vt 0.00000000 0.00000000
vt 0.00000000 0.00000000
vt 0.00000000 0.00000000
vt 0.00000000 0.00000000
vt 0.00000000 0.00000000
vt 0.00000000 0.00000000
vt 0.00000000 0.00000000
vt 0.00000000 0.00000000
vt 0.00000000 0.00000000
vt 0.00000000 0.00000000
vt 0.00000000 0.00000000
vt 0.00000000 0.00000000
vt 0.00000000 0.00000000
vt 0.00000000 0.00000000
vt 0.00000000 0.00000000
vt 0.00000000 0.00000000
vt 0.00000000 0.00000000
vt 0.00000000 0.00000000
vt 0.00000000 0.00000000
vt 0.00000000 0.00000000
vt 0.00000000 0.00000000
vt 0.00000000 0.00000000
vt 0.00000000 0.00000000
vt 0.00000000 0.00000000
vt 0.00000000 0.00000000
vt 0.00000000 0.00000000
vt 0.00000000 0.00000000
vt 0.00000000 0.00000000
vt 0.00000000 0.00000000
vt 0.00000000 0.00000000
vt 0.00000000 0.00000000
vt 0.00000000 0.00000000
vt 0.00000000 0.00000000
vt 0.00000000 0.00000000
vt 0.00000000 0.00000000
vt 0.00000000 0.00000000
vt 0.00000000 0.00000000
vt 0.00000000 0.00000000
vt 0.00000000 0.00000000
vt 0.00000000 0.00000000
vt 0.00000000 0.00000000
vt 0.00000000 0.00000000
vt 0.00000000 0.00000000
vt 0.00000000 0.00000000
vt 0.00000000 0.00000000
vt 0.00000000 0.00000000
vt 0.00000000 0.00000000
vt 0.00000000 0.00000000
vt 0.00000000 0.00000000
vt 0.00000000 0.00000000
vt 0.00000000 0.00000000
vt 0.00000000 0.00000000
vt 0.00000000 0.00000000
vt 0.00000000 0.00000000
vt 0.00000000 0.00000000
vt 0.00000000 0.00000000
vt 0.00000000 0.00000000
vt 0.00000000 0.00000000
vt 0.00000000 0.00000000
vt 0.00000000 0.00000000
vt 0.00000000 0.00000000
vt 0.00000000 0.00000000
vt 0.00000000 0.00000000
vt 0.00000000 0.00000000
vt 0.00000000 0.00000000
vt 0.00000000 0.00000000
vt 0.00000000 0.00000000
vt 0.00000000 0.00000000
vt 0.00000000 0.00000000
vt 0.00000000 0.00000000
vt 0.00000000 0.00000000
vt 0.00000000 0.00000000
vt 0.00000000 0.00000000
vt 0.00000000 0.00000000
vt 0.00000000 0.00000000
vt 0.00000000 0.00000000
vt 0.00000000 0.00000000
vt 0.00000000 0.00000000
vt 0.00000000 0.00000000
vt 0.00000000 0.00000000
vt 0.00000000 0.00000000
vt 0.00000000 0.00000000
vt 0.00000000 0.00000000
vt 0.00000000 0.00000000
vt 0.00000000 0.00000000
vt 0.00000000 0.00000000
vt 0.00000000 0.00000000
vt 0.00000000 0.00000000
vt 0.00000000 0.00000000
vt 0.00000000 0.00000000
vt 0.00000000 0.00000000
vt 0.00000000 0.00000000
vt 0.00000000 0.00000000
vt 0.00000000 0.00000000
vt 0.00000000 0.00000000
vt 0.00000000 0.00000000
vt 0.00000000 0.00000000
vt 0.00000000 0.00000000
vt 0.00000000 0.00000000
vt 0.00000000 0.00000000
vt 0.00000000 0.00000000
vt 0.00000000 0.00000000
vt 0.00000000 0.00000000
vt 0.00000000 0.00000000
vt 0.00000000 0.00000000
vt 0.00000000 0.00000000
vt 0.00000000 0.00000000
vt 0.00000000 0.00000000
vt 0.00000000 0.00000000
vt 0.00000000 0.00000000
vt 0.00000000 0.00000000
vt 0.00000000 0.00000000
vt 0.00000000 0.00000000
vt 0.00000000 0.00000000
vt 0.00000000 0.00000000
vt 0.00000000 0.00000000
vt 0.00000000 0.00000000
vt 0.00000000 0.00000000
vt 0.00000000 0.00000000
vt 0.00000000 0.00000000
vt 0.00000000 0.00000000
vt 0.00000000 0.00000000
vt 0.00000000 0.00000000
vt 0.00000000 0.00000000
vt 0.00000000 0.00000000
vt 0.00000000 0.00000000
vt 0.00000000 0.00000000
vt 0.00000000 0.00000000
vt 0.00000000 0.00000000
vt 0.00000000 0.00000000
vt 0.00000000 0.00000000
vt 0.00000000 0.00000000
vt 0.00000000 0.00000000
vt 0.00000000 0.00000000
vt 0.00000000 0.00000000
vt 0.00000000 0.00000000
vt 0.00000000 0.00000000
vt 0.00000000 0.00000000
vt 0.00000000 0.00000000
vt 0.00000000 0.00000000
vt 0.00000000 0.00000000
vt 0.00000000 0.00000000
vt 0.00000000 0.00000000
vt 0.00000000 0.00000000
vt 0.00000000 0.00000000
vt 0.00000000 0.00000000
vt 0.00000000 0.00000000
vt 0.00000000 0.00000000
vt 0.00000000 0.00000000
vt 0.00000000 0.00000000
vt 0.00000000 0.00000000
vt 0.00000000 0.00000000
vt 0.00000000 0.00000000
vt 0.00000000 0.00000000
vt 0.00000000 0.00000000
vt 0.00000000 0.00000000
vt 0.00000000 0.00000000
vt 0.00000000 0.00000000
vt 0.00000000 0.00000000
vt 0.00000000 0.00000000
vt 0.00000000 0.00000000
vt 0.00000000 0.00000000
vt 0.00000000 0.00000000
vt 0.00000000 0.00000000
vt 0.00000000 0.00000000
vt 0.00000000 0.00000000
vt 0.00000000 0.00000000
vt 0.00000000 0.00000000
vt 0.00000000 0.00000000
vt 0.00000000 0.00000000
vt 0.00000000 0.00000000
vt 0.00000000 0.00000000
vt 0.00000000 0.00000000
vt 0.00000000 0.00000000
vt 0.00000000 0.00000000
vt 0.00000000 0.00000000
vt 0.00000000 0.00000000
vt 0.00000000 0.00000000
vt 0.00000000 0.00000000
vt 0.00000000 0.00000000
vt 0.00000000 0.00000000
vt 0.00000000 0.00000000
vt 0.00000000 0.00000000
vt 0.00000000 0.00000000
vt 0.00000000 0.00000000
vt 0.00000000 0.00000000
vt 0.00000000 0.00000000
vt 0.00000000 0.00000000
vt 0.00000000 0.00000000
vt 0.00000000 0.00000000
vt 0.00000000 0.00000000
vt 0.00000000 0.00000000
vt 0.00000000 0.00000000
vt 0.00000000 0.00000000
vt 0.00000000 0.00000000
vt 0.00000000 0.00000000
vt 0.00000000 0.00000000
vt 0.00000000 0.00000000
vt 0.00000000 0.00000000
vt 0.00000000 0.00000000
vt 0.00000000 0.00000000
vt 0.00000000 0.00000000
vt 0.00000000 0.00000000
vt 0.00000000 0.00000000
vt 0.00000000 0.00000000
vt 0.00000000 0.00000000
vt 0.00000000 0.00000000
vt 0.00000000 0.00000000
vt 0.00000000 0.00000000
vt 0.00000000 0.00000000
vt 0.00000000 0.00000000
vt 0.00000000 0.00000000
vt 0.00000000 0.00000000
vt 0.00000000 0.00000000
vt 0.00000000 0.00000000
vt 0.00000000 0.00000000
vt 0.00000000 0.00000000
vt 0.00000000 0.00000000
vt 0.00000000 0.00000000
vt 0.00000000 0.00000000
vt 0.00000000 0.00000000
vt 0.00000000 0.00000000
vt 0.00000000 0.00000000
vt 0.00000000 0.00000000
vt 0.00000000 0.00000000
vt 0.00000000 0.00000000
vt 0.00000000 0.00000000
vt 0.00000000 0.00000000
vt 0.00000000 0.00000000
vt 0.00000000 0.00000000
vt 0.00000000 0.00000000
vt 0.00000000 0.00000000
vt 0.00000000 0.00000000
vt 0.00000000 0.00000000
vt 0.00000000 0.00000000
vt 0.00000000 0.00000000
vt 0.00000000 0.00000000
vt 0.00000000 0.00000000
vt 0.00000000 0.00000000
vt 0.00000000 0.00000000
vt 0.00000000 0.00000000
vt 0.00000000 0.00000000
vt 0.00000000 0.00000000
vt 0.00000000 0.00000000
vt 0.00000000 0.00000000
vt 0.00000000 0.00000000
vt 0.00000000 0.00000000
vt 0.00000000 0.00000000
vt 0.00000000 0.00000000
vt 0.00000000 0.00000000
vt 0.00000000 0.00000000
vt 0.00000000 0.00000000
vt 0.00000000 0.00000000
vt 0.00000000 0.00000000
vt 0.00000000 0.00000000
vt 0.00000000 0.00000000
vt 0.00000000 0.00000000
vt 0.00000000 0.00000000
vt 0.00000000 0.00000000
vt 0.00000000 0.00000000
vt 0.00000000 0.00000000
vt 0.00000000 0.00000000
vt 0.00000000 0.00000000
vt 0.00000000 0.00000000
vt 0.00000000 0.00000000
vt 0.00000000 0.00000000
vt 0.00000000 0.00000000
vt 0.00000000 0.00000000
vt 0.00000000 0.00000000
vt 0.00000000 0.00000000
vt 0.00000000 0.00000000
vt 0.00000000 0.00000000
vt 0.00000000 0.00000000
vt 0.00000000 0.00000000
vt 0.00000000 0.00000000
vt 0.00000000 0.00000000
vt 0.00000000 0.00000000
vt 0.00000000 0.00000000
vt 0.00000000 0.00000000
vt 0.00000000 0.00000000
vt 0.00000000 0.00000000
vt 0.00000000 0.00000000
vt 0.00000000 0.00000000
vt 0.00000000 0.00000000
vt 0.00000000 0.00000000
vt 0.00000000 0.00000000
vt 0.00000000 0.00000000
vt 0.00000000 0.00000000
vt 0.00000000 0.00000000
vt 0.00000000 0.00000000
vt 0.00000000 0.00000000
vt 0.00000000 0.00000000
vt 0.00000000 0.00000000
vt 0.00000000 0.00000000
vt 0.00000000 0.00000000
vt 0.00000000 0.00000000
vt 0.00000000 0.00000000
vt 0.00000000 0.00000000
vt 0.00000000 0.00000000
vt 0.00000000 0.00000000
vt 0.00000000 0.00000000
vt 0.00000000 0.00000000
vt 0.00000000 0.00000000
vt 0.00000000 0.00000000
vt 0.00000000 0.00000000
vt 0.00000000 0.00000000
vt 0.00000000 0.00000000
vt 0.00000000 0.00000000
vt 0.00000000 0.00000000
vt 0.00000000 0.00000000
vt 0.00000000 0.00000000
vt 0.00000000 0.00000000
vt 0.00000000 0.00000000
vt 0.00000000 0.00000000
vt 0.00000000 0.00000000
vt 0.00000000 0.00000000
vt 0.00000000 0.00000000
vt 0.00000000 0.00000000
vt 0.00000000 0.00000000
vt 0.00000000 0.00000000
vt 0.00000000 0.00000000
vt 0.00000000 0.00000000
vt 0.00000000 0.00000000
vt 0.00000000 0.00000000
vt 0.00000000 0.00000000
vt 0.00000000 0.00000000
vt 0.00000000 0.00000000
vt 0.00000000 0.00000000
vt 0.00000000 0.00000000
vt 0.00000000 0.00000000
vt 0.00000000 0.00000000
vt 0.00000000 0.00000000
vt 0.00000000 0.00000000
vt 0.00000000 0.00000000
vt 0.00000000 0.00000000
vt 0.00000000 0.00000000
vt 0.00000000 0.00000000
vt 0.00000000 0.00000000
vt 0.00000000 0.00000000
vt 0.00000000 0.00000000
vt 0.00000000 0.00000000
vt 0.00000000 0.00000000
vt 0.00000000 0.00000000
vt 0.00000000 0.00000000
vt 0.00000000 0.00000000
vt 0.00000000 0.00000000
vt 0.00000000 0.00000000
vt 0.00000000 0.00000000
vt 0.00000000 0.00000000
vt 0.00000000 0.00000000
vt 0.00000000 0.00000000
vt 0.00000000 0.00000000
vt 0.00000000 0.00000000
vt 0.00000000 0.00000000
vt 0.00000000 0.00000000
vt 0.00000000 0.00000000
vt 0.00000000 0.00000000
vt 0.00000000 0.00000000
vt 0.00000000 0.00000000
vt 0.00000000 0.00000000
vt 0.00000000 0.00000000
vt 0.00000000 0.00000000
vt 0.00000000 0.00000000
vt 0.00000000 0.00000000
vt 0.00000000 0.00000000
vt 0.00000000 0.00000000
vt 0.00000000 0.00000000
vt 0.00000000 0.00000000
vt 0.00000000 0.00000000
vt 0.00000000 0.00000000
vt 0.00000000 0.00000000
vt 0.00000000 0.00000000
vt 0.00000000 0.00000000
vt 0.00000000 0.00000000
vt 0.00000000 0.00000000
vt 0.00000000 0.00000000
vt 0.00000000 0.00000000
vt 0.00000000 0.00000000
vt 0.00000000 0.00000000
vt 0.00000000 0.00000000
vt 0.00000000 0.00000000
vt 0.00000000 0.00000000
vt 0.00000000 0.00000000
vt 0.00000000 0.00000000
vt 0.00000000 0.00000000
vt 0.00000000 0.00000000
vt 0.00000000 0.00000000
vt 0.00000000 0.00000000
vt 0.00000000 0.00000000
vt 0.00000000 0.00000000
vt 0.00000000 0.00000000
vt 0.00000000 0.00000000
vt 0.00000000 0.00000000
vt 0.00000000 0.00000000
vt 0.00000000 0.00000000
vt 0.00000000 0.00000000
vt 0.00000000 0.00000000
vt 0.00000000 0.00000000
vt 0.00000000 0.00000000
vt 0.00000000 0.00000000
vt 0.00000000 0.00000000
vt 0.00000000 0.00000000
vt 0.00000000 0.00000000
vt 0.00000000 0.00000000
vt 0.00000000 0.00000000
vt 0.00000000 0.00000000
vt 0.00000000 0.00000000
vt 0.00000000 0.00000000
vt 0.00000000 0.00000000
vt 0.00000000 0.00000000
vt 0.00000000 0.00000000
vt 0.00000000 0.00000000
vt 0.00000000 0.00000000
vt 0.00000000 0.00000000
vt 0.00000000 0.00000000
vt 0.00000000 0.00000000
vt 0.00000000 0.00000000
vt 0.00000000 0.00000000
vt 0.00000000 0.00000000
vt 0.00000000 0.00000000
vt 0.00000000 0.00000000
vt 0.00000000 0.00000000
vt 0.00000000 0.00000000
vt 0.00000000 0.00000000
vt 0.00000000 0.00000000
vt 0.00000000 0.00000000
vt 0.00000000 0.00000000
vt 0.00000000 0.00000000
vt 0.00000000 0.00000000
vt 0.00000000 0.00000000
vt 0.00000000 0.00000000
vt 0.00000000 0.00000000
vt 0.00000000 0.00000000
vt 0.00000000 0.00000000
vt 0.00000000 0.00000000
vt 0.00000000 0.00000000
vt 0.00000000 0.00000000
vt 0.00000000 0.00000000
vt 0.00000000 0.00000000
vt 0.00000000 0.00000000
vt 0.00000000 0.00000000
vt 0.00000000 0.00000000
vt 0.00000000 0.00000000
vt 0.00000000 0.00000000
vt 0.00000000 0.00000000
vt 0.00000000 0.00000000
vt 0.00000000 0.00000000
vt 0.00000000 0.00000000
vt 0.00000000 0.00000000
vt 0.00000000 0.00000000
vt 0.00000000 0.00000000
vt 0.00000000 0.00000000
vt 0.00000000 0.00000000
vt 0.00000000 0.00000000
vt 0.00000000 0.00000000
vt 0.00000000 0.00000000
vt 0.00000000 0.00000000
vt 0.00000000 0.00000000
vt 0.00000000 0.00000000
vt 0.00000000 0.00000000
vt 0.00000000 0.00000000
vt 0.00000000 0.00000000
vt 0.00000000 0.00000000
vt 0.00000000 0.00000000
vt 0.00000000 0.00000000
vt 0.00000000 0.00000000
vt 0.00000000 0.00000000
vt 0.00000000 0.00000000
vt 0.00000000 0.00000000
vt 0.00000000 0.00000000
vt 0.00000000 0.00000000
vt 0.00000000 0.00000000
vt 0.00000000 0.00000000
vt 0.00000000 0.00000000
vt 0.00000000 0.00000000
vt 0.00000000 0.00000000
vt 0.00000000 0.00000000
vt 0.00000000 0.00000000
vt 0.00000000 0.00000000
vt 0.00000000 0.00000000
vt 0.00000000 0.00000000
vt 0.00000000 0.00000000
vt 0.00000000 0.00000000
vt 0.00000000 0.00000000
vt 0.00000000 0.00000000
vt 0.00000000 0.00000000
vt 0.00000000 0.00000000
vt 0.00000000 0.00000000
vt 0.00000000 0.00000000
vt 0.00000000 0.00000000
vt 0.00000000 0.00000000
vt 0.00000000 0.00000000
vt 0.00000000 0.00000000
vt 0.00000000 0.00000000
vt 0.00000000 0.00000000
vt 0.00000000 0.00000000
vt 0.00000000 0.00000000
vt 0.00000000 0.00000000
vt 0.00000000 0.00000000
vt 0.00000000 0.00000000
vt 0.00000000 0.00000000
vt 0.00000000 0.00000000
vt 0.00000000 0.00000000
vt 0.00000000 0.00000000
vt 0.00000000 0.00000000
vt 0.00000000 0.00000000
vt 0.00000000 0.00000000
vt 0.00000000 0.00000000
vt 0.00000000 0.00000000
vt 0.00000000 0.00000000
vt 0.00000000 0.00000000
vt 0.00000000 0.00000000
vt 0.00000000 0.00000000
vt 0.00000000 0.00000000
vt 0.00000000 0.00000000
vt 0.00000000 0.00000000
vt 0.00000000 0.00000000
vt 0.00000000 0.00000000
vt 0.00000000 0.00000000
vt 0.00000000 0.00000000
vt 0.00000000 0.00000000
vt 0.00000000 0.00000000
vt 0.00000000 0.00000000
vt 0.00000000 0.00000000
vt 0.00000000 0.00000000
vt 0.00000000 0.00000000
vt 0.00000000 0.00000000
vt 0.00000000 0.00000000
vt 0.00000000 0.00000000
vt 0.00000000 0.00000000
vt 0.00000000 0.00000000
vt 0.00000000 0.00000000
vt 0.00000000 0.00000000
vt 0.00000000 0.00000000
vt 0.00000000 0.00000000
vt 0.00000000 0.00000000
vt 0.00000000 0.00000000
vt 0.00000000 0.00000000
vt 0.00000000 0.00000000
vt 0.00000000 0.00000000
vt 0.00000000 0.00000000
vt 0.00000000 0.00000000
vt 0.00000000 0.00000000
vt 0.00000000 0.00000000
vt 0.00000000 0.00000000
vt 0.00000000 0.00000000
vt 0.00000000 0.00000000
vt 0.00000000 0.00000000
vt 0.00000000 0.00000000
vt 0.00000000 0.00000000
vt 0.00000000 0.00000000
vt 0.00000000 0.00000000
vt 0.00000000 0.00000000
vt 0.00000000 0.00000000
vt 0.00000000 0.00000000
vt 0.00000000 0.00000000
vt 0.00000000 0.00000000
vt 0.00000000 0.00000000
vt 0.00000000 0.00000000
vt 0.00000000 0.00000000
vt 0.00000000 0.00000000
vt 0.00000000 0.00000000
vt 0.00000000 0.00000000
vt 0.00000000 0.00000000
vt 0.00000000 0.00000000
vt 0.00000000 0.00000000
vt 0.00000000 0.00000000
vt 0.00000000 0.00000000
vt 0.00000000 0.00000000
vt 0.00000000 0.00000000
vt 0.00000000 0.00000000
vt 0.00000000 0.00000000
vt 0.00000000 0.00000000
vt 0.00000000 0.00000000
vt 0.00000000 0.00000000
vt 0.00000000 0.00000000
vt 0.00000000 0.00000000
vt 0.00000000 0.00000000
vt 0.00000000 0.00000000
vt 0.00000000 0.00000000
vt 0.00000000 0.00000000
vt 0.00000000 0.00000000
vt 0.00000000 0.00000000
vt 0.00000000 0.00000000
vt 0.00000000 0.00000000
vt 0.00000000 0.00000000
vt 0.00000000 0.00000000
vt 0.00000000 0.00000000
vt 0.00000000 0.00000000
vt 0.00000000 0.00000000
vt 0.00000000 0.00000000
vt 0.00000000 0.00000000
vt 0.00000000 0.00000000
vt 0.00000000 0.00000000
vt 0.00000000 0.00000000
vt 0.00000000 0.00000000
vt 0.00000000 0.00000000
vt 0.00000000 0.00000000
vt 0.00000000 0.00000000
vt 0.00000000 0.00000000
vt 0.00000000 0.00000000
vt 0.00000000 0.00000000
vt 0.00000000 0.00000000
vt 0.00000000 0.00000000
vt 0.00000000 0.00000000
vt 0.00000000 0.00000000
vt 0.00000000 0.00000000
vt 0.00000000 0.00000000
vt 0.00000000 0.00000000
vt 0.00000000 0.00000000
vt 0.00000000 0.00000000
vt 0.00000000 0.00000000
vt 0.00000000 0.00000000
vt 0.00000000 0.00000000
vt 0.00000000 0.00000000
vt 0.00000000 0.00000000
vt 0.00000000 0.00000000
vt 0.00000000 0.00000000
vt 0.00000000 0.00000000
vt 0.00000000 0.00000000
vt 0.00000000 0.00000000
vt 0.00000000 0.00000000
vt 0.00000000 0.00000000
vt 0.00000000 0.00000000
vt 0.00000000 0.00000000
vt 0.00000000 0.00000000
vt 0.00000000 0.00000000
vt 0.00000000 0.00000000
vt 0.00000000 0.00000000
vt 0.00000000 0.00000000
vt 0.00000000 0.00000000
vt 0.00000000 0.00000000
vt 0.00000000 0.00000000
vt 0.00000000 0.00000000
vt 0.00000000 0.00000000
vt 0.00000000 0.00000000
vt 0.00000000 0.00000000
vt 0.00000000 0.00000000
vt 0.00000000 0.00000000
vt 0.00000000 0.00000000
vt 0.00000000 0.00000000
vt 0.00000000 0.00000000
vt 0.00000000 0.00000000
vt 0.00000000 0.00000000
vt 0.00000000 0.00000000
vt 0.00000000 0.00000000
vt 0.00000000 0.00000000
vt 0.00000000 0.00000000
vt 0.00000000 0.00000000
vt 0.00000000 0.00000000
vt 0.00000000 0.00000000
vt 0.00000000 0.00000000
vt 0.00000000 0.00000000
vt 0.00000000 0.00000000
vt 0.00000000 0.00000000
vt 0.00000000 0.00000000
vt 0.00000000 0.00000000
vt 0.00000000 0.00000000
vt 0.00000000 0.00000000
vt 0.00000000 0.00000000
vt 0.00000000 0.00000000
vt 0.00000000 0.00000000
vt 0.00000000 0.00000000
vt 0.00000000 0.00000000
vt 0.00000000 0.00000000
vt 0.00000000 0.00000000
vt 0.00000000 0.00000000
vt 0.00000000 0.00000000
vt 0.00000000 0.00000000
vt 0.00000000 0.00000000
vt 0.00000000 0.00000000
vt 0.00000000 0.00000000
vt 0.00000000 0.00000000
vt 0.00000000 0.00000000
vt 0.00000000 0.00000000
vt 0.00000000 0.00000000
vt 0.00000000 0.00000000
vt 0.00000000 0.00000000
vt 0.00000000 0.00000000
vt 0.00000000 0.00000000
vt 0.00000000 0.00000000
vt 0.00000000 0.00000000
vt 0.00000000 0.00000000
vt 0.00000000 0.00000000
vt 0.00000000 0.00000000
vt 0.00000000 0.00000000
vt 0.00000000 0.00000000
vt 0.00000000 0.00000000
vt 0.00000000 0.00000000
vt 0.00000000 0.00000000
vt 0.00000000 0.00000000
vt 0.00000000 0.00000000
vt 0.00000000 0.00000000
vt 0.00000000 0.00000000
vt 0.00000000 0.00000000
vt 0.00000000 0.00000000
vt 0.00000000 0.00000000
vt 0.00000000 0.00000000
vt 0.00000000 0.00000000
vt 0.00000000 0.00000000
vt 0.00000000 0.00000000
vt 0.00000000 0.00000000
vt 0.00000000 0.00000000
vt 0.00000000 0.00000000
vt 0.00000000 0.00000000
vt 0.00000000 0.00000000
vt 0.00000000 0.00000000
vt 0.00000000 0.00000000
vt 0.00000000 0.00000000
vt 0.00000000 0.00000000
vt 0.00000000 0.00000000
vt 0.00000000 0.00000000
vt 0.00000000 0.00000000
vt 0.00000000 0.00000000
vt 0.00000000 0.00000000
vt 0.00000000 0.00000000
vt 0.00000000 0.00000000
vt 0.00000000 0.00000000
vt 0.00000000 0.00000000
vt 0.00000000 0.00000000
vt 0.00000000 0.00000000
vt 0.00000000 0.00000000
vt 0.00000000 0.00000000
vt 0.00000000 0.00000000
vt 0.00000000 0.00000000
vt 0.00000000 0.00000000
vt 0.00000000 0.00000000
vt 0.00000000 0.00000000
vt 0.00000000 0.00000000
vt 0.00000000 0.00000000
vt 0.00000000 0.00000000
vt 0.00000000 0.00000000
vt 0.00000000 0.00000000
vt 0.00000000 0.00000000
vt 0.00000000 0.00000000
vt 0.00000000 0.00000000
vt 0.00000000 0.00000000
vt 0.00000000 0.00000000
vt 0.00000000 0.00000000
vt 0.00000000 0.00000000
vt 0.00000000 0.00000000
vt 0.00000000 0.00000000
vt 0.00000000 0.00000000
vt 0.00000000 0.00000000
vt 0.00000000 0.00000000
vt 0.00000000 0.00000000
vt 0.00000000 0.00000000
vt 0.00000000 0.00000000
vt 0.00000000 0.00000000
vt 0.00000000 0.00000000
vt 0.00000000 0.00000000
vt 0.00000000 0.00000000
vt 0.00000000 0.00000000
vt 0.00000000 0.00000000
vt 0.00000000 0.00000000
vt 0.00000000 0.00000000
vt 0.00000000 0.00000000
vt 0.00000000 0.00000000
vt 0.00000000 0.00000000
vt 0.00000000 0.00000000
vt 0.00000000 0.00000000
vt 0.00000000 0.00000000
vt 0.00000000 0.00000000
vt 0.00000000 0.00000000
vt 0.00000000 0.00000000
vt 0.00000000 0.00000000
vt 0.00000000 0.00000000
vt 0.00000000 0.00000000
vt 0.00000000 0.00000000
vt 0.00000000 0.00000000
vt 0.00000000 0.00000000
vt 0.00000000 0.00000000
vt 0.00000000 0.00000000
vt 0.00000000 0.00000000
vt 0.00000000 0.00000000
vt 0.00000000 0.00000000
vt 0.00000000 0.00000000
vt 0.00000000 0.00000000
vt 0.00000000 0.00000000
vt 0.00000000 0.00000000
vt 0.00000000 0.00000000
vt 0.00000000 0.00000000
vt 0.00000000 0.00000000
vt 0.00000000 0.00000000
vt 0.00000000 0.00000000
vt 0.00000000 0.00000000
vt 0.00000000 0.00000000
vt 0.00000000 0.00000000
vt 0.00000000 0.00000000
vt 0.00000000 0.00000000
vt 0.00000000 0.00000000
vt 0.00000000 0.00000000
vt 0.00000000 0.00000000
vt 0.00000000 0.00000000
vt 0.00000000 0.00000000
vt 0.00000000 0.00000000
vt 0.00000000 0.00000000
vt 0.00000000 0.00000000
vt 0.00000000 0.00000000
vt 0.00000000 0.00000000
vt 0.00000000 0.00000000
vt 0.00000000 0.00000000
vt 0.00000000 0.00000000
vt 0.00000000 0.00000000
vt 0.00000000 0.00000000
vt 0.00000000 0.00000000
vt 0.00000000 0.00000000
vt 0.00000000 0.00000000
vt 0.00000000 0.00000000
vt 0.00000000 0.00000000
vt 0.00000000 0.00000000
vt 0.00000000 0.00000000
vt 0.00000000 0.00000000
vt 0.00000000 0.00000000
vt 0.00000000 0.00000000
vt 0.00000000 0.00000000
vt 0.00000000 0.00000000
vt 0.00000000 0.00000000
vt 0.00000000 0.00000000
vt 0.00000000 0.00000000
vt 0.00000000 0.00000000
vt 0.00000000 0.00000000
vt 0.00000000 0.00000000
vt 0.00000000 0.00000000
vt 0.00000000 0.00000000
vt 0.00000000 0.00000000
vt 0.00000000 0.00000000
vt 0.00000000 0.00000000
vt 0.00000000 0.00000000
vt 0.00000000 0.00000000
vt 0.00000000 0.00000000
vt 0.00000000 0.00000000
vt 0.00000000 0.00000000
vt 0.00000000 0.00000000
vt 0.00000000 0.00000000
vt 0.00000000 0.00000000
vt 0.00000000 0.00000000
vt 0.00000000 0.00000000
vt 0.00000000 0.00000000
vt 0.00000000 0.00000000
vt 0.00000000 0.00000000
vt 0.00000000 0.00000000
vt 0.00000000 0.00000000
vt 0.00000000 0.00000000
vt 0.00000000 0.00000000
vt 0.00000000 0.00000000
vt 0.00000000 0.00000000
vt 0.00000000 0.00000000
vt 0.00000000 0.00000000
vt 0.00000000 0.00000000
vt 0.00000000 0.00000000
vt 0.00000000 0.00000000
vt 0.00000000 0.00000000
vt 0.00000000 0.00000000
vt 0.00000000 0.00000000
vt 0.00000000 0.00000000
vt 0.00000000 0.00000000
vt 0.00000000 0.00000000
vt 0.00000000 0.00000000
vt 0.00000000 0.00000000
vt 0.00000000 0.00000000
vt 0.00000000 0.00000000
vt 0.00000000 0.00000000
vt 0.00000000 0.00000000
vt 0.00000000 0.00000000
vt 0.00000000 0.00000000
vt 0.00000000 0.00000000
vt 0.00000000 0.00000000
vt 0.00000000 0.00000000
vt 0.00000000 0.00000000
vt 0.00000000 0.00000000
vt 0.00000000 0.00000000
vt 0.00000000 0.00000000
vt 0.00000000 0.00000000
vt 0.00000000 0.00000000
vt 0.00000000 0.00000000
vt 0.00000000 0.00000000
vt 0.00000000 0.00000000
vt 0.00000000 0.00000000
vt 0.00000000 0.00000000
vt 0.00000000 0.00000000
vt 0.00000000 0.00000000
vt 0.00000000 0.00000000
vt 0.00000000 0.00000000
vt 0.00000000 0.00000000
vt 0.00000000 0.00000000
vt 0.00000000 0.00000000
vt 0.00000000 0.00000000
vt 0.00000000 0.00000000
vt 0.00000000 0.00000000
vt 0.00000000 0.00000000
vt 0.00000000 0.00000000
vt 0.00000000 0.00000000
vt 0.00000000 0.00000000
vt 0.00000000 0.00000000
vt 0.00000000 0.00000000
vt 0.00000000 0.00000000
vt 0.00000000 0.00000000
vt 0.00000000 0.00000000
vt 0.00000000 0.00000000
vt 0.00000000 0.00000000
vt 0.00000000 0.00000000
vt 0.00000000 0.00000000
vt 0.00000000 0.00000000
vt 0.00000000 0.00000000
vt 0.00000000 0.00000000
vt 0.00000000 0.00000000
vt 0.00000000 0.00000000
vt 0.00000000 0.00000000
vt 0.00000000 0.00000000
vt 0.00000000 0.00000000
vt 0.00000000 0.00000000
vt 0.00000000 0.00000000
vt 0.00000000 0.00000000
vt 0.00000000 0.00000000
vt 0.00000000 0.00000000
vt 0.00000000 0.00000000
vt 0.00000000 0.00000000
vt 0.00000000 0.00000000
vt 0.00000000 0.00000000
vt 0.00000000 0.00000000
vt 0.00000000 0.00000000
vt 0.00000000 0.00000000
vt 0.00000000 0.00000000
vt 0.00000000 0.00000000
vt 0.00000000 0.00000000
vt 0.00000000 0.00000000
vt 0.00000000 0.00000000
vt 0.00000000 0.00000000
vt 0.00000000 0.00000000
vt 0.00000000 0.00000000
vt 0.00000000 0.00000000
vt 0.00000000 0.00000000
vt 0.00000000 0.00000000
vt 0.00000000 0.00000000
vt 0.00000000 0.00000000
vt 0.00000000 0.00000000
vt 0.00000000 0.00000000
vt 0.00000000 0.00000000
vt 0.00000000 0.00000000
vt 0.00000000 0.00000000
vt 0.00000000 0.00000000
vt 0.00000000 0.00000000
vt 0.00000000 0.00000000
vt 0.00000000 0.00000000
vt 0.00000000 0.00000000
vt 0.00000000 0.00000000
vt 0.00000000 0.00000000
vt 0.00000000 0.00000000
vt 0.00000000 0.00000000
vt 0.00000000 0.00000000
vt 0.00000000 0.00000000
vt 0.00000000 0.00000000
vt 0.00000000 0.00000000
vt 0.00000000 0.00000000
vt 0.00000000 0.00000000
vt 0.00000000 0.00000000
vt 0.00000000 0.00000000
vt 0.00000000 0.00000000
vt 0.00000000 0.00000000
vt 0.00000000 0.00000000
vt 0.00000000 0.00000000
vt 0.00000000 0.00000000
vt 0.00000000 0.00000000
vt 0.00000000 0.00000000
vt 0.00000000 0.00000000
vt 0.00000000 0.00000000
vt 0.00000000 0.00000000
vt 0.00000000 0.00000000
vt 0.00000000 0.00000000
vt 0.00000000 0.00000000
vt 0.00000000 0.00000000
vt 0.00000000 0.00000000
vt 0.00000000 0.00000000
vt 0.00000000 0.00000000
vt 0.00000000 0.00000000
vt 0.00000000 0.00000000
vt 0.00000000 0.00000000
vt 0.00000000 0.00000000
vt 0.00000000 0.00000000
vt 0.00000000 0.00000000
vt 0.00000000 0.00000000
vt 0.00000000 0.00000000
vt 0.00000000 0.00000000
vt 0.00000000 0.00000000
vt 0.00000000 0.00000000
vt 0.00000000 0.00000000
vt 0.00000000 0.00000000
vt 0.00000000 0.00000000
vt 0.00000000 0.00000000
vt 0.00000000 0.00000000
vt 0.00000000 0.00000000
vt 0.00000000 0.00000000
vt 0.00000000 0.00000000
vt 0.00000000 0.00000000
vt 0.00000000 0.00000000
vt 0.00000000 0.00000000
vt 0.00000000 0.00000000
vt 0.00000000 0.00000000
vt 0.00000000 0.00000000
vt 0.00000000 0.00000000
vt 0.00000000 0.00000000
vt 0.00000000 0.00000000
vt 0.00000000 0.00000000
vt 0.00000000 0.00000000
vt 0.00000000 0.00000000
vt 0.00000000 0.00000000
vt 0.00000000 0.00000000
vt 0.00000000 0.00000000
vt 0.00000000 0.00000000
vt 0.00000000 0.00000000
vt 0.00000000 0.00000000
vt 0.00000000 0.00000000
vt 0.00000000 0.00000000
vt 0.00000000 0.00000000
vt 0.00000000 0.00000000
vt 0.00000000 0.00000000
vt 0.00000000 0.00000000
vt 0.00000000 0.00000000
vt 0.00000000 0.00000000
vt 0.00000000 0.00000000
vt 0.00000000 0.00000000
vt 0.00000000 0.00000000
vt 0.00000000 0.00000000
vt 0.00000000 0.00000000
vt 0.00000000 0.00000000
vt 0.00000000 0.00000000
vt 0.00000000 0.00000000
vt 0.00000000 0.00000000
vt 0.00000000 0.00000000
vt 0.00000000 0.00000000
vt 0.00000000 0.00000000
vt 0.00000000 0.00000000
vt 0.00000000 0.00000000
vt 0.00000000 0.00000000
vt 0.00000000 0.00000000
vt 0.00000000 0.00000000
vt 0.00000000 0.00000000
vt 0.00000000 0.00000000
vt 0.00000000 0.00000000
vt 0.00000000 0.00000000
vt 0.00000000 0.00000000
vt 0.00000000 0.00000000
vt 0.00000000 0.00000000
vt 0.00000000 0.00000000
vt 0.00000000 0.00000000
vt 0.00000000 0.00000000
vt 0.00000000 0.00000000
vt 0.00000000 0.00000000
vt 0.00000000 0.00000000
vt 0.00000000 0.00000000
vt 0.00000000 0.00000000
vt 0.00000000 0.00000000
vt 0.00000000 0.00000000
vt 0.00000000 0.00000000
vt 0.00000000 0.00000000
vt 0.00000000 0.00000000
vt 0.00000000 0.00000000
vt 0.00000000 0.00000000
vt 0.00000000 0.00000000
vt 0.00000000 0.00000000
vt 0.00000000 0.00000000
vt 0.00000000 0.00000000
vt 0.00000000 0.00000000
vt 0.00000000 0.00000000
vt 0.00000000 0.00000000
vt 0.00000000 0.00000000
vt 0.00000000 0.00000000
vt 0.00000000 0.00000000
vt 0.00000000 0.00000000
vt 0.00000000 0.00000000
vt 0.00000000 0.00000000
vt 0.00000000 0.00000000
vt 0.00000000 0.00000000
vt 0.00000000 0.00000000
vt 0.00000000 0.00000000
vt 0.00000000 0.00000000
vt 0.00000000 0.00000000
vt 0.00000000 0.00000000
vt 0.00000000 0.00000000
vt 0.00000000 0.00000000
vt 0.00000000 0.00000000
vt 0.00000000 0.00000000
vt 0.00000000 0.00000000
vt 0.00000000 0.00000000
vt 0.00000000 0.00000000
vt 0.00000000 0.00000000
vt 0.00000000 0.00000000
vt 0.00000000 0.00000000
vt 0.00000000 0.00000000
vt 0.00000000 0.00000000
vt 0.00000000 0.00000000
vt 0.00000000 0.00000000
vt 0.00000000 0.00000000
vt 0.00000000 0.00000000
vt 0.00000000 0.00000000
vt 0.00000000 0.00000000
vt 0.00000000 0.00000000
vt 0.00000000 0.00000000
vt 0.00000000 0.00000000
vt 0.00000000 0.00000000
vt 0.00000000 0.00000000
vt 0.00000000 0.00000000
vt 0.00000000 0.00000000
vt 0.00000000 0.00000000
vt 0.00000000 0.00000000
vt 0.00000000 0.00000000
vt 0.00000000 0.00000000
vt 0.00000000 0.00000000
vt 0.00000000 0.00000000
vt 0.00000000 0.00000000
vt 0.00000000 0.00000000
vt 0.00000000 0.00000000
vt 0.00000000 0.00000000
vt 0.00000000 0.00000000
vt 0.00000000 0.00000000
vt 0.00000000 0.00000000
vt 0.00000000 0.00000000
vt 0.00000000 0.00000000
vt 0.00000000 0.00000000
vt 0.00000000 0.00000000
vt 0.00000000 0.00000000
vt 0.00000000 0.00000000
vt 0.00000000 0.00000000
vt 0.00000000 0.00000000
vt 0.00000000 0.00000000
vt 0.00000000 0.00000000
vt 0.00000000 0.00000000
vt 0.00000000 0.00000000
vt 0.00000000 0.00000000
vt 0.00000000 0.00000000
vt 0.00000000 0.00000000
vt 0.00000000 0.00000000
vt 0.00000000 0.00000000
vt 0.00000000 0.00000000
vt 0.00000000 0.00000000
vt 0.00000000 0.00000000
vt 0.00000000 0.00000000
vt 0.00000000 0.00000000
vt 0.00000000 0.00000000
vt 0.00000000 0.00000000
vt 0.00000000 0.00000000
vt 0.00000000 0.00000000
vt 0.00000000 0.00000000
vt 0.00000000 0.00000000
vt 0.00000000 0.00000000
vt 0.00000000 0.00000000
vt 0.00000000 0.00000000
vt 0.00000000 0.00000000
vt 0.00000000 0.00000000
vt 0.00000000 0.00000000
vt 0.00000000 0.00000000
vt 0.00000000 0.00000000
vt 0.00000000 0.00000000
vt 0.00000000 0.00000000
vt 0.00000000 0.00000000
vt 0.00000000 0.00000000
vt 0.00000000 0.00000000
vt 0.00000000 0.00000000
vt 0.00000000 0.00000000
vt 0.00000000 0.00000000
vt 0.00000000 0.00000000
vt 0.00000000 0.00000000
vt 0.00000000 0.00000000
vt 0.00000000 0.00000000
vt 0.00000000 0.00000000
vt 0.00000000 0.00000000
vt 0.00000000 0.00000000
vt 0.00000000 0.00000000
vt 0.00000000 0.00000000
vt 0.00000000 0.00000000
vt 0.00000000 0.00000000
vt 0.00000000 0.00000000
vt 0.00000000 0.00000000
vt 0.00000000 0.00000000
vt 0.00000000 0.00000000
vt 0.00000000 0.00000000
vt 0.00000000 0.00000000
vt 0.00000000 0.00000000
vt 0.00000000 0.00000000
vt 0.00000000 0.00000000
vt 0.00000000 0.00000000
vt 0.00000000 0.00000000
vt 0.00000000 0.00000000
vt 0.00000000 0.00000000
vt 0.00000000 0.00000000
vt 0.00000000 0.00000000
vt 0.00000000 0.00000000
vt 0.00000000 0.00000000
vt 0.00000000 0.00000000
vt 0.00000000 0.00000000
vt 0.00000000 0.00000000
vt 0.00000000 0.00000000
vt 0.00000000 0.00000000
vt 0.00000000 0.00000000
vt 0.00000000 0.00000000
vt 0.00000000 0.00000000
vt 0.00000000 0.00000000
vt 0.00000000 0.00000000
vt 0.00000000 0.00000000
vt 0.00000000 0.00000000
vt 0.00000000 0.00000000
vt 0.00000000 0.00000000
vt 0.00000000 0.00000000
vt 0.00000000 0.00000000
vt 0.00000000 0.00000000
vt 0.00000000 0.00000000
vt 0.00000000 0.00000000
vt 0.00000000 0.00000000
vt 0.00000000 0.00000000
vt 0.00000000 0.00000000
vt 0.00000000 0.00000000
vt 0.00000000 0.00000000
vt 0.00000000 0.00000000
vt 0.00000000 0.00000000
vt 0.00000000 0.00000000
vt 0.00000000 0.00000000
vt 0.00000000 0.00000000
vt 0.00000000 0.00000000
vt 0.00000000 0.00000000
vt 0.00000000 0.00000000
vt 0.00000000 0.00000000
vt 0.00000000 0.00000000
vt 0.00000000 0.00000000
vt 0.00000000 0.00000000
vt 0.00000000 0.00000000
vt 0.00000000 0.00000000
vt 0.00000000 0.00000000
vt 0.00000000 0.00000000
vt 0.00000000 0.00000000
vt 0.00000000 0.00000000
vt 0.00000000 0.00000000
vt 0.00000000 0.00000000
vt 0.00000000 0.00000000
vt 0.00000000 0.00000000
vt 0.00000000 0.00000000
vt 0.00000000 0.00000000
vt 0.00000000 0.00000000
vt 0.00000000 0.00000000
vt 0.00000000 0.00000000
vt 0.00000000 0.00000000
vt 0.00000000 0.00000000
vt 0.00000000 0.00000000
vt 0.00000000 0.00000000
vt 0.00000000 0.00000000
vt 0.00000000 0.00000000
vt 0.00000000 0.00000000
vt 0.00000000 0.00000000
vt 0.00000000 0.00000000
vt 0.00000000 0.00000000
vt 0.00000000 0.00000000
vt 0.00000000 0.00000000
vt 0.00000000 0.00000000
vt 0.00000000 0.00000000
vt 0.00000000 0.00000000
vt 0.00000000 0.00000000
vt 0.00000000 0.00000000
vt 0.00000000 0.00000000
vt 0.00000000 0.00000000
vt 0.00000000 0.00000000
vt 0.00000000 0.00000000
vt 0.00000000 0.00000000
vt 0.00000000 0.00000000
vt 0.00000000 0.00000000
vt 0.00000000 0.00000000
vt 0.00000000 0.00000000
vt 0.00000000 0.00000000
vt 0.00000000 0.00000000
vt 0.00000000 0.00000000
vt 0.00000000 0.00000000
vt 0.00000000 0.00000000
vt 0.00000000 0.00000000
vt 0.00000000 0.00000000
vt 0.00000000 0.00000000
vt 0.00000000 0.00000000
vt 0.00000000 0.00000000
vt 0.00000000 0.00000000
vt 0.00000000 0.00000000
vt 0.00000000 0.00000000
vt 0.00000000 0.00000000
vt 0.00000000 0.00000000
vt 0.00000000 0.00000000
vt 0.00000000 0.00000000
vt 0.00000000 0.00000000
vt 0.00000000 0.00000000
vt 0.00000000 0.00000000
vt 0.00000000 0.00000000
vt 0.00000000 0.00000000
vt 0.00000000 0.00000000
vt 0.00000000 0.00000000
vt 0.00000000 0.00000000
vt 0.00000000 0.00000000
vt 0.00000000 0.00000000
vt 0.00000000 0.00000000
vt 0.00000000 0.00000000
vt 0.00000000 0.00000000
vt 0.00000000 0.00000000
vt 0.00000000 0.00000000
vt 0.00000000 0.00000000
vt 0.00000000 0.00000000
vt 0.00000000 0.00000000
vt 0.00000000 0.00000000
vt 0.00000000 0.00000000
vt 0.00000000 0.00000000
vt 0.00000000 0.00000000
vt 0.00000000 0.00000000
vt 0.00000000 0.00000000
vt 0.00000000 0.00000000
vt 0.00000000 0.00000000
vt 0.00000000 0.00000000
vt 0.00000000 0.00000000
vt 0.00000000 0.00000000
vt 0.00000000 0.00000000
vt 0.00000000 0.00000000
vt 0.00000000 0.00000000
vt 0.00000000 0.00000000
vt 0.00000000 0.00000000
vt 0.00000000 0.00000000
vt 0.00000000 0.00000000
vt 0.00000000 0.00000000
vt 0.00000000 0.00000000
vt 0.00000000 0.00000000
vt 0.00000000 0.00000000
vt 0.00000000 0.00000000
vt 0.00000000 0.00000000
vt 0.00000000 0.00000000
vt 0.00000000 0.00000000
vt 0.00000000 0.00000000
vt 0.00000000 0.00000000
vt 0.00000000 0.00000000
vt 0.00000000 0.00000000
vt 0.00000000 0.00000000
vt 0.00000000 0.00000000
vt 0.00000000 0.00000000
vt 0.00000000 0.00000000
vt 0.00000000 0.00000000
vt 0.00000000 0.00000000
vt 0.00000000 0.00000000
vt 0.00000000 0.00000000
vt 0.00000000 0.00000000
vt 0.00000000 0.00000000
vt 0.00000000 0.00000000
vt 0.00000000 0.00000000
vt 0.00000000 0.00000000
vt 0.00000000 0.00000000
vt 0.00000000 0.00000000
vt 0.00000000 0.00000000
vt 0.00000000 0.00000000
vt 0.00000000 0.00000000
vt 0.00000000 0.00000000
vt 0.00000000 0.00000000
vt 0.00000000 0.00000000
vt 0.00000000 0.00000000
vt 0.00000000 0.00000000
vt 0.00000000 0.00000000
vt 0.00000000 0.00000000
vt 0.00000000 0.00000000
vt 0.00000000 0.00000000
vt 0.00000000 0.00000000
vt 0.00000000 0.00000000
vt 0.00000000 0.00000000
vt 0.00000000 0.00000000
vt 0.00000000 0.00000000
vt 0.00000000 0.00000000
vt 0.00000000 0.00000000
vt 0.00000000 0.00000000
vt 0.00000000 0.00000000
vt 0.00000000 0.00000000
vt 0.00000000 0.00000000
vt 0.00000000 0.00000000
vt 0.00000000 0.00000000
vt 0.00000000 0.00000000
vt 0.00000000 0.00000000
vt 0.00000000 0.00000000
vt 0.00000000 0.00000000
vt 0.00000000 0.00000000
vt 0.00000000 0.00000000
vt 0.00000000 0.00000000
vt 0.00000000 0.00000000
vt 0.00000000 0.00000000
vt 0.00000000 0.00000000
vt 0.00000000 0.00000000
vt 0.00000000 0.00000000
vt 0.00000000 0.00000000
vt 0.00000000 0.00000000
vt 0.00000000 0.00000000
vt 0.00000000 0.00000000
vt 0.00000000 0.00000000
vt 0.00000000 0.00000000
vt 0.00000000 0.00000000
vt 0.00000000 0.00000000
vt 0.00000000 0.00000000
vt 0.00000000 0.00000000
vt 0.00000000 0.00000000
vt 0.00000000 0.00000000
vt 0.00000000 0.00000000
vt 0.00000000 0.00000000
vt 0.00000000 0.00000000
vt 0.00000000 0.00000000
vt 0.00000000 0.00000000
vt 0.00000000 0.00000000
vt 0.00000000 0.00000000
vt 0.00000000 0.00000000
vt 0.00000000 0.00000000
vt 0.00000000 0.00000000
vt 0.00000000 0.00000000
vt 0.00000000 0.00000000
vt 0.00000000 0.00000000
vt 0.00000000 0.00000000
vt 0.00000000 0.00000000
vt 0.00000000 0.00000000
vt 0.00000000 0.00000000
vt 0.00000000 0.00000000
vt 0.00000000 0.00000000
vt 0.00000000 0.00000000
vt 0.00000000 0.00000000
vt 0.00000000 0.00000000
vt 0.00000000 0.00000000
vt 0.00000000 0.00000000
vt 0.00000000 0.00000000
vt 0.00000000 0.00000000
vt 0.00000000 0.00000000
vt 0.00000000 0.00000000
vt 0.00000000 0.00000000
vt 0.00000000 0.00000000
vt 0.00000000 0.00000000
vt 0.00000000 0.00000000
vt 0.00000000 0.00000000
vt 0.00000000 0.00000000
vt 0.00000000 0.00000000
vt 0.00000000 0.00000000
vt 0.00000000 0.00000000
vt 0.00000000 0.00000000
vt 0.00000000 0.00000000
vt 0.00000000 0.00000000
vt 0.00000000 0.00000000
vt 0.00000000 0.00000000
vt 0.00000000 0.00000000
vt 0.00000000 0.00000000
vt 0.00000000 0.00000000
vt 0.00000000 0.00000000
vt 0.00000000 0.00000000
vt 0.00000000 0.00000000
vt 0.00000000 0.00000000
vt 0.00000000 0.00000000
vt 0.00000000 0.00000000
vt 0.00000000 0.00000000
vt 0.00000000 0.00000000
vt 0.00000000 0.00000000
vt 0.00000000 0.00000000
vt 0.00000000 0.00000000
vt 0.00000000 0.00000000
vt 0.00000000 0.00000000
vt 0.00000000 0.00000000
vt 0.00000000 0.00000000
vt 0.00000000 0.00000000
vt 0.00000000 0.00000000
vt 0.00000000 0.00000000
vt 0.00000000 0.00000000
vt 0.00000000 0.00000000
vt 0.00000000 0.00000000
vt 0.00000000 0.00000000
vt 0.00000000 0.00000000
vt 0.00000000 0.00000000
vt 0.00000000 0.00000000
vt 0.00000000 0.00000000
vt 0.00000000 0.00000000
vt 0.00000000 0.00000000
vt 0.00000000 0.00000000
vt 0.00000000 0.00000000
vt 0.00000000 0.00000000
vt 0.00000000 0.00000000
vt 0.00000000 0.00000000
vt 0.00000000 0.00000000
vt 0.00000000 0.00000000
vt 0.00000000 0.00000000
vt 0.00000000 0.00000000
vt 0.00000000 0.00000000
vt 0.00000000 0.00000000
vt 0.00000000 0.00000000
vt 0.00000000 0.00000000
vt 0.00000000 0.00000000
vt 0.00000000 0.00000000
vt 0.00000000 0.00000000
vt 0.00000000 0.00000000
vt 0.00000000 0.00000000
vt 0.00000000 0.00000000
vt 0.00000000 0.00000000
vt 0.00000000 0.00000000
vt 0.00000000 0.00000000
vt 0.00000000 0.00000000
vt 0.00000000 0.00000000
vt 0.00000000 0.00000000
vt 0.00000000 0.00000000
vt 0.00000000 0.00000000
vt 0.00000000 0.00000000
vt 0.00000000 0.00000000
vt 0.00000000 0.00000000
vt 0.00000000 0.00000000
vt 0.00000000 0.00000000
vt 0.00000000 0.00000000
vt 0.00000000 0.00000000
vt 0.00000000 0.00000000
vt 0.00000000 0.00000000
vt 0.00000000 0.00000000
vt 0.00000000 0.00000000
vt 0.00000000 0.00000000
vt 0.00000000 0.00000000
vt 0.00000000 0.00000000
vt 0.00000000 0.00000000
vt 0.00000000 0.00000000
vt 0.00000000 0.00000000
vt 0.00000000 0.00000000
vt 0.00000000 0.00000000
vt 0.00000000 0.00000000
vt 0.00000000 0.00000000
vt 0.00000000 0.00000000
vt 0.00000000 0.00000000
vt 0.00000000 0.00000000
vt 0.00000000 0.00000000
vt 0.00000000 0.00000000
vt 0.00000000 0.00000000
vt 0.00000000 0.00000000
vt 0.00000000 0.00000000
vt 0.00000000 0.00000000
vt 0.00000000 0.00000000
vt 0.00000000 0.00000000
vt 0.00000000 0.00000000
vt 0.00000000 0.00000000
vt 0.00000000 0.00000000
vt 0.00000000 0.00000000
vt 0.00000000 0.00000000
vt 0.00000000 0.00000000
vt 0.00000000 0.00000000
vt 0.00000000 0.00000000
vt 0.00000000 0.00000000
vt 0.00000000 0.00000000
vt 0.00000000 0.00000000
vt 0.00000000 0.00000000
vt 0.00000000 0.00000000
vt 0.00000000 0.00000000
vt 0.00000000 0.00000000
vt 0.00000000 0.00000000
vt 0.00000000 0.00000000
vt 0.00000000 0.00000000
vt 0.00000000 0.00000000
vt 0.00000000 0.00000000
vt 0.00000000 0.00000000
vt 0.00000000 0.00000000
vt 0.00000000 0.00000000
vt 0.00000000 0.00000000
vt 0.00000000 0.00000000
vt 0.00000000 0.00000000
vt 0.00000000 0.00000000
vt 0.00000000 0.00000000
vt 0.00000000 0.00000000
vt 0.00000000 0.00000000
vt 0.00000000 0.00000000
vt 0.00000000 0.00000000
vt 0.00000000 0.00000000
vt 0.00000000 0.00000000
vt 0.00000000 0.00000000
vt 0.00000000 0.00000000
vt 0.00000000 0.00000000
vt 0.00000000 0.00000000
vt 0.00000000 0.00000000
vt 0.00000000 0.00000000
vt 0.00000000 0.00000000
vt 0.00000000 0.00000000
vt 0.00000000 0.00000000
vt 0.00000000 0.00000000
vt 0.00000000 0.00000000
vt 0.00000000 0.00000000
vt 0.00000000 0.00000000
vt 0.00000000 0.00000000
vt 0.00000000 0.00000000
vt 0.00000000 0.00000000
vt 0.00000000 0.00000000
vt 0.00000000 0.00000000
vt 0.00000000 0.00000000
vt 0.00000000 0.00000000
vt 0.00000000 0.00000000
vt 0.00000000 0.00000000
vt 0.00000000 0.00000000
vt 0.00000000 0.00000000
vt 0.00000000 0.00000000
vt 0.00000000 0.00000000
vt 0.00000000 0.00000000
vt 0.00000000 0.00000000
vt 0.00000000 0.00000000
vt 0.00000000 0.00000000
vt 0.00000000 0.00000000
vt 0.00000000 0.00000000
vt 0.00000000 0.00000000
vt 0.00000000 0.00000000
vt 0.00000000 0.00000000
vt 0.00000000 0.00000000
vt 0.00000000 0.00000000
vt 0.00000000 0.00000000
vt 0.00000000 0.00000000
vt 0.00000000 0.00000000
vt 0.00000000 0.00000000
vt 0.00000000 0.00000000
vt 0.00000000 0.00000000
vt 0.00000000 0.00000000
vt 0.00000000 0.00000000
vt 0.00000000 0.00000000
vt 0.00000000 0.00000000
vt 0.00000000 0.00000000
vt 0.00000000 0.00000000
vt 0.00000000 0.00000000
vt 0.00000000 0.00000000
vt 0.00000000 0.00000000
vt 0.00000000 0.00000000
vt 0.00000000 0.00000000
vt 0.00000000 0.00000000
vt 0.00000000 0.00000000
vt 0.00000000 0.00000000
vt 0.00000000 0.00000000
vt 0.00000000 0.00000000
vt 0.00000000 0.00000000
vt 0.00000000 0.00000000
vt 0.00000000 0.00000000
vt 0.00000000 0.00000000
vt 0.00000000 0.00000000
vt 0.00000000 0.00000000
vt 0.00000000 0.00000000
vt 0.00000000 0.00000000
vt 0.00000000 0.00000000
vt 0.00000000 0.00000000
vt 0.00000000 0.00000000
vt 0.00000000 0.00000000
vt 0.00000000 0.00000000
vt 0.00000000 0.00000000
vt 0.00000000 0.00000000
vt 0.00000000 0.00000000
vt 0.00000000 0.00000000
vt 0.00000000 0.00000000
vt 0.00000000 0.00000000
vt 0.00000000 0.00000000
vt 0.00000000 0.00000000
vt 0.00000000 0.00000000
vt 0.00000000 0.00000000
vt 0.00000000 0.00000000
vt 0.00000000 0.00000000
vt 0.00000000 0.00000000
vt 0.00000000 0.00000000
vt 0.00000000 0.00000000
vt 0.00000000 0.00000000
vt 0.00000000 0.00000000
vt 0.00000000 0.00000000
vt 0.00000000 0.00000000
vt 0.00000000 0.00000000
vt 0.00000000 0.00000000
vt 0.00000000 0.00000000
vt 0.00000000 0.00000000
vt 0.00000000 0.00000000
vt 0.00000000 0.00000000
vt 0.00000000 0.00000000
vt 0.00000000 0.00000000
vt 0.00000000 0.00000000
vt 0.00000000 0.00000000
vt 0.00000000 0.00000000
vt 0.00000000 0.00000000
vt 0.00000000 0.00000000
vt 0.00000000 0.00000000
vt 0.00000000 0.00000000
vt 0.00000000 0.00000000
vt 0.00000000 0.00000000
vt 0.00000000 0.00000000
vt 0.00000000 0.00000000
vt 0.00000000 0.00000000
vt 0.00000000 0.00000000
vt 0.00000000 0.00000000
vt 0.00000000 0.00000000
vt 0.00000000 0.00000000
vt 0.00000000 0.00000000
vt 0.00000000 0.00000000
vt 0.00000000 0.00000000
vt 0.00000000 0.00000000
vt 0.00000000 0.00000000
vt 0.00000000 0.00000000
vt 0.00000000 0.00000000
vt 0.00000000 0.00000000
vt 0.00000000 0.00000000
vt 0.00000000 0.00000000
vt 0.00000000 0.00000000
vt 0.00000000 0.00000000
vt 0.00000000 0.00000000
vt 0.00000000 0.00000000
vt 0.00000000 0.00000000
vt 0.00000000 0.00000000
vt 0.00000000 0.00000000
vt 0.00000000 0.00000000
vt 0.00000000 0.00000000
vt 0.00000000 0.00000000
vt 0.00000000 0.00000000
vt 0.00000000 0.00000000
vt 0.00000000 0.00000000
vt 0.00000000 0.00000000
vt 0.00000000 0.00000000
vt 0.00000000 0.00000000
vt 0.00000000 0.00000000
vt 0.00000000 0.00000000
vt 0.00000000 0.00000000
vt 0.00000000 0.00000000
vt 0.00000000 0.00000000
vt 0.00000000 0.00000000
vt 0.00000000 0.00000000
vt 0.00000000 0.00000000
vt 0.00000000 0.00000000
vt 0.00000000 0.00000000
vt 0.00000000 0.00000000
vt 0.00000000 0.00000000
vt 0.00000000 0.00000000
vt 0.00000000 0.00000000
vt 0.00000000 0.00000000
vt 0.00000000 0.00000000
vt 0.00000000 0.00000000
vt 0.00000000 0.00000000
vt 0.00000000 0.00000000
vt 0.00000000 0.00000000
vt 0.00000000 0.00000000
vt 0.00000000 0.00000000
vt 0.00000000 0.00000000
vt 0.00000000 0.00000000
vt 0.00000000 0.00000000
vt 0.00000000 0.00000000
vt 0.00000000 0.00000000
vt 0.00000000 0.00000000
vt 0.00000000 0.00000000
vt 0.00000000 0.00000000
vt 0.00000000 0.00000000
vt 0.00000000 0.00000000
vt 0.00000000 0.00000000
vt 0.00000000 0.00000000
vt 0.00000000 0.00000000
vt 0.00000000 0.00000000
vt 0.00000000 0.00000000
vt 0.00000000 0.00000000
vt 0.00000000 0.00000000
vt 0.00000000 0.00000000
vt 0.00000000 0.00000000
vt 0.00000000 0.00000000
vt 0.00000000 0.00000000
vt 0.00000000 0.00000000
vt 0.00000000 0.00000000
vt 0.00000000 0.00000000
vt 0.00000000 0.00000000
vt 0.00000000 0.00000000
vt 0.00000000 0.00000000
vt 0.00000000 0.00000000
vt 0.00000000 0.00000000
vt 0.00000000 0.00000000
vt 0.00000000 0.00000000
vt 0.00000000 0.00000000
vt 0.00000000 0.00000000
vt 0.00000000 0.00000000
vt 0.00000000 0.00000000
vt 0.00000000 0.00000000
vt 0.00000000 0.00000000
vt 0.00000000 0.00000000
vt 0.00000000 0.00000000
vt 0.00000000 0.00000000
vt 0.00000000 0.00000000
vt 0.00000000 0.00000000
vt 0.00000000 0.00000000
vt 0.00000000 0.00000000
vt 0.00000000 0.00000000
vt 0.00000000 0.00000000
vt 0.00000000 0.00000000
vt 0.00000000 0.00000000
vt 0.00000000 0.00000000
vt 0.00000000 0.00000000
vt 0.00000000 0.00000000
vt 0.00000000 0.00000000
vt 0.00000000 0.00000000
vt 0.00000000 0.00000000
vt 0.00000000 0.00000000
vt 0.00000000 0.00000000
vt 0.00000000 0.00000000
vt 0.00000000 0.00000000
vt 0.00000000 0.00000000
vt 0.00000000 0.00000000
vt 0.00000000 0.00000000
vt 0.00000000 0.00000000
vt 0.00000000 0.00000000
vt 0.00000000 0.00000000
vt 0.00000000 0.00000000
vt 0.00000000 0.00000000
vt 0.00000000 0.00000000
vt 0.00000000 0.00000000
vt 0.00000000 0.00000000
vt 0.00000000 0.00000000
vt 0.00000000 0.00000000
vt 0.00000000 0.00000000
vt 0.00000000 0.00000000
vt 0.00000000 0.00000000
vt 0.00000000 0.00000000
vt 0.00000000 0.00000000
vt 0.00000000 0.00000000
vt 0.00000000 0.00000000
vt 0.00000000 0.00000000
vt 0.00000000 0.00000000
vt 0.00000000 0.00000000
vt 0.00000000 0.00000000
vt 0.00000000 0.00000000
vt 0.00000000 0.00000000
vt 0.00000000 0.00000000
vt 0.00000000 0.00000000
vt 0.00000000 0.00000000
vt 0.00000000 0.00000000
vt 0.00000000 0.00000000
vt 0.00000000 0.00000000
vt 0.00000000 0.00000000
vt 0.00000000 0.00000000
vt 0.00000000 0.00000000
vt 0.00000000 0.00000000
vt 0.00000000 0.00000000
vt 0.00000000 0.00000000
vt 0.00000000 0.00000000
vt 0.00000000 0.00000000
vt 0.00000000 0.00000000
vt 0.00000000 0.00000000
vt 0.00000000 0.00000000
vt 0.00000000 0.00000000
vt 0.00000000 0.00000000
vt 0.00000000 0.00000000
vt 0.00000000 0.00000000
vt 0.00000000 0.00000000
vt 0.00000000 0.00000000
vt 0.00000000 0.00000000
vt 0.00000000 0.00000000
vt 0.00000000 0.00000000
vt 0.00000000 0.00000000
vt 0.00000000 0.00000000
vt 0.00000000 0.00000000
vt 0.00000000 0.00000000
vt 0.00000000 0.00000000
vt 0.00000000 0.00000000
vt 0.00000000 0.00000000
vt 0.00000000 0.00000000
vt 0.00000000 0.00000000
vt 0.00000000 0.00000000
vt 0.00000000 0.00000000
vt 0.00000000 0.00000000
vt 0.00000000 0.00000000
vt 0.00000000 0.00000000
vt 0.00000000 0.00000000
vt 0.00000000 0.00000000
vt 0.00000000 0.00000000
vt 0.00000000 0.00000000
vt 0.00000000 0.00000000
vt 0.00000000 0.00000000
vt 0.00000000 0.00000000
vt 0.00000000 0.00000000
vt 0.00000000 0.00000000
vt 0.00000000 0.00000000
vt 0.00000000 0.00000000
vt 0.00000000 0.00000000
vt 0.00000000 0.00000000
vt 0.00000000 0.00000000
vt 0.00000000 0.00000000
vt 0.00000000 0.00000000
vt 0.00000000 0.00000000
vt 0.00000000 0.00000000
vt 0.00000000 0.00000000
vt 0.00000000 0.00000000
vt 0.00000000 0.00000000
vt 0.00000000 0.00000000
vt 0.00000000 0.00000000
vt 0.00000000 0.00000000
vt 0.00000000 0.00000000
vt 0.00000000 0.00000000
vt 0.00000000 0.00000000
vt 0.00000000 0.00000000
vt 0.00000000 0.00000000
vt 0.00000000 0.00000000
vt 0.00000000 0.00000000
vt 0.00000000 0.00000000
vt 0.00000000 0.00000000
vt 0.00000000 0.00000000
vt 0.00000000 0.00000000
vt 0.00000000 0.00000000
vt 0.00000000 0.00000000
vt 0.00000000 0.00000000
vt 0.00000000 0.00000000
vt 0.00000000 0.00000000
vt 0.00000000 0.00000000
vt 0.00000000 0.00000000
vt 0.00000000 0.00000000
vt 0.00000000 0.00000000
vt 0.00000000 0.00000000
vt 0.00000000 0.00000000
vt 0.00000000 0.00000000
vt 0.00000000 0.00000000
vt 0.00000000 0.00000000
vt 0.00000000 0.00000000
vt 0.00000000 0.00000000
vt 0.00000000 0.00000000
vt 0.00000000 0.00000000
vt 0.00000000 0.00000000
vt 0.00000000 0.00000000
vt 0.00000000 0.00000000
vt 0.00000000 0.00000000
vt 0.00000000 0.00000000
vt 0.00000000 0.00000000
vt 0.00000000 0.00000000
vt 0.00000000 0.00000000
vt 0.00000000 0.00000000
vt 0.00000000 0.00000000
vt 0.00000000 0.00000000
vt 0.00000000 0.00000000
vt 0.00000000 0.00000000
vt 0.00000000 0.00000000
vt 0.00000000 0.00000000
vt 0.00000000 0.00000000
vt 0.00000000 0.00000000
vt 0.00000000 0.00000000
vt 0.00000000 0.00000000
vt 0.00000000 0.00000000
vt 0.00000000 0.00000000
vt 0.00000000 0.00000000
vt 0.00000000 0.00000000
vt 0.00000000 0.00000000
vt 0.00000000 0.00000000
vt 0.00000000 0.00000000
vt 0.00000000 0.00000000
vt 0.00000000 0.00000000
vt 0.00000000 0.00000000
vt 0.00000000 0.00000000
vt 0.00000000 0.00000000
vt 0.00000000 0.00000000
vt 0.00000000 0.00000000
vt 0.00000000 0.00000000
vt 0.00000000 0.00000000
vt 0.00000000 0.00000000
vt 0.00000000 0.00000000
vt 0.00000000 0.00000000
vt 0.00000000 0.00000000
vt 0.00000000 0.00000000
vt 0.00000000 0.00000000
vt 0.00000000 0.00000000
vt 0.00000000 0.00000000
vt 0.00000000 0.00000000
vt 0.00000000 0.00000000
vt 0.00000000 0.00000000
vt 0.00000000 0.00000000
vt 0.00000000 0.00000000
vt 0.00000000 0.00000000
vt 0.00000000 0.00000000
vt 0.00000000 0.00000000
vt 0.00000000 0.00000000
vt 0.00000000 0.00000000
vt 0.00000000 0.00000000
vt 0.00000000 0.00000000
vt 0.00000000 0.00000000
vt 0.00000000 0.00000000
vt 0.00000000 0.00000000
vt 0.00000000 0.00000000
vt 0.00000000 0.00000000
vt 0.00000000 0.00000000
vt 0.00000000 0.00000000
vt 0.00000000 0.00000000
vt 0.00000000 0.00000000
vt 0.00000000 0.00000000
vt 0.00000000 0.00000000
vt 0.00000000 0.00000000
vt 0.00000000 0.00000000
vt 0.00000000 0.00000000
vt 0.00000000 0.00000000
vt 0.00000000 0.00000000
vt 0.00000000 0.00000000
vt 0.00000000 0.00000000
vt 0.00000000 0.00000000
vt 0.00000000 0.00000000
vt 0.00000000 0.00000000
vt 0.00000000 0.00000000
vt 0.00000000 0.00000000
vt 0.00000000 0.00000000
vt 0.00000000 0.00000000
vt 0.00000000 0.00000000
vt 0.00000000 0.00000000
vt 0.00000000 0.00000000
vt 0.00000000 0.00000000
vt 0.00000000 0.00000000
vt 0.00000000 0.00000000
vt 0.00000000 0.00000000
vt 0.00000000 0.00000000
vt 0.00000000 0.00000000
vt 0.00000000 0.00000000
vt 0.00000000 0.00000000
vt 0.00000000 0.00000000
vt 0.00000000 0.00000000
vt 0.00000000 0.00000000
vt 0.00000000 0.00000000
vt 0.00000000 0.00000000
vt 0.00000000 0.00000000
vt 0.00000000 0.00000000
vt 0.00000000 0.00000000
vt 0.00000000 0.00000000
vt 0.00000000 0.00000000
vt 0.00000000 0.00000000
vt 0.00000000 0.00000000
vt 0.00000000 0.00000000
vt 0.00000000 0.00000000
vt 0.00000000 0.00000000
vt 0.00000000 0.00000000
vt 0.00000000 0.00000000
vt 0.00000000 0.00000000
vt 0.00000000 0.00000000
vt 0.00000000 0.00000000
vt 0.00000000 0.00000000
vt 0.00000000 0.00000000
vt 0.00000000 0.00000000
vt 0.00000000 0.00000000
vt 0.00000000 0.00000000
vt 0.00000000 0.00000000
vt 0.00000000 0.00000000
vt 0.00000000 0.00000000
vt 0.00000000 0.00000000
vt 0.00000000 0.00000000
vt 0.00000000 0.00000000
vt 0.00000000 0.00000000
vt 0.00000000 0.00000000
vt 0.00000000 0.00000000
vt 0.00000000 0.00000000
vt 0.00000000 0.00000000
vt 0.00000000 0.00000000
vt 0.00000000 0.00000000
vt 0.00000000 0.00000000
vt 0.00000000 0.00000000
vt 0.00000000 0.00000000
vt 0.00000000 0.00000000
vt 0.00000000 0.00000000
vt 0.00000000 0.00000000
vt 0.00000000 0.00000000
vt 0.00000000 0.00000000
vt 0.00000000 0.00000000
vt 0.00000000 0.00000000
vt 0.00000000 0.00000000
vt 0.00000000 0.00000000
vt 0.00000000 0.00000000
vt 0.00000000 0.00000000
vt 0.00000000 0.00000000
vt 0.00000000 0.00000000
vt 0.00000000 0.00000000
vt 0.00000000 0.00000000
vt 0.00000000 0.00000000
vt 0.00000000 0.00000000
vt 0.00000000 0.00000000
vt 0.00000000 0.00000000
vt 0.00000000 0.00000000
vt 0.00000000 0.00000000
vt 0.00000000 0.00000000
vt 0.00000000 0.00000000
vt 0.00000000 0.00000000
vt 0.00000000 0.00000000
vt 0.00000000 0.00000000
vt 0.00000000 0.00000000
vt 0.00000000 0.00000000
vt 0.00000000 0.00000000
vt 0.00000000 0.00000000
vt 0.00000000 0.00000000
vt 0.00000000 0.00000000
vt 0.00000000 0.00000000
vt 0.00000000 0.00000000
vt 0.00000000 0.00000000
vt 0.00000000 0.00000000
vt 0.00000000 0.00000000
vt 0.00000000 0.00000000
vt 0.00000000 0.00000000
vt 0.00000000 0.00000000
vt 0.00000000 0.00000000
vt 0.00000000 0.00000000
vt 0.00000000 0.00000000
vt 0.00000000 0.00000000
vt 0.00000000 0.00000000
vt 0.00000000 0.00000000
vt 0.00000000 0.00000000
vt 0.00000000 0.00000000
vt 0.00000000 0.00000000
vt 0.00000000 0.00000000
vt 0.00000000 0.00000000
vt 0.00000000 0.00000000
vt 0.00000000 0.00000000
vt 0.00000000 0.00000000
vt 0.00000000 0.00000000
vt 0.00000000 0.00000000
vt 0.00000000 0.00000000
vt 0.00000000 0.00000000
vt 0.00000000 0.00000000
vt 0.00000000 0.00000000
vt 0.00000000 0.00000000
vt 0.00000000 0.00000000
vt 0.00000000 0.00000000
vt 0.00000000 0.00000000
vt 0.00000000 0.00000000
vt 0.00000000 0.00000000
vt 0.00000000 0.00000000
vt 0.00000000 0.00000000
vt 0.00000000 0.00000000
vt 0.00000000 0.00000000
vt 0.00000000 0.00000000
vt 0.00000000 0.00000000
vt 0.00000000 0.00000000
vt 0.00000000 0.00000000
vt 0.00000000 0.00000000
vt 0.00000000 0.00000000
vt 0.00000000 0.00000000
vt 0.00000000 0.00000000
vt 0.00000000 0.00000000
vt 0.00000000 0.00000000
vt 0.00000000 0.00000000
vt 0.00000000 0.00000000
vt 0.00000000 0.00000000
vt 0.00000000 0.00000000
vt 0.00000000 0.00000000
vt 0.00000000 0.00000000
vt 0.00000000 0.00000000
vt 0.00000000 0.00000000
vt 0.00000000 0.00000000
vt 0.00000000 0.00000000
vt 0.00000000 0.00000000
vt 0.00000000 0.00000000
vt 0.00000000 0.00000000
vt 0.00000000 0.00000000
vt 0.00000000 0.00000000
vt 0.00000000 0.00000000
vt 0.00000000 0.00000000
vt 0.00000000 0.00000000
vt 0.00000000 0.00000000
vt 0.00000000 0.00000000
vt 0.00000000 0.00000000
vt 0.00000000 0.00000000
vt 0.00000000 0.00000000
vt 0.00000000 0.00000000
vt 0.00000000 0.00000000
vt 0.00000000 0.00000000
vt 0.00000000 0.00000000
vt 0.00000000 0.00000000
vt 0.00000000 0.00000000
vt 0.00000000 0.00000000
vt 0.00000000 0.00000000
vt 0.00000000 0.00000000
vt 0.00000000 0.00000000
vt 0.00000000 0.00000000
vt 0.00000000 0.00000000
vt 0.00000000 0.00000000
vt 0.00000000 0.00000000
vt 0.00000000 0.00000000
vt 0.00000000 0.00000000
vt 0.00000000 0.00000000
vt 0.00000000 0.00000000
vt 0.00000000 0.00000000
vt 0.00000000 0.00000000
vt 0.00000000 0.00000000
vt 0.00000000 0.00000000
vt 0.00000000 0.00000000
vt 0.00000000 0.00000000
vt 0.00000000 0.00000000
vt 0.00000000 0.00000000
vt 0.00000000 0.00000000
vt 0.00000000 0.00000000
vt 0.00000000 0.00000000
vt 0.00000000 0.00000000
vt 0.00000000 0.00000000
vt 0.00000000 0.00000000
vt 0.00000000 0.00000000
vt 0.00000000 0.00000000
vt 0.00000000 0.00000000
vt 0.00000000 0.00000000
vt 0.00000000 0.00000000
vt 0.00000000 0.00000000
vt 0.00000000 0.00000000
vt 0.00000000 0.00000000
vt 0.00000000 0.00000000
vt 0.00000000 0.00000000
vt 0.00000000 0.00000000
vt 0.00000000 0.00000000
vt 0.00000000 0.00000000
vt 0.00000000 0.00000000
vt 0.00000000 0.00000000
vt 0.00000000 0.00000000
vt 0.00000000 0.00000000
vt 0.00000000 0.00000000
vt 0.00000000 0.00000000
vt 0.00000000 0.00000000
vt 0.00000000 0.00000000
vt 0.00000000 0.00000000
vt 0.00000000 0.00000000
vt 0.00000000 0.00000000
vt 0.00000000 0.00000000
vt 0.00000000 0.00000000
vt 0.00000000 0.00000000
vt 0.00000000 0.00000000
vt 0.00000000 0.00000000
vt 0.00000000 0.00000000
vt 0.00000000 0.00000000
vt 0.00000000 0.00000000
vt 0.00000000 0.00000000
vt 0.00000000 0.00000000
vt 0.00000000 0.00000000
vt 0.00000000 0.00000000
vt 0.00000000 0.00000000
vt 0.00000000 0.00000000
vt 0.00000000 0.00000000
vt 0.00000000 0.00000000
vt 0.00000000 0.00000000
vt 0.00000000 0.00000000
vt 0.00000000 0.00000000
vt 0.00000000 0.00000000
vt 0.00000000 0.00000000
vt 0.00000000 0.00000000
vt 0.00000000 0.00000000
vt 0.00000000 0.00000000
vt 0.00000000 0.00000000
vt 0.00000000 0.00000000
vt 0.00000000 0.00000000
vt 0.00000000 0.00000000
vt 0.00000000 0.00000000
vt 0.00000000 0.00000000
vt 0.00000000 0.00000000
vt 0.00000000 0.00000000
vt 0.00000000 0.00000000
vt 0.00000000 0.00000000
vt 0.00000000 0.00000000
vt 0.00000000 0.00000000
vt 0.00000000 0.00000000
vt 0.00000000 0.00000000
vt 0.00000000 0.00000000
vt 0.00000000 0.00000000
vt 0.00000000 0.00000000
vt 0.00000000 0.00000000
vt 0.00000000 0.00000000
vt 0.00000000 0.00000000
vt 0.00000000 0.00000000
vt 0.00000000 0.00000000
vt 0.00000000 0.00000000
vt 0.00000000 0.00000000
vt 0.00000000 0.00000000
vt 0.00000000 0.00000000
vt 0.00000000 0.00000000
vt 0.00000000 0.00000000
vt 0.00000000 0.00000000
vt 0.00000000 0.00000000
vt 0.00000000 0.00000000
vt 0.00000000 0.00000000
vt 0.00000000 0.00000000
vt 0.00000000 0.00000000
vt 0.00000000 0.00000000
vt 0.00000000 0.00000000
vt 0.00000000 0.00000000
vt 0.00000000 0.00000000
vt 0.00000000 0.00000000
vt 0.00000000 0.00000000
vt 0.00000000 0.00000000
vt 0.00000000 0.00000000
vt 0.00000000 0.00000000
vt 0.00000000 0.00000000
vt 0.00000000 0.00000000
vt 0.00000000 0.00000000
vt 0.00000000 0.00000000
vt 0.00000000 0.00000000
vt 0.00000000 0.00000000
vt 0.00000000 0.00000000
vt 0.00000000 0.00000000
vt 0.00000000 0.00000000
vt 0.00000000 0.00000000
vt 0.00000000 0.00000000
vt 0.00000000 0.00000000
vt 0.00000000 0.00000000
vt 0.00000000 0.00000000
vt 0.00000000 0.00000000
vt 0.00000000 0.00000000
vt 0.00000000 0.00000000
vt 0.00000000 0.00000000
vt 0.00000000 0.00000000
vt 0.00000000 0.00000000
vt 0.00000000 0.00000000
vt 0.00000000 0.00000000
vt 0.00000000 0.00000000
vt 0.00000000 0.00000000
vt 0.00000000 0.00000000
vt 0.00000000 0.00000000
vt 0.00000000 0.00000000
vt 0.00000000 0.00000000
vt 0.00000000 0.00000000
vt 0.00000000 0.00000000
vt 0.00000000 0.00000000
vt 0.00000000 0.00000000
vt 0.00000000 0.00000000
vt 0.00000000 0.00000000
vt 0.00000000 0.00000000
vt 0.00000000 0.00000000
vt 0.00000000 0.00000000
vt 0.00000000 0.00000000
vt 0.00000000 0.00000000
vt 0.00000000 0.00000000
vt 0.00000000 0.00000000
vt 0.00000000 0.00000000
vt 0.00000000 0.00000000
vt 0.00000000 0.00000000
vt 0.00000000 0.00000000
vt 0.00000000 0.00000000
vt 0.00000000 0.00000000
vt 0.00000000 0.00000000
vt 0.00000000 0.00000000
vt 0.00000000 0.00000000
vt 0.00000000 0.00000000
vt 0.00000000 0.00000000
vt 0.00000000 0.00000000
vt 0.00000000 0.00000000
vt 0.00000000 0.00000000
vt 0.00000000 0.00000000
vt 0.00000000 0.00000000
vt 0.00000000 0.00000000
vt 0.00000000 0.00000000
vt 0.00000000 0.00000000
vt 0.00000000 0.00000000
vt 0.00000000 0.00000000
vt 0.00000000 0.00000000
vt 0.00000000 0.00000000
vt 0.00000000 0.00000000
vt 0.00000000 0.00000000
vt 0.00000000 0.00000000
vt 0.00000000 0.00000000
vt 0.00000000 0.00000000
vt 0.00000000 0.00000000
vt 0.00000000 0.00000000
vt 0.00000000 0.00000000
vt 0.00000000 0.00000000
vt 0.00000000 0.00000000
vt 0.00000000 0.00000000
vt 0.00000000 0.00000000
vt 0.00000000 0.00000000
vt 0.00000000 0.00000000
vt 0.00000000 0.00000000
vt 0.00000000 0.00000000
vt 0.00000000 0.00000000
vt 0.00000000 0.00000000
vt 0.00000000 0.00000000
vt 0.00000000 0.00000000
vt 0.00000000 0.00000000
vt 0.00000000 0.00000000
vt 0.00000000 0.00000000
vt 0.00000000 0.00000000
vt 0.00000000 0.00000000
vt 0.00000000 0.00000000
vt 0.00000000 0.00000000
vt 0.00000000 0.00000000
vt 0.00000000 0.00000000
vt 0.00000000 0.00000000
vt 0.00000000 0.00000000
vt 0.00000000 0.00000000
vt 0.00000000 0.00000000
vt 0.00000000 0.00000000
vt 0.00000000 0.00000000
vt 0.00000000 0.00000000
vt 0.00000000 0.00000000
vt 0.00000000 0.00000000
vt 0.00000000 0.00000000
vt 0.00000000 0.00000000
vt 0.00000000 0.00000000
vt 0.00000000 0.00000000
vt 0.00000000 0.00000000
vt 0.00000000 0.00000000
vt 0.00000000 0.00000000
vt 0.00000000 0.00000000
vt 0.00000000 0.00000000
vt 0.00000000 0.00000000
vt 0.00000000 0.00000000
vt 0.00000000 0.00000000
vt 0.00000000 0.00000000
vt 0.00000000 0.00000000
vt 0.00000000 0.00000000
vt 0.00000000 0.00000000
vt 0.00000000 0.00000000
vt 0.00000000 0.00000000
vt 0.00000000 0.00000000
vt 0.00000000 0.00000000
vt 0.00000000 0.00000000
vt 0.00000000 0.00000000
vt 0.00000000 0.00000000
vt 0.00000000 0.00000000
vt 0.00000000 0.00000000
vt 0.00000000 0.00000000
vt 0.00000000 0.00000000
vt 0.00000000 0.00000000
vt 0.00000000 0.00000000
vt 0.00000000 0.00000000
vt 0.00000000 0.00000000
vt 0.00000000 0.00000000
vt 0.00000000 0.00000000
vt 0.00000000 0.00000000
vt 0.00000000 0.00000000
vt 0.00000000 0.00000000
vt 0.00000000 0.00000000
vt 0.00000000 0.00000000
vt 0.00000000 0.00000000
vt 0.00000000 0.00000000
vt 0.00000000 0.00000000
vt 0.00000000 0.00000000
vt 0.00000000 0.00000000
vt 0.00000000 0.00000000
vt 0.00000000 0.00000000
vt 0.00000000 0.00000000
vt 0.00000000 0.00000000
vt 0.00000000 0.00000000
vt 0.00000000 0.00000000
vt 0.00000000 0.00000000
vt 0.00000000 0.00000000
vt 0.00000000 0.00000000
vt 0.00000000 0.00000000
vt 0.00000000 0.00000000
vt 0.00000000 0.00000000
vt 0.00000000 0.00000000
vt 0.00000000 0.00000000
vt 0.00000000 0.00000000
vt 0.00000000 0.00000000
vt 0.00000000 0.00000000
vt 0.00000000 0.00000000
vt 0.00000000 0.00000000
vt 0.00000000 0.00000000
vt 0.00000000 0.00000000
vt 0.00000000 0.00000000
vt 0.00000000 0.00000000
vt 0.00000000 0.00000000
vt 0.00000000 0.00000000
vt 0.00000000 0.00000000
vt 0.00000000 0.00000000
vt 0.00000000 0.00000000
vt 0.00000000 0.00000000
vt 0.00000000 0.00000000
vt 0.00000000 0.00000000
vt 0.00000000 0.00000000
vt 0.00000000 0.00000000
vt 0.00000000 0.00000000
vt 0.00000000 0.00000000
vt 0.00000000 0.00000000
vt 0.00000000 0.00000000
vt 0.00000000 0.00000000
vt 0.00000000 0.00000000
vt 0.00000000 0.00000000
vt 0.00000000 0.00000000
vt 0.00000000 0.00000000
vt 0.00000000 0.00000000
vt 0.00000000 0.00000000
vt 0.00000000 0.00000000
vt 0.00000000 0.00000000
vt 0.00000000 0.00000000
vt 0.00000000 0.00000000
vt 0.00000000 0.00000000
vt 0.00000000 0.00000000
vt 0.00000000 0.00000000
vt 0.00000000 0.00000000
vt 0.00000000 0.00000000
vt 0.00000000 0.00000000
vt 0.00000000 0.00000000
vt 0.00000000 0.00000000
vt 0.00000000 0.00000000
vt 0.00000000 0.00000000
vt 0.00000000 0.00000000
vt 0.00000000 0.00000000
vt 0.00000000 0.00000000
vt 0.00000000 0.00000000
vt 0.00000000 0.00000000
vt 0.00000000 0.00000000
vt 0.00000000 0.00000000
vt 0.00000000 0.00000000
vt 0.00000000 0.00000000
vt 0.00000000 0.00000000
vt 0.00000000 0.00000000
vt 0.00000000 0.00000000
vt 0.00000000 0.00000000
vt 0.00000000 0.00000000
vt 0.00000000 0.00000000
vt 0.00000000 0.00000000
vt 0.00000000 0.00000000
vt 0.00000000 0.00000000
vt 0.00000000 0.00000000
vt 0.00000000 0.00000000
vt 0.00000000 0.00000000
vt 0.00000000 0.00000000
vt 0.00000000 0.00000000
vt 0.00000000 0.00000000
vt 0.00000000 0.00000000
vt 0.00000000 0.00000000
vt 0.00000000 0.00000000
vt 0.00000000 0.00000000
vt 0.00000000 0.00000000
vt 0.00000000 0.00000000
vt 0.00000000 0.00000000
vt 0.00000000 0.00000000
vt 0.00000000 0.00000000
vt 0.00000000 0.00000000
vt 0.00000000 0.00000000
vt 0.00000000 0.00000000
vt 0.00000000 0.00000000
vt 0.00000000 0.00000000
vt 0.00000000 0.00000000
vt 0.00000000 0.00000000
vt 0.00000000 0.00000000
vt 0.00000000 0.00000000
vt 0.00000000 0.00000000
vt 0.00000000 0.00000000
vt 0.00000000 0.00000000
vt 0.00000000 0.00000000
vt 0.00000000 0.00000000
vt 0.00000000 0.00000000
vt 0.00000000 0.00000000
vt 0.00000000 0.00000000
vt 0.00000000 0.00000000
vt 0.00000000 0.00000000
vt 0.00000000 0.00000000
vt 0.00000000 0.00000000
vt 0.00000000 0.00000000
vt 0.00000000 0.00000000
vt 0.00000000 0.00000000
vt 0.00000000 0.00000000
vt 0.00000000 0.00000000
vt 0.00000000 0.00000000
vt 0.00000000 0.00000000
vt 0.00000000 0.00000000
vt 0.00000000 0.00000000
vt 0.00000000 0.00000000
vt 0.00000000 0.00000000
vt 0.00000000 0.00000000
vt 0.00000000 0.00000000
vt 0.00000000 0.00000000
vt 0.00000000 0.00000000
vt 0.00000000 0.00000000
vt 0.00000000 0.00000000
vt 0.00000000 0.00000000
vt 0.00000000 0.00000000
vt 0.00000000 0.00000000
vt 0.00000000 0.00000000
vt 0.00000000 0.00000000
vt 0.00000000 0.00000000
vt 0.00000000 0.00000000
vt 0.00000000 0.00000000
vt 0.00000000 0.00000000
vt 0.00000000 0.00000000
vt 0.00000000 0.00000000
vt 0.00000000 0.00000000
vt 0.00000000 0.00000000
vt 0.00000000 0.00000000
vt 0.00000000 0.00000000
vt 0.00000000 0.00000000
vt 0.00000000 0.00000000
vt 0.00000000 0.00000000
vt 0.00000000 0.00000000
vt 0.00000000 0.00000000
vt 0.00000000 0.00000000
vt 0.00000000 0.00000000
vt 0.00000000 0.00000000
vt 0.00000000 0.00000000
vt 0.00000000 0.00000000
vt 0.00000000 0.00000000
vt 0.00000000 0.00000000
vt 0.00000000 0.00000000
vt 0.00000000 0.00000000
vt 0.00000000 0.00000000
vt 0.00000000 0.00000000
vt 0.00000000 0.00000000
vt 0.00000000 0.00000000
vt 0.00000000 0.00000000
vt 0.00000000 0.00000000
vt 0.00000000 0.00000000
vt 0.00000000 0.00000000
vt 0.00000000 0.00000000
vt 0.00000000 0.00000000
vt 0.00000000 0.00000000
vt 0.00000000 0.00000000
vt 0.00000000 0.00000000
vt 0.00000000 0.00000000
vt 0.00000000 0.00000000
vt 0.00000000 0.00000000
vt 0.00000000 0.00000000
vt 0.00000000 0.00000000
vt 0.00000000 0.00000000
vt 0.00000000 0.00000000
vt 0.00000000 0.00000000
vt 0.00000000 0.00000000
vt 0.00000000 0.00000000
vt 0.00000000 0.00000000
vt 0.00000000 0.00000000
vt 0.00000000 0.00000000
vt 0.00000000 0.00000000
vt 0.00000000 0.00000000
vt 0.00000000 0.00000000
vt 0.00000000 0.00000000
vt 0.00000000 0.00000000
vt 0.00000000 0.00000000
vt 0.00000000 0.00000000
vt 0.00000000 0.00000000
vt 0.00000000 0.00000000
vt 0.00000000 0.00000000
vt 0.00000000 0.00000000
vt 0.00000000 0.00000000
vt 0.00000000 0.00000000
vt 0.00000000 0.00000000
vt 0.00000000 0.00000000
vt 0.00000000 0.00000000
vt 0.00000000 0.00000000
vt 0.00000000 0.00000000
vt 0.00000000 0.00000000
vt 0.00000000 0.00000000
vt 0.00000000 0.00000000
vt 0.00000000 0.00000000
vt 0.00000000 0.00000000
vt 0.00000000 0.00000000
vt 0.00000000 0.00000000
vt 0.00000000 0.00000000
vt 0.00000000 0.00000000
vt 0.00000000 0.00000000
vt 0.00000000 0.00000000
vt 0.00000000 0.00000000
vt 0.00000000 0.00000000
vt 0.00000000 0.00000000
vt 0.00000000 0.00000000
vt 0.00000000 0.00000000
vt 0.00000000 0.00000000
vt 0.00000000 0.00000000
vt 0.00000000 0.00000000
vt 0.00000000 0.00000000
vt 0.00000000 0.00000000
vt 0.00000000 0.00000000
vt 0.00000000 0.00000000
vt 0.00000000 0.00000000
vt 0.00000000 0.00000000
vt 0.00000000 0.00000000
vt 0.00000000 0.00000000
vt 0.00000000 0.00000000
vt 0.00000000 0.00000000
vt 0.00000000 0.00000000
vt 0.00000000 0.00000000
vt 0.00000000 0.00000000
vt 0.00000000 0.00000000
vt 0.00000000 0.00000000
vt 0.00000000 0.00000000
vt 0.00000000 0.00000000
vt 0.00000000 0.00000000
vt 0.00000000 0.00000000
vt 0.00000000 0.00000000
vt 0.00000000 0.00000000
vt 0.00000000 0.00000000
vt 0.00000000 0.00000000
vt 0.00000000 0.00000000
vt 0.00000000 0.00000000
vt 0.00000000 0.00000000
vt 0.00000000 0.00000000
vt 0.00000000 0.00000000
vt 0.00000000 0.00000000
vt 0.00000000 0.00000000
vt 0.00000000 0.00000000
vt 0.00000000 0.00000000
vt 0.00000000 0.00000000
vt 0.00000000 0.00000000
vt 0.00000000 0.00000000
vt 0.00000000 0.00000000
vt 0.00000000 0.00000000
vt 0.00000000 0.00000000
vt 0.00000000 0.00000000
vt 0.00000000 0.00000000
vt 0.00000000 0.00000000
vt 0.00000000 0.00000000
vt 0.00000000 0.00000000
vt 0.00000000 0.00000000
vt 0.00000000 0.00000000
vt 0.00000000 0.00000000
vt 0.00000000 0.00000000
vt 0.00000000 0.00000000
vt 0.00000000 0.00000000
vt 0.00000000 0.00000000
vt 0.00000000 0.00000000
vt 0.00000000 0.00000000
vt 0.00000000 0.00000000
vt 0.00000000 0.00000000
vt 0.00000000 0.00000000
vt 0.00000000 0.00000000
vt 0.00000000 0.00000000
vt 0.00000000 0.00000000
vt 0.00000000 0.00000000
vt 0.00000000 0.00000000
vt 0.00000000 0.00000000
vt 0.00000000 0.00000000
vt 0.00000000 0.00000000
vt 0.00000000 0.00000000
vt 0.00000000 0.00000000
vt 0.00000000 0.00000000
vt 0.00000000 0.00000000
vt 0.00000000 0.00000000
vt 0.00000000 0.00000000
vt 0.00000000 0.00000000
vt 0.00000000 0.00000000
vt 0.00000000 0.00000000
vt 0.00000000 0.00000000
vt 0.00000000 0.00000000
vt 0.00000000 0.00000000
vt 0.00000000 0.00000000
vt 0.00000000 0.00000000
vt 0.00000000 0.00000000
vt 0.00000000 0.00000000
vt 0.00000000 0.00000000
vt 0.00000000 0.00000000
vt 0.00000000 0.00000000
vt 0.00000000 0.00000000
vt 0.00000000 0.00000000
vt 0.00000000 0.00000000
vt 0.00000000 0.00000000
vt 0.00000000 0.00000000
vt 0.00000000 0.00000000
vt 0.00000000 0.00000000
vt 0.00000000 0.00000000
vt 0.00000000 0.00000000
vt 0.00000000 0.00000000
vt 0.00000000 0.00000000
vt 0.00000000 0.00000000
vt 0.00000000 0.00000000
vt 0.00000000 0.00000000
vt 0.00000000 0.00000000
vt 0.00000000 0.00000000
vt 0.00000000 0.00000000
vt 0.00000000 0.00000000
vt 0.00000000 0.00000000
vt 0.00000000 0.00000000
vt 0.00000000 0.00000000
vt 0.00000000 0.00000000
vt 0.00000000 0.00000000
vt 0.00000000 0.00000000
vt 0.00000000 0.00000000
vt 0.00000000 0.00000000
vt 0.00000000 0.00000000
vt 0.00000000 0.00000000
vt 0.00000000 0.00000000
vt 0.00000000 0.00000000
vt 0.00000000 0.00000000
vt 0.00000000 0.00000000
vt 0.00000000 0.00000000
vt 0.00000000 0.00000000
vt 0.00000000 0.00000000
vt 0.00000000 0.00000000
vt 0.00000000 0.00000000
vt 0.00000000 0.00000000
vt 0.00000000 0.00000000
vt 0.00000000 0.00000000
vt 0.00000000 0.00000000
vt 0.00000000 0.00000000
vt 0.00000000 0.00000000
vt 0.00000000 0.00000000
vt 0.00000000 0.00000000
vt 0.00000000 0.00000000
vt 0.00000000 0.00000000
vt 0.00000000 0.00000000
vt 0.00000000 0.00000000
vt 0.00000000 0.00000000
vt 0.00000000 0.00000000
vt 0.00000000 0.00000000
vt 0.00000000 0.00000000
vt 0.00000000 0.00000000
vt 0.00000000 0.00000000
vt 0.00000000 0.00000000
vt 0.00000000 0.00000000
vt 0.00000000 0.00000000
vt 0.00000000 0.00000000
vt 0.00000000 0.00000000
vt 0.00000000 0.00000000
vt 0.00000000 0.00000000
vt 0.00000000 0.00000000
vt 0.00000000 0.00000000
vt 0.00000000 0.00000000
vt 0.00000000 0.00000000
vt 0.00000000 0.00000000
vt 0.00000000 0.00000000
vt 0.00000000 0.00000000
vt 0.00000000 0.00000000
vt 0.00000000 0.00000000
vt 0.00000000 0.00000000
vt 0.00000000 0.00000000
vt 0.00000000 0.00000000
vt 0.00000000 0.00000000
vt 0.00000000 0.00000000
vt 0.00000000 0.00000000
vt 0.00000000 0.00000000
vt 0.00000000 0.00000000
vt 0.00000000 0.00000000
vt 0.00000000 0.00000000
vt 0.00000000 0.00000000
vt 0.00000000 0.00000000
vt 0.00000000 0.00000000
vt 0.00000000 0.00000000
vt 0.00000000 0.00000000
vt 0.00000000 0.00000000
vt 0.00000000 0.00000000
vt 0.00000000 0.00000000
vt 0.00000000 0.00000000
vt 0.00000000 0.00000000
vt 0.00000000 0.00000000
vt 0.00000000 0.00000000
vt 0.00000000 0.00000000
vt 0.00000000 0.00000000
vt 0.00000000 0.00000000
vt 0.00000000 0.00000000
vt 0.00000000 0.00000000
vt 0.00000000 0.00000000
vt 0.00000000 0.00000000
vt 0.00000000 0.00000000
vt 0.00000000 0.00000000
vt 0.00000000 0.00000000
vt 0.00000000 0.00000000
vt 0.00000000 0.00000000
vt 0.00000000 0.00000000
vt 0.00000000 0.00000000
vt 0.00000000 0.00000000
vt 0.00000000 0.00000000
vt 0.00000000 0.00000000
vt 0.00000000 0.00000000
vt 0.00000000 0.00000000
vt 0.00000000 0.00000000
vt 0.00000000 0.00000000
vt 0.00000000 0.00000000
vt 0.00000000 0.00000000
vt 0.00000000 0.00000000
vt 0.00000000 0.00000000
vt 0.00000000 0.00000000
vt 0.00000000 0.00000000
vt 0.00000000 0.00000000
vt 0.00000000 0.00000000
vt 0.00000000 0.00000000
vt 0.00000000 0.00000000
vt 0.00000000 0.00000000
vt 0.00000000 0.00000000
vt 0.00000000 0.00000000
vt 0.00000000 0.00000000
vt 0.00000000 0.00000000
vt 0.00000000 0.00000000
vt 0.00000000 0.00000000
vt 0.00000000 0.00000000
vt 0.00000000 0.00000000
vt 0.00000000 0.00000000
vt 0.00000000 0.00000000
vt 0.00000000 0.00000000
vt 0.00000000 0.00000000
vt 0.00000000 0.00000000
vt 0.00000000 0.00000000
vt 0.00000000 0.00000000
vt 0.00000000 0.00000000
vt 0.00000000 0.00000000
vt 0.00000000 0.00000000
vt 0.00000000 0.00000000
vt 0.00000000 0.00000000
vt 0.00000000 0.00000000
vt 0.00000000 0.00000000
vt 0.00000000 0.00000000
vt 0.00000000 0.00000000
vt 0.00000000 0.00000000
vt 0.00000000 0.00000000
vt 0.00000000 0.00000000
vt 0.00000000 0.00000000
vt 0.00000000 0.00000000
vt 0.00000000 0.00000000
vt 0.00000000 0.00000000
vt 0.00000000 0.00000000
vt 0.00000000 0.00000000
vt 0.00000000 0.00000000
vt 0.00000000 0.00000000
vt 0.00000000 0.00000000
vt 0.00000000 0.00000000
vt 0.00000000 0.00000000
vt 0.00000000 0.00000000
vt 0.00000000 0.00000000
vt 0.00000000 0.00000000
vt 0.00000000 0.00000000
vt 0.00000000 0.00000000
vt 0.00000000 0.00000000
vt 0.00000000 0.00000000
vt 0.00000000 0.00000000
vt 0.00000000 0.00000000
vt 0.00000000 0.00000000
vt 0.00000000 0.00000000
vt 0.00000000 0.00000000
vt 0.00000000 0.00000000
vt 0.00000000 0.00000000
vt 0.00000000 0.00000000
vt 0.00000000 0.00000000
vt 0.00000000 0.00000000
vt 0.00000000 0.00000000
vt 0.00000000 0.00000000
vt 0.00000000 0.00000000
vt 0.00000000 0.00000000
vt 0.00000000 0.00000000
vt 0.00000000 0.00000000
vt 0.00000000 0.00000000
vt 0.00000000 0.00000000
vt 0.00000000 0.00000000
vt 0.00000000 0.00000000
vt 0.00000000 0.00000000
vt 0.00000000 0.00000000
vt 0.00000000 0.00000000
vt 0.00000000 0.00000000
vt 0.00000000 0.00000000
vt 0.00000000 0.00000000
vt 0.00000000 0.00000000
vt 0.00000000 0.00000000
vt 0.00000000 0.00000000
vt 0.00000000 0.00000000
vt 0.00000000 0.00000000
vt 0.00000000 0.00000000
vt 0.00000000 0.00000000
vt 0.00000000 0.00000000
vt 0.00000000 0.00000000
vt 0.00000000 0.00000000
vt 0.00000000 0.00000000
vt 0.00000000 0.00000000
vt 0.00000000 0.00000000
vt 0.00000000 0.00000000
vt 0.00000000 0.00000000
vt 0.00000000 0.00000000
vt 0.00000000 0.00000000
vt 0.00000000 0.00000000
vt 0.00000000 0.00000000
vt 0.00000000 0.00000000
vt 0.00000000 0.00000000
vt 0.00000000 0.00000000
vt 0.00000000 0.00000000
vt 0.00000000 0.00000000
vt 0.00000000 0.00000000
vt 0.00000000 0.00000000
vt 0.00000000 0.00000000
vt 0.00000000 0.00000000
vt 0.00000000 0.00000000
vt 0.00000000 0.00000000
vt 0.00000000 0.00000000
vt 0.00000000 0.00000000
vt 0.00000000 0.00000000
vt 0.00000000 0.00000000
vt 0.00000000 0.00000000
vt 0.00000000 0.00000000
vt 0.00000000 0.00000000
vt 0.00000000 0.00000000
vt 0.00000000 0.00000000
vt 0.00000000 0.00000000
vt 0.00000000 0.00000000
vt 0.00000000 0.00000000
vt 0.00000000 0.00000000
vt 0.00000000 0.00000000
vt 0.00000000 0.00000000
vt 0.00000000 0.00000000
vt 0.00000000 0.00000000
vt 0.00000000 0.00000000
vt 0.00000000 0.00000000
vt 0.00000000 0.00000000
vt 0.00000000 0.00000000
vt 0.00000000 0.00000000
vt 0.00000000 0.00000000
vt 0.00000000 0.00000000
vt 0.00000000 0.00000000
vt 0.00000000 0.00000000
vt 0.00000000 0.00000000
vt 0.00000000 0.00000000
vt 0.00000000 0.00000000
vt 0.00000000 0.00000000
vt 0.00000000 0.00000000
vt 0.00000000 0.00000000
vt 0.00000000 0.00000000
vt 0.00000000 0.00000000
vt 0.00000000 0.00000000
vt 0.00000000 0.00000000
vt 0.00000000 0.00000000
vt 0.00000000 0.00000000
vt 0.00000000 0.00000000
vt 0.00000000 0.00000000
vt 0.00000000 0.00000000
vt 0.00000000 0.00000000
vt 0.00000000 0.00000000
vt 0.00000000 0.00000000
vt 0.00000000 0.00000000
vt 0.00000000 0.00000000
vt 0.00000000 0.00000000
vt 0.00000000 0.00000000
vt 0.00000000 0.00000000
vt 0.00000000 0.00000000
vt 0.00000000 0.00000000
vt 0.00000000 0.00000000
vt 0.00000000 0.00000000
vt 0.00000000 0.00000000
vt 0.00000000 0.00000000
vt 0.00000000 0.00000000
vt 0.00000000 0.00000000
vt 0.00000000 0.00000000
vt 0.00000000 0.00000000
vt 0.00000000 0.00000000
vt 0.00000000 0.00000000
vt 0.00000000 0.00000000
vt 0.00000000 0.00000000
vt 0.00000000 0.00000000
vt 0.00000000 0.00000000
vt 0.00000000 0.00000000
vt 0.00000000 0.00000000
vt 0.00000000 0.00000000
vt 0.00000000 0.00000000
vt 0.00000000 0.00000000
vt 0.00000000 0.00000000
vt 0.00000000 0.00000000
vt 0.00000000 0.00000000
vt 0.00000000 0.00000000
vt 0.00000000 0.00000000
vt 0.00000000 0.00000000
vt 0.00000000 0.00000000
vt 0.00000000 0.00000000
vt 0.00000000 0.00000000
vt 0.00000000 0.00000000
vt 0.00000000 0.00000000
vt 0.00000000 0.00000000
vt 0.00000000 0.00000000
vt 0.00000000 0.00000000
vt 0.00000000 0.00000000
vt 0.00000000 0.00000000
vt 0.00000000 0.00000000
vt 0.00000000 0.00000000
vt 0.00000000 0.00000000
vt 0.00000000 0.00000000
vt 0.00000000 0.00000000
vt 0.00000000 0.00000000
vt 0.00000000 0.00000000
vt 0.00000000 0.00000000
vt 0.00000000 0.00000000
vt 0.00000000 0.00000000
vt 0.00000000 0.00000000
vt 0.00000000 0.00000000
vt 0.00000000 0.00000000
vt 0.00000000 0.00000000
vt 0.00000000 0.00000000
vt 0.00000000 0.00000000
vt 0.00000000 0.00000000
vt 0.00000000 0.00000000
vt 0.00000000 0.00000000
vt 0.00000000 0.00000000
vt 0.00000000 0.00000000
vt 0.00000000 0.00000000
vt 0.00000000 0.00000000
vt 0.00000000 0.00000000
vt 0.00000000 0.00000000
vt 0.00000000 0.00000000
vt 0.00000000 0.00000000
vt 0.00000000 0.00000000
vt 0.00000000 0.00000000
vt 0.00000000 0.00000000
vt 0.00000000 0.00000000
vt 0.00000000 0.00000000
vt 0.00000000 0.00000000
vt 0.00000000 0.00000000
vt 0.00000000 0.00000000
vt 0.00000000 0.00000000
vt 0.00000000 0.00000000
vt 0.00000000 0.00000000
vt 0.00000000 0.00000000
vt 0.00000000 0.00000000
vt 0.00000000 0.00000000
vt 0.00000000 0.00000000
vt 0.00000000 0.00000000
vt 0.00000000 0.00000000
vt 0.00000000 0.00000000
vt 0.00000000 0.00000000
vt 0.00000000 0.00000000
vt 0.00000000 0.00000000
vt 0.00000000 0.00000000
vt 0.00000000 0.00000000
vt 0.00000000 0.00000000
vt 0.00000000 0.00000000
vt 0.00000000 0.00000000
vt 0.00000000 0.00000000
vt 0.00000000 0.00000000
vt 0.00000000 0.00000000
vt 0.00000000 0.00000000
vt 0.00000000 0.00000000
vt 0.00000000 0.00000000
vt 0.00000000 0.00000000
vt 0.00000000 0.00000000
vt 0.00000000 0.00000000
vt 0.00000000 0.00000000
vt 0.00000000 0.00000000
vt 0.00000000 0.00000000
vt 0.00000000 0.00000000
vt 0.00000000 0.00000000
vt 0.00000000 0.00000000
vt 0.00000000 0.00000000
vt 0.00000000 0.00000000
vt 0.00000000 0.00000000
vt 0.00000000 0.00000000
vt 0.00000000 0.00000000
vt 0.00000000 0.00000000
vt 0.00000000 0.00000000
vt 0.00000000 0.00000000
vt 0.00000000 0.00000000
vt 0.00000000 0.00000000
vt 0.00000000 0.00000000
vt 0.00000000 0.00000000
vt 0.00000000 0.00000000
vt 0.00000000 0.00000000
vt 0.00000000 0.00000000
vt 0.00000000 0.00000000
vt 0.00000000 0.00000000
vt 0.00000000 0.00000000
vt 0.00000000 0.00000000
vt 0.00000000 0.00000000
vt 0.00000000 0.00000000
vt 0.00000000 0.00000000
vt 0.00000000 0.00000000
vt 0.00000000 0.00000000
vt 0.00000000 0.00000000
vt 0.00000000 0.00000000
vt 0.00000000 0.00000000
vt 0.00000000 0.00000000
vt 0.00000000 0.00000000
vt 0.00000000 0.00000000
vt 0.00000000 0.00000000
vt 0.00000000 0.00000000
vt 0.00000000 0.00000000
vt 0.00000000 0.00000000
vt 0.00000000 0.00000000
vt 0.00000000 0.00000000
vt 0.00000000 0.00000000
vt 0.00000000 0.00000000
vt 0.00000000 0.00000000
vt 0.00000000 0.00000000
vt 0.00000000 0.00000000
vt 0.00000000 0.00000000
vt 0.00000000 0.00000000
vt 0.00000000 0.00000000
vt 0.00000000 0.00000000
vt 0.00000000 0.00000000
vt 0.00000000 0.00000000
vt 0.00000000 0.00000000
vt 0.00000000 0.00000000
vt 0.00000000 0.00000000
vt 0.00000000 0.00000000
vt 0.00000000 0.00000000
vt 0.00000000 0.00000000
vt 0.00000000 0.00000000
vt 0.00000000 0.00000000
vt 0.00000000 0.00000000
vt 0.00000000 0.00000000
vt 0.00000000 0.00000000
vt 0.00000000 0.00000000
vt 0.00000000 0.00000000
vt 0.00000000 0.00000000
vt 0.00000000 0.00000000
vt 0.00000000 0.00000000
vt 0.00000000 0.00000000
vt 0.00000000 0.00000000
vt 0.00000000 0.00000000
vt 0.00000000 0.00000000
vt 0.00000000 0.00000000
vt 0.00000000 0.00000000
vt 0.00000000 0.00000000
vt 0.00000000 0.00000000
vt 0.00000000 0.00000000
vt 0.00000000 0.00000000
vt 0.00000000 0.00000000
vt 0.00000000 0.00000000
vt 0.00000000 0.00000000
vt 0.00000000 0.00000000
vt 0.00000000 0.00000000
vt 0.00000000 0.00000000
vt 0.00000000 0.00000000
vt 0.00000000 0.00000000
vt 0.00000000 0.00000000
vt 0.00000000 0.00000000
vt 0.00000000 0.00000000
vt 0.00000000 0.00000000
vt 0.00000000 0.00000000
vt 0.00000000 0.00000000
vt 0.00000000 0.00000000
vt 0.00000000 0.00000000
vt 0.00000000 0.00000000
vt 0.00000000 0.00000000
vt 0.00000000 0.00000000
vt 0.00000000 0.00000000
vt 0.00000000 0.00000000
vt 0.00000000 0.00000000
vt 0.00000000 0.00000000
vt 0.00000000 0.00000000
vt 0.00000000 0.00000000
vt 0.00000000 0.00000000
vt 0.00000000 0.00000000
vt 0.00000000 0.00000000
vt 0.00000000 0.00000000
vt 0.00000000 0.00000000
vt 0.00000000 0.00000000
vt 0.00000000 0.00000000
vt 0.00000000 0.00000000
vt 0.00000000 0.00000000
vt 0.00000000 0.00000000
vt 0.00000000 0.00000000
vt 0.00000000 0.00000000
vt 0.00000000 0.00000000
vt 0.00000000 0.00000000
vt 0.00000000 0.00000000
vt 0.00000000 0.00000000
vt 0.00000000 0.00000000
vt 0.00000000 0.00000000
vt 0.00000000 0.00000000
vt 0.00000000 0.00000000
vt 0.00000000 0.00000000
vt 0.00000000 0.00000000
vt 0.00000000 0.00000000
vt 0.00000000 0.00000000
vt 0.00000000 0.00000000
vt 0.00000000 0.00000000
vt 0.00000000 0.00000000
vt 0.00000000 0.00000000
vt 0.00000000 0.00000000
vt 0.00000000 0.00000000
vt 0.00000000 0.00000000
vt 0.00000000 0.00000000
vt 0.00000000 0.00000000
vt 0.00000000 0.00000000
vt 0.00000000 0.00000000
vt 0.00000000 0.00000000
vt 0.00000000 0.00000000
vt 0.00000000 0.00000000
vt 0.00000000 0.00000000
vt 0.00000000 0.00000000
vt 0.00000000 0.00000000
vt 0.00000000 0.00000000
vt 0.00000000 0.00000000
vt 0.00000000 0.00000000
vt 0.00000000 0.00000000
vt 0.00000000 0.00000000
vt 0.00000000 0.00000000
vt 0.00000000 0.00000000
vt 0.00000000 0.00000000
vt 0.00000000 0.00000000
vt 0.00000000 0.00000000
vt 0.00000000 0.00000000
vt 0.00000000 0.00000000
vt 0.00000000 0.00000000
vt 0.00000000 0.00000000
vt 0.00000000 0.00000000
vt 0.00000000 0.00000000
vt 0.00000000 0.00000000
vt 0.00000000 0.00000000
vt 0.00000000 0.00000000
vt 0.00000000 0.00000000
vt 0.00000000 0.00000000
vt 0.00000000 0.00000000
vt 0.00000000 0.00000000
vt 0.00000000 0.00000000
vt 0.00000000 0.00000000
vt 0.00000000 0.00000000
vt 0.00000000 0.00000000
vt 0.00000000 0.00000000
vt 0.00000000 0.00000000
vt 0.00000000 0.00000000
vt 0.00000000 0.00000000
vt 0.00000000 0.00000000
vt 0.00000000 0.00000000
vt 0.00000000 0.00000000
vt 0.00000000 0.00000000
vt 0.00000000 0.00000000
vt 0.00000000 0.00000000
vt 0.00000000 0.00000000
vt 0.00000000 0.00000000
vt 0.00000000 0.00000000
vt 0.00000000 0.00000000
vt 0.00000000 0.00000000
vt 0.00000000 0.00000000
vt 0.00000000 0.00000000
vt 0.00000000 0.00000000
vt 0.00000000 0.00000000
vt 0.00000000 0.00000000
vt 0.00000000 0.00000000
vt 0.00000000 0.00000000
vt 0.00000000 0.00000000
vt 0.00000000 0.00000000
vt 0.00000000 0.00000000
vt 0.00000000 0.00000000
vt 0.00000000 0.00000000
vt 0.00000000 0.00000000
vt 0.00000000 0.00000000
vt 0.00000000 0.00000000
vt 0.00000000 0.00000000
vt 0.00000000 0.00000000
vt 0.00000000 0.00000000
vt 0.00000000 0.00000000
vt 0.00000000 0.00000000
vt 0.00000000 0.00000000
vt 0.00000000 0.00000000
vt 0.00000000 0.00000000
vt 0.00000000 0.00000000
vt 0.00000000 0.00000000
vt 0.00000000 0.00000000
vt 0.00000000 0.00000000
vt 0.00000000 0.00000000
vt 0.00000000 0.00000000
vt 0.00000000 0.00000000
vt 0.00000000 0.00000000
vt 0.00000000 0.00000000
vt 0.00000000 0.00000000
vt 0.00000000 0.00000000
vt 0.00000000 0.00000000
vt 0.00000000 0.00000000
vt 0.00000000 0.00000000
vt 0.00000000 0.00000000
vt 0.00000000 0.00000000
vt 0.00000000 0.00000000
vt 0.00000000 0.00000000
vt 0.00000000 0.00000000
vt 0.00000000 0.00000000
vt 0.00000000 0.00000000
vt 0.00000000 0.00000000
vt 0.00000000 0.00000000
vt 0.00000000 0.00000000
vt 0.00000000 0.00000000
vt 0.00000000 0.00000000
vt 0.00000000 0.00000000
vt 0.00000000 0.00000000
vt 0.00000000 0.00000000
vt 0.00000000 0.00000000
vt 0.00000000 0.00000000
vt 0.00000000 0.00000000
vt 0.00000000 0.00000000
vt 0.00000000 0.00000000
vt 0.00000000 0.00000000
vt 0.00000000 0.00000000
vt 0.00000000 0.00000000
vt 0.00000000 0.00000000
vt 0.00000000 0.00000000
vt 0.00000000 0.00000000
vt 0.00000000 0.00000000
vt 0.00000000 0.00000000
vt 0.00000000 0.00000000
vt 0.00000000 0.00000000
vt 0.00000000 0.00000000
vt 0.00000000 0.00000000
vt 0.00000000 0.00000000
vt 0.00000000 0.00000000
vt 0.00000000 0.00000000
vt 0.00000000 0.00000000
vt 0.00000000 0.00000000
vt 0.00000000 0.00000000
vt 0.00000000 0.00000000
vt 0.00000000 0.00000000
vt 0.00000000 0.00000000
vt 0.00000000 0.00000000
vt 0.00000000 0.00000000
vt 0.00000000 0.00000000
vt 0.00000000 0.00000000
vt 0.00000000 0.00000000
vt 0.00000000 0.00000000
vt 0.00000000 0.00000000
vt 0.00000000 0.00000000
vt 0.00000000 0.00000000
vt 0.00000000 0.00000000
vt 0.00000000 0.00000000
vt 0.00000000 0.00000000
vt 0.00000000 0.00000000
vt 0.00000000 0.00000000
vt 0.00000000 0.00000000
vt 0.00000000 0.00000000
vt 0.00000000 0.00000000
vt 0.00000000 0.00000000
vt 0.00000000 0.00000000
vt 0.00000000 0.00000000
vt 0.00000000 0.00000000
vt 0.00000000 0.00000000
vt 0.00000000 0.00000000
vt 0.00000000 0.00000000
vt 0.00000000 0.00000000
vt 0.00000000 0.00000000
vt 0.00000000 0.00000000
vt 0.00000000 0.00000000
vt 0.00000000 0.00000000
vt 0.00000000 0.00000000
vt 0.00000000 0.00000000
vt 0.00000000 0.00000000
vt 0.00000000 0.00000000
vt 0.00000000 0.00000000
vt 0.00000000 0.00000000
vt 0.00000000 0.00000000
vt 0.00000000 0.00000000
vt 0.00000000 0.00000000
vt 0.00000000 0.00000000
vt 0.00000000 0.00000000
vt 0.00000000 0.00000000
vt 0.00000000 0.00000000
vt 0.00000000 0.00000000
vt 0.00000000 0.00000000
vt 0.00000000 0.00000000
vt 0.00000000 0.00000000
vt 0.00000000 0.00000000
vt 0.00000000 0.00000000
vt 0.00000000 0.00000000
vt 0.00000000 0.00000000
vt 0.00000000 0.00000000
vt 0.00000000 0.00000000
vt 0.00000000 0.00000000
vt 0.00000000 0.00000000
vt 0.00000000 0.00000000
vt 0.00000000 0.00000000
vt 0.00000000 0.00000000
vt 0.00000000 0.00000000
vt 0.00000000 0.00000000
vt 0.00000000 0.00000000
vt 0.00000000 0.00000000
vt 0.00000000 0.00000000
vt 0.00000000 0.00000000
vt 0.00000000 0.00000000
vt 0.00000000 0.00000000
vt 0.00000000 0.00000000
vt 0.00000000 0.00000000
vt 0.00000000 0.00000000
vt 0.00000000 0.00000000
vt 0.00000000 0.00000000
vt 0.00000000 0.00000000
vt 0.00000000 0.00000000
vt 0.00000000 0.00000000
vt 0.00000000 0.00000000
vt 0.00000000 0.00000000
vt 0.00000000 0.00000000
vt 0.00000000 0.00000000
vt 0.00000000 0.00000000
vt 0.00000000 0.00000000
vt 0.00000000 0.00000000
vt 0.00000000 0.00000000
vt 0.00000000 0.00000000
vt 0.00000000 0.00000000
vt 0.00000000 0.00000000
vt 0.00000000 0.00000000
vt 0.00000000 0.00000000
vt 0.00000000 0.00000000
vt 0.00000000 0.00000000
vt 0.00000000 0.00000000
vt 0.00000000 0.00000000
vt 0.00000000 0.00000000
vt 0.00000000 0.00000000
vt 0.00000000 0.00000000
vt 0.00000000 0.00000000
vt 0.00000000 0.00000000
vt 0.00000000 0.00000000
vt 0.00000000 0.00000000
vt 0.00000000 0.00000000
vt 0.00000000 0.00000000
vt 0.00000000 0.00000000
vt 0.00000000 0.00000000
vt 0.00000000 0.00000000
vt 0.00000000 0.00000000
vt 0.00000000 0.00000000
vt 0.00000000 0.00000000
vt 0.00000000 0.00000000
vt 0.00000000 0.00000000
vt 0.00000000 0.00000000
vt 0.00000000 0.00000000
vt 0.00000000 0.00000000
vt 0.00000000 0.00000000
vt 0.00000000 0.00000000
vt 0.00000000 0.00000000
vt 0.00000000 0.00000000
vt 0.00000000 0.00000000
vt 0.00000000 0.00000000
vt 0.00000000 0.00000000
vt 0.00000000 0.00000000
vt 0.00000000 0.00000000
vt 0.00000000 0.00000000
vt 0.00000000 0.00000000
vt 0.00000000 0.00000000
vt 0.00000000 0.00000000
vt 0.00000000 0.00000000
vt 0.00000000 0.00000000
vt 0.00000000 0.00000000
vt 0.00000000 0.00000000
vt 0.00000000 0.00000000
vt 0.00000000 0.00000000
vt 0.00000000 0.00000000
vt 0.00000000 0.00000000
vt 0.00000000 0.00000000
vt 0.00000000 0.00000000
vt 0.00000000 0.00000000
vt 0.00000000 0.00000000
vt 0.00000000 0.00000000
vt 0.00000000 0.00000000
vt 0.00000000 0.00000000
vt 0.00000000 0.00000000
vt 0.00000000 0.00000000
vt 0.00000000 0.00000000
vt 0.00000000 0.00000000
vt 0.00000000 0.00000000
vt 0.00000000 0.00000000
vt 0.00000000 0.00000000
vt 0.00000000 0.00000000
vt 0.00000000 0.00000000
vt 0.00000000 0.00000000
vt 0.00000000 0.00000000
vt 0.00000000 0.00000000
vt 0.00000000 0.00000000
vt 0.00000000 0.00000000
vt 0.00000000 0.00000000
vt 0.00000000 0.00000000
vt 0.00000000 0.00000000
vt 0.00000000 0.00000000
vt 0.00000000 0.00000000
vt 0.00000000 0.00000000
vt 0.00000000 0.00000000
vt 0.00000000 0.00000000
vt 0.00000000 0.00000000
vt 0.00000000 0.00000000
vt 0.00000000 0.00000000
vt 0.00000000 0.00000000
vt 0.00000000 0.00000000
vt 0.00000000 0.00000000
vt 0.00000000 0.00000000
vt 0.00000000 0.00000000
vt 0.00000000 0.00000000
vt 0.00000000 0.00000000
vt 0.00000000 0.00000000
vt 0.00000000 0.00000000
vt 0.00000000 0.00000000
vt 0.00000000 0.00000000
vt 0.00000000 0.00000000
vt 0.00000000 0.00000000
vt 0.00000000 0.00000000
vt 0.00000000 0.00000000
vt 0.00000000 0.00000000
vt 0.00000000 0.00000000
vt 0.00000000 0.00000000
vt 0.00000000 0.00000000
vt 0.00000000 0.00000000
vt 0.00000000 0.00000000
vt 0.00000000 0.00000000
vt 0.00000000 0.00000000
vt 0.00000000 0.00000000
vt 0.00000000 0.00000000
vt 0.00000000 0.00000000
vt 0.00000000 0.00000000
vt 0.00000000 0.00000000
vt 0.00000000 0.00000000
vt 0.00000000 0.00000000
vt 0.00000000 0.00000000
vt 0.00000000 0.00000000
vt 0.00000000 0.00000000
vt 0.00000000 0.00000000
vt 0.00000000 0.00000000
vt 0.00000000 0.00000000
vt 0.00000000 0.00000000
vt 0.00000000 0.00000000
vt 0.00000000 0.00000000
vt 0.00000000 0.00000000
vt 0.00000000 0.00000000
vt 0.00000000 0.00000000
vt 0.00000000 0.00000000
vt 0.00000000 0.00000000
vt 0.00000000 0.00000000
vt 0.00000000 0.00000000
vt 0.00000000 0.00000000
vt 0.00000000 0.00000000
vt 0.00000000 0.00000000
vt 0.00000000 0.00000000
vt 0.00000000 0.00000000
vt 0.00000000 0.00000000
vt 0.00000000 0.00000000
vt 0.00000000 0.00000000
vt 0.00000000 0.00000000
vt 0.00000000 0.00000000
vt 0.00000000 0.00000000
vt 0.00000000 0.00000000
vt 0.00000000 0.00000000
vt 0.00000000 0.00000000
vt 0.00000000 0.00000000
vt 0.00000000 0.00000000
vt 0.00000000 0.00000000
vt 0.00000000 0.00000000
vt 0.00000000 0.00000000
vt 0.00000000 0.00000000
vt 0.00000000 0.00000000
vt 0.00000000 0.00000000
vt 0.00000000 0.00000000
vt 0.00000000 0.00000000
vt 0.00000000 0.00000000
vt 0.00000000 0.00000000
vt 0.00000000 0.00000000
vt 0.00000000 0.00000000
vt 0.00000000 0.00000000
vt 0.00000000 0.00000000
vt 0.00000000 0.00000000
vt 0.00000000 0.00000000
vt 0.00000000 0.00000000
vt 0.00000000 0.00000000
vt 0.00000000 0.00000000
vt 0.00000000 0.00000000
vt 0.00000000 0.00000000
vt 0.00000000 0.00000000
vt 0.00000000 0.00000000
vt 0.00000000 0.00000000
vt 0.00000000 0.00000000
vt 0.00000000 0.00000000
vt 0.00000000 0.00000000
vt 0.00000000 0.00000000
vt 0.00000000 0.00000000
vt 0.00000000 0.00000000
vt 0.00000000 0.00000000
vt 0.00000000 0.00000000
vt 0.00000000 0.00000000
vt 0.00000000 0.00000000
vt 0.00000000 0.00000000
vt 0.00000000 0.00000000
vt 0.00000000 0.00000000
vt 0.00000000 0.00000000
vt 0.00000000 0.00000000
vt 0.00000000 0.00000000
vt 0.00000000 0.00000000
vt 0.00000000 0.00000000
vt 0.00000000 0.00000000
vt 0.00000000 0.00000000
vt 0.00000000 0.00000000
vt 0.00000000 0.00000000
vt 0.00000000 0.00000000
vt 0.00000000 0.00000000
vt 0.00000000 0.00000000
vt 0.00000000 0.00000000
vt 0.00000000 0.00000000
vt 0.00000000 0.00000000
vt 0.00000000 0.00000000
vt 0.00000000 0.00000000
vt 0.00000000 0.00000000
vt 0.00000000 0.00000000
vt 0.00000000 0.00000000
vt 0.00000000 0.00000000
vt 0.00000000 0.00000000
vt 0.00000000 0.00000000
vt 0.00000000 0.00000000
vt 0.00000000 0.00000000
vt 0.00000000 0.00000000
vt 0.00000000 0.00000000
vt 0.00000000 0.00000000
vt 0.00000000 0.00000000
vt 0.00000000 0.00000000
vt 0.00000000 0.00000000
vt 0.00000000 0.00000000
vt 0.00000000 0.00000000
vt 0.00000000 0.00000000
vt 0.00000000 0.00000000
vt 0.00000000 0.00000000
vt 0.00000000 0.00000000
vt 0.00000000 0.00000000
vt 0.00000000 0.00000000
vt 0.00000000 0.00000000
vt 0.00000000 0.00000000
vt 0.00000000 0.00000000
vt 0.00000000 0.00000000
vt 0.00000000 0.00000000
vt 0.00000000 0.00000000
vt 0.00000000 0.00000000
vt 0.00000000 0.00000000
vt 0.00000000 0.00000000
vt 0.00000000 0.00000000
vt 0.00000000 0.00000000
vt 0.00000000 0.00000000
vt 0.00000000 0.00000000
vt 0.00000000 0.00000000
vt 0.00000000 0.00000000
vt 0.00000000 0.00000000
vt 0.00000000 0.00000000
vt 0.00000000 0.00000000
vt 0.00000000 0.00000000
vt 0.00000000 0.00000000
vt 0.00000000 0.00000000
vt 0.00000000 0.00000000
vt 0.00000000 0.00000000
vt 0.00000000 0.00000000
vt 0.00000000 0.00000000
vt 0.00000000 0.00000000
vt 0.00000000 0.00000000
vt 0.00000000 0.00000000
vt 0.00000000 0.00000000
vt 0.00000000 0.00000000
vt 0.00000000 0.00000000
vt 0.00000000 0.00000000
vt 0.00000000 0.00000000
vt 0.00000000 0.00000000
vt 0.00000000 0.00000000
vt 0.00000000 0.00000000
vt 0.00000000 0.00000000
vt 0.00000000 0.00000000
vt 0.00000000 0.00000000
vt 0.00000000 0.00000000
vt 0.00000000 0.00000000
vt 0.00000000 0.00000000
vt 0.00000000 0.00000000
vt 0.00000000 0.00000000
vt 0.00000000 0.00000000
vt 0.00000000 0.00000000
vt 0.00000000 0.00000000
vt 0.00000000 0.00000000
vt 0.00000000 0.00000000
vt 0.00000000 0.00000000
vt 0.00000000 0.00000000
vt 0.00000000 0.00000000
vt 0.00000000 0.00000000
vt 0.00000000 0.00000000
vt 0.00000000 0.00000000
vt 0.00000000 0.00000000
vt 0.00000000 0.00000000
vt 0.00000000 0.00000000
vt 0.00000000 0.00000000
vt 0.00000000 0.00000000
vt 0.00000000 0.00000000
vt 0.00000000 0.00000000
vt 0.00000000 0.00000000
vt 0.00000000 0.00000000
vt 0.00000000 0.00000000
vt 0.00000000 0.00000000
vt 0.00000000 0.00000000
vt 0.00000000 0.00000000
vt 0.00000000 0.00000000
vt 0.00000000 0.00000000
vt 0.00000000 0.00000000
vt 0.00000000 0.00000000
vt 0.00000000 0.00000000
vt 0.00000000 0.00000000
vt 0.00000000 0.00000000
vt 0.00000000 0.00000000
vt 0.00000000 0.00000000
vt 0.00000000 0.00000000
vt 0.00000000 0.00000000
vt 0.00000000 0.00000000
vt 0.00000000 0.00000000
vt 0.00000000 0.00000000
vt 0.00000000 0.00000000
vt 0.00000000 0.00000000
vt 0.00000000 0.00000000
vt 0.00000000 0.00000000
vt 0.00000000 0.00000000
vt 0.00000000 0.00000000
vt 0.00000000 0.00000000
vt 0.00000000 0.00000000
vt 0.00000000 0.00000000
vt 0.00000000 0.00000000
vt 0.00000000 0.00000000
vt 0.00000000 0.00000000
vt 0.00000000 0.00000000
vt 0.00000000 0.00000000
vt 0.00000000 0.00000000
vt 0.00000000 0.00000000
vt 0.00000000 0.00000000
vt 0.00000000 0.00000000
vt 0.00000000 0.00000000
vt 0.00000000 0.00000000
vt 0.00000000 0.00000000
vt 0.00000000 0.00000000
vt 0.00000000 0.00000000
vt 0.00000000 0.00000000
vt 0.00000000 0.00000000
vt 0.00000000 0.00000000
vt 0.00000000 0.00000000
vt 0.00000000 0.00000000
vt 0.00000000 0.00000000
vt 0.00000000 0.00000000
vt 0.00000000 0.00000000
vt 0.00000000 0.00000000
vt 0.00000000 0.00000000
vt 0.00000000 0.00000000
vt 0.00000000 0.00000000
vt 0.00000000 0.00000000
vt 0.00000000 0.00000000
vt 0.00000000 0.00000000
vt 0.00000000 0.00000000
vt 0.00000000 0.00000000
vt 0.00000000 0.00000000
vt 0.00000000 0.00000000
vt 0.00000000 0.00000000
vt 0.00000000 0.00000000
vt 0.00000000 0.00000000
vt 0.00000000 0.00000000
vt 0.00000000 0.00000000
vt 0.00000000 0.00000000
vt 0.00000000 0.00000000
vt 0.00000000 0.00000000
vt 0.00000000 0.00000000
vt 0.00000000 0.00000000
vt 0.00000000 0.00000000
vt 0.00000000 0.00000000
vt 0.00000000 0.00000000
vt 0.00000000 0.00000000
vt 0.00000000 0.00000000
vt 0.00000000 0.00000000
vt 0.00000000 0.00000000
vt 0.00000000 0.00000000
vt 0.00000000 0.00000000
vt 0.00000000 0.00000000
vt 0.00000000 0.00000000
vt 0.00000000 0.00000000
vt 0.00000000 0.00000000
vt 0.00000000 0.00000000
vt 0.00000000 0.00000000
vt 0.00000000 0.00000000
vt 0.00000000 0.00000000
vt 0.00000000 0.00000000
vt 0.00000000 0.00000000
vt 0.00000000 0.00000000
vt 0.00000000 0.00000000
vt 0.00000000 0.00000000
vt 0.00000000 0.00000000
vt 0.00000000 0.00000000
vt 0.00000000 0.00000000
vt 0.00000000 0.00000000
vt 0.00000000 0.00000000
vt 0.00000000 0.00000000
vt 0.00000000 0.00000000
vt 0.00000000 0.00000000
vt 0.00000000 0.00000000
vt 0.00000000 0.00000000
vt 0.00000000 0.00000000
vt 0.00000000 0.00000000
vt 0.00000000 0.00000000
vt 0.00000000 0.00000000
vt 0.00000000 0.00000000
vt 0.00000000 0.00000000
vt 0.00000000 0.00000000
vt 0.00000000 0.00000000
vt 0.00000000 0.00000000
vt 0.00000000 0.00000000
vt 0.00000000 0.00000000
vt 0.00000000 0.00000000
vt 0.00000000 0.00000000
vt 0.00000000 0.00000000
vt 0.00000000 0.00000000
vt 0.00000000 0.00000000
vt 0.00000000 0.00000000
vt 0.00000000 0.00000000
vt 0.00000000 0.00000000
vt 0.00000000 0.00000000
vt 0.00000000 0.00000000
vt 0.00000000 0.00000000
vt 0.00000000 0.00000000
vt 0.00000000 0.00000000
vt 0.00000000 0.00000000
vt 0.00000000 0.00000000
vt 0.00000000 0.00000000
vt 0.00000000 0.00000000
vt 0.00000000 0.00000000
vt 0.00000000 0.00000000
vt 0.00000000 0.00000000
vt 0.00000000 0.00000000
vt 0.00000000 0.00000000
vt 0.00000000 0.00000000
vt 0.00000000 0.00000000
vt 0.00000000 0.00000000
vt 0.00000000 0.00000000
vt 0.00000000 0.00000000
vt 0.00000000 0.00000000
vt 0.00000000 0.00000000
vt 0.00000000 0.00000000
vt 0.00000000 0.00000000
vt 0.00000000 0.00000000
vt 0.00000000 0.00000000
vt 0.00000000 0.00000000
vt 0.00000000 0.00000000
vt 0.00000000 0.00000000
vt 0.00000000 0.00000000
vt 0.00000000 0.00000000
vt 0.00000000 0.00000000
vt 0.00000000 0.00000000
vt 0.00000000 0.00000000
vt 0.00000000 0.00000000
vt 0.00000000 0.00000000
vt 0.00000000 0.00000000
vt 0.00000000 0.00000000
vt 0.00000000 0.00000000
vt 0.00000000 0.00000000
vt 0.00000000 0.00000000
vt 0.00000000 0.00000000
vt 0.00000000 0.00000000
vt 0.00000000 0.00000000
vt 0.00000000 0.00000000
vt 0.00000000 0.00000000
vt 0.00000000 0.00000000
vt 0.00000000 0.00000000
vt 0.00000000 0.00000000
vt 0.00000000 0.00000000
vt 0.00000000 0.00000000
vt 0.00000000 0.00000000
vt 0.00000000 0.00000000
vt 0.00000000 0.00000000
vt 0.00000000 0.00000000
vt 0.00000000 0.00000000
vt 0.00000000 0.00000000
vt 0.00000000 0.00000000
vt 0.00000000 0.00000000
vt 0.00000000 0.00000000
vt 0.00000000 0.00000000
vt 0.00000000 0.00000000
vt 0.00000000 0.00000000
vt 0.00000000 0.00000000
vt 0.00000000 0.00000000
vt 0.00000000 0.00000000
vt 0.00000000 0.00000000
vt 0.00000000 0.00000000
vt 0.00000000 0.00000000
vt 0.00000000 0.00000000
vt 0.00000000 0.00000000
vt 0.00000000 0.00000000
vt 0.00000000 0.00000000
vt 0.00000000 0.00000000
vt 0.00000000 0.00000000
vt 0.00000000 0.00000000
vt 0.00000000 0.00000000
vt 0.00000000 0.00000000
vt 0.00000000 0.00000000
vt 0.00000000 0.00000000
vt 0.00000000 0.00000000
vt 0.00000000 0.00000000
vt 0.00000000 0.00000000
vt 0.00000000 0.00000000
vt 0.00000000 0.00000000
vt 0.00000000 0.00000000
vt 0.00000000 0.00000000
vt 0.00000000 0.00000000
vt 0.00000000 0.00000000
vt 0.00000000 0.00000000
vt 0.00000000 0.00000000
vt 0.00000000 0.00000000
vt 0.00000000 0.00000000
vt 0.00000000 0.00000000
vt 0.00000000 0.00000000
vt 0.00000000 0.00000000
vt 0.00000000 0.00000000
vt 0.00000000 0.00000000
vt 0.00000000 0.00000000
vt 0.00000000 0.00000000
vt 0.00000000 0.00000000
vt 0.00000000 0.00000000
vt 0.00000000 0.00000000
vt 0.00000000 0.00000000
vt 0.00000000 0.00000000
vt 0.00000000 0.00000000
vt 0.00000000 0.00000000
vt 0.00000000 0.00000000
vt 0.00000000 0.00000000
vt 0.00000000 0.00000000
vt 0.00000000 0.00000000
vt 0.00000000 0.00000000
vt 0.00000000 0.00000000
vt 0.00000000 0.00000000
vt 0.00000000 0.00000000
vt 0.00000000 0.00000000
vt 0.00000000 0.00000000
vt 0.00000000 0.00000000
vt 0.00000000 0.00000000
vt 0.00000000 0.00000000
vt 0.00000000 0.00000000
vt 0.00000000 0.00000000
vt 0.00000000 0.00000000
vt 0.00000000 0.00000000
vt 0.00000000 0.00000000
vt 0.00000000 0.00000000
vt 0.00000000 0.00000000
vt 0.00000000 0.00000000
vt 0.00000000 0.00000000
vt 0.00000000 0.00000000
vt 0.00000000 0.00000000
vt 0.00000000 0.00000000
vt 0.00000000 0.00000000
vt 0.00000000 0.00000000
vt 0.00000000 0.00000000
vt 0.00000000 0.00000000
vt 0.00000000 0.00000000
vt 0.00000000 0.00000000
vt 0.00000000 0.00000000
vt 0.00000000 0.00000000
vt 0.00000000 0.00000000
vt 0.00000000 0.00000000
vt 0.00000000 0.00000000
vt 0.00000000 0.00000000
vt 0.00000000 0.00000000
vt 0.00000000 0.00000000
vt 0.00000000 0.00000000
vt 0.00000000 0.00000000
vt 0.00000000 0.00000000
vt 0.00000000 0.00000000
vt 0.00000000 0.00000000
vt 0.00000000 0.00000000
vt 0.00000000 0.00000000
vt 0.00000000 0.00000000
vt 0.00000000 0.00000000
vt 0.00000000 0.00000000
vt 0.00000000 0.00000000
vt 0.00000000 0.00000000
vt 0.00000000 0.00000000
vt 0.00000000 0.00000000
vt 0.00000000 0.00000000
vt 0.00000000 0.00000000
vt 0.00000000 0.00000000
vt 0.00000000 0.00000000
vt 0.00000000 0.00000000
vt 0.00000000 0.00000000
vt 0.00000000 0.00000000
vt 0.00000000 0.00000000
vt 0.00000000 0.00000000
vt 0.00000000 0.00000000
vt 0.00000000 0.00000000
vt 0.00000000 0.00000000
vt 0.00000000 0.00000000
vt 0.00000000 0.00000000
vt 0.00000000 0.00000000
vt 0.00000000 0.00000000
vt 0.00000000 0.00000000
vt 0.00000000 0.00000000
vt 0.00000000 0.00000000
vt 0.00000000 0.00000000
vt 0.00000000 0.00000000
vt 0.00000000 0.00000000
vt 0.00000000 0.00000000
vt 0.00000000 0.00000000
vt 0.00000000 0.00000000
vt 0.00000000 0.00000000
vt 0.00000000 0.00000000
vt 0.00000000 0.00000000
vt 0.00000000 0.00000000
vt 0.00000000 0.00000000
vt 0.00000000 0.00000000
vt 0.00000000 0.00000000
vt 0.00000000 0.00000000
vt 0.00000000 0.00000000
vt 0.00000000 0.00000000
vt 0.00000000 0.00000000
vt 0.00000000 0.00000000
vt 0.00000000 0.00000000
vt 0.00000000 0.00000000
vt 0.00000000 0.00000000
vt 0.00000000 0.00000000
vt 0.00000000 0.00000000
vt 0.00000000 0.00000000
vt 0.00000000 0.00000000
vt 0.00000000 0.00000000
vt 0.00000000 0.00000000
vt 0.00000000 0.00000000
vt 0.00000000 0.00000000
vt 0.00000000 0.00000000
vt 0.00000000 0.00000000
vt 0.00000000 0.00000000
vt 0.00000000 0.00000000
vt 0.00000000 0.00000000
vt 0.00000000 0.00000000
vt 0.00000000 0.00000000
vt 0.00000000 0.00000000
vt 0.00000000 0.00000000
vt 0.00000000 0.00000000
vt 0.00000000 0.00000000
vt 0.00000000 0.00000000
vt 0.00000000 0.00000000
vt 0.00000000 0.00000000
vt 0.00000000 0.00000000
vt 0.00000000 0.00000000
vt 0.00000000 0.00000000
vt 0.00000000 0.00000000
vt 0.00000000 0.00000000
vt 0.00000000 0.00000000
vt 0.00000000 0.00000000
vt 0.00000000 0.00000000
vt 0.00000000 0.00000000
vt 0.00000000 0.00000000
vt 0.00000000 0.00000000
vt 0.00000000 0.00000000
vt 0.00000000 0.00000000
vt 0.00000000 0.00000000
vt 0.00000000 0.00000000
vt 0.00000000 0.00000000
vt 0.00000000 0.00000000
vt 0.00000000 0.00000000
vt 0.00000000 0.00000000
vt 0.00000000 0.00000000
vt 0.00000000 0.00000000
vt 0.00000000 0.00000000
vt 0.00000000 0.00000000
vt 0.00000000 0.00000000
vt 0.00000000 0.00000000
vt 0.00000000 0.00000000
vt 0.00000000 0.00000000
vt 0.00000000 0.00000000
vt 0.00000000 0.00000000
vt 0.00000000 0.00000000
vt 0.00000000 0.00000000
vt 0.00000000 0.00000000
vt 0.00000000 0.00000000
vt 0.00000000 0.00000000
vt 0.00000000 0.00000000
vt 0.00000000 0.00000000
vt 0.00000000 0.00000000
vt 0.00000000 0.00000000
vt 0.00000000 0.00000000
vt 0.00000000 0.00000000
vt 0.00000000 0.00000000
vt 0.00000000 0.00000000
vt 0.00000000 0.00000000
vt 0.00000000 0.00000000
vt 0.00000000 0.00000000
vt 0.00000000 0.00000000
vt 0.00000000 0.00000000
vt 0.00000000 0.00000000
vt 0.00000000 0.00000000
vt 0.00000000 0.00000000
vt 0.00000000 0.00000000
vt 0.00000000 0.00000000
vt 0.00000000 0.00000000
vt 0.00000000 0.00000000
vt 0.00000000 0.00000000
vt 0.00000000 0.00000000
vt 0.00000000 0.00000000
vt 0.00000000 0.00000000
vt 0.00000000 0.00000000
vt 0.00000000 0.00000000
vt 0.00000000 0.00000000
vt 0.00000000 0.00000000
vt 0.00000000 0.00000000
vt 0.00000000 0.00000000
vt 0.00000000 0.00000000
vt 0.00000000 0.00000000
vt 0.00000000 0.00000000
vt 0.00000000 0.00000000
vt 0.00000000 0.00000000
vt 0.00000000 0.00000000
vt 0.00000000 0.00000000
vt 0.00000000 0.00000000
vt 0.00000000 0.00000000
vt 0.00000000 0.00000000
vt 0.00000000 0.00000000
vt 0.00000000 0.00000000
vt 0.00000000 0.00000000
vt 0.00000000 0.00000000
vt 0.00000000 0.00000000
vt 0.00000000 0.00000000
vt 0.00000000 0.00000000
vt 0.00000000 0.00000000
vt 0.00000000 0.00000000
vt 0.00000000 0.00000000
vt 0.00000000 0.00000000
vt 0.00000000 0.00000000
vt 0.00000000 0.00000000
vt 0.00000000 0.00000000
vt 0.00000000 0.00000000
vt 0.00000000 0.00000000
vt 0.00000000 0.00000000
vt 0.00000000 0.00000000
vt 0.00000000 0.00000000
vt 0.00000000 0.00000000
vt 0.00000000 0.00000000
vt 0.00000000 0.00000000
vt 0.00000000 0.00000000
vt 0.00000000 0.00000000
vt 0.00000000 0.00000000
vt 0.00000000 0.00000000
vt 0.00000000 0.00000000
vt 0.00000000 0.00000000
vt 0.00000000 0.00000000
vt 0.00000000 0.00000000
vt 0.00000000 0.00000000
vt 0.00000000 0.00000000
vt 0.00000000 0.00000000
vt 0.00000000 0.00000000
vt 0.00000000 0.00000000
vt 0.00000000 0.00000000
vt 0.00000000 0.00000000
vt 0.00000000 0.00000000
vt 0.00000000 0.00000000
vt 0.00000000 0.00000000
vt 0.00000000 0.00000000
vt 0.00000000 0.00000000
vt 0.00000000 0.00000000
vt 0.00000000 0.00000000
vt 0.00000000 0.00000000
vt 0.00000000 0.00000000
vt 0.00000000 0.00000000
vt 0.00000000 0.00000000
vt 0.00000000 0.00000000
vt 0.00000000 0.00000000
vt 0.00000000 0.00000000
vt 0.00000000 0.00000000
vt 0.00000000 0.00000000
vt 0.00000000 0.00000000
vt 0.00000000 0.00000000
vt 0.00000000 0.00000000
vt 0.00000000 0.00000000
vt 0.00000000 0.00000000
vt 0.00000000 0.00000000
vt 0.00000000 0.00000000
vt 0.00000000 0.00000000
vt 0.00000000 0.00000000
vt 0.00000000 0.00000000
vt 0.00000000 0.00000000
vt 0.00000000 0.00000000
vt 0.00000000 0.00000000
vt 0.00000000 0.00000000
vt 0.00000000 0.00000000
vt 0.00000000 0.00000000
vt 0.00000000 0.00000000
vt 0.00000000 0.00000000
vt 0.00000000 0.00000000
vt 0.00000000 0.00000000
vt 0.00000000 0.00000000
vt 0.00000000 0.00000000
vt 0.00000000 0.00000000
vt 0.00000000 0.00000000
vt 0.00000000 0.00000000
vt 0.00000000 0.00000000
vt 0.00000000 0.00000000
vt 0.00000000 0.00000000
vt 0.00000000 0.00000000
vt 0.00000000 0.00000000
vt 0.00000000 0.00000000
vt 0.00000000 0.00000000
vt 0.00000000 0.00000000
vt 0.00000000 0.00000000
vt 0.00000000 0.00000000
vt 0.00000000 0.00000000
vt 0.00000000 0.00000000
vt 0.00000000 0.00000000
vt 0.00000000 0.00000000
vt 0.00000000 0.00000000
vt 0.00000000 0.00000000
vt 0.00000000 0.00000000
vt 0.00000000 0.00000000
vt 0.00000000 0.00000000
vt 0.00000000 0.00000000
vt 0.00000000 0.00000000
vt 0.00000000 0.00000000
vt 0.00000000 0.00000000
vt 0.00000000 0.00000000
vt 0.00000000 0.00000000
vt 0.00000000 0.00000000
vt 0.00000000 0.00000000
vt 0.00000000 0.00000000
vt 0.00000000 0.00000000
vt 0.00000000 0.00000000
vt 0.00000000 0.00000000
vt 0.00000000 0.00000000
vt 0.00000000 0.00000000
vt 0.00000000 0.00000000
vt 0.00000000 0.00000000
vt 0.00000000 0.00000000
vt 0.00000000 0.00000000
vt 0.00000000 0.00000000
vt 0.00000000 0.00000000
vt 0.00000000 0.00000000
vt 0.00000000 0.00000000
vt 0.00000000 0.00000000
vt 0.00000000 0.00000000
vt 0.00000000 0.00000000
vt 0.00000000 0.00000000
vt 0.00000000 0.00000000
vt 0.00000000 0.00000000
vt 0.00000000 0.00000000
vt 0.00000000 0.00000000
vt 0.00000000 0.00000000
vt 0.00000000 0.00000000
vt 0.00000000 0.00000000
vt 0.00000000 0.00000000
vt 0.00000000 0.00000000
vt 0.00000000 0.00000000
vt 0.00000000 0.00000000
vt 0.00000000 0.00000000
vt 0.00000000 0.00000000
vt 0.00000000 0.00000000
vt 0.00000000 0.00000000
vt 0.00000000 0.00000000
vt 0.00000000 0.00000000
vt 0.00000000 0.00000000
vt 0.00000000 0.00000000
vt 0.00000000 0.00000000
vt 0.00000000 0.00000000
vt 0.00000000 0.00000000
vt 0.00000000 0.00000000
vt 0.00000000 0.00000000
vt 0.00000000 0.00000000
vt 0.00000000 0.00000000
vt 0.00000000 0.00000000
vt 0.00000000 0.00000000
vt 0.00000000 0.00000000
vt 0.00000000 0.00000000
vt 0.00000000 0.00000000
vt 0.00000000 0.00000000
vt 0.00000000 0.00000000
vt 0.00000000 0.00000000
vt 0.00000000 0.00000000
vt 0.00000000 0.00000000
vt 0.00000000 0.00000000
vt 0.00000000 0.00000000
vt 0.00000000 0.00000000
vt 0.00000000 0.00000000
vt 0.00000000 0.00000000
vt 0.00000000 0.00000000
vt 0.00000000 0.00000000
vt 0.00000000 0.00000000
vt 0.00000000 0.00000000
vt 0.00000000 0.00000000
vt 0.00000000 0.00000000
vt 0.00000000 0.00000000
vt 0.00000000 0.00000000
vt 0.00000000 0.00000000
vt 0.00000000 0.00000000
vt 0.00000000 0.00000000
vt 0.00000000 0.00000000
vt 0.00000000 0.00000000
vt 0.00000000 0.00000000
vt 0.00000000 0.00000000
vt 0.00000000 0.00000000
vt 0.00000000 0.00000000
vt 0.00000000 0.00000000
vt 0.00000000 0.00000000
vt 0.00000000 0.00000000
vt 0.00000000 0.00000000
vt 0.00000000 0.00000000
vt 0.00000000 0.00000000
vt 0.00000000 0.00000000
vt 0.00000000 0.00000000
vt 0.00000000 0.00000000
vt 0.00000000 0.00000000
vt 0.00000000 0.00000000
vt 0.00000000 0.00000000
vt 0.00000000 0.00000000
vt 0.00000000 0.00000000
vt 0.00000000 0.00000000
vt 0.00000000 0.00000000
vt 0.00000000 0.00000000
vt 0.00000000 0.00000000
vt 0.00000000 0.00000000
vt 0.00000000 0.00000000
vt 0.00000000 0.00000000
vt 0.00000000 0.00000000
vt 0.00000000 0.00000000
vt 0.00000000 0.00000000
vt 0.00000000 0.00000000
vt 0.00000000 0.00000000
vt 0.00000000 0.00000000
vt 0.00000000 0.00000000
vt 0.00000000 0.00000000
vt 0.00000000 0.00000000
vt 0.00000000 0.00000000
vt 0.00000000 0.00000000
vt 0.00000000 0.00000000
vt 0.00000000 0.00000000
vt 0.00000000 0.00000000
vt 0.00000000 0.00000000
vt 0.00000000 0.00000000
vt 0.00000000 0.00000000
vt 0.00000000 0.00000000
vt 0.00000000 0.00000000
vt 0.00000000 0.00000000
vt 0.00000000 0.00000000
vt 0.00000000 0.00000000
vt 0.00000000 0.00000000
vt 0.00000000 0.00000000
vt 0.00000000 0.00000000
vt 0.00000000 0.00000000
vt 0.00000000 0.00000000
vt 0.00000000 0.00000000
vt 0.00000000 0.00000000
vt 0.00000000 0.00000000
vt 0.00000000 0.00000000
vt 0.00000000 0.00000000
vt 0.00000000 0.00000000
vt 0.00000000 0.00000000
vt 0.00000000 0.00000000
vt 0.00000000 0.00000000
vt 0.00000000 0.00000000
vt 0.00000000 0.00000000
vt 0.00000000 0.00000000
vt 0.00000000 0.00000000
vt 0.00000000 0.00000000
vt 0.00000000 0.00000000
vt 0.00000000 0.00000000
vt 0.00000000 0.00000000
vt 0.00000000 0.00000000
vt 0.00000000 0.00000000
vt 0.00000000 0.00000000
vt 0.00000000 0.00000000
vt 0.00000000 0.00000000
vt 0.00000000 0.00000000
vt 0.00000000 0.00000000
vt 0.00000000 0.00000000
vt 0.00000000 0.00000000
vt 0.00000000 0.00000000
vt 0.00000000 0.00000000
vt 0.00000000 0.00000000
vt 0.00000000 0.00000000
vt 0.00000000 0.00000000
vt 0.00000000 0.00000000
vt 0.00000000 0.00000000
vt 0.00000000 0.00000000
vt 0.00000000 0.00000000
vt 0.00000000 0.00000000
vt 0.00000000 0.00000000
vt 0.00000000 0.00000000
vt 0.00000000 0.00000000
vt 0.00000000 0.00000000
vt 0.00000000 0.00000000
vt 0.00000000 0.00000000
vt 0.00000000 0.00000000
vt 0.00000000 0.00000000
vt 0.00000000 0.00000000
vt 0.00000000 0.00000000
vt 0.00000000 0.00000000
vt 0.00000000 0.00000000
vt 0.00000000 0.00000000
vt 0.00000000 0.00000000
vt 0.00000000 0.00000000
vt 0.00000000 0.00000000
vt 0.00000000 0.00000000
vt 0.00000000 0.00000000
vt 0.00000000 0.00000000
vt 0.00000000 0.00000000
vt 0.00000000 0.00000000
vt 0.00000000 0.00000000
vt 0.00000000 0.00000000
vt 0.00000000 0.00000000
vt 0.00000000 0.00000000
vt 0.00000000 0.00000000
vt 0.00000000 0.00000000
vt 0.00000000 0.00000000
vt 0.00000000 0.00000000
vt 0.00000000 0.00000000
vt 0.00000000 0.00000000
vt 0.00000000 0.00000000
vt 0.00000000 0.00000000
vt 0.00000000 0.00000000
vt 0.00000000 0.00000000
vt 0.00000000 0.00000000
vt 0.00000000 0.00000000
vt 0.00000000 0.00000000
vt 0.00000000 0.00000000
vt 0.00000000 0.00000000
vt 0.00000000 0.00000000
vt 0.00000000 0.00000000
vt 0.00000000 0.00000000
vt 0.00000000 0.00000000
vt 0.00000000 0.00000000
vt 0.00000000 0.00000000
vt 0.00000000 0.00000000
vt 0.00000000 0.00000000
vt 0.00000000 0.00000000
vt 0.00000000 0.00000000
vt 0.00000000 0.00000000
vt 0.00000000 0.00000000
vt 0.00000000 0.00000000
vt 0.00000000 0.00000000
vt 0.00000000 0.00000000
vt 0.00000000 0.00000000
vt 0.00000000 0.00000000
vt 0.00000000 0.00000000
vt 0.00000000 0.00000000
vt 0.00000000 0.00000000
vt 0.00000000 0.00000000
vt 0.00000000 0.00000000
vt 0.00000000 0.00000000
vt 0.00000000 0.00000000
vt 0.00000000 0.00000000
vt 0.00000000 0.00000000
vt 0.00000000 0.00000000
vt 0.00000000 0.00000000
vt 0.00000000 0.00000000
vt 0.00000000 0.00000000
vt 0.00000000 0.00000000
vt 0.00000000 0.00000000
vt 0.00000000 0.00000000
vt 0.00000000 0.00000000
vt 0.00000000 0.00000000
vt 0.00000000 0.00000000
vt 0.00000000 0.00000000
vt 0.00000000 0.00000000
vt 0.00000000 0.00000000
vt 0.00000000 0.00000000
vt 0.00000000 0.00000000
vt 0.00000000 0.00000000
vt 0.00000000 0.00000000
vt 0.00000000 0.00000000
vt 0.00000000 0.00000000
vt 0.00000000 0.00000000
vt 0.00000000 0.00000000
vt 0.00000000 0.00000000
vt 0.00000000 0.00000000
vt 0.00000000 0.00000000
vt 0.00000000 0.00000000
vt 0.00000000 0.00000000
vt 0.00000000 0.00000000
vt 0.00000000 0.00000000
vt 0.00000000 0.00000000
vt 0.00000000 0.00000000
vt 0.00000000 0.00000000
vt 0.00000000 0.00000000
vt 0.00000000 0.00000000
vt 0.00000000 0.00000000
vt 0.00000000 0.00000000
vt 0.00000000 0.00000000
vt 0.00000000 0.00000000
vt 0.00000000 0.00000000
vt 0.00000000 0.00000000
vt 0.00000000 0.00000000
vt 0.00000000 0.00000000
vt 0.00000000 0.00000000
vt 0.00000000 0.00000000
vt 0.00000000 0.00000000
vt 0.00000000 0.00000000
vt 0.00000000 0.00000000
vt 0.00000000 0.00000000
vt 0.00000000 0.00000000
vt 0.00000000 0.00000000
vt 0.00000000 0.00000000
vt 0.00000000 0.00000000
vt 0.00000000 0.00000000
vt 0.00000000 0.00000000
vt 0.00000000 0.00000000
vt 0.00000000 0.00000000
vt 0.00000000 0.00000000
vt 0.00000000 0.00000000
vt 0.00000000 0.00000000
vt 0.00000000 0.00000000
vt 0.00000000 0.00000000
vt 0.00000000 0.00000000
vt 0.00000000 0.00000000
vt 0.00000000 0.00000000
vt 0.00000000 0.00000000
vt 0.00000000 0.00000000
vt 0.00000000 0.00000000
vt 0.00000000 0.00000000
vt 0.00000000 0.00000000
vt 0.00000000 0.00000000
vt 0.00000000 0.00000000
vt 0.00000000 0.00000000
vt 0.00000000 0.00000000
vt 0.00000000 0.00000000
vt 0.00000000 0.00000000
vt 0.00000000 0.00000000
vt 0.00000000 0.00000000
vt 0.00000000 0.00000000
vt 0.00000000 0.00000000
vt 0.00000000 0.00000000
vt 0.00000000 0.00000000
vt 0.00000000 0.00000000
vt 0.00000000 0.00000000
vt 0.00000000 0.00000000
vt 0.00000000 0.00000000
vt 0.00000000 0.00000000
vt 0.00000000 0.00000000
vt 0.00000000 0.00000000
vt 0.00000000 0.00000000
vt 0.00000000 0.00000000
vt 0.00000000 0.00000000
vt 0.00000000 0.00000000
vt 0.00000000 0.00000000
vt 0.00000000 0.00000000
vt 0.00000000 0.00000000
vt 0.00000000 0.00000000
vt 0.00000000 0.00000000
vt 0.00000000 0.00000000
vt 0.00000000 0.00000000
vt 0.00000000 0.00000000
vt 0.00000000 0.00000000
vt 0.00000000 0.00000000
vt 0.00000000 0.00000000
vt 0.00000000 0.00000000
vt 0.00000000 0.00000000
vt 0.00000000 0.00000000
vt 0.00000000 0.00000000
vt 0.00000000 0.00000000
vt 0.00000000 0.00000000
vt 0.00000000 0.00000000
vt 0.00000000 0.00000000
vt 0.00000000 0.00000000
vt 0.00000000 0.00000000
vt 0.00000000 0.00000000
vt 0.00000000 0.00000000
vt 0.00000000 0.00000000
vt 0.00000000 0.00000000
vt 0.00000000 0.00000000
vt 0.00000000 0.00000000
vt 0.00000000 0.00000000
vt 0.00000000 0.00000000
vt 0.00000000 0.00000000
vt 0.00000000 0.00000000
vt 0.00000000 0.00000000
vt 0.00000000 0.00000000
vt 0.00000000 0.00000000
vt 0.00000000 0.00000000
vt 0.00000000 0.00000000
vt 0.00000000 0.00000000
vt 0.00000000 0.00000000
vt 0.00000000 0.00000000
vt 0.00000000 0.00000000
vt 0.00000000 0.00000000
vt 0.00000000 0.00000000
vt 0.00000000 0.00000000
vt 0.00000000 0.00000000
vt 0.00000000 0.00000000
vt 0.00000000 0.00000000
vt 0.00000000 0.00000000
vt 0.00000000 0.00000000
vt 0.00000000 0.00000000
vt 0.00000000 0.00000000
vt 0.00000000 0.00000000
vt 0.00000000 0.00000000
vt 0.00000000 0.00000000
vt 0.00000000 0.00000000
vt 0.00000000 0.00000000
vt 0.00000000 0.00000000
vt 0.00000000 0.00000000
vt 0.00000000 0.00000000
vt 0.00000000 0.00000000
vt 0.00000000 0.00000000
vt 0.00000000 0.00000000
vt 0.00000000 0.00000000
vt 0.00000000 0.00000000
vt 0.00000000 0.00000000
vt 0.00000000 0.00000000
vt 0.00000000 0.00000000
vt 0.00000000 0.00000000
vt 0.00000000 0.00000000
vt 0.00000000 0.00000000
vt 0.00000000 0.00000000
vt 0.00000000 0.00000000
vt 0.00000000 0.00000000
vt 0.00000000 0.00000000
vt 0.00000000 0.00000000
vt 0.00000000 0.00000000
vt 0.00000000 0.00000000
vt 0.00000000 0.00000000
vt 0.00000000 0.00000000
vt 0.00000000 0.00000000
vt 0.00000000 0.00000000
vt 0.00000000 0.00000000
vt 0.00000000 0.00000000
vt 0.00000000 0.00000000
vt 0.00000000 0.00000000
vt 0.00000000 0.00000000
vt 0.00000000 0.00000000
vt 0.00000000 0.00000000
vt 0.00000000 0.00000000
vt 0.00000000 0.00000000
vt 0.00000000 0.00000000
vt 0.00000000 0.00000000
vt 0.00000000 0.00000000
vt 0.00000000 0.00000000
vt 0.00000000 0.00000000
vt 0.00000000 0.00000000
vt 0.00000000 0.00000000
vt 0.00000000 0.00000000
vt 0.00000000 0.00000000
vt 0.00000000 0.00000000
vt 0.00000000 0.00000000
vt 0.00000000 0.00000000
vt 0.00000000 0.00000000
vt 0.00000000 0.00000000
vt 0.00000000 0.00000000
vt 0.00000000 0.00000000
vt 0.00000000 0.00000000
vt 0.00000000 0.00000000
vt 0.00000000 0.00000000
vt 0.00000000 0.00000000
vt 0.00000000 0.00000000
vt 0.00000000 0.00000000
vt 0.00000000 0.00000000
vt 0.00000000 0.00000000
vt 0.00000000 0.00000000
vt 0.00000000 0.00000000
vt 0.00000000 0.00000000
vt 0.00000000 0.00000000
vt 0.00000000 0.00000000
vt 0.00000000 0.00000000
vt 0.00000000 0.00000000
vt 0.00000000 0.00000000
vt 0.00000000 0.00000000
vt 0.00000000 0.00000000
vt 0.00000000 0.00000000
vt 0.00000000 0.00000000
vt 0.00000000 0.00000000
vt 0.00000000 0.00000000
vt 0.00000000 0.00000000
vt 0.00000000 0.00000000
vt 0.00000000 0.00000000
vt 0.00000000 0.00000000
vt 0.00000000 0.00000000
vt 0.00000000 0.00000000
vt 0.00000000 0.00000000
vt 0.00000000 0.00000000
vt 0.00000000 0.00000000
vt 0.00000000 0.00000000
vt 0.00000000 0.00000000
vt 0.00000000 0.00000000
vt 0.00000000 0.00000000
vt 0.00000000 0.00000000
vt 0.00000000 0.00000000
vt 0.00000000 0.00000000
vt 0.00000000 0.00000000
vt 0.00000000 0.00000000
vt 0.00000000 0.00000000
vt 0.00000000 0.00000000
vt 0.00000000 0.00000000
vt 0.00000000 0.00000000
vt 0.00000000 0.00000000
vt 0.00000000 0.00000000
vt 0.00000000 0.00000000
vt 0.00000000 0.00000000
vt 0.00000000 0.00000000
vt 0.00000000 0.00000000
vt 0.00000000 0.00000000
vt 0.00000000 0.00000000
vt 0.00000000 0.00000000
vt 0.00000000 0.00000000
vt 0.00000000 0.00000000
vt 0.00000000 0.00000000
vt 0.00000000 0.00000000
vt 0.00000000 0.00000000
vt 0.00000000 0.00000000
vt 0.00000000 0.00000000
vt 0.00000000 0.00000000
vt 0.00000000 0.00000000
vt 0.00000000 0.00000000
vt 0.00000000 0.00000000
vt 0.00000000 0.00000000
vt 0.00000000 0.00000000
vt 0.00000000 0.00000000
vt 0.00000000 0.00000000
vt 0.00000000 0.00000000
vt 0.00000000 0.00000000
vt 0.00000000 0.00000000
vt 0.00000000 0.00000000
vt 0.00000000 0.00000000
vt 0.00000000 0.00000000
vt 0.00000000 0.00000000
vt 0.00000000 0.00000000
vt 0.00000000 0.00000000
vt 0.00000000 0.00000000
vt 0.00000000 0.00000000
vt 0.00000000 0.00000000
vt 0.00000000 0.00000000
vt 0.00000000 0.00000000
vt 0.00000000 0.00000000
vt 0.00000000 0.00000000
vt 0.00000000 0.00000000
vt 0.00000000 0.00000000
vt 0.00000000 0.00000000
vt 0.00000000 0.00000000
vt 0.00000000 0.00000000
vt 0.00000000 0.00000000
vt 0.00000000 0.00000000
vt 0.00000000 0.00000000
vt 0.00000000 0.00000000
vt 0.00000000 0.00000000
vt 0.00000000 0.00000000
vt 0.00000000 0.00000000
vt 0.00000000 0.00000000
vt 0.00000000 0.00000000
vt 0.00000000 0.00000000
vt 0.00000000 0.00000000
vt 0.00000000 0.00000000
vt 0.00000000 0.00000000
vt 0.00000000 0.00000000
vt 0.00000000 0.00000000
vt 0.00000000 0.00000000
vt 0.00000000 0.00000000
vt 0.00000000 0.00000000
vt 0.00000000 0.00000000
vt 0.00000000 0.00000000
vt 0.00000000 0.00000000
vt 0.00000000 0.00000000
vt 0.00000000 0.00000000
vt 0.00000000 0.00000000
vt 0.00000000 0.00000000
vt 0.00000000 0.00000000
vt 0.00000000 0.00000000
vt 0.00000000 0.00000000
vt 0.00000000 0.00000000
vt 0.00000000 0.00000000
vt 0.00000000 0.00000000
vt 0.00000000 0.00000000
vt 0.00000000 0.00000000
vt 0.00000000 0.00000000
vt 0.00000000 0.00000000
vt 0.00000000 0.00000000
vt 0.00000000 0.00000000
vt 0.00000000 0.00000000
vt 0.00000000 0.00000000
vt 0.00000000 0.00000000
vt 0.00000000 0.00000000
vt 0.00000000 0.00000000
vt 0.00000000 0.00000000
vt 0.00000000 0.00000000
vt 0.00000000 0.00000000
vt 0.00000000 0.00000000
vt 0.00000000 0.00000000
vt 0.00000000 0.00000000
vt 0.00000000 0.00000000
vt 0.00000000 0.00000000
vt 0.00000000 0.00000000
vt 0.00000000 0.00000000
vt 0.00000000 0.00000000
vt 0.00000000 0.00000000
vt 0.00000000 0.00000000
vt 0.00000000 0.00000000
vt 0.00000000 0.00000000
vt 0.00000000 0.00000000
vt 0.00000000 0.00000000
vt 0.00000000 0.00000000
vt 0.00000000 0.00000000
vt 0.00000000 0.00000000
vt 0.00000000 0.00000000
vt 0.00000000 0.00000000
vt 0.00000000 0.00000000
vt 0.00000000 0.00000000
vt 0.00000000 0.00000000
vt 0.00000000 0.00000000
vt 0.00000000 0.00000000
vt 0.00000000 0.00000000
vt 0.00000000 0.00000000
vt 0.00000000 0.00000000
vt 0.00000000 0.00000000
vt 0.00000000 0.00000000
vt 0.00000000 0.00000000
vt 0.00000000 0.00000000
vt 0.00000000 0.00000000
vt 0.00000000 0.00000000
vt 0.00000000 0.00000000
vt 0.00000000 0.00000000
vt 0.00000000 0.00000000
vt 0.00000000 0.00000000
vt 0.00000000 0.00000000
vt 0.00000000 0.00000000
vt 0.00000000 0.00000000
vt 0.00000000 0.00000000
vt 0.00000000 0.00000000
vt 0.00000000 0.00000000
vt 0.00000000 0.00000000
vt 0.00000000 0.00000000
vt 0.00000000 0.00000000
vt 0.00000000 0.00000000
vt 0.00000000 0.00000000
vt 0.00000000 0.00000000
vt 0.00000000 0.00000000
vt 0.00000000 0.00000000
vt 0.00000000 0.00000000
vt 0.00000000 0.00000000
vt 0.00000000 0.00000000
vt 0.00000000 0.00000000
vt 0.00000000 0.00000000
vt 0.00000000 0.00000000
vt 0.00000000 0.00000000
vt 0.00000000 0.00000000
vt 0.00000000 0.00000000
vt 0.00000000 0.00000000
vt 0.00000000 0.00000000
vt 0.00000000 0.00000000
vt 0.00000000 0.00000000
vt 0.00000000 0.00000000
vt 0.00000000 0.00000000
vt 0.00000000 0.00000000
vt 0.00000000 0.00000000
vt 0.00000000 0.00000000
vt 0.00000000 0.00000000
vt 0.00000000 0.00000000
vt 0.00000000 0.00000000
vt 0.00000000 0.00000000
vt 0.00000000 0.00000000
vt 0.00000000 0.00000000
vt 0.00000000 0.00000000
vt 0.00000000 0.00000000
vt 0.00000000 0.00000000
vt 0.00000000 0.00000000
vt 0.00000000 0.00000000
vt 0.00000000 0.00000000
vt 0.00000000 0.00000000
vt 0.00000000 0.00000000
vt 0.00000000 0.00000000
vt 0.00000000 0.00000000
vt 0.00000000 0.00000000
vt 0.00000000 0.00000000
vt 0.00000000 0.00000000
vt 0.00000000 0.00000000
vt 0.00000000 0.00000000
vt 0.00000000 0.00000000
vt 0.00000000 0.00000000
vt 0.00000000 0.00000000
vt 0.00000000 0.00000000
vt 0.00000000 0.00000000
vt 0.00000000 0.00000000
vt 0.00000000 0.00000000
vt 0.00000000 0.00000000
vt 0.00000000 0.00000000
vt 0.00000000 0.00000000
vt 0.00000000 0.00000000
vt 0.00000000 0.00000000
vt 0.00000000 0.00000000
vt 0.00000000 0.00000000
vt 0.00000000 0.00000000
vt 0.00000000 0.00000000
vt 0.00000000 0.00000000
vt 0.00000000 0.00000000
vt 0.00000000 0.00000000
vt 0.00000000 0.00000000
vt 0.00000000 0.00000000
vt 0.00000000 0.00000000
vt 0.00000000 0.00000000
vt 0.00000000 0.00000000
vt 0.00000000 0.00000000
vt 0.00000000 0.00000000
vt 0.00000000 0.00000000
vt 0.00000000 0.00000000
vt 0.00000000 0.00000000
vt 0.00000000 0.00000000
vt 0.00000000 0.00000000
vt 0.00000000 0.00000000
vt 0.00000000 0.00000000
vt 0.00000000 0.00000000
vt 0.00000000 0.00000000
vt 0.00000000 0.00000000
vt 0.00000000 0.00000000
vt 0.00000000 0.00000000
vt 0.00000000 0.00000000
vt 0.00000000 0.00000000
vt 0.00000000 0.00000000
vt 0.00000000 0.00000000
vt 0.00000000 0.00000000
vt 0.00000000 0.00000000
vt 0.00000000 0.00000000
vt 0.00000000 0.00000000
vt 0.00000000 0.00000000
vt 0.00000000 0.00000000
vt 0.00000000 0.00000000
vt 0.00000000 0.00000000
vt 0.00000000 0.00000000
vt 0.00000000 0.00000000
vt 0.00000000 0.00000000
vt 0.00000000 0.00000000
vt 0.00000000 0.00000000
vt 0.00000000 0.00000000
vt 0.00000000 0.00000000
vt 0.00000000 0.00000000
vt 0.00000000 0.00000000
vt 0.00000000 0.00000000
vt 0.00000000 0.00000000
vt 0.00000000 0.00000000
vt 0.00000000 0.00000000
vt 0.00000000 0.00000000
vt 0.00000000 0.00000000
vt 0.00000000 0.00000000
vt 0.00000000 0.00000000
vt 0.00000000 0.00000000
vt 0.00000000 0.00000000
vt 0.00000000 0.00000000
vt 0.00000000 0.00000000
vt 0.00000000 0.00000000
vt 0.00000000 0.00000000
vt 0.00000000 0.00000000
vt 0.00000000 0.00000000
vt 0.00000000 0.00000000
vt 0.00000000 0.00000000
vt 0.00000000 0.00000000
vt 0.00000000 0.00000000
vt 0.00000000 0.00000000
vt 0.00000000 0.00000000
vt 0.00000000 0.00000000
vt 0.00000000 0.00000000
vt 0.00000000 0.00000000
vt 0.00000000 0.00000000
vt 0.00000000 0.00000000
vt 0.00000000 0.00000000
vt 0.00000000 0.00000000
vt 0.00000000 0.00000000
vt 0.00000000 0.00000000
vt 0.00000000 0.00000000
vt 0.00000000 0.00000000
vt 0.00000000 0.00000000
vt 0.00000000 0.00000000
vt 0.00000000 0.00000000
vt 0.00000000 0.00000000
vt 0.00000000 0.00000000
vt 0.00000000 0.00000000
vt 0.00000000 0.00000000
vt 0.00000000 0.00000000
vt 0.00000000 0.00000000
vt 0.00000000 0.00000000
vt 0.00000000 0.00000000
vt 0.00000000 0.00000000
vt 0.00000000 0.00000000
vt 0.00000000 0.00000000
vt 0.00000000 0.00000000
vt 0.00000000 0.00000000
vt 0.00000000 0.00000000
vt 0.00000000 0.00000000
vt 0.00000000 0.00000000
vt 0.00000000 0.00000000
vt 0.00000000 0.00000000
vt 0.00000000 0.00000000
vt 0.00000000 0.00000000
vt 0.00000000 0.00000000
vt 0.00000000 0.00000000
vt 0.00000000 0.00000000
vt 0.00000000 0.00000000
vt 0.00000000 0.00000000
vt 0.00000000 0.00000000
vt 0.00000000 0.00000000
vt 0.00000000 0.00000000
vt 0.00000000 0.00000000
vt 0.00000000 0.00000000
vt 0.00000000 0.00000000
vt 0.00000000 0.00000000
vt 0.00000000 0.00000000
vt 0.00000000 0.00000000
vt 0.00000000 0.00000000
vt 0.00000000 0.00000000
vt 0.00000000 0.00000000
vt 0.00000000 0.00000000
vt 0.00000000 0.00000000
vt 0.00000000 0.00000000
vt 0.00000000 0.00000000
vt 0.00000000 0.00000000
vt 0.00000000 0.00000000
vt 0.00000000 0.00000000
vt 0.00000000 0.00000000
vt 0.00000000 0.00000000
vt 0.00000000 0.00000000
vt 0.00000000 0.00000000
vt 0.00000000 0.00000000
vt 0.00000000 0.00000000
vt 0.00000000 0.00000000
vt 0.00000000 0.00000000
vt 0.00000000 0.00000000
vt 0.00000000 0.00000000
vt 0.00000000 0.00000000
vt 0.00000000 0.00000000
vt 0.00000000 0.00000000
vt 0.00000000 0.00000000
vt 0.00000000 0.00000000
vt 0.00000000 0.00000000
vt 0.00000000 0.00000000
vt 0.00000000 0.00000000
vt 0.00000000 0.00000000
vt 0.00000000 0.00000000
vt 0.00000000 0.00000000
vt 0.00000000 0.00000000
vt 0.00000000 0.00000000
vt 0.00000000 0.00000000
vt 0.00000000 0.00000000
vt 0.00000000 0.00000000
vt 0.00000000 0.00000000
vt 0.00000000 0.00000000
vt 0.00000000 0.00000000
vt 0.00000000 0.00000000
vt 0.00000000 0.00000000
vt 0.00000000 0.00000000
vt 0.00000000 0.00000000
vt 0.00000000 0.00000000
vt 0.00000000 0.00000000
vt 0.00000000 0.00000000
vt 0.00000000 0.00000000
vt 0.00000000 0.00000000
vt 0.00000000 0.00000000
vt 0.00000000 0.00000000
vt 0.00000000 0.00000000
vt 0.00000000 0.00000000
vt 0.00000000 0.00000000
vt 0.00000000 0.00000000
vt 0.00000000 0.00000000
vt 0.00000000 0.00000000
vt 0.00000000 0.00000000
vt 0.00000000 0.00000000
vt 0.00000000 0.00000000
vt 0.00000000 0.00000000
vt 0.00000000 0.00000000
vt 0.00000000 0.00000000
vt 0.00000000 0.00000000
vt 0.00000000 0.00000000
vt 0.00000000 0.00000000
vt 0.00000000 0.00000000
vt 0.00000000 0.00000000
vt 0.00000000 0.00000000
vt 0.00000000 0.00000000
vt 0.00000000 0.00000000
vt 0.00000000 0.00000000
vt 0.00000000 0.00000000
vt 0.00000000 0.00000000
vt 0.00000000 0.00000000
vt 0.00000000 0.00000000
vt 0.00000000 0.00000000
vt 0.00000000 0.00000000
vt 0.00000000 0.00000000
vt 0.00000000 0.00000000
vt 0.00000000 0.00000000
vt 0.00000000 0.00000000
vt 0.00000000 0.00000000
vt 0.00000000 0.00000000
vt 0.00000000 0.00000000
vt 0.00000000 0.00000000
vt 0.00000000 0.00000000
vt 0.00000000 0.00000000
vt 0.00000000 0.00000000
vt 0.00000000 0.00000000
vt 0.00000000 0.00000000
vt 0.00000000 0.00000000
vt 0.00000000 0.00000000
vt 0.00000000 0.00000000
vt 0.00000000 0.00000000
vt 0.00000000 0.00000000
vt 0.00000000 0.00000000
vt 0.00000000 0.00000000
vt 0.00000000 0.00000000
vt 0.00000000 0.00000000
vt 0.00000000 0.00000000
vt 0.00000000 0.00000000
vt 0.00000000 0.00000000
vt 0.00000000 0.00000000
vt 0.00000000 0.00000000
vt 0.00000000 0.00000000
vt 0.00000000 0.00000000
vt 0.00000000 0.00000000
vt 0.00000000 0.00000000
vt 0.00000000 0.00000000
vt 0.00000000 0.00000000
vt 0.00000000 0.00000000
vt 0.00000000 0.00000000
vt 0.00000000 0.00000000
vt 0.00000000 0.00000000
vt 0.00000000 0.00000000
vt 0.00000000 0.00000000
vt 0.00000000 0.00000000
vt 0.00000000 0.00000000
vt 0.00000000 0.00000000
vt 0.00000000 0.00000000
vt 0.00000000 0.00000000
vt 0.00000000 0.00000000
vt 0.00000000 0.00000000
vt 0.00000000 0.00000000
vt 0.00000000 0.00000000
vt 0.00000000 0.00000000
vt 0.00000000 0.00000000
vt 0.00000000 0.00000000
vt 0.00000000 0.00000000
vt 0.00000000 0.00000000
vt 0.00000000 0.00000000
vt 0.00000000 0.00000000
vt 0.00000000 0.00000000
vt 0.00000000 0.00000000
vt 0.00000000 0.00000000
vt 0.00000000 0.00000000
vt 0.00000000 0.00000000
vt 0.00000000 0.00000000
vt 0.00000000 0.00000000
vt 0.00000000 0.00000000
vt 0.00000000 0.00000000
vt 0.00000000 0.00000000
vt 0.00000000 0.00000000
vt 0.00000000 0.00000000
vt 0.00000000 0.00000000
vt 0.00000000 0.00000000
vt 0.00000000 0.00000000
vt 0.00000000 0.00000000
vt 0.00000000 0.00000000
vt 0.00000000 0.00000000
vt 0.00000000 0.00000000
vt 0.00000000 0.00000000
vt 0.00000000 0.00000000
vt 0.00000000 0.00000000
vt 0.00000000 0.00000000
vt 0.00000000 0.00000000
vt 0.00000000 0.00000000
vt 0.00000000 0.00000000
vt 0.00000000 0.00000000
vt 0.00000000 0.00000000
vt 0.00000000 0.00000000
vt 0.00000000 0.00000000
vt 0.00000000 0.00000000
vt 0.00000000 0.00000000
vt 0.00000000 0.00000000
vt 0.00000000 0.00000000
vt 0.00000000 0.00000000
vt 0.00000000 0.00000000
vt 0.00000000 0.00000000
vt 0.00000000 0.00000000
vt 0.00000000 0.00000000
vt 0.00000000 0.00000000
vt 0.00000000 0.00000000
vt 0.00000000 0.00000000
vt 0.00000000 0.00000000
vt 0.00000000 0.00000000
vt 0.00000000 0.00000000
vt 0.00000000 0.00000000
vt 0.00000000 0.00000000
vt 0.00000000 0.00000000
vt 0.00000000 0.00000000
vt 0.00000000 0.00000000
vt 0.00000000 0.00000000
vt 0.00000000 0.00000000
vt 0.00000000 0.00000000
vt 0.00000000 0.00000000
vt 0.00000000 0.00000000
vt 0.00000000 0.00000000
vt 0.00000000 0.00000000
vt 0.00000000 0.00000000
vt 0.00000000 0.00000000
vt 0.00000000 0.00000000
vt 0.00000000 0.00000000
vt 0.00000000 0.00000000
vt 0.00000000 0.00000000
vt 0.00000000 0.00000000
vt 0.00000000 0.00000000
vt 0.00000000 0.00000000
vt 0.00000000 0.00000000
vt 0.00000000 0.00000000
vt 0.00000000 0.00000000
vt 0.00000000 0.00000000
vt 0.00000000 0.00000000
vt 0.00000000 0.00000000
vt 0.00000000 0.00000000
vt 0.00000000 0.00000000
vt 0.00000000 0.00000000
vt 0.00000000 0.00000000
vt 0.00000000 0.00000000
vt 0.00000000 0.00000000
vt 0.00000000 0.00000000
vt 0.00000000 0.00000000
vt 0.00000000 0.00000000
vt 0.00000000 0.00000000
vt 0.00000000 0.00000000
vt 0.00000000 0.00000000
vt 0.00000000 0.00000000
vt 0.00000000 0.00000000
vt 0.00000000 0.00000000
vt 0.00000000 0.00000000
vt 0.00000000 0.00000000
vt 0.00000000 0.00000000
vt 0.00000000 0.00000000
vt 0.00000000 0.00000000
vt 0.00000000 0.00000000
vt 0.00000000 0.00000000
vt 0.00000000 0.00000000
vt 0.00000000 0.00000000
vt 0.00000000 0.00000000
vt 0.00000000 0.00000000
vt 0.00000000 0.00000000
vt 0.00000000 0.00000000
vt 0.00000000 0.00000000
vt 0.00000000 0.00000000
vt 0.00000000 0.00000000
vt 0.00000000 0.00000000
vt 0.00000000 0.00000000
vt 0.00000000 0.00000000
vt 0.00000000 0.00000000
vt 0.00000000 0.00000000
vt 0.00000000 0.00000000
vt 0.00000000 0.00000000
vt 0.00000000 0.00000000
vt 0.00000000 0.00000000
vt 0.00000000 0.00000000
vt 0.00000000 0.00000000
vt 0.00000000 0.00000000
vt 0.00000000 0.00000000
vt 0.00000000 0.00000000
vt 0.00000000 0.00000000
vt 0.00000000 0.00000000
vt 0.00000000 0.00000000
vt 0.00000000 0.00000000
vt 0.00000000 0.00000000
vt 0.00000000 0.00000000
vt 0.00000000 0.00000000
vt 0.00000000 0.00000000
vt 0.00000000 0.00000000
vt 0.00000000 0.00000000
vt 0.00000000 0.00000000
vt 0.00000000 0.00000000
vt 0.00000000 0.00000000
vt 0.00000000 0.00000000
vt 0.00000000 0.00000000
vt 0.00000000 0.00000000
vt 0.00000000 0.00000000
vt 0.00000000 0.00000000
vt 0.00000000 0.00000000
vt 0.00000000 0.00000000
vt 0.00000000 0.00000000
vt 0.00000000 0.00000000
vt 0.00000000 0.00000000
vt 0.00000000 0.00000000
vt 0.00000000 0.00000000
vt 0.00000000 0.00000000
vt 0.00000000 0.00000000
vt 0.00000000 0.00000000
vt 0.00000000 0.00000000
vt 0.00000000 0.00000000
vt 0.00000000 0.00000000
vt 0.00000000 0.00000000
vt 0.00000000 0.00000000
vt 0.00000000 0.00000000
vt 0.00000000 0.00000000
vt 0.00000000 0.00000000
vt 0.00000000 0.00000000
vt 0.00000000 0.00000000
vt 0.00000000 0.00000000
vt 0.00000000 0.00000000
vt 0.00000000 0.00000000
vt 0.00000000 0.00000000
vt 0.00000000 0.00000000
vt 0.00000000 0.00000000
vt 0.00000000 0.00000000
vt 0.00000000 0.00000000
vt 0.00000000 0.00000000
vt 0.00000000 0.00000000
vt 0.00000000 0.00000000
vt 0.00000000 0.00000000
vt 0.00000000 0.00000000
vt 0.00000000 0.00000000
vt 0.00000000 0.00000000
vt 0.00000000 0.00000000
vt 0.00000000 0.00000000
vt 0.00000000 0.00000000
vt 0.00000000 0.00000000
vt 0.00000000 0.00000000
vt 0.00000000 0.00000000
vt 0.00000000 0.00000000
vt 0.00000000 0.00000000
vt 0.00000000 0.00000000
vt 0.00000000 0.00000000
vt 0.00000000 0.00000000
vt 0.00000000 0.00000000
vt 0.00000000 0.00000000
vt 0.00000000 0.00000000
vt 0.00000000 0.00000000
vt 0.00000000 0.00000000
vt 0.00000000 0.00000000
vt 0.00000000 0.00000000
vt 0.00000000 0.00000000
vt 0.00000000 0.00000000
vt 0.00000000 0.00000000
vt 0.00000000 0.00000000
vt 0.00000000 0.00000000
vt 0.00000000 0.00000000
vt 0.00000000 0.00000000
vt 0.00000000 0.00000000
vt 0.00000000 0.00000000
vt 0.00000000 0.00000000
vt 0.00000000 0.00000000
vt 0.00000000 0.00000000
vt 0.00000000 0.00000000
vt 0.00000000 0.00000000
vt 0.00000000 0.00000000
vt 0.00000000 0.00000000
vt 0.00000000 0.00000000
vt 0.00000000 0.00000000
vt 0.00000000 0.00000000
vt 0.00000000 0.00000000
vt 0.00000000 0.00000000
vt 0.00000000 0.00000000
vt 0.00000000 0.00000000
vt 0.00000000 0.00000000
vt 0.00000000 0.00000000
vt 0.00000000 0.00000000
vt 0.00000000 0.00000000
vt 0.00000000 0.00000000
vt 0.00000000 0.00000000
vt 0.00000000 0.00000000
vt 0.00000000 0.00000000
vt 0.00000000 0.00000000
vt 0.00000000 0.00000000
vt 0.00000000 0.00000000
vt 0.00000000 0.00000000
vt 0.00000000 0.00000000
vt 0.00000000 0.00000000
vt 0.00000000 0.00000000
vt 0.00000000 0.00000000
vt 0.00000000 0.00000000
vt 0.00000000 0.00000000
vt 0.00000000 0.00000000
vt 0.00000000 0.00000000
vt 0.00000000 0.00000000
vt 0.00000000 0.00000000
vt 0.00000000 0.00000000
vt 0.00000000 0.00000000
vt 0.00000000 0.00000000
vt 0.00000000 0.00000000
vt 0.00000000 0.00000000
vt 0.00000000 0.00000000
vt 0.00000000 0.00000000
vt 0.00000000 0.00000000
vt 0.00000000 0.00000000
vt 0.00000000 0.00000000
vt 0.00000000 0.00000000
vt 0.00000000 0.00000000
vt 0.00000000 0.00000000
vt 0.00000000 0.00000000
vt 0.00000000 0.00000000
vt 0.00000000 0.00000000
vt 0.00000000 0.00000000
vt 0.00000000 0.00000000
vt 0.00000000 0.00000000
vt 0.00000000 0.00000000
vt 0.00000000 0.00000000
vt 0.00000000 0.00000000
vt 0.00000000 0.00000000
vt 0.00000000 0.00000000
vt 0.00000000 0.00000000
vt 0.00000000 0.00000000
vt 0.00000000 0.00000000
vt 0.00000000 0.00000000
vt 0.00000000 0.00000000
vt 0.00000000 0.00000000
vt 0.00000000 0.00000000
vt 0.00000000 0.00000000
vt 0.00000000 0.00000000
vt 0.00000000 0.00000000
vt 0.00000000 0.00000000
vt 0.00000000 0.00000000
vt 0.00000000 0.00000000
vt 0.00000000 0.00000000
vt 0.00000000 0.00000000
vt 0.00000000 0.00000000
vt 0.00000000 0.00000000
vt 0.00000000 0.00000000
vt 0.00000000 0.00000000
vt 0.00000000 0.00000000
vt 0.00000000 0.00000000
vt 0.00000000 0.00000000
vt 0.00000000 0.00000000
vt 0.00000000 0.00000000
vt 0.00000000 0.00000000
vt 0.00000000 0.00000000
vt 0.00000000 0.00000000
vt 0.00000000 0.00000000
vt 0.00000000 0.00000000
vt 0.00000000 0.00000000
vt 0.00000000 0.00000000
vt 0.00000000 0.00000000
vt 0.00000000 0.00000000
vt 0.00000000 0.00000000
vt 0.00000000 0.00000000
vt 0.00000000 0.00000000
vt 0.00000000 0.00000000
vt 0.00000000 0.00000000
vt 0.00000000 0.00000000
vt 0.00000000 0.00000000
vt 0.00000000 0.00000000
vt 0.00000000 0.00000000
vt 0.00000000 0.00000000
vt 0.00000000 0.00000000
vt 0.00000000 0.00000000
vt 0.00000000 0.00000000
vt 0.00000000 0.00000000
vt 0.00000000 0.00000000
vt 0.00000000 0.00000000
vt 0.00000000 0.00000000
vt 0.00000000 0.00000000
vt 0.00000000 0.00000000
vt 0.00000000 0.00000000
vt 0.00000000 0.00000000
vt 0.00000000 0.00000000
vt 0.00000000 0.00000000
vt 0.00000000 0.00000000
vt 0.00000000 0.00000000
vt 0.00000000 0.00000000
vt 0.00000000 0.00000000
vt 0.00000000 0.00000000
vt 0.00000000 0.00000000
vt 0.00000000 0.00000000
vt 0.00000000 0.00000000
vt 0.00000000 0.00000000
vt 0.00000000 0.00000000
vt 0.00000000 0.00000000
vt 0.00000000 0.00000000
vt 0.00000000 0.00000000
vt 0.00000000 0.00000000
vt 0.00000000 0.00000000
vt 0.00000000 0.00000000
vt 0.00000000 0.00000000
vt 0.00000000 0.00000000
vt 0.00000000 0.00000000
vt 0.00000000 0.00000000
vt 0.00000000 0.00000000
vt 0.00000000 0.00000000
vt 0.00000000 0.00000000
vt 0.00000000 0.00000000
vt 0.00000000 0.00000000
vt 0.00000000 0.00000000
vt 0.00000000 0.00000000
vt 0.00000000 0.00000000
vt 0.00000000 0.00000000
vt 0.00000000 0.00000000
vt 0.00000000 0.00000000
vt 0.00000000 0.00000000
vt 0.00000000 0.00000000
vt 0.00000000 0.00000000
vt 0.00000000 0.00000000
vt 0.00000000 0.00000000
vt 0.00000000 0.00000000
vt 0.00000000 0.00000000
vt 0.00000000 0.00000000
vt 0.00000000 0.00000000
vt 0.00000000 0.00000000
vt 0.00000000 0.00000000
vt 0.00000000 0.00000000
vt 0.00000000 0.00000000
vt 0.00000000 0.00000000
vt 0.00000000 0.00000000
vt 0.00000000 0.00000000
vt 0.00000000 0.00000000
vt 0.00000000 0.00000000
vt 0.00000000 0.00000000
vt 0.00000000 0.00000000
vt 0.00000000 0.00000000
vt 0.00000000 0.00000000
vt 0.00000000 0.00000000
vt 0.00000000 0.00000000
vt 0.00000000 0.00000000
vt 0.00000000 0.00000000
vt 0.00000000 0.00000000
vt 0.00000000 0.00000000
vt 0.00000000 0.00000000
vt 0.00000000 0.00000000
vt 0.00000000 0.00000000
vt 0.00000000 0.00000000
vt 0.00000000 0.00000000
vt 0.00000000 0.00000000
vt 0.00000000 0.00000000
vt 0.00000000 0.00000000
vt 0.00000000 0.00000000
vt 0.00000000 0.00000000
vt 0.00000000 0.00000000
vt 0.00000000 0.00000000
vt 0.00000000 0.00000000
vt 0.00000000 0.00000000
vt 0.00000000 0.00000000
vt 0.00000000 0.00000000
vt 0.00000000 0.00000000
vt 0.00000000 0.00000000
vt 0.00000000 0.00000000
vt 0.00000000 0.00000000
vt 0.00000000 0.00000000
vt 0.00000000 0.00000000
vt 0.00000000 0.00000000
vt 0.00000000 0.00000000
vt 0.00000000 0.00000000
vt 0.00000000 0.00000000
vt 0.00000000 0.00000000
vt 0.00000000 0.00000000
vt 0.00000000 0.00000000
vt 0.00000000 0.00000000
vt 0.00000000 0.00000000
vt 0.00000000 0.00000000
vt 0.00000000 0.00000000
vt 0.00000000 0.00000000
vt 0.00000000 0.00000000
vt 0.00000000 0.00000000
vt 0.00000000 0.00000000
vt 0.00000000 0.00000000
vt 0.00000000 0.00000000
vt 0.00000000 0.00000000
vt 0.00000000 0.00000000
vt 0.00000000 0.00000000
vt 0.00000000 0.00000000
vt 0.00000000 0.00000000
vt 0.00000000 0.00000000
vt 0.00000000 0.00000000
vt 0.00000000 0.00000000
vt 0.00000000 0.00000000
vt 0.00000000 0.00000000
vt 0.00000000 0.00000000
vt 0.00000000 0.00000000
vt 0.00000000 0.00000000
vt 0.00000000 0.00000000
vt 0.00000000 0.00000000
vt 0.00000000 0.00000000
vt 0.00000000 0.00000000
vt 0.00000000 0.00000000
vt 0.00000000 0.00000000
vt 0.00000000 0.00000000
vt 0.00000000 0.00000000
vt 0.00000000 0.00000000
vt 0.00000000 0.00000000
vt 0.00000000 0.00000000
vt 0.00000000 0.00000000
vt 0.00000000 0.00000000
vt 0.00000000 0.00000000
vt 0.00000000 0.00000000
vt 0.00000000 0.00000000
vt 0.00000000 0.00000000
vt 0.00000000 0.00000000
vt 0.00000000 0.00000000
vt 0.00000000 0.00000000
vt 0.00000000 0.00000000
vt 0.00000000 0.00000000
vt 0.00000000 0.00000000
vt 0.00000000 0.00000000
vt 0.00000000 0.00000000
vt 0.00000000 0.00000000
vt 0.00000000 0.00000000
vt 0.00000000 0.00000000
vt 0.00000000 0.00000000
vt 0.00000000 0.00000000
vt 0.00000000 0.00000000
vt 0.00000000 0.00000000
vt 0.00000000 0.00000000
vt 0.00000000 0.00000000
vt 0.00000000 0.00000000
vt 0.00000000 0.00000000
vt 0.00000000 0.00000000
vt 0.00000000 0.00000000
vt 0.00000000 0.00000000
vt 0.00000000 0.00000000
vt 0.00000000 0.00000000
vt 0.00000000 0.00000000
vt 0.00000000 0.00000000
vt 0.00000000 0.00000000
vt 0.00000000 0.00000000
vt 0.00000000 0.00000000
vt 0.00000000 0.00000000
vt 0.00000000 0.00000000
vt 0.00000000 0.00000000
vt 0.00000000 0.00000000
vt 0.00000000 0.00000000
vt 0.00000000 0.00000000
vt 0.00000000 0.00000000
vt 0.00000000 0.00000000
vt 0.00000000 0.00000000
vt 0.00000000 0.00000000
vt 0.00000000 0.00000000
vt 0.00000000 0.00000000
vt 0.00000000 0.00000000
vt 0.00000000 0.00000000
vt 0.00000000 0.00000000
vt 0.00000000 0.00000000
vt 0.00000000 0.00000000
vt 0.00000000 0.00000000
vt 0.00000000 0.00000000
vt 0.00000000 0.00000000
vt 0.00000000 0.00000000
vt 0.00000000 0.00000000
vt 0.00000000 0.00000000
vt 0.00000000 0.00000000
vt 0.00000000 0.00000000
vt 0.00000000 0.00000000
vt 0.00000000 0.00000000
vt 0.00000000 0.00000000
vt 0.00000000 0.00000000
vt 0.00000000 0.00000000
vt 0.00000000 0.00000000
vt 0.00000000 0.00000000
vt 0.00000000 0.00000000
vt 0.00000000 0.00000000
vt 0.00000000 0.00000000
vt 0.00000000 0.00000000
vt 0.00000000 0.00000000
vt 0.00000000 0.00000000
vt 0.00000000 0.00000000
vt 0.00000000 0.00000000
vt 0.00000000 0.00000000
vt 0.00000000 0.00000000
vt 0.00000000 0.00000000
vt 0.00000000 0.00000000
vt 0.00000000 0.00000000
vt 0.00000000 0.00000000
vt 0.00000000 0.00000000
vt 0.00000000 0.00000000
vt 0.00000000 0.00000000
vt 0.00000000 0.00000000
vt 0.00000000 0.00000000
vt 0.00000000 0.00000000
vt 0.00000000 0.00000000
vt 0.00000000 0.00000000
vt 0.00000000 0.00000000
vt 0.00000000 0.00000000
vt 0.00000000 0.00000000
vt 0.00000000 0.00000000
vt 0.00000000 0.00000000
vt 0.00000000 0.00000000
vt 0.00000000 0.00000000
vt 0.00000000 0.00000000
vt 0.00000000 0.00000000
vt 0.00000000 0.00000000
vt 0.00000000 0.00000000
vt 0.00000000 0.00000000
vt 0.00000000 0.00000000
vt 0.00000000 0.00000000
vt 0.00000000 0.00000000
vt 0.00000000 0.00000000
vt 0.00000000 0.00000000
vt 0.00000000 0.00000000
vt 0.00000000 0.00000000
vt 0.00000000 0.00000000
vt 0.00000000 0.00000000
vt 0.00000000 0.00000000
vt 0.00000000 0.00000000
vt 0.00000000 0.00000000
vt 0.00000000 0.00000000
vt 0.00000000 0.00000000
vt 0.00000000 0.00000000
vt 0.00000000 0.00000000
vt 0.00000000 0.00000000
vt 0.00000000 0.00000000
vt 0.00000000 0.00000000
vt 0.00000000 0.00000000
vt 0.00000000 0.00000000
vt 0.00000000 0.00000000
vt 0.00000000 0.00000000
vt 0.00000000 0.00000000
vt 0.00000000 0.00000000
vt 0.00000000 0.00000000
vt 0.00000000 0.00000000
vt 0.00000000 0.00000000
vt 0.00000000 0.00000000
vt 0.00000000 0.00000000
vt 0.00000000 0.00000000
vt 0.00000000 0.00000000
vt 0.00000000 0.00000000
vt 0.00000000 0.00000000
vt 0.00000000 0.00000000
vt 0.00000000 0.00000000
vt 0.00000000 0.00000000
vt 0.00000000 0.00000000
vt 0.00000000 0.00000000
vt 0.00000000 0.00000000
vt 0.00000000 0.00000000
vt 0.00000000 0.00000000
vt 0.00000000 0.00000000
vt 0.00000000 0.00000000
vt 0.00000000 0.00000000
vt 0.00000000 0.00000000
vt 0.00000000 0.00000000
vt 0.00000000 0.00000000
vt 0.00000000 0.00000000
vt 0.00000000 0.00000000
vt 0.00000000 0.00000000
vt 0.00000000 0.00000000
vt 0.00000000 0.00000000
vt 0.00000000 0.00000000
vt 0.00000000 0.00000000
vt 0.00000000 0.00000000
vt 0.00000000 0.00000000
vt 0.00000000 0.00000000
vt 0.00000000 0.00000000
vt 0.00000000 0.00000000
vt 0.00000000 0.00000000
vt 0.00000000 0.00000000
vt 0.00000000 0.00000000
vt 0.00000000 0.00000000
vt 0.00000000 0.00000000
vt 0.00000000 0.00000000
vt 0.00000000 0.00000000
vt 0.00000000 0.00000000
vt 0.00000000 0.00000000
vt 0.00000000 0.00000000
vt 0.00000000 0.00000000
vt 0.00000000 0.00000000
vt 0.00000000 0.00000000
vt 0.00000000 0.00000000
vt 0.00000000 0.00000000
vt 0.00000000 0.00000000
vt 0.00000000 0.00000000
vt 0.00000000 0.00000000
vt 0.00000000 0.00000000
vt 0.00000000 0.00000000
vt 0.00000000 0.00000000
vt 0.00000000 0.00000000
vt 0.00000000 0.00000000
vt 0.00000000 0.00000000
vt 0.00000000 0.00000000
vt 0.00000000 0.00000000
vt 0.00000000 0.00000000
vt 0.00000000 0.00000000
vt 0.00000000 0.00000000
vt 0.00000000 0.00000000
vt 0.00000000 0.00000000
vt 0.00000000 0.00000000
vt 0.00000000 0.00000000
vt 0.00000000 0.00000000
vt 0.00000000 0.00000000
vt 0.00000000 0.00000000
vt 0.00000000 0.00000000
vt 0.00000000 0.00000000
vt 0.00000000 0.00000000
vt 0.00000000 0.00000000
vt 0.00000000 0.00000000
vt 0.00000000 0.00000000
vt 0.00000000 0.00000000
vt 0.00000000 0.00000000
vt 0.00000000 0.00000000
vt 0.00000000 0.00000000
vt 0.00000000 0.00000000
vt 0.00000000 0.00000000
vt 0.00000000 0.00000000
vt 0.00000000 0.00000000
vt 0.00000000 0.00000000
vt 0.00000000 0.00000000
vt 0.00000000 0.00000000
vt 0.00000000 0.00000000
vt 0.00000000 0.00000000
vt 0.00000000 0.00000000
vt 0.00000000 0.00000000
vt 0.00000000 0.00000000
vt 0.00000000 0.00000000
vt 0.00000000 0.00000000
vt 0.00000000 0.00000000
vt 0.00000000 0.00000000
vt 0.00000000 0.00000000
vt 0.00000000 0.00000000
vt 0.00000000 0.00000000
vt 0.00000000 0.00000000
vt 0.00000000 0.00000000
vt 0.00000000 0.00000000
vt 0.00000000 0.00000000
vt 0.00000000 0.00000000
vt 0.00000000 0.00000000
vt 0.00000000 0.00000000
vt 0.00000000 0.00000000
vt 0.00000000 0.00000000
vt 0.00000000 0.00000000
vt 0.00000000 0.00000000
vt 0.00000000 0.00000000
vt 0.00000000 0.00000000
vt 0.00000000 0.00000000
vt 0.00000000 0.00000000
vt 0.00000000 0.00000000
vt 0.00000000 0.00000000
vt 0.00000000 0.00000000
vt 0.00000000 0.00000000
vt 0.00000000 0.00000000
vt 0.00000000 0.00000000
vt 0.00000000 0.00000000
vt 0.00000000 0.00000000
vt 0.00000000 0.00000000
vt 0.00000000 0.00000000
vt 0.00000000 0.00000000
vt 0.00000000 0.00000000
vt 0.00000000 0.00000000
vt 0.00000000 0.00000000
vt 0.00000000 0.00000000
vt 0.00000000 0.00000000
vt 0.00000000 0.00000000
vt 0.00000000 0.00000000
vt 0.00000000 0.00000000
vt 0.00000000 0.00000000
vt 0.00000000 0.00000000
vt 0.00000000 0.00000000
vt 0.00000000 0.00000000
vt 0.00000000 0.00000000
vt 0.00000000 0.00000000
vt 0.00000000 0.00000000
vt 0.00000000 0.00000000
vt 0.00000000 0.00000000
vt 0.00000000 0.00000000
vt 0.00000000 0.00000000
vt 0.00000000 0.00000000
vt 0.00000000 0.00000000
vt 0.00000000 0.00000000
vt 0.00000000 0.00000000
vt 0.00000000 0.00000000
vt 0.00000000 0.00000000
vt 0.00000000 0.00000000
vt 0.00000000 0.00000000
vt 0.00000000 0.00000000
vt 0.00000000 0.00000000
vt 0.00000000 0.00000000
vt 0.00000000 0.00000000
vt 0.00000000 0.00000000
vt 0.00000000 0.00000000
vt 0.00000000 0.00000000
vt 0.00000000 0.00000000
vt 0.00000000 0.00000000
vt 0.00000000 0.00000000
vt 0.00000000 0.00000000
vt 0.00000000 0.00000000
vt 0.00000000 0.00000000
vt 0.00000000 0.00000000
vt 0.00000000 0.00000000
vt 0.00000000 0.00000000
vt 0.00000000 0.00000000
vt 0.00000000 0.00000000
vt 0.00000000 0.00000000
vt 0.00000000 0.00000000
vt 0.00000000 0.00000000
vt 0.00000000 0.00000000
vt 0.00000000 0.00000000
vt 0.00000000 0.00000000
vt 0.00000000 0.00000000
vt 0.00000000 0.00000000
vt 0.00000000 0.00000000
vt 0.00000000 0.00000000
vt 0.00000000 0.00000000
vt 0.00000000 0.00000000
vt 0.00000000 0.00000000
vt 0.00000000 0.00000000
vt 0.00000000 0.00000000
vt 0.00000000 0.00000000
vt 0.00000000 0.00000000
vt 0.00000000 0.00000000
vt 0.00000000 0.00000000
vt 0.00000000 0.00000000
vt 0.00000000 0.00000000
vt 0.00000000 0.00000000
vt 0.00000000 0.00000000
vt 0.00000000 0.00000000
vt 0.00000000 0.00000000
vt 0.00000000 0.00000000
vt 0.00000000 0.00000000
vt 0.00000000 0.00000000
vt 0.00000000 0.00000000
vt 0.00000000 0.00000000
vt 0.00000000 0.00000000
vt 0.00000000 0.00000000
vt 0.00000000 0.00000000
vt 0.00000000 0.00000000
vt 0.00000000 0.00000000
vt 0.00000000 0.00000000
vt 0.00000000 0.00000000
vt 0.00000000 0.00000000
vt 0.00000000 0.00000000
vt 0.00000000 0.00000000
vt 0.00000000 0.00000000
vt 0.00000000 0.00000000
vt 0.00000000 0.00000000
vt 0.00000000 0.00000000
vt 0.00000000 0.00000000
vt 0.00000000 0.00000000
vt 0.00000000 0.00000000
vt 0.00000000 0.00000000
vt 0.00000000 0.00000000
vt 0.00000000 0.00000000
vt 0.00000000 0.00000000
vt 0.00000000 0.00000000
vt 0.00000000 0.00000000
vt 0.00000000 0.00000000
vt 0.00000000 0.00000000
vt 0.00000000 0.00000000
vt 0.00000000 0.00000000
vt 0.00000000 0.00000000
vt 0.00000000 0.00000000
vt 0.00000000 0.00000000
vt 0.00000000 0.00000000
vt 0.00000000 0.00000000
vt 0.00000000 0.00000000
vt 0.00000000 0.00000000
vt 0.00000000 0.00000000
vt 0.00000000 0.00000000
vt 0.00000000 0.00000000
vt 0.00000000 0.00000000
vt 0.00000000 0.00000000
vt 0.00000000 0.00000000
vt 0.00000000 0.00000000
vt 0.00000000 0.00000000
vt 0.00000000 0.00000000
vn 0.12625830 -0.69574830 0.70710193
vn 0.06351035 -0.70569436 0.70566416
vn -0.06351035 -0.70569436 0.70566416
vn -0.12625830 -0.69574830 0.70710193
vn -0.24845749 -0.66202423 0.70710168
vn -0.36266089 -0.60702875 0.70710196
vn -0.46523743 -0.53250197 0.70710380
vn -0.55283025 -0.44088446 0.70710651
vn -0.62268445 -0.33507076 0.70710088
vn -0.67251747 -0.21848558 0.70709568
vn -0.67251305 -0.21851466 0.70709090
vn -0.70071805 -0.09491408 0.70709655
vn -0.70640016 0.03170977 0.70710205
vn -0.68939443 0.15732581 0.70709541
vn -0.65021243 0.27790844 0.70710021
vn -0.59014588 0.38954470 0.70709460
vn -0.51110767 0.48864561 0.70710284
vn -0.41561776 0.57206219 0.70711154
vn -0.41564301 0.57205490 0.70710259
vn -0.30680899 0.63708758 0.70709806
vn -0.18811840 0.68163959 0.70709189
vn -0.06335824 0.70426568 0.70710366
vn 0.06335824 0.70426568 0.70710366
vn 0.18811840 0.68163959 0.70709189
vn 0.30680899 0.63708758 0.70709806
vn 0.41561776 0.57206219 0.70711154
vn 0.41564301 0.57205490 0.70710259
vn 0.51110767 0.48864561 0.70710284
vn 0.59014588 0.38954470 0.70709460
vn 0.65021243 0.27790844 0.70710021
vn 0.68939443 0.15732581 0.70709541
vn 0.70640016 0.03170977 0.70710205
vn 0.70071805 -0.09491408 0.70709655
vn 0.67251747 -0.21848558 0.70709568
vn 0.62268445 -0.33507076 0.70710088
vn 0.55285145 -0.44087703 0.70709456
vn 0.46523743 -0.53250197 0.70710380
vn 0.36266089 -0.60702875 0.70710196
vn 0.24845749 -0.66202423 0.70710168
vn 0.17853628 -0.98393333 0.00000031
vn 0.00000000 -1.00000000 0.00000031
vn -0.17853628 -0.98393333 0.00000031
vn -0.35136760 -0.93623758 0.00000029
vn -0.51290604 -0.85844475 0.00000027
vn -0.65794053 -0.75306989 0.00000024
vn -0.78184149 -0.62347726 0.00000020
vn -0.88059554 -0.47386865 0.00000015
vn -0.95106074 -0.30900400 0.00000010
vn -0.99095122 -0.13422250 0.00000004
vn -0.99899318 0.04486221 -0.00000001
vn -0.97492950 0.22251399 -0.00000007
vn -0.91952978 0.39302033 -0.00000012
vn -0.83457235 0.55089835 -0.00000017
vn -0.72278373 0.69107430 -0.00000022
vn -0.58776698 0.80903027 -0.00000025
vn -0.43388256 0.90096944 -0.00000028
vn -0.26603168 0.96396429 -0.00000030
vn -0.17853628 0.98393333 -0.00000031
vn 0.00000000 1.00000000 -0.00000031
vn 0.08963315 0.99597485 -0.00000031
vn 0.26603168 0.96396429 -0.00000030
vn 0.43388256 0.90096944 -0.00000028
vn 0.58776698 0.80903027 -0.00000025
vn 0.72278373 0.69107430 -0.00000022
vn 0.83457235 0.55089835 -0.00000017
vn 0.91952978 0.39302033 -0.00000012
vn 0.97492950 0.22251399 -0.00000007
vn 0.99899318 0.04486221 -0.00000001
vn 0.99095122 -0.13422250 0.00000004
vn 0.95106074 -0.30900400 0.00000010
vn 0.88059554 -0.47386865 0.00000015
vn 0.78184149 -0.62347726 0.00000020
vn 0.65794053 -0.75306989 0.00000024
vn 0.51290604 -0.85844475 0.00000027
vn 0.35136760 -0.93623758 0.00000029
vn 0.00000000 0.00000031 1.00000000
vn 0.00000000 0.00000787 1.00000000
vn 0.00000000 -0.00000204 1.00000000
vn 0.00000000 0.00000150 1.00000000
vn 0.00000000 -0.00000386 1.00000000
vn 0.00000000 0.00000333 1.00000000
vn 0.00000000 0.00000222 1.00000000
vn 0.00000000 0.00000031 1.00000000
vn 0.00000000 -0.00000164 1.00000000
vn 0.00000000 0.00000012 1.00000000
vn 0.00000000 0.00000165 1.00000000
vn 0.00000000 -0.00000123 1.00000000
vn 0.00000000 -0.00000006 1.00000000
vn 0.00000000 0.00000176 1.00000000
vn 0.00000000 -0.00000130 1.00000000
vn 0.00000000 0.00000086 1.00000000
vn 0.00000000 -0.00000027 1.00000000
vn 0.00000000 -0.00000010 1.00000000
vn 0.00000000 0.00000059 1.00000000
vn 0.00000000 0.00000050 1.00000000
vn 0.00000000 0.00000046 1.00000000
vn 0.00000000 0.00000072 1.00000000
vn 0.00000000 0.00000002 1.00000000
vn 0.00000000 0.00000172 1.00000000
vn 0.07388638 -0.70321835 -0.70712428
vn 0.03701955 -0.70660708 -0.70663710
vn -0.03702032 -0.70662229 -0.70662185
vn -0.07388638 -0.70321835 -0.70712428
vn -0.14701158 -0.69166011 -0.70710246
vn -0.21849026 -0.67250101 -0.70710989
vn -0.28761477 -0.64597380 -0.70710366
vn -0.35353969 -0.61237712 -0.70710958
vn -0.41561776 -0.57206219 -0.70711154
vn -0.47314413 -0.52548536 -0.70710662
vn -0.52548510 -0.47314433 -0.70710668
vn -0.57206197 -0.41561798 -0.70711159
vn -0.61237690 -0.35353991 -0.70710966
vn -0.64599133 -0.28760930 -0.70708987
vn -0.67250079 -0.21849049 -0.70711003
vn -0.69167582 -0.14700870 -0.70708769
vn -0.70321813 -0.07388660 -0.70712448
vn -0.70709152 -0.00000022 -0.70712204
vn -0.70321813 0.07388616 -0.70712452
vn -0.69165989 0.14701136 -0.70710272
vn -0.69167582 0.14700825 -0.70708778
vn -0.67250079 0.21849004 -0.70711017
vn -0.64597358 0.28761455 -0.70710395
vn -0.64597919 0.28758655 -0.70711022
vn -0.61237028 0.35356617 -0.70710226
vn -0.57206197 0.41561754 -0.70711185
vn -0.52548510 0.47314389 -0.70710697
vn -0.47314413 0.52548492 -0.70710695
vn -0.41561776 0.57206175 -0.70711190
vn -0.35353969 0.61237667 -0.70710996
vn -0.28761477 0.64597336 -0.70710407
vn -0.21849026 0.67250057 -0.70711031
vn -0.14700849 0.69167554 -0.70708801
vn -0.07388638 0.70321791 -0.70712472
vn 0.00000000 0.70710656 -0.70710700
vn 0.07388638 0.70321791 -0.70712472
vn 0.14701158 0.69165967 -0.70710289
vn 0.21849026 0.67250057 -0.70711031
vn 0.28761477 0.64597336 -0.70710407
vn 0.35353969 0.61237667 -0.70710996
vn 0.41561776 0.57206175 -0.70711190
vn 0.47314413 0.52548492 -0.70710695
vn 0.52548510 0.47314389 -0.70710697
vn 0.57206197 0.41561754 -0.70711185
vn 0.61237690 0.35353946 -0.70710988
vn 0.64599133 0.28760886 -0.70709005
vn 0.67250079 0.21849004 -0.70711017
vn 0.69167582 0.14700825 -0.70708778
vn 0.70321813 0.07388616 -0.70712452
vn 0.70709152 -0.00000022 -0.70712204
vn 0.70321813 -0.07388660 -0.70712448
vn 0.69165989 -0.14701181 -0.70710263
vn 0.69167582 -0.14700870 -0.70708769
vn 0.67250079 -0.21849049 -0.70711003
vn 0.64597358 -0.28761500 -0.70710377
vn 0.64597919 -0.28758699 -0.70711004
vn 0.61237028 -0.35356661 -0.70710203
vn 0.57206197 -0.41561798 -0.70711159
vn 0.52548510 -0.47314433 -0.70710668
vn 0.47314413 -0.52548536 -0.70710662
vn 0.41561776 -0.57206219 -0.70711154
vn 0.35353969 -0.61237712 -0.70710958
vn 0.28761477 -0.64597380 -0.70710366
vn 0.21849026 -0.67250101 -0.70710989
vn 0.14700849 -0.69167598 -0.70708758
vn -0.10452749 -0.99452200 0.00000031
vn 0.10452749 -0.99452200 0.00000031
vn 0.20789890 -0.97815032 0.00000031
vn 0.30900400 -0.95106074 0.00000030
vn 0.40672449 -0.91355087 0.00000029
vn 0.49998925 -0.86603161 0.00000027
vn 0.58776698 -0.80903027 0.00000025
vn 0.66913342 -0.74314230 0.00000023
vn 0.74314230 -0.66913342 0.00000021
vn 0.80903027 -0.58776698 0.00000018
vn 0.86603161 -0.49998925 0.00000016
vn 0.91355087 -0.40672449 0.00000013
vn 0.97815032 -0.20789890 0.00000007
vn 0.99452200 -0.10452749 0.00000003
vn 1.00000000 0.00000000 0.00000000
vn 0.99452200 0.10452749 -0.00000003
vn 0.97815032 0.20789890 -0.00000007
vn 0.95106074 0.30900400 -0.00000010
vn 0.91355087 0.40672449 -0.00000013
vn 0.86603161 0.49998925 -0.00000016
vn 0.80903027 0.58776698 -0.00000018
vn 0.74314230 0.66913342 -0.00000021
vn 0.66913342 0.74314230 -0.00000023
vn 0.49998925 0.86603161 -0.00000027
vn 0.40672449 0.91355087 -0.00000029
vn 0.30900400 0.95106074 -0.00000030
vn 0.20789890 0.97815032 -0.00000031
vn 0.10452749 0.99452200 -0.00000031
vn 0.05230891 0.99863095 -0.00000031
vn -0.05230891 0.99863095 -0.00000031
vn -0.10452749 0.99452200 -0.00000031
vn -0.20789890 0.97815032 -0.00000031
vn -0.30900400 0.95106074 -0.00000030
vn -0.40672449 0.91355087 -0.00000029
vn -0.49998925 0.86603161 -0.00000027
vn -0.66913342 0.74314230 -0.00000023
vn -0.74314230 0.66913342 -0.00000021
vn -0.80903027 0.58776698 -0.00000018
vn -0.86603161 0.49998925 -0.00000016
vn -0.91355087 0.40672449 -0.00000013
vn -0.95106074 0.30900400 -0.00000010
vn -0.97815032 0.20789890 -0.00000007
vn -0.99452200 0.10452749 -0.00000003
vn -1.00000000 0.00000000 0.00000000
vn -0.99452200 -0.10452749 0.00000003
vn -0.97815032 -0.20789890 0.00000007
vn -0.91355087 -0.40672449 0.00000013
vn -0.86603161 -0.49998925 0.00000016
vn -0.80903027 -0.58776698 0.00000018
vn -0.74314230 -0.66913342 0.00000021
vn -0.66913342 -0.74314230 0.00000023
vn -0.58776698 -0.80903027 0.00000025
vn -0.49998925 -0.86603161 0.00000027
vn -0.40672449 -0.91355087 0.00000029
vn -0.30900400 -0.95106074 0.00000030
vn -0.20789890 -0.97815032 0.00000031
vn 0.00000000 -0.00000031 -1.00000000
vn 0.00000000 -0.00000085 -1.00000000
vn 0.00000000 -0.00000082 -1.00000000
vn 0.00000000 0.00000022 -1.00000000
vn 0.00000000 -0.00000005 -1.00000000
vn 0.00000000 -0.00000082 -1.00000000
vn 0.00000000 0.00000022 -1.00000000
vn 0.00000000 -0.00000132 -1.00000000
vn 0.00000000 -0.00000005 -1.00000000
vn 0.00000000 -0.00000005 -1.00000000
vn 0.00000000 -0.00000045 -1.00000000
vn 0.00000000 -0.00000132 -1.00000000
vn 0.00000000 0.00000015 -1.00000000
vn 0.00000000 -0.00000132 -1.00000000
vn 0.00000000 -0.00000008 -1.00000000
vn 0.00000000 -0.00000055 -1.00000000
vn 0.00000000 0.00000019 -1.00000000
vn 0.00000000 -0.00000078 -1.00000000
vn 0.00000000 0.00000019 -1.00000000
vn 0.00000000 -0.00000018 -1.00000000
vn 0.00000000 -0.00000082 -1.00000000
vn 0.00000000 -0.00000058 -1.00000000
vn 0.00000000 0.00000019 -1.00000000
vn 0.00000000 -0.00000058 -1.00000000
vn 0.00000000 0.00000019 -1.00000000
vn 0.00000000 -0.00000085 -1.00000000
vn 0.00000000 -0.00000006 -1.00000000
vn 0.00000000 -0.00000058 -1.00000000
vn 0.00000000 -0.00000006 -1.00000000
vn 0.00000000 -0.00000085 -1.00000000
vn 0.00000000 -0.00000006 -1.00000000
vn 0.00000000 -0.00000006 -1.00000000
vn 0.00000000 0.00000022 -1.00000000
vn 0.00000000 -0.00000044 -1.00000000
vn 0.00000000 -0.00000044 -1.00000000
vn 0.00000000 -0.00000031 -1.00000000
vn 0.00000000 -0.00000031 -1.00000000
vn 0.00000000 0.00000019 -1.00000000
vn 0.00000000 0.00000019 -1.00000000
vn 0.00000000 0.00000070 -1.00000000
vn 0.00000000 0.00000069 -1.00000000
vn 0.00000000 0.00000069 -1.00000000
vn 0.00000000 -0.00000082 -1.00000000
vn 0.00000000 -0.00000082 -1.00000000
vn 0.00000000 0.00000019 -1.00000000
vn 0.00000000 -0.00000082 -1.00000000
vn 0.00000000 -0.00000082 -1.00000000
vn 0.00000000 -0.00000057 -1.00000000
vn 0.00000000 -0.00000057 -1.00000000
vn 0.00000000 -0.00000057 -1.00000000
vn 0.00000000 -0.00000057 -1.00000000
vn 0.00000000 -0.00000019 -1.00000000
vn 0.00000000 -0.00000019 -1.00000000
vn 0.00000000 -0.00000031 -1.00000000
vn 0.00000000 -0.00000031 -1.00000000
vn 0.63571581 0.77192319 -0.00000024
vn 0.71054121 0.70364388 0.00405874
vn 0.71177266 0.70240341 -0.00302158
vn 0.80571368 0.59229109 0.00408941
vn 0.87702522 0.48039995 -0.00653121
vn 0.94109199 0.33812290 0.00433363
vn 0.98718424 0.15946439 -0.00619547
vn 0.99842992 0.05591081 0.00341807
vn 0.98369464 -0.17978850 -0.00457782
vn 0.97297508 -0.23090640 0.00131239
vn 0.93844606 -0.34540920 -0.00338740
vn 0.93003230 -0.36747778 0.00000012
vn 0.86753018 -0.49738455 0.00000016
vn 0.86753070 -0.49738364 0.00000116
vn 0.86752856 -0.49738738 0.00000252
vn 0.86753282 -0.49737994 0.00000016
vn 0.86752799 -0.49738837 0.00000201
vn 0.86752997 -0.49738492 0.00000146
vn 0.86753737 -0.49737200 -0.00002558
vn 0.86752605 -0.49739175 0.00001448
vn 0.86753034 -0.49738427 0.00000016
vn 0.86750969 -0.49742029 0.00000016
vn 0.48039995 0.87702522 -0.00653133
vn 0.59229109 0.80571368 0.00408934
vn 0.70238808 0.71178779 -0.00302152
vn 0.70364388 0.71054121 0.00405873
vn 0.77192319 0.63571581 -0.00000020
vn 0.33812289 0.94109185 0.00436396
vn 0.15946440 0.98718424 -0.00619573
vn 0.05591081 0.99842992 0.00341777
vn -0.17978849 0.98369464 -0.00457818
vn -0.23090640 0.97297508 0.00131201
vn -0.34540916 0.93844607 -0.00338780
vn -0.36747778 0.93003230 -0.00000029
vn 0.63980616 0.76853632 -0.00000024
vn 0.67414344 0.73860045 -0.00000023
vn 0.73860045 0.67414344 -0.00000021
vn 0.76853632 0.63980616 -0.00000020
vn -0.86662526 -0.49895957 0.00000016
vn -0.91276016 -0.40849589 0.00000013
vn -0.91745392 -0.39784207 0.00000012
vn -0.97833163 -0.20704399 0.00000006
vn -0.98292087 -0.18402870 0.00000006
vn -0.99999580 0.00289929 -0.00000000
vn -0.99939248 0.03485220 -0.00000001
vn -0.97828086 0.20728379 -0.00000007
vn -0.96917989 0.24635408 -0.00000008
vn -0.91568323 0.40190076 -0.00000013
vn -0.89648082 0.44308255 -0.00000014
vn -0.81496687 0.57950755 -0.00000018
vn -0.78409779 0.62063730 -0.00000019
vn -0.67988196 0.73332157 -0.00000023
vn -0.64105453 0.76749534 -0.00000024
vn -0.58234047 0.81294500 -0.00000026
vn -0.49738397 0.86753051 -0.00000027
vn -0.49738406 0.86753046 0.00000083
vn -0.49738738 0.86752856 0.00000209
vn -0.49738837 0.86752799 0.00002367
vn -0.49733477 0.86755871 -0.00003596
vn -0.49738702 0.86752876 0.00000158
vn -0.49738413 0.86753042 0.00000070
vn -0.49736965 0.86753872 -0.00002713
vn -0.49739558 0.86752386 0.00000737
vn -0.49738448 0.86753022 -0.00000027
vn 0.81294500 -0.58234047 0.00000018
vn 0.76746781 -0.64108748 0.00000020
vn 0.73332157 -0.67988196 0.00000021
vn 0.62063730 -0.78409779 0.00000025
vn 0.57950755 -0.81496687 0.00000026
vn 0.44310714 -0.89646866 0.00000028
vn 0.40190076 -0.91568323 0.00000029
vn 0.24638270 -0.96917262 0.00000030
vn 0.20728379 -0.97828086 0.00000031
vn 0.03488272 -0.99939141 0.00000031
vn 0.00289929 -0.99999580 0.00000031
vn -0.18402870 -0.98292087 0.00000031
vn -0.20704399 -0.97833163 0.00000031
vn -0.39784207 -0.91745392 0.00000029
vn -0.40849589 -0.91276016 0.00000029
vn -0.49895957 -0.86662526 0.00000027
vn -0.77564611 -0.63116805 0.00000020
vn -0.74234648 -0.67001619 0.00000021
vn -0.67001619 -0.74234648 0.00000023
vn -0.63116805 -0.77564611 0.00000024
vn 0.13815831 0.01232988 0.99033341
vn 0.14591320 0.01800675 0.98913351
vn 0.30186507 0.05643021 0.95167910
vn 0.13571918 0.03888185 0.98998409
vn 0.29093771 0.10898360 0.95051451
vn 0.12387869 0.05951334 0.99051110
vn 0.27049238 0.15891418 0.94951575
vn 0.07199543 0.05780417 0.99572855
vn 0.10928910 0.07861763 0.99089614
vn 0.23413999 0.19626650 0.95218587
vn 0.10071310 0.09836353 0.99004115
vn 0.09836350 0.10068331 0.99004419
vn 0.19623687 0.23414177 0.95219154
vn 0.07861732 0.10928941 0.99089613
vn 0.15891248 0.27052096 0.94950789
vn 0.05777305 0.07208695 0.99572373
vn 0.05951279 0.12390911 0.99050733
vn 0.10898331 0.29093800 0.95051445
vn 0.03888136 0.13574940 0.98997997
vn 0.05643045 0.30183760 0.95168780
vn 0.01797592 0.14591361 0.98913401
vn 0.01284861 0.13929032 0.99016823
vn 0.01184123 0.13532061 0.99073110
vn 0.03436499 0.39281743 0.91897417
vn 0.05084556 0.58130621 0.81209471
vn -0.05084431 0.58129184 0.81210507
vn -0.01455777 0.26774800 0.96337899
vn -0.10104900 0.57321155 0.81315289
vn -0.13992950 0.79373785 0.59194591
vn -0.27565086 0.75736890 0.59195351
vn -0.31758190 0.86231766 0.39439826
vn -0.46434985 0.79374395 0.39287371
vn -0.42515678 0.90488107 -0.02078352
vn -0.57689882 0.81665544 -0.01617523
vn -0.59704045 0.70062158 0.39073277
vn -0.71093664 0.70318482 -0.01001040
vn -0.71160925 0.58574940 0.38795608
vn -0.82311071 0.56787620 -0.00231963
vn -0.80455384 0.45254259 0.38457551
vn -0.90986571 0.41484605 0.00686662
vn -0.87301218 0.30501263 0.38054832
vn -0.96839721 0.24879058 0.01760933
vn -0.91484838 0.14762219 0.37584590
vn -0.99675797 0.07474160 0.02978673
vn -0.92870001 -0.01486271 0.37053393
vn -0.99384910 -0.10187217 0.04342845
vn -0.91410465 -0.17752878 0.36454934
vn -0.95950687 -0.27556177 0.05841465
vn -0.87144290 -0.33540499 0.35789771
vn -0.89446036 -0.44088217 0.07458933
vn -0.80198740 -0.48357890 0.35066745
vn -0.80032958 -0.59249532 0.09177070
vn -0.70790539 -0.61747538 0.34291998
vn -0.67944821 -0.72550158 0.10953351
vn -0.59222848 -0.73292281 0.33479782
vn -0.53481560 -0.83536703 0.12702046
vn -0.45882490 -0.82630600 0.32664676
vn -0.36995283 -0.91801524 0.14276877
vn -0.31227216 -0.89476102 0.31920026
vn -0.18921919 -0.96977864 0.15403079
vn -0.15756829 -0.93634595 0.31373316
vn 0.00000000 -0.98744439 0.15796700
vn 0.00000000 -0.95021317 0.31160058
vn 0.15756829 -0.93634595 0.31373316
vn 0.00000000 -0.80597673 0.59194722
vn 0.13992950 -0.79373748 0.59194640
vn 0.00000000 -0.58205749 0.81314763
vn 0.10104900 -0.57321104 0.81315325
vn 0.00000000 -0.30558709 0.95216413
vn -0.05643045 -0.30183700 0.95168799
vn -0.01071226 -0.13904538 0.99022807
vn -0.01284861 -0.13928969 0.99016832
vn -0.01797592 -0.14591299 0.98913410
vn -0.03888136 -0.13574878 0.98998005
vn -0.10898331 -0.29093741 0.95051463
vn -0.05951279 -0.12390848 0.99050740
vn -0.15891248 -0.27052036 0.94950806
vn -0.05777293 -0.07211672 0.99572158
vn -0.07861732 -0.10928878 0.99089620
vn -0.19623687 -0.23414117 0.95219168
vn -0.09836350 -0.10068269 0.99004425
vn -0.23413999 -0.19626590 0.95218599
vn -0.10071279 -0.09839312 0.99003825
vn -0.10928910 -0.07861701 0.99089619
vn -0.27049238 -0.15891358 0.94951585
vn -0.07199543 -0.05780355 0.99572858
vn -0.12387869 -0.05951271 0.99051113
vn -0.29093771 -0.10898301 0.95051457
vn -0.13571918 -0.03888123 0.98998412
vn -0.30186507 -0.05642961 0.95167914
vn -0.14591320 -0.01800613 0.98913352
vn -0.13815831 -0.01232926 0.99033341
vn -0.30555963 0.00000030 0.95217294
vn -0.13767308 -0.01104770 0.99041611
vn -0.13904569 0.01071257 0.99022802
vn -0.30183730 0.05643075 0.95168788
vn -0.13929000 0.01284892 0.99016827
vn -0.14591320 0.01800675 0.98913351
vn -0.13571918 0.03888185 0.98998409
vn -0.29093771 0.10898360 0.95051451
vn -0.12390880 0.05951310 0.99050735
vn -0.27049238 0.15891418 0.94951575
vn -0.07199543 0.05780417 0.99572855
vn -0.10928910 0.07861763 0.99089614
vn -0.23413999 0.19626650 0.95218587
vn -0.10071310 0.09836353 0.99004115
vn -0.19623687 0.23414177 0.95219154
vn -0.09836322 0.10071341 0.99004115
vn -0.07861732 0.10928941 0.99089613
vn -0.15891388 0.27049268 0.94951571
vn -0.05777293 0.07211734 0.99572154
vn -0.05951279 0.12390911 0.99050733
vn -0.10898331 0.29093800 0.95051445
vn -0.03888136 0.13574940 0.98997997
vn -0.05643045 0.30183760 0.95168780
vn -0.01797598 0.14588370 0.98913842
vn -0.01229906 0.13815870 0.99033373
vn -0.01104801 0.13767339 0.99041606
vn 0.00000000 0.17405201 0.98473646
vn 0.01104795 -0.13770267 0.99041199
vn 0.01229906 -0.13815808 0.99033382
vn 0.05642991 -0.30186477 0.95167921
vn 0.01797592 -0.14591299 0.98913410
vn 0.03888136 -0.13574878 0.98998005
vn 0.10898331 -0.29093741 0.95051463
vn 0.05951279 -0.12390848 0.99050740
vn 0.15891388 -0.27049208 0.94951588
vn 0.05777305 -0.07208632 0.99572378
vn 0.07861732 -0.10928878 0.99089620
vn 0.19623687 -0.23414117 0.95219168
vn 0.09836322 -0.10071278 0.99004122
vn 0.10071310 -0.09836291 0.99004122
vn 0.23413999 -0.19626590 0.95218599
vn 0.10928910 -0.07861701 0.99089619
vn 0.27049238 -0.15891358 0.94951585
vn 0.07199543 -0.05780355 0.99572858
vn 0.12387869 -0.05951271 0.99051113
vn 0.29093771 -0.10898301 0.95051457
vn 0.13571918 -0.03888123 0.98998412
vn 0.30183730 -0.05643015 0.95168791
vn 0.14591320 -0.01800613 0.98913352
vn 0.13929000 -0.01284830 0.99016828
vn 0.13904569 -0.01071195 0.99022803
vn 0.30555963 0.00000030 0.95217294
vn 0.58205775 0.00000026 0.81314745
vn 0.57321130 0.10104925 0.81315303
vn 0.79373767 0.13992968 0.59194611
vn 0.80597692 0.00000019 0.59194697
vn 0.91483788 0.14762053 0.37587210
vn 0.87301218 0.30501263 0.38054832
vn 0.96839721 0.24879058 0.01760933
vn 0.90986571 0.41484605 0.00686662
vn 0.80455384 0.45254259 0.38457551
vn 0.82311071 0.56787620 -0.00231963
vn 0.71160925 0.58574940 0.38795608
vn 0.71093664 0.70318482 -0.01001040
vn 0.59702080 0.70063442 0.39073978
vn 0.57689882 0.81665544 -0.01617523
vn 0.46434985 0.79374395 0.39287371
vn 0.42515678 0.90488107 -0.02078352
vn 0.31758190 0.86231766 0.39439826
vn 0.26039197 0.96520796 -0.02386647
vn 0.16123299 0.90428423 0.39531500
vn 0.08768010 0.99582423 -0.02542234
vn 0.03103798 0.91984915 0.39104244
vn 0.00000000 0.92446064 0.38127748
vn -0.09274727 0.99437027 -0.05124170
vn -0.07965403 0.91058940 0.40556402
vn -0.16123299 0.90428423 0.39531500
vn -0.26039197 0.96520796 -0.02386647
vn 0.13767308 0.01104832 0.99041610
vn 0.99675797 0.07474160 0.02978673
vn 0.92870001 -0.01486271 0.37053393
vn 0.79373767 -0.13992931 0.59194620
vn 0.57321130 -0.10104874 0.81315310
vn 0.99384910 -0.10187217 0.04342845
vn 0.91410465 -0.17752878 0.36454934
vn 0.75736871 -0.27565067 0.59195383
vn 0.54693798 -0.19907773 0.81315860
vn 0.95950687 -0.27556177 0.05841465
vn 0.87144290 -0.33540499 0.35789771
vn 0.69800288 -0.40297430 0.59194906
vn 0.50406219 -0.29100444 0.81316525
vn 0.89446036 -0.44088217 0.07458933
vn 0.80198740 -0.48357890 0.35066745
vn 0.61740898 -0.51806788 0.59195593
vn 0.44585899 -0.37413795 0.81316084
vn 0.80032958 -0.59249532 0.09177070
vn 0.70790539 -0.61747538 0.34291998
vn 0.51806807 -0.61740879 0.59195596
vn 0.37413311 -0.44588314 0.81314983
vn 0.67944821 -0.72550158 0.10953351
vn 0.59222848 -0.73292281 0.33479782
vn 0.40297449 -0.69800270 0.59194915
vn 0.29103268 -0.50405754 0.81315803
vn 0.53481560 -0.83536703 0.12702046
vn 0.45882490 -0.82630600 0.32664676
vn 0.27565086 -0.75736853 0.59195398
vn 0.19907798 -0.54693772 0.81315871
vn 0.36995283 -0.91801524 0.14276877
vn 0.31227216 -0.89476102 0.31920026
vn 0.18921919 -0.96977864 0.15403079
vn 0.07031517 0.80398597 0.59047636
vn 0.10104900 0.57321155 0.81315289
vn 0.13992950 0.79373785 0.59194591
vn 0.19907798 0.54693823 0.81315836
vn 0.27565086 0.75736890 0.59195351
vn 0.40297449 0.69800307 0.59194871
vn 0.29103268 0.50405805 0.81315771
vn 0.51806807 0.61740916 0.59195558
vn 0.37413311 0.44588365 0.81314955
vn 0.61740898 0.51806825 0.59195561
vn 0.44588339 0.37413336 0.81314957
vn 0.69800288 0.40297468 0.59194881
vn 0.50405779 0.29103294 0.81315778
vn 0.75736871 0.27565104 0.59195366
vn 0.54693798 0.19907824 0.81315847
vn -0.07031691 0.80397517 0.59049086
vn -0.19907798 0.54693823 0.81315836
vn -0.29100030 0.50408525 0.81315244
vn -0.40297449 0.69800307 0.59194871
vn -0.37413821 0.44585924 0.81316058
vn -0.51806807 0.61740916 0.59195558
vn -0.44588339 0.37413336 0.81314957
vn -0.61740898 0.51806825 0.59195561
vn -0.50406219 0.29100495 0.81316506
vn -0.69800288 0.40297468 0.59194881
vn -0.54693798 0.19907824 0.81315847
vn -0.75736871 0.27565104 0.59195366
vn -0.57321130 0.10104925 0.81315303
vn -0.79373767 0.13992968 0.59194611
vn -0.58205775 0.00000026 0.81314745
vn -0.80597692 0.00000019 0.59194697
vn -0.57321130 -0.10104874 0.81315310
vn -0.79373767 -0.13992931 0.59194620
vn -0.54693798 -0.19907773 0.81315860
vn -0.75736871 -0.27565067 0.59195383
vn -0.50405779 -0.29103243 0.81315796
vn -0.69800288 -0.40297430 0.59194906
vn -0.44588339 -0.37413285 0.81314981
vn -0.61740898 -0.51806788 0.59195593
vn -0.37413311 -0.44588314 0.81314983
vn -0.51806807 -0.61740879 0.59195596
vn -0.29103268 -0.50405754 0.81315803
vn -0.40297449 -0.69800270 0.59194915
vn -0.19907798 -0.54693772 0.81315871
vn -0.27565086 -0.75736853 0.59195398
vn -0.10105070 -0.57319056 0.81316747
vn -0.13992950 -0.79373748 0.59194640
vn 0.00000000 0.00000083 1.00000000
vn 0.00000000 -0.00000020 1.00000000
vn 0.00000000 -0.00000020 1.00000000
vn 0.00000000 0.00000299 1.00000000
vn 0.00000000 -0.00000796 1.00000000
vn 0.00000000 0.00000659 1.00000000
vn 0.00000000 -0.00000632 1.00000000
vn 0.00000000 0.00000659 1.00000000
vn 0.00000000 -0.00000300 1.00000000
vn 0.03170973 0.06122232 0.99762033
vn 0.06305170 0.12524920 0.99011975
vn 0.04132306 0.09302301 0.99480607
vn 0.08047800 0.19428279 0.97763873
vn 0.03656202 0.09500665 0.99480498
vn 0.04397749 0.13315351 0.99011925
vn 0.02084475 0.06573916 0.99761910
vn 0.12421380 0.24375860 0.96184857
vn 0.12555620 0.26640281 0.95564909
vn 0.09958385 0.27717488 0.95564488
vn 0.15555820 0.30031279 0.94107060
vn 0.10233240 0.32234888 0.94107347
vn 0.08450870 0.26017966 0.96185489
vn 0.04229879 0.39146228 -0.91922146
vn 0.02261459 0.41801959 -0.90815649
vn 0.00000000 0.39308272 -0.91950311
vn -0.02261459 0.41801959 -0.90815649
vn -0.04236023 0.39143537 -0.91923009
vn -0.06888079 0.41886942 -0.90543020
vn -0.07312278 0.41715976 -0.90588674
vn 0.06680631 0.41567003 -0.90705862
vn 0.09430557 0.39727353 -0.91284183
vn 0.07348918 0.41496341 -0.90686532
vn 0.07974748 0.39843216 -0.91372433
vn 0.08661197 0.39274437 -0.91556006
vn 0.09460870 0.39116105 -0.91544646
vn 0.11075250 0.39143301 -0.91351742
vn 0.13440720 0.38069820 -0.91487900
vn 0.11396060 0.38958401 -0.91391317
vn 0.11670670 0.38640751 -0.91491463
vn 0.11880949 0.38444439 -0.91547082
vn 0.12116149 0.38301640 -0.91576107
vn 0.13843580 0.37755462 -0.91558071
vn 0.17414099 0.36427358 -0.91486593
vn 0.16907748 0.36485916 -0.91558211
vn 0.18515910 0.35652331 -0.91575501
vn 0.18781340 0.35585032 -0.91547620
vn 0.19071551 0.35576393 -0.91490962
vn 0.19480520 0.35597780 -0.91396430
vn 0.21430598 0.34758319 -0.91283015
vn 0.20002270 0.35316773 -0.91392750
vn 0.20969558 0.34349037 -0.91544641
vn 0.21644467 0.33898058 -0.91555659
vn 0.22532418 0.33815379 -0.91371824
vn 0.24323787 0.34666718 -0.90590132
vn 0.24680770 0.30674691 -0.91923462
vn 0.24744789 0.34489481 -0.90543752
vn 0.27958382 0.31159794 -0.90815176
vn 0.27793787 0.27793758 -0.91951141
vn 0.31159824 0.27958357 -0.90815173
vn 0.30671497 0.24686708 -0.91922934
vn 0.34114736 0.24665860 -0.90707112
vn 0.34761719 0.21421610 -0.91283830
vn 0.34538387 0.24143569 -0.90687308
vn 0.33815408 0.22532389 -0.91371821
vn 0.33897131 0.21643842 -0.91556150
vn 0.34349065 0.20969530 -0.91544637
vn 0.35511655 0.19843279 -0.91351884
vn 0.36424745 0.17414259 -0.91487603
vn 0.35607369 0.19486821 -0.91391351
vn 0.35576422 0.19071523 -0.91490957
vn 0.35585061 0.18781311 -0.91547615
vn 0.35652360 0.18515881 -0.91575496
vn 0.36485944 0.16907719 -0.91558205
vn 0.38072308 0.13443541 -0.91486450
vn 0.37755490 0.13843551 -0.91558064
vn 0.38301669 0.12116120 -0.91576098
vn 0.38444597 0.11877910 -0.91547410
vn 0.38640780 0.11670641 -0.91491454
vn 0.38946028 0.11392931 -0.91396981
vn 0.39732759 0.09424252 -0.91282481
vn 0.39116348 0.10831201 -0.91392540
vn 0.39116249 0.09457815 -0.91544900
vn 0.39275560 0.08661408 -0.91555504
vn 0.39843245 0.07974720 -0.91372423
vn 0.41713495 0.07312346 -0.90589812
vn 0.39143566 0.04235994 -0.91922998
vn 0.41884457 0.06888140 -0.90544165
vn 0.41801987 0.02261430 -0.90815636
vn 0.39308301 -0.00000029 -0.91950299
vn 0.41801987 -0.02261487 -0.90815635
vn 0.39143674 -0.04229961 -0.91923230
vn 0.41564509 -0.06680744 -0.90706997
vn 0.39727382 -0.09430586 -0.91284167
vn 0.41493845 -0.07349036 -0.90687665
vn 0.39843245 -0.07974777 -0.91372418
vn 0.39275560 -0.08661466 -0.91555499
vn 0.39116249 -0.09457872 -0.91544894
vn 0.39143330 -0.11075279 -0.91351726
vn 0.38069849 -0.13440749 -0.91487884
vn 0.38961016 -0.11395957 -0.91390215
vn 0.38640780 -0.11670699 -0.91491447
vn 0.38444597 -0.11877968 -0.91547402
vn 0.38301669 -0.12116178 -0.91576091
vn 0.37755490 -0.13843609 -0.91558055
vn 0.36427387 -0.17414127 -0.91486576
vn 0.36485944 -0.16907777 -0.91558194
vn 0.35652360 -0.18515939 -0.91575484
vn 0.35585061 -0.18781369 -0.91547603
vn 0.35576422 -0.19071580 -0.91490945
vn 0.35597809 -0.19480549 -0.91396412
vn 0.34758347 -0.21430627 -0.91282997
vn 0.35316802 -0.20002299 -0.91392733
vn 0.34349065 -0.20969587 -0.91544624
vn 0.33897131 -0.21643900 -0.91556137
vn 0.33815408 -0.22532446 -0.91371807
vn 0.34666746 -0.24323816 -0.90590114
vn 0.30674720 -0.24680799 -0.91923445
vn 0.34489248 -0.24747686 -0.90543049
vn 0.31159824 -0.27958414 -0.90815155
vn 0.27793787 -0.27793816 -0.91951124
vn 0.27958382 -0.31159851 -0.90815156
vn 0.24686737 -0.30671526 -0.91922916
vn 0.24665889 -0.34114765 -0.90707093
vn 0.21421638 -0.34761748 -0.91283812
vn 0.24143598 -0.34538416 -0.90687290
vn 0.22532418 -0.33815436 -0.91371803
vn 0.21644467 -0.33898115 -0.91555638
vn 0.20969558 -0.34349094 -0.91544619
vn 0.19843310 -0.35511690 -0.91351863
vn 0.17414287 -0.36424774 -0.91487586
vn 0.19486850 -0.35607398 -0.91391334
vn 0.19071551 -0.35576451 -0.91490940
vn 0.18781340 -0.35585090 -0.91547598
vn 0.18515910 -0.35652388 -0.91575479
vn 0.16907748 -0.36485973 -0.91558188
vn 0.13443570 -0.38072337 -0.91486434
vn 0.13843580 -0.37755519 -0.91558048
vn 0.12116149 -0.38301697 -0.91576083
vn 0.11877939 -0.38444626 -0.91547394
vn 0.11670670 -0.38640809 -0.91491439
vn 0.11392959 -0.38946056 -0.91396965
vn 0.09424281 -0.39732788 -0.91282466
vn 0.10831230 -0.39116377 -0.91392525
vn 0.09457843 -0.39116278 -0.91544885
vn 0.08661197 -0.39274495 -0.91555981
vn 0.07974748 -0.39843274 -0.91372408
vn 0.07312278 -0.41716033 -0.90588648
vn 0.04236023 -0.39143594 -0.91922985
vn 0.06888079 -0.41886998 -0.90542994
vn 0.02261459 -0.41802016 -0.90815622
vn 0.00335705 -0.38786814 -0.92170876
vn 0.00000000 -0.38097419 -0.92458567
vn -0.02603310 -0.42351919 -0.90551299
vn -0.02414089 -0.42983696 -0.90258374
vn -0.04229879 -0.39146286 -0.91922122
vn -0.06680631 -0.41567060 -0.90705836
vn -0.09430557 -0.39727411 -0.91284158
vn -0.07348918 -0.41496398 -0.90686506
vn -0.07974748 -0.39843274 -0.91372408
vn -0.08661197 -0.39274495 -0.91555981
vn -0.09460870 -0.39116162 -0.91544622
vn -0.11075250 -0.39143359 -0.91351718
vn -0.13440720 -0.38069878 -0.91487876
vn -0.11396060 -0.38958458 -0.91391293
vn -0.11670670 -0.38640809 -0.91491439
vn -0.11880949 -0.38444497 -0.91547057
vn -0.12116149 -0.38301697 -0.91576083
vn -0.13843580 -0.37755519 -0.91558048
vn -0.17414099 -0.36427416 -0.91486570
vn -0.16907748 -0.36485973 -0.91558188
vn -0.18515910 -0.35652388 -0.91575479
vn -0.18781340 -0.35585090 -0.91547598
vn -0.19071551 -0.35576451 -0.91490940
vn -0.19480520 -0.35597838 -0.91396407
vn -0.21430598 -0.34758376 -0.91282993
vn -0.20002270 -0.35316830 -0.91392728
vn -0.20969558 -0.34349094 -0.91544619
vn -0.21644467 -0.33898115 -0.91555638
vn -0.22532418 -0.33815436 -0.91371803
vn -0.24323787 -0.34666774 -0.90590111
vn -0.24680770 -0.30674749 -0.91923443
vn -0.24744789 -0.34489538 -0.90543731
vn -0.27958382 -0.31159851 -0.90815156
vn -0.27793787 -0.27793816 -0.91951124
vn -0.31159824 -0.27958414 -0.90815155
vn -0.30671497 -0.24686766 -0.91922918
vn -0.34114736 -0.24665917 -0.90707096
vn -0.34761719 -0.21421667 -0.91283816
vn -0.34538387 -0.24143626 -0.90687293
vn -0.33815408 -0.22532446 -0.91371807
vn -0.33897131 -0.21643900 -0.91556137
vn -0.34349065 -0.20969587 -0.91544624
vn -0.35511655 -0.19843336 -0.91351871
vn -0.36424745 -0.17414316 -0.91487592
vn -0.35607369 -0.19486878 -0.91391339
vn -0.35576422 -0.19071580 -0.91490945
vn -0.35585061 -0.18781369 -0.91547603
vn -0.35652360 -0.18515939 -0.91575484
vn -0.36485944 -0.16907777 -0.91558194
vn -0.38072308 -0.13443598 -0.91486442
vn -0.37755490 -0.13843609 -0.91558055
vn -0.38301669 -0.12116178 -0.91576091
vn -0.38444597 -0.11877968 -0.91547402
vn -0.38640780 -0.11670699 -0.91491447
vn -0.38946028 -0.11392988 -0.91396973
vn -0.39732759 -0.09424309 -0.91282475
vn -0.39116348 -0.10831258 -0.91392533
vn -0.39116249 -0.09457872 -0.91544894
vn -0.39275560 -0.08661466 -0.91555499
vn -0.39843245 -0.07974777 -0.91372418
vn -0.41713495 -0.07312403 -0.90589807
vn -0.39143566 -0.04236052 -0.91922996
vn -0.41884457 -0.06888197 -0.90544160
vn -0.41801987 -0.02261487 -0.90815635
vn -0.39308301 -0.00000029 -0.91950299
vn -0.41801987 0.02261430 -0.90815636
vn -0.39143674 0.04229904 -0.91923233
vn -0.41564509 0.06680687 -0.90707001
vn -0.39727382 0.09430528 -0.91284173
vn -0.41493845 0.07348979 -0.90687669
vn -0.39843245 0.07974720 -0.91372423
vn -0.39275560 0.08661408 -0.91555504
vn -0.39116249 0.09457815 -0.91544900
vn -0.39143330 0.11075221 -0.91351733
vn -0.38069849 0.13440692 -0.91487892
vn -0.38961016 0.11395900 -0.91390222
vn -0.38640780 0.11670641 -0.91491454
vn -0.38444597 0.11877910 -0.91547410
vn -0.38301669 0.12116120 -0.91576098
vn -0.37755490 0.13843551 -0.91558064
vn -0.36427387 0.17414070 -0.91486587
vn -0.36485944 0.16907719 -0.91558205
vn -0.35652360 0.18515881 -0.91575496
vn -0.35585061 0.18781311 -0.91547615
vn -0.35576422 0.19071523 -0.91490957
vn -0.35597809 0.19480491 -0.91396425
vn -0.34758347 0.21430569 -0.91283010
vn -0.35316802 0.20002241 -0.91392745
vn -0.34349065 0.20969530 -0.91544637
vn -0.33897131 0.21643842 -0.91556150
vn -0.33815408 0.22532389 -0.91371821
vn -0.34666746 0.24323759 -0.90590129
vn -0.30674720 0.24680741 -0.91923460
vn -0.34489248 0.24747630 -0.90543065
vn -0.31159824 0.27958357 -0.90815173
vn -0.27793787 0.27793758 -0.91951141
vn -0.27958382 0.31159794 -0.90815176
vn -0.24686737 0.30671468 -0.91922936
vn -0.24665889 0.34114708 -0.90707115
vn -0.21421638 0.34761690 -0.91283834
vn -0.24143598 0.34538359 -0.90687311
vn -0.22532418 0.33815379 -0.91371824
vn -0.21644467 0.33898058 -0.91555659
vn -0.20969558 0.34349037 -0.91544641
vn -0.19843310 0.35511633 -0.91351885
vn -0.17414287 0.36424716 -0.91487609
vn -0.19486850 0.35607341 -0.91391356
vn -0.19071551 0.35576393 -0.91490962
vn -0.18781340 0.35585032 -0.91547620
vn -0.18515910 0.35652331 -0.91575501
vn -0.16907748 0.36485916 -0.91558211
vn -0.13443570 0.38072279 -0.91486458
vn -0.13843580 0.37755462 -0.91558071
vn -0.12116149 0.38301640 -0.91576107
vn -0.11877939 0.38444568 -0.91547418
vn -0.11670670 0.38640751 -0.91491463
vn -0.11392959 0.38945999 -0.91396989
vn -0.09424281 0.39732730 -0.91282491
vn -0.10831230 0.39116319 -0.91392549
vn -0.09457843 0.39116221 -0.91544910
vn -0.08661197 0.39274437 -0.91556006
vn -0.07974748 0.39843216 -0.91372433
vn -0.15555820 -0.30031279 -0.94107060
vn -0.12421380 -0.24375860 -0.96184857
vn -0.12573909 -0.26719599 -0.95540357
vn -0.08041684 -0.19416058 -0.97766804
vn -0.09998136 -0.27784829 -0.95540779
vn -0.08450799 -0.26020808 -0.96184726
vn -0.10233240 -0.32234888 -0.94107347
vn -0.06302154 -0.12521942 -0.99012544
vn -0.04104852 -0.09277923 -0.99484021
vn -0.03656220 -0.09464085 -0.99483984
vn -0.03170973 -0.06122232 -0.99762033
vn -0.02084475 -0.06573916 -0.99761910
vn -0.04394716 -0.13312370 -0.99012460
vn -0.06122201 -0.03171004 -0.99762034
vn -0.12521911 -0.06302185 -0.99012546
vn -0.09277891 -0.04104883 -0.99484022
vn -0.19416027 -0.08041715 -0.97766808
vn -0.09464054 -0.03656251 -0.99483986
vn -0.13312339 -0.04394747 -0.99012463
vn -0.06573884 -0.02084506 -0.99761911
vn -0.24375830 -0.12421410 -0.96184861
vn -0.26719457 -0.12576938 -0.95539998
vn -0.27784799 -0.09998166 -0.95540785
vn -0.30031246 -0.15555848 -0.94107066
vn -0.32234859 -0.10233269 -0.94107354
vn -0.26020778 -0.08450830 -0.96184732
vn 0.99535058 0.09631830 -0.00000003
vn 0.99998014 -0.00482195 0.00405896
vn 0.99997351 -0.00662249 -0.00302130
vn 0.98854268 -0.15088619 0.00408958
vn 0.95984989 -0.28043813 -0.00653091
vn 0.90454858 -0.42634854 0.00433381
vn 0.81081248 -0.58527322 -0.00619524
vn 0.74553464 -0.66645812 0.00341836
vn 0.56842937 -0.82271933 -0.00457768
vn 0.52471838 -0.85127487 0.00131258
vn 0.41933439 -0.90782553 -0.00338734
vn 0.39777961 -0.91748100 0.00000029
vn 0.26173258 -0.96514043 0.00000030
vn 0.26173278 -0.96514038 0.00000053
vn 0.26173220 -0.96514054 0.00000030
vn 0.26175010 -0.96513568 0.00003023
vn 0.26173727 -0.96513916 -0.00000062
vn 0.26173258 -0.96514043 -0.00000002
vn 0.26173380 -0.96514010 0.00000030
vn 0.26173458 -0.96513989 0.00000341
vn 0.26173278 -0.96514038 0.00000030
vn 0.26171922 -0.96514405 -0.00010678
vn 0.95984989 0.28043813 -0.00653109
vn 0.98854268 0.15088619 0.00408949
vn 0.99997351 0.00662249 -0.00302130
vn 0.99998014 0.00482196 0.00405896
vn 0.99535058 -0.09631830 0.00000003
vn 0.90454858 0.42634854 0.00433354
vn 0.81081248 0.58527321 -0.00619561
vn 0.74553464 0.66645812 0.00341794
vn 0.56842937 0.82271933 -0.00457819
vn 0.52471838 0.85127487 0.00131205
vn 0.41933439 0.90782553 -0.00338791
vn 0.39777961 0.91748100 -0.00000029
vn 0.99585007 0.09100902 -0.00000003
vn 0.99896135 0.04556548 -0.00000001
vn 0.99896135 -0.04556548 0.00000001
vn 0.99585007 -0.09100902 0.00000003
vn -0.96561928 0.25996040 -0.00000008
vn -0.93427534 0.35655237 -0.00000011
vn -0.93006771 0.36738816 -0.00000012
vn -0.83818696 0.54538300 -0.00000017
vn -0.82515073 0.56491262 -0.00000018
vn -0.70504372 0.70916384 -0.00000022
vn -0.68201697 0.73133635 -0.00000023
vn -0.54516320 0.83832994 -0.00000026
vn -0.51110777 0.85951663 -0.00000027
vn -0.36326792 0.93168472 -0.00000029
vn -0.32057347 0.94722366 -0.00000030
vn -0.16648218 0.98604446 -0.00000031
vn -0.11557509 0.99329875 -0.00000031
vn 0.03778259 0.99928598 -0.00000031
vn 0.08936065 0.99599933 -0.00000031
vn 0.16303289 0.98662063 -0.00000031
vn 0.26173258 0.96514043 -0.00000030
vn 0.26173275 0.96514039 -0.00000003
vn 0.26173309 0.96514030 -0.00000030
vn 0.26175010 0.96513568 0.00003561
vn 0.26171922 0.96514405 -0.00010738
vn 0.26173727 0.96513916 -0.00000123
vn 0.26173278 0.96514038 -0.00000063
vn 0.26173557 0.96513962 -0.00000030
vn 0.26173341 0.96514021 0.00000352
vn 0.26173278 0.96514038 -0.00000030
vn 0.16303289 -0.98662063 0.00000031
vn 0.08936065 -0.99599933 0.00000031
vn 0.03778259 -0.99928598 0.00000031
vn -0.11557509 -0.99329875 0.00000031
vn -0.16648218 -0.98604446 0.00000031
vn -0.32057347 -0.94722366 0.00000030
vn -0.36326792 -0.93168472 0.00000029
vn -0.51110777 -0.85951663 0.00000027
vn -0.54516320 -0.83832994 0.00000026
vn -0.68201697 -0.73133635 0.00000023
vn -0.70504372 -0.70916384 0.00000022
vn -0.82515073 -0.56491262 0.00000018
vn -0.83818696 -0.54538300 0.00000017
vn -0.93006771 -0.36738816 0.00000012
vn -0.93427534 -0.35655237 0.00000011
vn -0.96561928 -0.25996040 0.00000008
vn -0.99477238 0.10211710 -0.00000003
vn -0.99869258 0.05111873 -0.00000002
vn -0.99869258 -0.05111873 0.00000002
vn -0.99477238 -0.10211710 0.00000003
vn 0.35719742 0.18503849 0.91551666
vn 0.36427813 0.16968749 0.91570061
vn 0.35811209 0.18448869 0.91527026
vn 0.36760338 0.16391869 0.91542254
vn 0.34959327 0.20090577 0.91510732
vn 0.37736860 0.13758029 0.91578633
vn 0.38331857 0.12482298 0.91514266
vn 0.38341167 0.11923838 0.91584808
vn 0.38726070 0.11139608 0.91521586
vn 0.38341390 0.12174168 0.91551775
vn 0.39516464 0.08438628 0.91472611
vn 0.38793140 0.14615749 0.91002594
vn 0.39061899 0.10471268 0.91457753
vn 0.39141331 0.09516023 0.91528146
vn 0.39250951 0.08713304 0.91561134
vn 0.39430877 0.07898406 0.91557748
vn 0.39723386 0.07034627 0.91501730
vn 0.39848628 0.05575846 0.91547784
vn 0.40166367 0.04220836 0.91481405
vn 0.39964128 0.02044772 0.91644353
vn 0.40386336 0.00000029 0.91481932
vn 0.39964128 -0.02044714 0.91644354
vn 0.40166367 -0.04220778 0.91481408
vn 0.39848628 -0.05575788 0.91547788
vn 0.39525497 -0.08432442 0.91469279
vn 0.39723386 -0.07034570 0.91501735
vn 0.39430877 -0.07898349 0.91557753
vn 0.39250951 -0.08713247 0.91561139
vn 0.39141331 -0.09515965 0.91528152
vn 0.39052168 -0.10385601 0.91471676
vn 0.38338779 -0.12491661 0.91510089
vn 0.38893149 -0.10767000 0.91495326
vn 0.38701117 -0.11136341 0.91532538
vn 0.38548950 -0.11450822 0.91557944
vn 0.38276904 -0.12085479 0.91590500
vn 0.37700278 -0.13776301 0.91590952
vn 0.36760338 -0.16391811 0.91542264
vn 0.36427813 -0.16968692 0.91570071
vn 0.35811209 -0.18448811 0.91527038
vn 0.35719742 -0.18503792 0.91551678
vn 0.34956647 -0.20090731 0.91511722
vn 0.34862541 -0.20011673 0.91564929
vn 0.34757896 -0.20195519 0.91564347
vn 0.34604716 -0.20473118 0.91560718
vn 0.34560281 -0.20557901 0.91558504
vn 0.34343048 -0.21018410 0.91535684
vn 0.34113898 -0.21637791 0.91477035
vn 0.32585758 -0.23762518 0.91506891
vn 0.33791188 -0.22230370 0.91454722
vn 0.33034329 -0.22990321 0.91543314
vn 0.31972340 -0.24375981 0.91561897
vn 0.29881198 -0.26914717 0.91557152
vn 0.29832847 -0.26942619 0.91564712
vn 0.26942648 -0.29832818 0.91564713
vn 0.26914746 -0.29881169 0.91557153
vn 0.24376009 -0.31972311 0.91561900
vn 0.23762547 -0.32585729 0.91506894
vn 0.22990349 -0.33034300 0.91543317
vn 0.22230399 -0.33791160 0.91454726
vn 0.21637819 -0.34113869 0.91477039
vn 0.20090759 -0.34956619 0.91511727
vn 0.21018439 -0.34343019 0.91535689
vn 0.20557929 -0.34560252 0.91558509
vn 0.20234451 -0.34734262 0.91564720
vn 0.20195262 -0.34757233 0.91564655
vn 0.20014631 -0.34862303 0.91564373
vn 0.18448840 -0.35811181 0.91527043
vn 0.18503820 -0.35719713 0.91551683
vn 0.16968721 -0.36427784 0.91570077
vn 0.16391840 -0.36760309 0.91542270
vn 0.13776330 -0.37700250 0.91590960
vn 0.12485269 -0.38331687 0.91513933
vn 0.12085508 -0.38276876 0.91590509
vn 0.11450851 -0.38548922 0.91557952
vn 0.11139580 -0.38726041 0.91521601
vn 0.08438600 -0.39516435 0.91472627
vn 0.14618699 -0.38792939 0.91002206
vn 0.10471239 -0.39061871 0.91457769
vn 0.09515994 -0.39141302 0.91528161
vn 0.08713276 -0.39250922 0.91561149
vn 0.07898378 -0.39430848 0.91557762
vn 0.07034598 -0.39723357 0.91501745
vn 0.05575817 -0.39848599 0.91547798
vn 0.04220807 -0.40166338 0.91481419
vn 0.02044743 -0.39964099 0.91644366
vn 0.00000000 -0.40386307 0.91481945
vn -0.02044743 -0.39964099 0.91644366
vn -0.04220807 -0.40166338 0.91481419
vn -0.05575817 -0.39848599 0.91547798
vn -0.08438600 -0.39516435 0.91472627
vn -0.07034598 -0.39723357 0.91501745
vn -0.07898378 -0.39430848 0.91557762
vn -0.08710247 -0.39251019 0.91561395
vn -0.09515994 -0.39141302 0.91528161
vn -0.10471239 -0.39061871 0.91457769
vn -0.14618699 -0.38792939 0.91002206
vn -0.11139580 -0.38726041 0.91521601
vn -0.12482269 -0.38331829 0.91514282
vn -0.11923809 -0.38341138 0.91584823
vn -0.13758001 -0.37736831 0.91578649
vn -0.12174140 -0.38341361 0.91551790
vn -0.16391840 -0.36760309 0.91542270
vn -0.16968721 -0.36427784 0.91570077
vn -0.18448840 -0.35811181 0.91527043
vn -0.18503820 -0.35719713 0.91551683
vn -0.20090548 -0.34959299 0.91510750
vn -0.20014631 -0.34862303 0.91564373
vn -0.20195262 -0.34757233 0.91564655
vn -0.20472551 -0.34605311 0.91560620
vn -0.20557929 -0.34560252 0.91558509
vn -0.21018439 -0.34343019 0.91535689
vn -0.21628938 -0.34108199 0.91481254
vn -0.22239300 -0.33763311 0.91462847
vn -0.23765198 -0.32588230 0.91505315
vn -0.22990349 -0.33034300 0.91543317
vn -0.24376009 -0.31972311 0.91561900
vn -0.26914746 -0.29881169 0.91557153
vn -0.26942648 -0.29832818 0.91564713
vn -0.29832847 -0.26942619 0.91564712
vn -0.29881198 -0.26914717 0.91557152
vn -0.31972340 -0.24375981 0.91561897
vn -0.32585758 -0.23762518 0.91506891
vn -0.33034329 -0.22990321 0.91543314
vn -0.33791188 -0.22230370 0.91454722
vn -0.34113898 -0.21637791 0.91477035
vn -0.34956647 -0.20090731 0.91511722
vn -0.34343048 -0.21018410 0.91535684
vn -0.34560281 -0.20557901 0.91558504
vn -0.34734291 -0.20234422 0.91564716
vn -0.34757896 -0.20195519 0.91564347
vn -0.34862541 -0.20011673 0.91564929
vn -0.35811209 -0.18448811 0.91527038
vn -0.35719742 -0.18503792 0.91551678
vn -0.36427813 -0.16968692 0.91570071
vn -0.36760338 -0.16391811 0.91542264
vn -0.37700278 -0.13776301 0.91590952
vn -0.38338779 -0.12491661 0.91510089
vn -0.38276904 -0.12085479 0.91590500
vn -0.38548950 -0.11450822 0.91557944
vn -0.38701117 -0.11136341 0.91532538
vn -0.38893149 -0.10767000 0.91495326
vn -0.39052168 -0.10385601 0.91471676
vn -0.39525497 -0.08432442 0.91469279
vn -0.39141331 -0.09515965 0.91528152
vn -0.39250951 -0.08713247 0.91561139
vn -0.39430877 -0.07898349 0.91557753
vn -0.39723386 -0.07034570 0.91501735
vn -0.39848628 -0.05575788 0.91547788
vn -0.40166367 -0.04220778 0.91481408
vn -0.39964128 -0.02044714 0.91644354
vn -0.40386336 0.00000029 0.91481932
vn -0.39964128 0.02044772 0.91644353
vn -0.40166367 0.04220836 0.91481405
vn -0.39848628 0.05575846 0.91547784
vn -0.39516464 0.08438628 0.91472611
vn -0.39723386 0.07034627 0.91501730
vn -0.39430877 0.07898406 0.91557748
vn -0.39250951 0.08713304 0.91561134
vn -0.39141331 0.09516023 0.91528146
vn -0.39061899 0.10471268 0.91457753
vn -0.38793140 0.14615749 0.91002594
vn -0.38726070 0.11139608 0.91521586
vn -0.38331857 0.12482298 0.91514266
vn -0.38341167 0.11923838 0.91584808
vn -0.37736860 0.13758029 0.91578633
vn -0.38341390 0.12174168 0.91551775
vn -0.36760338 0.16391869 0.91542254
vn -0.36427813 0.16968749 0.91570061
vn -0.35811209 0.18448869 0.91527026
vn -0.35719742 0.18503849 0.91551666
vn -0.34959327 0.20090577 0.91510732
vn -0.34862541 0.20011731 0.91564916
vn -0.34757896 0.20195576 0.91564334
vn -0.34604716 0.20473176 0.91560705
vn -0.34560281 0.20557958 0.91558491
vn -0.34343048 0.21018467 0.91535671
vn -0.34108228 0.21628967 0.91481236
vn -0.33763339 0.22239329 0.91462829
vn -0.32588258 0.23765227 0.91505297
vn -0.33034329 0.22990378 0.91543299
vn -0.31972340 0.24376038 0.91561882
vn -0.29881198 0.26914775 0.91557135
vn -0.29832847 0.26942677 0.91564695
vn -0.26942648 0.29832876 0.91564694
vn -0.26914746 0.29881226 0.91557134
vn -0.24376009 0.31972369 0.91561880
vn -0.23762547 0.32585787 0.91506873
vn -0.22990349 0.33034358 0.91543296
vn -0.22230399 0.33791217 0.91454705
vn -0.21637819 0.34113927 0.91477018
vn -0.20090759 0.34956676 0.91511705
vn -0.21018439 0.34343076 0.91535667
vn -0.20557929 0.34560310 0.91558487
vn -0.20234451 0.34734320 0.91564699
vn -0.20195262 0.34757291 0.91564634
vn -0.20014631 0.34862361 0.91564351
vn -0.18448840 0.35811238 0.91527021
vn -0.18503820 0.35719771 0.91551661
vn -0.16968721 0.36427841 0.91570055
vn -0.16391840 0.36760367 0.91542247
vn -0.13776330 0.37700307 0.91590936
vn -0.12491690 0.38338808 0.91510073
vn -0.12085508 0.38276933 0.91590485
vn -0.11450851 0.38548979 0.91557928
vn -0.11136369 0.38701146 0.91532522
vn -0.10767029 0.38893177 0.91495311
vn -0.10385630 0.39052197 0.91471660
vn -0.08432470 0.39525526 0.91469264
vn -0.09515994 0.39141360 0.91528137
vn -0.08713276 0.39250979 0.91561124
vn -0.07898378 0.39430905 0.91557738
vn -0.07034598 0.39723415 0.91501720
vn -0.05575817 0.39848657 0.91547773
vn -0.04220807 0.40166396 0.91481394
vn -0.03387647 0.39986529 0.91594767
vn -0.02121061 0.40486337 0.91413115
vn 0.01443552 0.40306717 0.91505654
vn 0.00000000 0.39918387 0.91687090
vn 0.02044743 0.39964157 0.91644341
vn 0.04220807 0.40166396 0.91481394
vn 0.05575817 0.39848657 0.91547773
vn 0.08432470 0.39525526 0.91469264
vn 0.07034598 0.39723415 0.91501720
vn 0.07898378 0.39430905 0.91557738
vn 0.08710247 0.39251077 0.91561371
vn 0.09515994 0.39141360 0.91528137
vn 0.10385630 0.39052197 0.91471660
vn 0.12491690 0.38338808 0.91510073
vn 0.10767029 0.38893177 0.91495311
vn 0.11136369 0.38701146 0.91532522
vn 0.11450851 0.38548979 0.91557928
vn 0.12085508 0.38276933 0.91590485
vn 0.13776330 0.37700307 0.91590936
vn 0.16385899 0.36775986 0.91537037
vn 0.16962699 0.36421909 0.91573530
vn 0.20108809 0.34965386 0.91504413
vn 0.18518789 0.35731408 0.91544093
vn 0.20014631 0.34862361 0.91564351
vn 0.18503820 0.35719771 0.91551661
vn 0.20195799 0.34757298 0.91564513
vn 0.20234451 0.34734320 0.91564699
vn 0.20557929 0.34560310 0.91558487
vn 0.21018439 0.34343076 0.91535667
vn 0.21637819 0.34113927 0.91477018
vn 0.23762547 0.32585787 0.91506873
vn 0.22230399 0.33791217 0.91454705
vn 0.22990349 0.33034358 0.91543296
vn 0.24376009 0.31972369 0.91561880
vn 0.26914746 0.29881226 0.91557134
vn 0.26942648 0.29832876 0.91564694
vn 0.29832847 0.26942677 0.91564695
vn 0.29881198 0.26914775 0.91557135
vn 0.31972340 0.24376038 0.91561882
vn 0.32588258 0.23765227 0.91505297
vn 0.33034329 0.22990378 0.91543299
vn 0.33763339 0.22239329 0.91462829
vn 0.34108228 0.21628967 0.91481236
vn 0.34343048 0.21018467 0.91535671
vn 0.34560281 0.20557958 0.91558491
vn 0.34734291 0.20234480 0.91564703
vn 0.34757896 0.20195576 0.91564334
vn 0.34865228 0.20011518 0.91563940
vn 0.32234859 -0.10233210 0.94107360
vn 0.26020778 -0.08450769 0.96184737
vn 0.27717458 -0.09958355 0.95564500
vn 0.19428248 -0.08047770 0.97763882
vn 0.26640251 -0.12555590 0.95564921
vn 0.24375830 -0.12421349 0.96184869
vn 0.30031246 -0.15555789 0.94107076
vn 0.13315320 -0.04397718 0.99011930
vn 0.09500634 -0.03656171 0.99480502
vn 0.09302270 -0.04132275 0.99480612
vn 0.06570845 -0.02084450 0.99762112
vn 0.06122201 -0.03170942 0.99762036
vn 0.12524889 -0.06305139 0.99011981
vn 0.00000000 -0.00000024 1.00000000
vn 0.00000000 0.00000094 1.00000000
vn 0.00000000 -0.00000596 1.00000000
vn 0.00000000 0.00000363 1.00000000
vn 0.00000000 0.00000029 -1.00000000
vn 0.00000000 -0.00000017 -1.00000000
vn 0.00000000 -0.00000263 -1.00000000
vn 0.00000000 0.00000097 -1.00000000
vn 0.00000000 -0.00000255 -1.00000000
vn 0.00000000 0.00000151 -1.00000000
vn 0.00000000 -0.00000010 -1.00000000
vn 0.00000000 -0.00000789 -1.00000000
vn 0.00000000 0.00000318 -1.00000000
vn 0.00000000 -0.00000119 -1.00000000
vn 0.00000000 0.00000499 -1.00000000
vn 0.00000000 -0.00000051 -1.00000000
vn 0.00000000 -0.00000214 -1.00000000
vn 0.00000000 -0.00000160 -1.00000000
vn 0.00000000 0.00000084 -1.00000000
vn 0.00000000 -0.00000092 -1.00000000
vn 0.00000000 0.00000013 -1.00000000
vn 0.00000000 0.00000079 -1.00000000
vn 0.00000000 -0.00000152 -1.00000000
vn 0.00000000 -0.00000031 -1.00000000
vn 0.00000000 -0.00000119 -1.00000000
vn 0.00000000 -0.00000660 -1.00000000
vn 0.00000000 0.00000158 -1.00000000
vn 0.00000000 -0.00000494 -1.00000000
vn 0.00000000 0.00000347 -1.00000000
vn 0.00000000 -0.00000031 -1.00000000
vn 0.00000000 -0.00000089 -1.00000000
vn 0.00000000 0.00000086 -1.00000000
vn 0.00000000 -0.00000090 -1.00000000
vn 0.00000000 -0.00000010 -1.00000000
vn 0.00000000 -0.00000926 -1.00000000
vn 0.00000000 0.00000226 -1.00000000
vn 0.00000000 0.00000024 -1.00000000
vn 0.00000000 -0.00000292 -1.00000000
vn 0.00000000 0.00000434 -1.00000000
vn 0.00000000 -0.00000061 -1.00000000
vn 0.00000000 -0.00000075 -1.00000000
vn 0.00000000 -0.00000323 -1.00000000
vn 0.00000000 0.00000080 -1.00000000
vn 0.00000000 0.00000084 -1.00000000
vn 0.00000000 -0.00000017 -1.00000000
vn 0.00000000 -0.00000002 -1.00000000
vn 0.00000000 -0.00000380 -1.00000000
vn 0.00000000 0.00000057 -1.00000000
vn 0.00000000 -0.00000562 -1.00000000
vn 0.00000000 -0.00000012 -1.00000000
vn 0.00000000 -0.00000147 -1.00000000
vn 0.00000000 -0.00000075 -1.00000000
vn 0.00000000 -0.00000142 -1.00000000
vn 0.00000000 0.00000089 -1.00000000
vn 0.00000000 -0.00000031 -1.00000000
vn 0.00000000 0.00000056 -1.00000000
vn 0.00000000 0.00000996 -1.00000000
vn 0.00000000 -0.00000255 -1.00000000
vn 0.00000000 -0.00000221 -1.00000000
vn 0.00000000 0.00000432 -1.00000000
vn 0.00000000 -0.00000409 -1.00000000
vn 0.00000000 -0.00000031 -1.00000000
vn 0.00000000 0.00000027 -1.00000000
vn 0.00000000 -0.00000149 -1.00000000
vn 0.00000000 0.00000027 -1.00000000
vn 0.00000000 -0.00000053 -1.00000000
vn 0.00000000 0.00000863 -1.00000000
vn 0.00000000 -0.00000288 -1.00000000
vn 0.00000000 -0.00000087 -1.00000000
vn 0.00000000 0.00000229 -1.00000000
vn 0.00000000 -0.00000497 -1.00000000
vn 0.00000000 -0.00000002 -1.00000000
vn 0.00000000 0.00000013 -1.00000000
vn -0.06573878 0.02087495 -0.99761849
vn -0.13312339 0.04394685 -0.99012466
vn -0.09464054 0.03656188 -0.99483989
vn -0.19416027 0.08041653 -0.97766813
vn -0.09277891 0.04104820 -0.99484025
vn -0.12521911 0.06302123 -0.99012550
vn -0.06122201 0.03170942 -0.99762036
vn -0.26020778 0.08450769 -0.96184737
vn -0.27784799 0.09998106 -0.95540791
vn -0.26719457 0.12576878 -0.95540006
vn -0.32234859 0.10233210 -0.94107360
vn -0.30031246 0.15555789 -0.94107076
vn -0.24375830 0.12421349 -0.96184869
vn 0.77192319 -0.63571581 0.00000020
vn 0.70364388 -0.71054121 0.00405918
vn 0.70238808 -0.71178779 -0.00302108
vn 0.59229109 -0.80571368 0.00408985
vn 0.48039995 -0.87702522 -0.00653078
vn 0.33812289 -0.94109185 0.00436455
vn 0.15946440 -0.98718424 -0.00619511
vn 0.05591081 -0.99842992 0.00341840
vn -0.17978849 -0.98369464 -0.00457757
vn -0.23090640 -0.97297508 0.00131262
vn -0.34540916 -0.93844608 -0.00338721
vn -0.36747778 -0.93003230 0.00000029
vn -0.49738397 -0.86753051 0.00000027
vn -0.49738413 -0.86753042 0.00000141
vn -0.49738642 -0.86752910 0.00000323
vn -0.49738837 -0.86752799 0.00002422
vn -0.49738702 -0.86752876 0.00000212
vn -0.49738391 -0.86753055 0.00000092
vn -0.49737065 -0.86753815 -0.00002435
vn -0.49739603 -0.86752359 0.00001030
vn -0.49738448 -0.86753022 0.00000027
vn -0.49733477 -0.86755871 -0.00003542
vn 0.87702522 -0.48039995 -0.00653091
vn 0.80571368 -0.59229109 0.00408978
vn 0.71177266 -0.70240341 -0.00302114
vn 0.71054121 -0.70364388 0.00405918
vn 0.63571581 -0.77192319 0.00000024
vn 0.94109199 -0.33812289 0.00433384
vn 0.98718424 -0.15946440 -0.00619537
vn 0.99842992 -0.05591081 0.00341810
vn 0.98369464 0.17978849 -0.00457793
vn 0.97297508 0.23090640 0.00131224
vn 0.93844606 0.34540920 -0.00338762
vn 0.93003230 0.36747778 -0.00000012
vn 0.76853632 -0.63980616 0.00000020
vn 0.73860045 -0.67414344 0.00000021
vn 0.67414344 -0.73860045 0.00000023
vn 0.63980616 -0.76853632 0.00000024
vn -0.49895957 0.86662526 -0.00000027
vn -0.40849589 0.91276016 -0.00000029
vn -0.39784207 0.91745392 -0.00000029
vn -0.20704399 0.97833163 -0.00000031
vn -0.18402870 0.98292087 -0.00000031
vn 0.00289929 0.99999580 -0.00000031
vn 0.03488272 0.99939141 -0.00000031
vn 0.20728379 0.97828086 -0.00000031
vn 0.24638270 0.96917262 -0.00000030
vn 0.40190076 0.91568323 -0.00000029
vn 0.44310714 0.89646866 -0.00000028
vn 0.57950755 0.81496687 -0.00000026
vn 0.62063730 0.78409779 -0.00000025
vn 0.73332157 0.67988196 -0.00000021
vn 0.76746781 0.64108748 -0.00000020
vn 0.81294500 0.58234047 -0.00000018
vn 0.86753018 0.49738455 -0.00000016
vn 0.86753079 0.49738349 0.00000095
vn 0.86752873 0.49738707 0.00000221
vn 0.86752766 0.49738895 -0.00000016
vn 0.86750969 0.49742029 -0.00000016
vn 0.86752799 0.49738837 0.00000169
vn 0.86753006 0.49738476 0.00000082
vn 0.86753654 0.49737345 -0.00002701
vn 0.86752576 0.49739226 0.00001512
vn 0.86753034 0.49738427 -0.00000016
vn -0.58234047 -0.81294500 0.00000026
vn -0.64105453 -0.76749534 0.00000024
vn -0.67988196 -0.73332157 0.00000023
vn -0.78409779 -0.62063730 0.00000019
vn -0.81496687 -0.57950755 0.00000018
vn -0.89648082 -0.44308255 0.00000014
vn -0.91568323 -0.40190076 0.00000013
vn -0.96917989 -0.24635408 0.00000008
vn -0.97828086 -0.20728379 0.00000007
vn -0.99939248 -0.03485220 0.00000001
vn -0.99999580 -0.00289929 0.00000000
vn -0.98292087 0.18402870 -0.00000006
vn -0.97833163 0.20704399 -0.00000006
vn -0.91745392 0.39784207 -0.00000012
vn -0.91276016 0.40849589 -0.00000013
vn -0.86662526 0.49895957 -0.00000016
vn -0.63116805 0.77564611 -0.00000024
vn -0.67001619 0.74234648 -0.00000023
vn -0.74234648 0.67001619 -0.00000021
vn -0.77564611 0.63116805 -0.00000020
vn 0.00000000 0.00000238 1.00000000
vn 0.00000000 0.00000087 1.00000000
vn 0.00000000 0.00000659 1.00000000
vn 0.00000000 -0.00000300 1.00000000
vn 0.30031246 0.15555848 0.94107066
vn 0.24375830 0.12421410 0.96184861
vn 0.26640251 0.12555650 0.95564914
vn 0.19428248 0.08047831 0.97763877
vn 0.27717458 0.09958415 0.95564494
vn 0.26020778 0.08450830 0.96184732
vn 0.32234859 0.10233269 0.94107354
vn 0.12524889 0.06305201 0.99011977
vn 0.09302270 0.04132337 0.99480609
vn 0.09500634 0.03656234 0.99480500
vn 0.06122201 0.03171004 0.99762034
vn 0.06570845 0.02084512 0.99762111
vn 0.13315320 0.04397780 0.99011927
vn -0.03170973 0.06122169 -0.99762037
vn -0.06302154 0.12521880 -0.99012552
vn -0.04104852 0.09277860 -0.99484026
vn -0.08041684 0.19415997 -0.97766816
vn -0.03656220 0.09464023 -0.99483990
vn -0.04394716 0.13312308 -0.99012469
vn -0.02084475 0.06573853 -0.99761914
vn -0.12421380 0.24375800 -0.96184873
vn -0.12573909 0.26719539 -0.95540374
vn -0.09998136 0.27784769 -0.95540797
vn -0.15555820 0.30031220 -0.94107079
vn -0.10233240 0.32234829 -0.94107367
vn -0.08450799 0.26020748 -0.96184742
vn 0.09631830 -0.99535058 0.00000031
vn -0.00485247 -0.99997999 0.00405927
vn -0.00659197 -0.99997371 -0.00302098
vn -0.15088619 -0.98854268 0.00408984
vn -0.28043813 -0.95984989 -0.00653070
vn -0.42634854 -0.90454858 0.00433396
vn -0.58527321 -0.81081248 -0.00619517
vn -0.66645812 -0.74553464 0.00341838
vn -0.82271933 -0.56842937 -0.00457776
vn -0.85127487 -0.52471838 0.00131248
vn -0.90782553 -0.41933439 -0.00338750
vn -0.91748100 -0.39777961 0.00000012
vn -0.96514042 -0.26173261 0.00000008
vn -0.96514035 -0.26173289 0.00000036
vn -0.96514013 -0.26173369 0.00000008
vn -0.96513967 -0.26173540 0.00004198
vn -0.96513864 -0.26173919 -0.00000177
vn -0.96514033 -0.26173297 0.00000073
vn -0.96514027 -0.26173320 -0.00000579
vn -0.96514073 -0.26173148 0.00000319
vn -0.96514024 -0.26173330 0.00000008
vn -0.96513413 -0.26175578 -0.00014269
vn 0.28043813 -0.95984989 -0.00653070
vn 0.15088619 -0.98854268 0.00408984
vn 0.00659197 -0.99997371 -0.00302098
vn 0.00485247 -0.99997999 0.00405927
vn -0.09631830 -0.99535058 0.00000031
vn 0.42634854 -0.90454858 0.00433396
vn 0.58527321 -0.81081248 -0.00619517
vn 0.66645812 -0.74553464 0.00341838
vn 0.82271933 -0.56842937 -0.00457776
vn 0.85127487 -0.52471838 0.00131248
vn 0.90782553 -0.41933439 -0.00338750
vn 0.91748100 -0.39777961 0.00000012
vn 0.09100902 -0.99585007 0.00000031
vn 0.04556548 -0.99896135 0.00000031
vn 0.04553502 -0.99896274 0.00000031
vn -0.04556548 -0.99896135 0.00000031
vn -0.09100902 -0.99585007 0.00000031
vn -0.04553502 -0.99896274 0.00000031
vn 0.25996040 0.96561928 -0.00000030
vn 0.35655237 0.93427534 -0.00000029
vn 0.36738816 0.93006771 -0.00000029
vn 0.54538300 0.83818696 -0.00000026
vn 0.56491262 0.82515073 -0.00000026
vn 0.70916384 0.70504372 -0.00000022
vn 0.73133635 0.68201697 -0.00000021
vn 0.83832994 0.54516320 -0.00000017
vn 0.85951663 0.51110777 -0.00000016
vn 0.93168472 0.36326792 -0.00000011
vn 0.94722366 0.32057347 -0.00000010
vn 0.98604446 0.16648218 -0.00000005
vn 0.99329875 0.11557509 -0.00000004
vn 0.99928598 -0.03778259 0.00000001
vn 0.99599933 -0.08936065 0.00000003
vn 0.98662063 -0.16303289 0.00000005
vn 0.96514042 -0.26173261 0.00000008
vn 0.96514035 -0.26173289 0.00000036
vn 0.96514019 -0.26173349 0.00000008
vn 0.96513927 -0.26173688 0.00003600
vn 0.96513413 -0.26175578 -0.00014269
vn 0.96513864 -0.26173919 -0.00000177
vn 0.96514035 -0.26173289 0.00000073
vn 0.96514019 -0.26173348 -0.00000439
vn 0.96514126 -0.26172953 0.00000390
vn 0.96514024 -0.26173330 0.00000008
vn -0.98662063 -0.16303289 0.00000005
vn -0.99599933 -0.08936065 0.00000003
vn -0.99928598 -0.03778259 0.00000001
vn -0.99329875 0.11557509 -0.00000004
vn -0.98604446 0.16648218 -0.00000005
vn -0.94722366 0.32057347 -0.00000010
vn -0.93168472 0.36326792 -0.00000011
vn -0.85951663 0.51110777 -0.00000016
vn -0.83832994 0.54516320 -0.00000017
vn -0.73133635 0.68201697 -0.00000021
vn -0.70916384 0.70504372 -0.00000022
vn -0.56491262 0.82515073 -0.00000026
vn -0.54538300 0.83818696 -0.00000026
vn -0.36738816 0.93006771 -0.00000029
vn -0.35655237 0.93427534 -0.00000029
vn -0.25996040 0.96561928 -0.00000030
vn -0.25998880 0.96561163 -0.00000030
vn 0.10211710 0.99477238 -0.00000031
vn 0.05111873 0.99869258 -0.00000031
vn -0.05111873 0.99869258 -0.00000031
vn -0.10211710 0.99477238 -0.00000031
vn -0.10233240 -0.32234829 0.94107367
vn -0.08450870 -0.26017906 0.96185505
vn -0.09958385 -0.27717428 0.95564506
vn -0.08047800 -0.19428217 0.97763885
vn -0.12555620 -0.26640221 0.95564926
vn -0.12421380 -0.24375800 0.96184873
vn -0.15555820 -0.30031220 0.94107079
vn -0.04397749 -0.13315289 0.99011933
vn -0.03656202 -0.09500603 0.99480504
vn -0.04132306 -0.09302238 0.99480613
vn -0.02084475 -0.06573853 0.99761914
vn -0.03170973 -0.06122169 0.99762037
vn -0.06305170 -0.12524858 0.99011983
vn 0.00000000 0.00000135 1.00000000
vn 0.00000000 0.00000083 1.00000000
vn 0.00000000 -0.00000236 1.00000000
vn 0.00000000 0.00000859 1.00000000
vn 0.00000000 -0.00000596 1.00000000
vn 0.00000000 0.00000695 1.00000000
vn 0.00000000 -0.00000596 1.00000000
vn 0.00000000 0.00000363 1.00000000
vn 0.02084475 0.06573853 -0.99761914
vn 0.04394716 0.13312308 -0.99012469
vn 0.03656220 0.09464023 -0.99483990
vn 0.08041684 0.19415997 -0.97766816
vn 0.04104852 0.09277860 -0.99484026
vn 0.06302154 0.12521880 -0.99012552
vn 0.03170973 0.06122169 -0.99762037
vn 0.08450799 0.26020748 -0.96184742
vn 0.09998136 0.27784769 -0.95540797
vn 0.12573909 0.26719539 -0.95540374
vn 0.10233240 0.32234829 -0.94107367
vn 0.15555820 0.30031220 -0.94107079
vn 0.12421380 0.24375800 -0.96184873
vn -0.63571581 -0.77192319 0.00000024
vn -0.71054121 -0.70364388 0.00405918
vn -0.71177266 -0.70240341 -0.00302114
vn -0.80571368 -0.59229109 0.00408978
vn -0.87702522 -0.48039995 -0.00653091
vn -0.94109199 -0.33812289 0.00433384
vn -0.98718424 -0.15946440 -0.00619537
vn -0.99842992 -0.05591081 0.00341810
vn -0.98369464 0.17978849 -0.00457793
vn -0.97297508 0.23090640 0.00131224
vn -0.93844606 0.34540920 -0.00338762
vn -0.93003230 0.36747778 -0.00000012
vn -0.86753018 0.49738455 -0.00000016
vn -0.86753070 0.49738364 0.00000085
vn -0.86752856 0.49738738 0.00000221
vn -0.86753282 0.49737994 -0.00000016
vn -0.86752799 0.49738837 0.00000169
vn -0.86752997 0.49738492 0.00000115
vn -0.86753737 0.49737200 -0.00002590
vn -0.86752605 0.49739175 0.00001417
vn -0.86753034 0.49738427 -0.00000016
vn -0.86750969 0.49742029 -0.00000016
vn -0.48039995 -0.87702522 -0.00653078
vn -0.59229109 -0.80571368 0.00408985
vn -0.70238808 -0.71178779 -0.00302108
vn -0.70364388 -0.71054121 0.00405918
vn -0.77192319 -0.63571581 0.00000020
vn -0.33812289 -0.94109185 0.00436455
vn -0.15946440 -0.98718424 -0.00619511
vn -0.05591081 -0.99842992 0.00341840
vn 0.17978849 -0.98369464 -0.00457757
vn 0.23090640 -0.97297508 0.00131262
vn 0.34540916 -0.93844608 -0.00338721
vn 0.36747778 -0.93003230 0.00000029
vn -0.63980616 -0.76853632 0.00000024
vn -0.67414344 -0.73860045 0.00000023
vn -0.73860045 -0.67414344 0.00000021
vn -0.76853632 -0.63980616 0.00000020
vn 0.86662526 0.49895957 -0.00000016
vn 0.91276016 0.40849589 -0.00000013
vn 0.91745392 0.39784207 -0.00000012
vn 0.97833163 0.20704399 -0.00000006
vn 0.98292087 0.18402870 -0.00000006
vn 0.99999580 -0.00289929 0.00000000
vn 0.99939248 -0.03485220 0.00000001
vn 0.97828086 -0.20728379 0.00000007
vn 0.96917989 -0.24635408 0.00000008
vn 0.91568323 -0.40190076 0.00000013
vn 0.89648082 -0.44308255 0.00000014
vn 0.81496687 -0.57950755 0.00000018
vn 0.78409779 -0.62063730 0.00000019
vn 0.67988196 -0.73332157 0.00000023
vn 0.64105453 -0.76749534 0.00000024
vn 0.58234047 -0.81294500 0.00000026
vn 0.49738397 -0.86753051 0.00000027
vn 0.49738406 -0.86753046 0.00000138
vn 0.49738738 -0.86752856 0.00000264
vn 0.49738837 -0.86752799 0.00002422
vn 0.49733477 -0.86755871 -0.00003542
vn 0.49738702 -0.86752876 0.00000212
vn 0.49738413 -0.86753042 0.00000125
vn 0.49736965 -0.86753872 -0.00002659
vn 0.49739558 -0.86752386 0.00000791
vn 0.49738448 -0.86753022 0.00000027
vn -0.81294500 0.58234047 -0.00000018
vn -0.76746781 0.64108748 -0.00000020
vn -0.73332157 0.67988196 -0.00000021
vn -0.62063730 0.78409779 -0.00000025
vn -0.57950755 0.81496687 -0.00000026
vn -0.44310714 0.89646866 -0.00000028
vn -0.40190076 0.91568323 -0.00000029
vn -0.24638270 0.96917262 -0.00000030
vn -0.20728379 0.97828086 -0.00000031
vn -0.03488272 0.99939141 -0.00000031
vn -0.00289929 0.99999580 -0.00000031
vn 0.18402870 0.98292087 -0.00000031
vn 0.20704399 0.97833163 -0.00000031
vn 0.39784207 0.91745392 -0.00000029
vn 0.40849589 0.91276016 -0.00000029
vn 0.49895957 0.86662526 -0.00000027
vn 0.77564611 0.63116805 -0.00000020
vn 0.74234648 0.67001619 -0.00000021
vn 0.67001619 0.74234648 -0.00000023
vn 0.63116805 0.77564611 -0.00000024
vn 0.00000000 -0.00000020 1.00000000
vn 0.00000000 0.00000057 1.00000000
vn 0.00000000 0.00000083 1.00000000
vn 0.00000000 0.00000652 1.00000000
vn 0.00000000 -0.00000468 1.00000000
vn 0.00000000 0.00000553 1.00000000
vn 0.00000000 -0.00000102 1.00000000
vn 0.00000000 0.00000695 1.00000000
vn 0.15555820 -0.30031220 0.94107079
vn 0.12421380 -0.24375800 0.96184873
vn 0.12555620 -0.26640221 0.95564926
vn 0.08047800 -0.19428217 0.97763885
vn 0.09958385 -0.27717428 0.95564506
vn 0.08450870 -0.26017906 0.96185505
vn 0.10233240 -0.32234829 0.94107367
vn 0.06305170 -0.12524858 0.99011983
vn 0.04132306 -0.09302238 0.99480613
vn 0.03656202 -0.09500603 0.99480504
vn 0.03170973 -0.06122169 0.99762037
vn 0.02084475 -0.06573853 0.99761914
vn 0.04397749 -0.13315289 0.99011933
vn 0.06122201 0.03170942 -0.99762036
vn 0.12521911 0.06302123 -0.99012550
vn 0.09277891 0.04104820 -0.99484025
vn 0.19416027 0.08041653 -0.97766813
vn 0.09464054 0.03656188 -0.99483989
vn 0.13312339 0.04394685 -0.99012466
vn 0.06573884 0.02084443 -0.99761912
vn 0.24375830 0.12421349 -0.96184869
vn 0.26719457 0.12576878 -0.95540006
vn 0.27784799 0.09998106 -0.95540791
vn 0.30031246 0.15555789 -0.94107076
vn 0.32234859 0.10233210 -0.94107360
vn 0.26020778 0.08450769 -0.96184737
vn -0.99535058 -0.09631830 0.00000003
vn -0.99998014 0.00482196 0.00405896
vn -0.99997351 0.00662249 -0.00302130
vn -0.98854268 0.15088619 0.00408949
vn -0.95984989 0.28043813 -0.00653109
vn -0.90454858 0.42634854 0.00433354
vn -0.81081248 0.58527321 -0.00619561
vn -0.74553464 0.66645812 0.00341794
vn -0.56842937 0.82271933 -0.00457819
vn -0.52471838 0.85127487 0.00131205
vn -0.41933439 0.90782553 -0.00338791
vn -0.39777961 0.91748100 -0.00000029
vn -0.26173258 0.96514043 -0.00000030
vn -0.26173278 0.96514038 -0.00000008
vn -0.26173220 0.96514054 -0.00000030
vn -0.26175010 0.96513568 0.00002963
vn -0.26173727 0.96513916 -0.00000123
vn -0.26173258 0.96514043 -0.00000063
vn -0.26173380 0.96514010 -0.00000030
vn -0.26173458 0.96513989 0.00000280
vn -0.26173278 0.96514038 -0.00000030
vn -0.26171922 0.96514405 -0.00010738
vn -0.95984989 -0.28043813 -0.00653091
vn -0.98854268 -0.15088619 0.00408958
vn -0.99997351 -0.00662249 -0.00302130
vn -0.99998014 -0.00482195 0.00405896
vn -0.99535058 0.09631830 -0.00000003
vn -0.90454858 -0.42634854 0.00433381
vn -0.81081248 -0.58527322 -0.00619524
vn -0.74553464 -0.66645812 0.00341836
vn -0.56842937 -0.82271933 -0.00457768
vn -0.52471838 -0.85127487 0.00131258
vn -0.41933439 -0.90782553 -0.00338734
vn -0.39777961 -0.91748100 0.00000029
vn -0.99585007 -0.09100902 0.00000003
vn -0.99896135 -0.04556548 0.00000001
vn -0.99896135 0.04556548 -0.00000001
vn -0.99585007 0.09100902 -0.00000003
vn 0.96561928 -0.25996040 0.00000008
vn 0.93427534 -0.35655237 0.00000011
vn 0.93006771 -0.36738816 0.00000012
vn 0.83818696 -0.54538300 0.00000017
vn 0.82515073 -0.56491262 0.00000018
vn 0.70504372 -0.70916384 0.00000022
vn 0.68201697 -0.73133635 0.00000023
vn 0.54516320 -0.83832994 0.00000026
vn 0.51110777 -0.85951663 0.00000027
vn 0.36326792 -0.93168472 0.00000029
vn 0.32057347 -0.94722366 0.00000030
vn 0.16648218 -0.98604446 0.00000031
vn 0.11557509 -0.99329875 0.00000031
vn -0.03778259 -0.99928598 0.00000031
vn -0.08936065 -0.99599933 0.00000031
vn -0.16303289 -0.98662063 0.00000031
vn -0.26173258 -0.96514043 0.00000030
vn -0.26173275 -0.96514039 0.00000058
vn -0.26173309 -0.96514030 0.00000030
vn -0.26175010 -0.96513568 0.00003622
vn -0.26171922 -0.96514405 -0.00010678
vn -0.26173727 -0.96513916 -0.00000062
vn -0.26173278 -0.96514038 -0.00000002
vn -0.26173557 -0.96513962 0.00000030
vn -0.26173341 -0.96514021 0.00000412
vn -0.26173278 -0.96514038 0.00000030
vn -0.16303289 0.98662063 -0.00000031
vn -0.08936065 0.99599933 -0.00000031
vn -0.03778259 0.99928598 -0.00000031
vn 0.11557509 0.99329875 -0.00000031
vn 0.16648218 0.98604446 -0.00000031
vn 0.32057347 0.94722366 -0.00000030
vn 0.36326792 0.93168472 -0.00000029
vn 0.51110777 0.85951663 -0.00000027
vn 0.54516320 0.83832994 -0.00000026
vn 0.68201697 0.73133635 -0.00000023
vn 0.70504372 0.70916384 -0.00000022
vn 0.82515073 0.56491262 -0.00000018
vn 0.83818696 0.54538300 -0.00000017
vn 0.93006771 0.36738816 -0.00000012
vn 0.93427534 0.35655237 -0.00000011
vn 0.96561928 0.25996040 -0.00000008
vn 0.99477238 -0.10211710 0.00000003
vn 0.99869258 -0.05111873 0.00000002
vn 0.99869258 0.05111873 -0.00000002
vn 0.99477238 0.10211710 -0.00000003
vn 0.06573878 -0.02087558 -0.99761848
vn 0.13312339 -0.04394747 -0.99012463
vn 0.09464054 -0.03656251 -0.99483986
vn 0.19416027 -0.08041715 -0.97766808
vn 0.09277891 -0.04104883 -0.99484022
vn 0.12521911 -0.06302185 -0.99012546
vn 0.06122201 -0.03171004 -0.99762034
vn 0.26020778 -0.08450830 -0.96184732
vn 0.27784799 -0.09998166 -0.95540785
vn 0.26719457 -0.12576938 -0.95539998
vn 0.32234859 -0.10233269 -0.94107354
vn 0.30031246 -0.15555848 -0.94107066
vn 0.24375830 -0.12421410 -0.96184861
vn -0.32234859 0.10233269 0.94107354
vn -0.26020778 0.08450830 0.96184732
vn -0.27717458 0.09958415 0.95564494
vn -0.19428248 0.08047831 0.97763877
vn -0.26640251 0.12555650 0.95564914
vn -0.24375830 0.12421410 0.96184861
vn -0.30031246 0.15555848 0.94107066
vn -0.13315320 0.04397780 0.99011927
vn -0.09500634 0.03656234 0.99480500
vn -0.09302270 0.04132337 0.99480609
vn -0.06570845 0.02084512 0.99762111
vn -0.06122201 0.03171004 0.99762034
vn -0.12524889 0.06305201 0.99011977
vn 0.00000000 -0.00000031 1.00000000
vn -0.77192319 0.63571581 -0.00000020
vn -0.70364388 0.71054121 0.00405873
vn -0.70238808 0.71178779 -0.00302152
vn -0.59229109 0.80571368 0.00408934
vn -0.48039995 0.87702522 -0.00653133
vn -0.33812289 0.94109185 0.00436396
vn -0.15946440 0.98718424 -0.00619573
vn -0.05591081 0.99842992 0.00341777
vn 0.17978849 0.98369464 -0.00457818
vn 0.23090640 0.97297508 0.00131201
vn 0.34540916 0.93844607 -0.00338780
vn 0.36747778 0.93003230 -0.00000029
vn 0.49738397 0.86753051 -0.00000027
vn 0.49738413 0.86753042 0.00000087
vn 0.49738642 0.86752910 0.00000269
vn 0.49738837 0.86752799 0.00002367
vn 0.49738702 0.86752876 0.00000158
vn 0.49738391 0.86753055 0.00000038
vn 0.49737065 0.86753815 -0.00002489
vn 0.49739603 0.86752359 0.00000976
vn 0.49738448 0.86753022 -0.00000027
vn 0.49733477 0.86755871 -0.00003596
vn -0.87702522 0.48039995 -0.00653121
vn -0.80571368 0.59229109 0.00408941
vn -0.71177266 0.70240341 -0.00302158
vn -0.71054121 0.70364388 0.00405874
vn -0.63571581 0.77192319 -0.00000024
vn -0.94109199 0.33812290 0.00433363
vn -0.98718424 0.15946439 -0.00619547
vn -0.99842992 0.05591081 0.00341807
vn -0.98369464 -0.17978850 -0.00457782
vn -0.97297508 -0.23090640 0.00131239
vn -0.93844606 -0.34540920 -0.00338740
vn -0.93003230 -0.36747778 0.00000012
vn -0.76853632 0.63980616 -0.00000020
vn -0.73860045 0.67414344 -0.00000021
vn -0.67414344 0.73860045 -0.00000023
vn -0.63980616 0.76853632 -0.00000024
vn 0.49895957 -0.86662526 0.00000027
vn 0.40849589 -0.91276016 0.00000029
vn 0.39784207 -0.91745392 0.00000029
vn 0.20704399 -0.97833163 0.00000031
vn 0.18402870 -0.98292087 0.00000031
vn -0.00289929 -0.99999580 0.00000031
vn -0.03488272 -0.99939141 0.00000031
vn -0.20728379 -0.97828086 0.00000031
vn -0.24638270 -0.96917262 0.00000030
vn -0.40190076 -0.91568323 0.00000029
vn -0.44310714 -0.89646866 0.00000028
vn -0.57950755 -0.81496687 0.00000026
vn -0.62063730 -0.78409779 0.00000025
vn -0.73332157 -0.67988196 0.00000021
vn -0.76746781 -0.64108748 0.00000020
vn -0.81294500 -0.58234047 0.00000018
vn -0.86753018 -0.49738455 0.00000016
vn -0.86753079 -0.49738349 0.00000126
vn -0.86752873 -0.49738707 0.00000252
vn -0.86752766 -0.49738895 0.00000016
vn -0.86750969 -0.49742029 0.00000016
vn -0.86752799 -0.49738837 0.00000201
vn -0.86753006 -0.49738476 0.00000113
vn -0.86753654 -0.49737345 -0.00002670
vn -0.86752576 -0.49739226 0.00001544
vn -0.86753034 -0.49738427 0.00000016
vn 0.58234047 0.81294500 -0.00000026
vn 0.64105453 0.76749534 -0.00000024
vn 0.67988196 0.73332157 -0.00000023
vn 0.78409779 0.62063730 -0.00000019
vn 0.81496687 0.57950755 -0.00000018
vn 0.89648082 0.44308255 -0.00000014
vn 0.91568323 0.40190076 -0.00000013
vn 0.96917989 0.24635408 -0.00000008
vn 0.97828086 0.20728379 -0.00000007
vn 0.99939248 0.03485220 -0.00000001
vn 0.99999580 0.00289929 -0.00000000
vn 0.98292087 -0.18402870 0.00000006
vn 0.97833163 -0.20704399 0.00000006
vn 0.91745392 -0.39784207 0.00000012
vn 0.91276016 -0.40849589 0.00000013
vn 0.86662526 -0.49895957 0.00000016
vn 0.63116805 -0.77564611 0.00000024
vn 0.67001619 -0.74234648 0.00000023
vn 0.74234648 -0.67001619 0.00000021
vn 0.77564611 -0.63116805 0.00000020
vn 0.03170973 -0.06122232 -0.99762033
vn 0.06302154 -0.12521942 -0.99012544
vn 0.04104852 -0.09277923 -0.99484021
vn 0.08041684 -0.19416058 -0.97766804
vn 0.03656220 -0.09464085 -0.99483984
vn 0.04394716 -0.13312370 -0.99012460
vn 0.02084475 -0.06573916 -0.99761910
vn 0.12421380 -0.24375860 -0.96184857
vn 0.12573909 -0.26719599 -0.95540357
vn 0.09998136 -0.27784829 -0.95540779
vn 0.15555820 -0.30031279 -0.94107060
vn 0.10233240 -0.32234888 -0.94107347
vn 0.08450799 -0.26020808 -0.96184726
vn 0.00000000 -0.00000176 1.00000000
vn -0.30031246 -0.15555789 0.94107076
vn -0.24375830 -0.12421349 0.96184869
vn -0.26640251 -0.12555590 0.95564921
vn -0.19428248 -0.08047770 0.97763882
vn -0.27717458 -0.09958355 0.95564500
vn -0.26020778 -0.08450769 0.96184737
vn -0.32234859 -0.10233210 0.94107360
vn -0.12524889 -0.06305139 0.99011981
vn -0.09302270 -0.04132275 0.99480612
vn -0.09500634 -0.03656171 0.99480502
vn -0.06122201 -0.03170942 0.99762036
vn -0.06570845 -0.02084450 0.99762112
vn -0.13315320 -0.04397718 0.99011930
vn -0.09631830 0.99535058 -0.00000031
vn 0.00485247 0.99997999 0.00405864
vn 0.00659197 0.99997371 -0.00302161
vn 0.15088619 0.98854268 0.00408922
vn 0.28043813 0.95984988 -0.00653130
vn 0.42634854 0.90454859 0.00433339
vn 0.58527321 0.81081248 -0.00619568
vn 0.66645812 0.74553464 0.00341791
vn 0.82271933 0.56842936 -0.00457811
vn 0.85127487 0.52471838 0.00131215
vn 0.90782553 0.41933438 -0.00338776
vn 0.91748100 0.39777961 -0.00000012
vn 0.96514042 0.26173261 -0.00000008
vn 0.96514035 0.26173289 0.00000019
vn 0.96514013 0.26173369 -0.00000008
vn 0.96513967 0.26173540 0.00004182
vn 0.96513864 0.26173919 -0.00000193
vn 0.96514033 0.26173297 0.00000057
vn 0.96514027 0.26173320 -0.00000596
vn 0.96514073 0.26173148 0.00000302
vn 0.96514024 0.26173330 -0.00000008
vn 0.96513413 0.26175578 -0.00014286
vn -0.28043813 0.95984988 -0.00653130
vn -0.15088619 0.98854268 0.00408922
vn -0.00659197 0.99997371 -0.00302161
vn -0.00485247 0.99997999 0.00405864
vn 0.09631830 0.99535058 -0.00000031
vn -0.42634854 0.90454859 0.00433339
vn -0.58527321 0.81081248 -0.00619568
vn -0.66645812 0.74553464 0.00341791
vn -0.82271933 0.56842936 -0.00457811
vn -0.85127487 0.52471838 0.00131215
vn -0.90782553 0.41933438 -0.00338776
vn -0.91748100 0.39777961 -0.00000012
vn -0.09100902 0.99585007 -0.00000031
vn -0.04556548 0.99896135 -0.00000031
vn -0.04553502 0.99896274 -0.00000031
vn 0.04556548 0.99896135 -0.00000031
vn 0.09100902 0.99585007 -0.00000031
vn 0.04553502 0.99896274 -0.00000031
vn -0.25996040 -0.96561928 0.00000030
vn -0.35655237 -0.93427534 0.00000029
vn -0.36738816 -0.93006771 0.00000029
vn -0.54538300 -0.83818696 0.00000026
vn -0.56491262 -0.82515073 0.00000026
vn -0.70916384 -0.70504372 0.00000022
vn -0.73133635 -0.68201697 0.00000021
vn -0.83832994 -0.54516320 0.00000017
vn -0.85951663 -0.51110777 0.00000016
vn -0.93168472 -0.36326792 0.00000011
vn -0.94722366 -0.32057347 0.00000010
vn -0.98604446 -0.16648218 0.00000005
vn -0.99329875 -0.11557509 0.00000004
vn -0.99928598 0.03778259 -0.00000001
vn -0.99599933 0.08936065 -0.00000003
vn -0.98662063 0.16303289 -0.00000005
vn -0.96514042 0.26173261 -0.00000008
vn -0.96514035 0.26173289 0.00000019
vn -0.96514019 0.26173349 -0.00000008
vn -0.96513927 0.26173688 0.00003583
vn -0.96513413 0.26175578 -0.00014286
vn -0.96513864 0.26173919 -0.00000193
vn -0.96514035 0.26173289 0.00000057
vn -0.96514019 0.26173348 -0.00000456
vn -0.96514126 0.26172953 0.00000374
vn -0.96514024 0.26173330 -0.00000008
vn 0.98662063 0.16303289 -0.00000005
vn 0.99599933 0.08936065 -0.00000003
vn 0.99928598 0.03778259 -0.00000001
vn 0.99329875 -0.11557509 0.00000004
vn 0.98604446 -0.16648218 0.00000005
vn 0.94722366 -0.32057347 0.00000010
vn 0.93168472 -0.36326792 0.00000011
vn 0.85951663 -0.51110777 0.00000016
vn 0.83832994 -0.54516320 0.00000017
vn 0.73133635 -0.68201697 0.00000021
vn 0.70916384 -0.70504372 0.00000022
vn 0.56491262 -0.82515073 0.00000026
vn 0.54538300 -0.83818696 0.00000026
vn 0.36738816 -0.93006771 0.00000029
vn 0.35655237 -0.93427534 0.00000029
vn 0.25996040 -0.96561928 0.00000030
vn 0.25998880 -0.96561163 0.00000030
vn -0.10211710 -0.99477238 0.00000031
vn -0.05111873 -0.99869258 0.00000031
vn 0.05111873 -0.99869258 0.00000031
vn 0.10211710 -0.99477238 0.00000031
vn -0.15555820 0.30031279 0.94107060
vn -0.12421380 0.24375860 0.96184857
vn -0.12555620 0.26640281 0.95564909
vn -0.08047800 0.19428279 0.97763873
vn -0.09958385 0.27717488 0.95564488
vn -0.08450870 0.26017966 0.96185489
vn -0.10233240 0.32234888 0.94107347
vn -0.06305170 0.12524920 0.99011975
vn -0.04132306 0.09302301 0.99480607
vn -0.03656202 0.09500665 0.99480498
vn -0.03170973 0.06122232 0.99762033
vn -0.02084475 0.06573916 0.99761910
vn -0.04397749 0.13315351 0.99011925
vn 0.00000000 0.00000006 1.00000000
vn 0.00000000 -0.00000020 1.00000000
vn 0.00000000 -0.00000589 1.00000000
vn 0.00000000 0.00000531 1.00000000
vn 0.00000000 -0.00000490 1.00000000
vn 0.00000000 0.00000165 1.00000000
vn 0.00000000 -0.00000632 1.00000000
vn 0.10342799 -0.98413731 0.14414020
vn 0.10022639 -0.95358500 0.28395477
vn 0.00000000 -0.98955690 0.14414279
vn 0.00000000 -0.95883989 0.28394728
vn -0.10342799 -0.98413731 0.14414020
vn -0.10022639 -0.95358500 0.28395477
vn -0.20572839 -0.96794002 0.14411090
vn -0.19935158 -0.93788628 0.28395118
vn -0.30577470 -0.94112932 0.14414381
vn -0.29628087 -0.91191516 0.28395137
vn -0.40248786 -0.90401062 0.14411217
vn -0.38997094 -0.87595431 0.28394845
vn -0.49478077 -0.85698509 0.14411296
vn -0.47941745 -0.83038168 0.28394573
vn -0.58163636 -0.80058155 0.14411224
vn -0.56360046 -0.77570981 0.28395214
vn -0.66214363 -0.73538946 0.14411161
vn -0.64157752 -0.71256543 0.28395210
vn -0.73538628 -0.66214065 0.14414150
vn -0.71256552 -0.64157744 0.28395208
vn -0.80058159 -0.58163631 0.14411217
vn -0.77570990 -0.56360037 0.28395207
vn -0.85698514 -0.49478072 0.14411285
vn -0.83037227 -0.47942951 0.28395286
vn -0.90401067 -0.40248781 0.14411201
vn -0.87595439 -0.38997085 0.28394830
vn -0.94112936 -0.30577466 0.14414361
vn -0.91191525 -0.29628078 0.28395118
vn -0.96793580 -0.20572746 0.14414056
vn -0.93788637 -0.19935149 0.28395094
vn -0.98413736 -0.10342795 0.14413992
vn -0.95358789 -0.10022330 0.28394618
vn -0.98955694 0.00000005 0.14414248
vn -0.95883998 0.00000009 0.28394698
vn -0.98413736 0.10342804 0.14413986
vn -0.95358509 0.10022648 0.28395444
vn -0.96794006 0.20572844 0.14411054
vn -0.93788637 0.19935167 0.28395082
vn -0.94112936 0.30577475 0.14414342
vn -0.91191525 0.29628096 0.28395099
vn -0.90401067 0.40248790 0.14411176
vn -0.87595439 0.38997103 0.28394805
vn -0.85698514 0.49478081 0.14411254
vn -0.83037227 0.47942969 0.28395256
vn -0.80058159 0.58163640 0.14411180
vn -0.77570990 0.56360055 0.28395172
vn -0.73538950 0.66214368 0.14411117
vn -0.71256552 0.64157761 0.28395167
vn -0.66214363 0.73538955 0.14411115
vn -0.64157752 0.71256560 0.28395165
vn -0.58163636 0.80058164 0.14411174
vn -0.56360046 0.77570999 0.28395165
vn -0.49478077 0.85698518 0.14411242
vn -0.47941745 0.83038186 0.28394521
vn -0.40248786 0.90401071 0.14411160
vn -0.38999678 0.87594408 0.28394450
vn -0.30577470 0.94112941 0.14414322
vn -0.29628087 0.91191534 0.28395080
vn -0.20572839 0.96794011 0.14411030
vn -0.19935158 0.93788646 0.28395059
vn -0.10342799 0.98413740 0.14413958
vn -0.10022639 0.95358518 0.28395417
vn -0.05179052 0.98823219 0.14392666
vn -0.05017364 0.95763371 0.28358471
vn 0.05176006 0.98823374 0.14392698
vn 0.05017322 0.95762542 0.28361278
vn 0.10342799 0.98413740 0.14413958
vn 0.10022639 0.95358518 0.28395417
vn 0.20572839 0.96794011 0.14411030
vn 0.19935158 0.93788646 0.28395059
vn 0.30577470 0.94112941 0.14414322
vn 0.29628087 0.91191534 0.28395080
vn 0.40248786 0.90401071 0.14411160
vn 0.38997094 0.87595448 0.28394790
vn 0.49478077 0.85698518 0.14411242
vn 0.47941745 0.83038186 0.28394521
vn 0.58163636 0.80058164 0.14411174
vn 0.56360046 0.77570999 0.28395165
vn 0.66214363 0.73538955 0.14411115
vn 0.64157752 0.71256560 0.28395165
vn 0.73538628 0.66214074 0.14414109
vn 0.71256552 0.64157761 0.28395167
vn 0.80058159 0.58163640 0.14411180
vn 0.77570990 0.56360055 0.28395172
vn 0.85698514 0.49478081 0.14411254
vn 0.83037227 0.47942969 0.28395256
vn 0.90401067 0.40248790 0.14411176
vn 0.87595439 0.38997103 0.28394805
vn 0.94112936 0.30577475 0.14414342
vn 0.91191525 0.29628096 0.28395099
vn 0.96793580 0.20572755 0.14414043
vn 0.93788637 0.19935167 0.28395082
vn 0.98413736 0.10342804 0.14413986
vn 0.95358789 0.10022348 0.28394612
vn 0.98955694 0.00000005 0.14414248
vn 0.95883998 0.00000009 0.28394698
vn 0.98413736 -0.10342795 0.14413992
vn 0.95358509 -0.10022630 0.28395450
vn 0.96794006 -0.20572835 0.14411067
vn 0.93788637 -0.19935149 0.28395094
vn 0.94112936 -0.30577466 0.14414361
vn 0.91191525 -0.29628078 0.28395118
vn 0.90401067 -0.40248781 0.14411201
vn 0.87595439 -0.38997085 0.28394830
vn 0.85698514 -0.49478072 0.14411285
vn 0.83037227 -0.47942951 0.28395286
vn 0.80058159 -0.58163631 0.14411217
vn 0.77570990 -0.56360037 0.28395207
vn 0.73538950 -0.66214359 0.14411159
vn 0.71256552 -0.64157744 0.28395208
vn 0.66214363 -0.73538946 0.14411161
vn 0.64157752 -0.71256543 0.28395210
vn 0.58163636 -0.80058155 0.14411224
vn 0.56360046 -0.77570981 0.28395214
vn 0.49478077 -0.85698509 0.14411296
vn 0.47941745 -0.83038168 0.28394573
vn 0.40248786 -0.90401062 0.14411217
vn 0.38999678 -0.87594390 0.28394505
vn 0.30577470 -0.94112932 0.14414381
vn 0.29628087 -0.91191516 0.28395137
vn 0.20572839 -0.96794002 0.14411090
vn 0.19935158 -0.93788628 0.28395118
vn -0.05536288 -0.52686298 0.84814524
vn -0.06784450 -0.64569776 0.76057315
vn 0.00000000 -0.52978466 0.84813219
vn 0.00000000 -0.64926172 0.76056507
vn 0.05536143 -0.52684933 0.84815382
vn 0.06784450 -0.64569776 0.76057315
vn 0.11014540 -0.51819304 0.84814148
vn 0.13498600 -0.63507204 0.76056708
vn 0.16370679 -0.50384684 0.84813823
vn 0.20063129 -0.61748894 0.76056196
vn 0.21546790 -0.48397863 0.84813812
vn 0.26405628 -0.59311935 0.76058117
vn 0.26487947 -0.45880070 0.84813960
vn 0.32463556 -0.56225991 0.76057580
vn 0.31139266 -0.42858819 0.84814313
vn 0.38161256 -0.52526642 0.76057021
vn 0.35448472 -0.39370204 0.84813872
vn 0.43444318 -0.48248043 0.76057331
vn 0.39370231 -0.35448445 0.84813871
vn 0.48248067 -0.43444294 0.76057329
vn 0.42857737 -0.31138430 0.84815167
vn 0.52526666 -0.38161233 0.76057016
vn 0.45880101 -0.26487923 0.84813951
vn 0.56226015 -0.32463532 0.76057573
vn 0.48396637 -0.21546201 0.84814661
vn 0.59311959 -0.26405604 0.76058106
vn 0.50384711 -0.16370652 0.84813812
vn 0.61748917 -0.20063105 0.76056183
vn 0.51819331 -0.11014513 0.84814135
vn 0.63507228 -0.13498576 0.76056692
vn 0.52684959 -0.05536117 0.84815367
vn 0.64569800 -0.06784426 0.76057297
vn 0.52978493 0.00000027 0.84813203
vn 0.64926196 0.00000024 0.76056486
vn 0.52684959 0.05536170 0.84815364
vn 0.64569800 0.06784474 0.76057293
vn 0.51819331 0.11014566 0.84814128
vn 0.63507228 0.13498624 0.76056684
vn 0.50384711 0.16370706 0.84813802
vn 0.61748917 0.20063153 0.76056171
vn 0.48397889 0.21546816 0.84813790
vn 0.59311959 0.26405652 0.76058090
vn 0.45880101 0.26487977 0.84813934
vn 0.56228099 0.32463018 0.76056251
vn 0.42857737 0.31138484 0.84815147
vn 0.52526666 0.38161280 0.76056992
vn 0.39370231 0.35448498 0.84813848
vn 0.48250408 0.43443702 0.76056183
vn 0.35448472 0.39370258 0.84813847
vn 0.43444318 0.48248091 0.76057301
vn 0.31138457 0.42857763 0.84815144
vn 0.38161256 0.52526690 0.76056988
vn 0.26487947 0.45880123 0.84813931
vn 0.32463556 0.56226039 0.76057545
vn 0.21546790 0.48397916 0.84813782
vn 0.26405628 0.59311983 0.76058079
vn 0.16370679 0.50384737 0.84813791
vn 0.20063129 0.61748941 0.76056158
vn 0.11014540 0.51819357 0.84814115
vn 0.13498600 0.63507252 0.76056668
vn 0.05536288 0.52686351 0.84814491
vn 0.06784450 0.64569824 0.76057275
vn 0.02774167 0.52956482 0.84781572
vn 0.03399841 0.64890108 0.76011282
vn -0.02774167 0.52956482 0.84781572
vn -0.03399841 0.64890108 0.76011282
vn -0.05536143 0.52684986 0.84815349
vn -0.06784450 0.64569824 0.76057275
vn -0.11014540 0.51819357 0.84814115
vn -0.13498600 0.63507252 0.76056668
vn -0.16370679 0.50384737 0.84813791
vn -0.20063129 0.61748941 0.76056158
vn -0.21546790 0.48397916 0.84813782
vn -0.26405628 0.59311983 0.76058079
vn -0.26487947 0.45880123 0.84813931
vn -0.32463556 0.56226039 0.76057545
vn -0.31139266 0.42858872 0.84814286
vn -0.38161256 0.52526690 0.76056988
vn -0.35448472 0.39370258 0.84813847
vn -0.43444318 0.48248091 0.76057301
vn -0.39370231 0.35448498 0.84813848
vn -0.48248067 0.43444342 0.76057302
vn -0.42857737 0.31138484 0.84815147
vn -0.52526666 0.38161280 0.76056992
vn -0.45880101 0.26487977 0.84813934
vn -0.56226015 0.32463580 0.76057552
vn -0.48396637 0.21546254 0.84814648
vn -0.59311959 0.26405652 0.76058090
vn -0.50384711 0.16370706 0.84813802
vn -0.61748917 0.20063153 0.76056171
vn -0.51819331 0.11014566 0.84814128
vn -0.63507228 0.13498624 0.76056684
vn -0.52684959 0.05536170 0.84815364
vn -0.64569800 0.06784474 0.76057293
vn -0.52978493 0.00000027 0.84813203
vn -0.64926196 0.00000024 0.76056486
vn -0.52684959 -0.05536117 0.84815367
vn -0.64569800 -0.06784426 0.76057297
vn -0.51819331 -0.11014513 0.84814135
vn -0.63507228 -0.13498576 0.76056692
vn -0.50384711 -0.16370652 0.84813812
vn -0.61748917 -0.20063105 0.76056183
vn -0.48397889 -0.21546763 0.84813804
vn -0.59311959 -0.26405604 0.76058106
vn -0.45880101 -0.26487923 0.84813951
vn -0.56228099 -0.32462971 0.76056271
vn -0.42857737 -0.31138430 0.84815167
vn -0.52526666 -0.38161233 0.76057016
vn -0.39370231 -0.35448445 0.84813871
vn -0.48250408 -0.43443654 0.76056210
vn -0.35448472 -0.39370204 0.84813872
vn -0.43444318 -0.48248043 0.76057331
vn -0.31138457 -0.42857710 0.84815171
vn -0.38161256 -0.52526642 0.76057021
vn -0.26487947 -0.45880070 0.84813960
vn -0.32463556 -0.56225991 0.76057580
vn -0.21546790 -0.48397863 0.84813812
vn -0.26405628 -0.59311935 0.76058117
vn -0.16370679 -0.50384684 0.84813823
vn -0.20063129 -0.61748894 0.76056196
vn -0.11014540 -0.51819304 0.84814148
vn -0.13498600 -0.63507204 0.76056708
vn 0.04388660 0.83787432 0.54409613
vn 0.08765136 0.83409239 0.54461649
vn 0.17435708 0.82036039 0.54461770
vn 0.25917279 0.79763116 0.54462280
vn 0.34111268 0.76618373 0.54461421
vn 0.41933684 0.72630141 0.54464932
vn 0.49294592 0.67850269 0.54464523
vn 0.56118887 0.62326537 0.54461668
vn 0.62326520 0.56118904 0.54461670
vn 0.67850252 0.49294609 0.54464529
vn 0.72630124 0.41933701 0.54464941
vn 0.76618356 0.34111285 0.54461434
vn 0.79763099 0.25917296 0.54462297
vn 0.82034664 0.17435426 0.54463931
vn 0.83409222 0.08765153 0.54461673
vn 0.83866666 0.00000017 0.54464506
vn 0.83409222 -0.08765119 0.54461678
vn 0.82036022 -0.17435691 0.54461801
vn 0.79761766 -0.25916829 0.54464471
vn 0.76618356 -0.34111251 0.54461456
vn 0.72630124 -0.41933667 0.54464968
vn 0.67850252 -0.49294575 0.54464560
vn 0.62326520 -0.56118870 0.54461705
vn 0.56118887 -0.62326503 0.54461707
vn 0.49294592 -0.67850234 0.54464565
vn 0.41933684 -0.72630107 0.54464977
vn 0.34111268 -0.76618338 0.54461469
vn 0.25916852 -0.79761755 0.54464476
vn 0.17435708 -0.82036005 0.54461821
vn 0.08765136 -0.83409205 0.54461702
vn 0.00000000 -0.83866649 0.54464532
vn -0.08765136 -0.83409205 0.54461702
vn -0.17435708 -0.82036005 0.54461821
vn -0.25917279 -0.79763082 0.54462330
vn -0.34111268 -0.76618338 0.54461469
vn -0.41933684 -0.72630107 0.54464977
vn -0.49294592 -0.67850234 0.54464565
vn -0.56118887 -0.62326503 0.54461707
vn -0.62326520 -0.56118870 0.54461705
vn -0.67850252 -0.49294575 0.54464560
vn -0.72630124 -0.41933667 0.54464968
vn -0.76618356 -0.34111251 0.54461456
vn -0.79763099 -0.25917261 0.54462313
vn -0.82034664 -0.17435392 0.54463942
vn -0.83409222 -0.08765119 0.54461678
vn -0.83866666 0.00000017 0.54464506
vn -0.83409222 0.08765153 0.54461673
vn -0.82036022 0.17435725 0.54461790
vn -0.79761766 0.25916863 0.54464454
vn -0.76618356 0.34111285 0.54461434
vn -0.72630124 0.41933701 0.54464941
vn -0.67850252 0.49294609 0.54464529
vn -0.62326520 0.56118904 0.54461670
vn -0.56118887 0.62326537 0.54461668
vn -0.49294592 0.67850269 0.54464523
vn -0.41933684 0.72630141 0.54464932
vn -0.34111268 0.76618373 0.54461421
vn -0.25916852 0.79761790 0.54464426
vn -0.17435708 0.82036039 0.54461770
vn -0.08765136 0.83409239 0.54461649
vn -0.04388660 0.83787432 0.54409613
vn -0.15641078 0.98769209 -0.00000031
vn 0.15641078 0.98769209 -0.00000031
vn -0.11194548 0.99371435 -0.00000031
vn 0.11194548 0.99371435 -0.00000031
vn 0.22251399 0.97492950 -0.00000031
vn 0.33027430 0.94388500 -0.00000030
vn 0.53203837 0.84672024 -0.00000027
vn 0.62347726 0.78184149 -0.00000025
vn 0.70710678 0.70710678 -0.00000022
vn 0.78184149 0.62347726 -0.00000020
vn 0.84672024 0.53203837 -0.00000017
vn 0.90096944 0.43388256 -0.00000014
vn 0.94388500 0.33027430 -0.00000010
vn 0.99371435 0.11194548 -0.00000004
vn 0.99371435 -0.11194548 0.00000004
vn 0.97492950 -0.22251399 0.00000007
vn 0.94388500 -0.33027430 0.00000010
vn 0.90096944 -0.43388256 0.00000014
vn 0.84672024 -0.53203837 0.00000017
vn 0.70710678 -0.70710678 0.00000022
vn 0.62347726 -0.78184149 0.00000025
vn 0.53203837 -0.84672024 0.00000027
vn 0.43388256 -0.90096944 0.00000028
vn 0.33027430 -0.94388500 0.00000030
vn 0.22251399 -0.97492950 0.00000031
vn 0.11194548 -0.99371435 0.00000031
vn 0.05606329 -0.99842722 0.00000031
vn -0.05606329 -0.99842722 0.00000031
vn -0.11194548 -0.99371435 0.00000031
vn -0.22251399 -0.97492950 0.00000031
vn -0.33027430 -0.94388500 0.00000030
vn -0.43388256 -0.90096944 0.00000028
vn -0.53203837 -0.84672024 0.00000027
vn -0.62347726 -0.78184149 0.00000025
vn -0.70710678 -0.70710678 0.00000022
vn -0.84672024 -0.53203837 0.00000017
vn -0.90096944 -0.43388256 0.00000014
vn -0.94388500 -0.33027430 0.00000010
vn -0.97492950 -0.22251399 0.00000007
vn -0.99371435 -0.11194548 0.00000004
vn -0.99371435 0.11194548 -0.00000004
vn -0.94388500 0.33027430 -0.00000010
vn -0.90096944 0.43388256 -0.00000014
vn -0.84672024 0.53203837 -0.00000017
vn -0.78184149 0.62347726 -0.00000020
vn -0.70710678 0.70710678 -0.00000022
vn -0.62347726 0.78184149 -0.00000025
vn -0.53203837 0.84672024 -0.00000027
vn -0.33027430 0.94388500 -0.00000030
vn -0.22251399 0.97492950 -0.00000031
f 2/1/1 70/2/1 1/3/2
f 1/4/2 70/5/1 72/6/2
f 71/7/3 36/8/3 35/9/4
f 35/10/4 36/11/3 37/12/4
f 35/13/4 37/14/4 34/15/5
f 34/16/5 37/17/4 38/18/5
f 34/19/5 38/20/5 33/21/6
f 33/22/6 38/23/5 39/24/6
f 33/25/6 39/26/6 32/27/7
f 32/28/7 39/29/6 40/30/7
f 32/31/7 40/32/7 31/33/8
f 31/34/8 40/35/7 41/36/8
f 31/37/8 41/38/8 30/39/9
f 30/40/9 41/41/8 42/42/9
f 30/43/9 42/44/9 29/45/10
f 29/46/10 42/47/9 43/48/11
f 29/49/10 43/50/11 28/51/12
f 28/52/12 43/53/11 44/54/12
f 28/55/12 44/56/12 27/57/13
f 27/58/13 44/59/12 45/60/13
f 27/61/13 45/62/13 26/63/14
f 26/64/14 45/65/13 46/66/14
f 26/67/14 46/68/14 25/69/15
f 25/70/15 46/71/14 47/72/15
f 25/73/15 47/74/15 24/75/16
f 24/76/16 47/77/15 48/78/16
f 24/79/16 48/80/16 23/81/17
f 23/82/17 48/83/16 49/84/17
f 23/85/17 49/86/17 22/87/18
f 22/88/18 49/89/17 50/90/19
f 22/91/18 50/92/19 21/93/20
f 21/94/20 50/95/19 51/96/20
f 21/97/20 51/98/20 20/99/21
f 20/100/21 51/101/20 52/102/21
f 20/103/21 52/104/21 19/105/22
f 19/106/22 52/107/21 53/108/22
f 19/109/22 53/110/22 18/111/23
f 18/112/23 53/113/22 54/114/23
f 18/115/23 54/116/23 17/117/24
f 17/118/24 54/119/23 55/120/24
f 17/121/24 55/122/24 16/123/25
f 16/124/25 55/125/24 56/126/25
f 16/127/25 56/128/25 15/129/26
f 15/130/26 56/131/25 57/132/27
f 15/133/26 57/134/27 14/135/28
f 14/136/28 57/137/27 58/138/28
f 14/139/28 58/140/28 13/141/29
f 13/142/29 58/143/28 59/144/29
f 13/145/29 59/146/29 12/147/30
f 12/148/30 59/149/29 60/150/30
f 12/151/30 60/152/30 11/153/31
f 11/154/31 60/155/30 61/156/31
f 11/157/31 61/158/31 10/159/32
f 10/160/32 61/161/31 62/162/32
f 10/163/32 62/164/32 9/165/33
f 9/166/33 62/167/32 63/168/33
f 9/169/33 63/170/33 8/171/34
f 8/172/34 63/173/33 64/174/34
f 8/175/34 64/176/34 7/177/35
f 7/178/35 64/179/34 65/180/35
f 7/181/35 65/182/35 6/183/36
f 6/184/36 65/185/35 66/186/36
f 6/187/36 66/188/36 5/189/37
f 5/190/37 66/191/36 67/192/37
f 5/193/37 67/194/37 4/195/38
f 4/196/38 67/197/37 68/198/38
f 4/199/38 68/200/38 3/201/39
f 3/202/39 68/203/38 69/204/39
f 3/205/39 69/206/39 2/207/1
f 2/208/1 69/209/39 70/210/1
f 74/211/40 108/212/41 73/213/41
f 73/214/41 108/215/41 109/216/42
f 73/217/41 109/218/42 107/219/42
f 107/220/42 109/221/42 110/222/43
f 107/223/42 110/224/43 106/225/43
f 106/226/43 110/227/43 111/228/44
f 106/229/43 111/230/44 105/231/44
f 105/232/44 111/233/44 112/234/45
f 105/235/44 112/236/45 104/237/45
f 104/238/45 112/239/45 113/240/46
f 104/241/45 113/242/46 103/243/46
f 103/244/46 113/245/46 114/246/47
f 103/247/46 114/248/47 102/249/47
f 102/250/47 114/251/47 115/252/48
f 102/253/47 115/254/48 101/255/48
f 101/256/48 115/257/48 116/258/49
f 101/259/48 116/260/49 100/261/49
f 100/262/49 116/263/49 117/264/50
f 100/265/49 117/266/50 99/267/50
f 99/268/50 117/269/50 118/270/51
f 99/271/50 118/272/51 98/273/51
f 98/274/51 118/275/51 119/276/52
f 98/277/51 119/278/52 97/279/52
f 97/280/52 119/281/52 120/282/53
f 97/283/52 120/284/53 96/285/53
f 96/286/53 120/287/53 121/288/54
f 96/289/53 121/290/54 95/291/54
f 95/292/54 121/293/54 122/294/55
f 95/295/54 122/296/55 94/297/55
f 94/298/55 122/299/55 123/300/56
f 94/301/55 123/302/56 93/303/56
f 93/304/56 123/305/56 124/306/57
f 93/307/56 124/308/57 92/309/57
f 92/310/57 124/311/57 144/312/58
f 92/313/57 144/314/58 91/315/58
f 143/316/59 125/317/59 126/318/60
f 143/319/59 126/320/60 90/321/60
f 90/322/60 126/323/60 127/324/61
f 90/325/60 127/326/61 89/327/61
f 89/328/61 127/329/61 128/330/62
f 89/331/61 128/332/62 88/333/62
f 88/334/62 128/335/62 129/336/63
f 88/337/62 129/338/63 87/339/63
f 87/340/63 129/341/63 130/342/64
f 87/343/63 130/344/64 86/345/64
f 86/346/64 130/347/64 131/348/65
f 86/349/64 131/350/65 85/351/65
f 85/352/65 131/353/65 132/354/66
f 85/355/65 132/356/66 84/357/66
f 84/358/66 132/359/66 133/360/67
f 84/361/66 133/362/67 83/363/67
f 83/364/67 133/365/67 134/366/68
f 83/367/67 134/368/68 82/369/68
f 82/370/68 134/371/68 135/372/69
f 82/373/68 135/374/69 81/375/69
f 81/376/69 135/377/69 136/378/70
f 81/379/69 136/380/70 80/381/70
f 80/382/70 136/383/70 137/384/71
f 80/385/70 137/386/71 79/387/71
f 79/388/71 137/389/71 138/390/72
f 79/391/71 138/392/72 78/393/72
f 78/394/72 138/395/72 139/396/73
f 78/397/72 139/398/73 77/399/73
f 77/400/73 139/401/73 140/402/74
f 77/403/73 140/404/74 76/405/74
f 76/406/74 140/407/74 141/408/75
f 76/409/74 141/410/75 75/411/75
f 75/412/75 141/413/75 142/414/40
f 75/415/75 142/416/40 74/417/40
f 74/418/40 142/419/40 108/420/41
f 145/421/76 146/422/76 179/423/76
f 179/424/77 146/425/77 147/426/77
f 179/427/76 147/428/76 178/429/76
f 178/430/78 147/431/78 148/432/78
f 178/433/76 148/434/76 177/435/76
f 177/436/79 148/437/79 149/438/79
f 177/439/80 149/440/80 150/441/80
f 150/442/81 151/443/81 177/444/81
f 177/445/82 151/446/82 152/447/82
f 177/448/83 152/449/83 153/450/83
f 153/451/84 154/452/84 177/453/84
f 177/454/85 154/455/85 155/456/85
f 177/457/86 155/458/86 156/459/86
f 156/460/87 157/461/87 177/462/87
f 177/463/88 157/464/88 158/465/88
f 177/466/89 158/467/89 176/468/89
f 176/469/90 158/470/90 159/471/90
f 176/472/91 159/473/91 160/474/91
f 160/475/76 161/476/76 176/477/76
f 176/478/92 161/479/92 162/480/92
f 176/481/93 162/482/93 163/483/93
f 163/484/76 164/485/76 176/486/76
f 176/487/76 164/488/76 165/489/76
f 176/490/94 165/491/94 166/492/94
f 166/493/76 167/494/76 176/495/76
f 176/496/95 167/497/95 175/498/95
f 175/499/76 167/500/76 168/501/76
f 175/502/96 168/503/96 174/504/96
f 174/505/97 168/506/97 169/507/97
f 174/508/98 169/509/98 173/510/98
f 173/511/76 169/512/76 170/513/76
f 173/514/76 170/515/76 172/516/76
f 172/517/99 170/518/99 171/519/99
f 181/520/100 299/521/100 180/522/101
f 180/523/101 299/524/100 301/525/101
f 300/526/102 240/527/102 239/528/103
f 239/529/103 240/530/102 241/531/103
f 239/532/103 241/533/103 238/534/104
f 238/535/104 241/536/103 242/537/104
f 238/538/104 242/539/104 237/540/105
f 237/541/105 242/542/104 243/543/105
f 237/544/105 243/545/105 236/546/106
f 236/547/106 243/548/105 244/549/106
f 236/550/106 244/551/106 235/552/107
f 235/553/107 244/554/106 245/555/107
f 235/556/107 245/557/107 234/558/108
f 234/559/108 245/560/107 246/561/108
f 234/562/108 246/563/108 233/564/109
f 233/565/109 246/566/108 247/567/109
f 233/568/109 247/569/109 232/570/110
f 232/571/110 247/572/109 248/573/110
f 232/574/110 248/575/110 231/576/111
f 231/577/111 248/578/110 249/579/111
f 231/580/111 249/581/111 230/582/112
f 230/583/112 249/584/111 250/585/112
f 230/586/112 250/587/112 229/588/113
f 229/589/113 250/590/112 251/591/113
f 229/592/113 251/593/113 228/594/114
f 228/595/114 251/596/113 252/597/114
f 228/598/114 252/599/114 227/600/115
f 227/601/115 252/602/114 253/603/115
f 227/604/115 253/605/115 226/606/116
f 226/607/116 253/608/115 254/609/116
f 226/610/116 254/611/116 225/612/117
f 225/613/117 254/614/116 255/615/117
f 225/616/117 255/617/117 224/618/118
f 224/619/118 255/620/117 256/621/118
f 224/622/118 256/623/118 223/624/119
f 223/625/119 256/626/118 257/627/120
f 223/628/119 257/629/120 222/630/121
f 222/631/121 257/632/120 258/633/121
f 222/634/121 258/635/121 221/636/122
f 221/637/122 258/638/121 259/639/123
f 221/640/122 259/641/123 220/642/124
f 220/643/124 259/644/123 260/645/124
f 220/646/124 260/647/124 219/648/125
f 219/649/125 260/650/124 261/651/125
f 219/652/125 261/653/125 218/654/126
f 218/655/126 261/656/125 262/657/126
f 218/658/126 262/659/126 217/660/127
f 217/661/127 262/662/126 263/663/127
f 217/664/127 263/665/127 216/666/128
f 216/667/128 263/668/127 264/669/128
f 216/670/128 264/671/128 215/672/129
f 215/673/129 264/674/128 265/675/129
f 215/676/129 265/677/129 214/678/130
f 214/679/130 265/680/129 266/681/130
f 214/682/130 266/683/130 213/684/131
f 213/685/131 266/686/130 267/687/131
f 213/688/131 267/689/131 212/690/132
f 212/691/132 267/692/131 268/693/132
f 212/694/132 268/695/132 211/696/133
f 211/697/133 268/698/132 269/699/133
f 211/700/133 269/701/133 210/702/134
f 210/703/134 269/704/133 270/705/134
f 210/706/134 270/707/134 209/708/135
f 209/709/135 270/710/134 271/711/135
f 209/712/135 271/713/135 208/714/136
f 208/715/136 271/716/135 272/717/136
f 208/718/136 272/719/136 207/720/137
f 207/721/137 272/722/136 273/723/137
f 207/724/137 273/725/137 206/726/138
f 206/727/138 273/728/137 274/729/138
f 206/730/138 274/731/138 205/732/139
f 205/733/139 274/734/138 275/735/139
f 205/736/139 275/737/139 204/738/140
f 204/739/140 275/740/139 276/741/140
f 204/742/140 276/743/140 203/744/141
f 203/745/141 276/746/140 277/747/141
f 203/748/141 277/749/141 202/750/142
f 202/751/142 277/752/141 278/753/142
f 202/754/142 278/755/142 201/756/143
f 201/757/143 278/758/142 279/759/143
f 201/760/143 279/761/143 200/762/144
f 200/763/144 279/764/143 280/765/144
f 200/766/144 280/767/144 199/768/145
f 199/769/145 280/770/144 281/771/145
f 199/772/145 281/773/145 198/774/146
f 198/775/146 281/776/145 282/777/146
f 198/778/146 282/779/146 197/780/147
f 197/781/147 282/782/146 283/783/147
f 197/784/147 283/785/147 196/786/148
f 196/787/148 283/788/147 284/789/148
f 196/790/148 284/791/148 195/792/149
f 195/793/149 284/794/148 285/795/149
f 195/796/149 285/797/149 194/798/150
f 194/799/150 285/800/149 286/801/150
f 194/802/150 286/803/150 193/804/151
f 193/805/151 286/806/150 287/807/152
f 193/808/151 287/809/152 192/810/153
f 192/811/153 287/812/152 288/813/153
f 192/814/153 288/815/153 191/816/154
f 191/817/154 288/818/153 289/819/155
f 191/820/154 289/821/155 190/822/156
f 190/823/156 289/824/155 290/825/156
f 190/826/156 290/827/156 189/828/157
f 189/829/157 290/830/156 291/831/157
f 189/832/157 291/833/157 188/834/158
f 188/835/158 291/836/157 292/837/158
f 188/838/158 292/839/158 187/840/159
f 187/841/159 292/842/158 293/843/159
f 187/844/159 293/845/159 186/846/160
f 186/847/160 293/848/159 294/849/160
f 186/850/160 294/851/160 185/852/161
f 185/853/161 294/854/160 295/855/161
f 185/856/161 295/857/161 184/858/162
f 184/859/162 295/860/161 296/861/162
f 184/862/162 296/863/162 183/864/163
f 183/865/163 296/866/162 297/867/163
f 183/868/163 297/869/163 182/870/164
f 182/871/164 297/872/163 298/873/164
f 182/874/164 298/875/164 181/876/100
f 181/877/100 298/878/164 299/879/100
f 303/880/165 421/881/165 302/882/41
f 302/883/41 421/884/165 362/885/41
f 302/886/41 362/887/41 361/888/166
f 361/889/166 362/890/41 363/891/166
f 361/892/166 363/893/166 360/894/167
f 360/895/167 363/896/166 364/897/167
f 360/898/167 364/899/167 359/900/168
f 359/901/168 364/902/167 365/903/168
f 359/904/168 365/905/168 358/906/169
f 358/907/169 365/908/168 366/909/169
f 358/910/169 366/911/169 357/912/170
f 357/913/170 366/914/169 367/915/170
f 357/916/170 367/917/170 356/918/171
f 356/919/171 367/920/170 368/921/171
f 356/922/171 368/923/171 355/924/172
f 355/925/172 368/926/171 369/927/172
f 355/928/172 369/929/172 354/930/173
f 354/931/173 369/932/172 370/933/173
f 354/934/173 370/935/173 353/936/174
f 353/937/174 370/938/173 371/939/174
f 353/940/174 371/941/174 352/942/175
f 352/943/175 371/944/174 372/945/175
f 352/946/175 372/947/175 351/948/176
f 351/949/176 372/950/175 373/951/176
f 351/952/176 373/953/176 350/954/70
f 350/955/70 373/956/176 374/957/70
f 350/958/70 374/959/70 349/960/177
f 349/961/177 374/962/70 375/963/177
f 349/964/177 375/965/177 348/966/178
f 348/967/178 375/968/177 376/969/178
f 348/970/178 376/971/178 347/972/179
f 347/973/179 376/974/178 377/975/179
f 347/976/179 377/977/179 346/978/180
f 346/979/180 377/980/179 378/981/180
f 346/982/180 378/983/180 345/984/181
f 345/985/181 378/986/180 379/987/181
f 345/988/181 379/989/181 344/990/182
f 344/991/182 379/992/181 380/993/182
f 344/994/182 380/995/182 343/996/183
f 343/997/183 380/998/182 381/999/183
f 343/1000/183 381/1001/183 342/1002/184
f 342/1003/184 381/1004/183 382/1005/184
f 342/1006/184 382/1007/184 341/1008/185
f 341/1009/185 382/1010/184 383/1011/185
f 341/1012/185 383/1013/185 340/1014/186
f 340/1015/186 383/1016/185 384/1017/186
f 340/1018/186 384/1019/186 339/1020/187
f 339/1021/187 384/1022/186 385/1023/187
f 339/1024/187 385/1025/187 338/1026/63
f 338/1027/63 385/1028/187 386/1029/63
f 338/1030/63 386/1031/63 337/1032/188
f 337/1033/188 386/1034/63 387/1035/188
f 337/1036/188 387/1037/188 336/1038/189
f 336/1039/189 387/1040/188 388/1041/189
f 336/1042/189 388/1043/189 335/1044/190
f 335/1045/190 388/1046/189 389/1047/190
f 335/1048/190 389/1049/190 334/1050/191
f 334/1051/191 389/1052/190 390/1053/191
f 334/1054/191 390/1055/191 333/1056/192
f 333/1057/192 390/1058/191 391/1059/192
f 333/1060/192 391/1061/192 332/1062/193
f 332/1063/193 391/1064/192 422/1065/193
f 423/1066/194 392/1067/194 331/1068/195
f 331/1069/195 392/1070/194 393/1071/195
f 331/1072/195 393/1073/195 330/1074/196
f 330/1075/196 393/1076/195 394/1077/196
f 330/1078/196 394/1079/196 329/1080/197
f 329/1081/197 394/1082/196 395/1083/197
f 329/1084/197 395/1085/197 328/1086/198
f 328/1087/198 395/1088/197 396/1089/198
f 328/1090/198 396/1091/198 327/1092/199
f 327/1093/199 396/1094/198 397/1095/199
f 327/1096/199 397/1097/199 326/1098/55
f 326/1099/55 397/1100/199 398/1101/55
f 326/1102/55 398/1103/55 325/1104/200
f 325/1105/200 398/1106/55 399/1107/200
f 325/1108/200 399/1109/200 324/1110/201
f 324/1111/201 399/1112/200 400/1113/201
f 324/1114/201 400/1115/201 323/1116/202
f 323/1117/202 400/1118/201 401/1119/202
f 323/1120/202 401/1121/202 322/1122/203
f 322/1123/203 401/1124/202 402/1125/203
f 322/1126/203 402/1127/203 321/1128/204
f 321/1129/204 402/1130/203 403/1131/204
f 321/1132/204 403/1133/204 320/1134/205
f 320/1135/205 403/1136/204 404/1137/205
f 320/1138/205 404/1139/205 319/1140/206
f 319/1141/206 404/1142/205 405/1143/206
f 319/1144/206 405/1145/206 318/1146/207
f 318/1147/207 405/1148/206 406/1149/207
f 318/1150/207 406/1151/207 317/1152/208
f 317/1153/208 406/1154/207 407/1155/208
f 317/1156/208 407/1157/208 316/1158/209
f 316/1159/209 407/1160/208 408/1161/209
f 316/1162/209 408/1163/209 315/1164/210
f 315/1165/210 408/1166/209 409/1167/210
f 315/1168/210 409/1169/210 314/1170/48
f 314/1171/48 409/1172/210 410/1173/48
f 314/1174/48 410/1175/48 313/1176/211
f 313/1177/211 410/1178/48 411/1179/211
f 313/1180/211 411/1181/211 312/1182/212
f 312/1183/212 411/1184/211 412/1185/212
f 312/1186/212 412/1187/212 311/1188/213
f 311/1189/213 412/1190/212 413/1191/213
f 311/1192/213 413/1193/213 310/1194/214
f 310/1195/214 413/1196/213 414/1197/214
f 310/1198/214 414/1199/214 309/1200/215
f 309/1201/215 414/1202/214 415/1203/215
f 309/1204/215 415/1205/215 308/1206/216
f 308/1207/216 415/1208/215 416/1209/216
f 308/1210/216 416/1211/216 307/1212/217
f 307/1213/217 416/1214/216 417/1215/217
f 307/1216/217 417/1217/217 306/1218/218
f 306/1219/218 417/1220/217 418/1221/218
f 306/1222/218 418/1223/218 305/1224/219
f 305/1225/219 418/1226/218 419/1227/219
f 305/1228/219 419/1229/219 304/1230/220
f 304/1231/220 419/1232/219 420/1233/220
f 304/1234/220 420/1235/220 303/1236/165
f 303/1237/165 420/1238/220 421/1239/165
f 425/1240/221 539/1241/221 424/1242/221
f 424/1243/221 539/1244/221 480/1245/221
f 424/1246/221 480/1247/221 481/1248/221
f 539/1249/221 425/1250/221 538/1251/221
f 538/1252/221 425/1253/221 426/1254/221
f 538/1255/221 426/1256/221 537/1257/221
f 537/1258/221 426/1259/221 427/1260/221
f 537/1261/221 427/1262/221 536/1263/221
f 536/1264/221 427/1265/221 428/1266/221
f 536/1267/221 428/1268/221 535/1269/221
f 535/1270/222 428/1271/222 429/1272/222
f 535/1273/223 429/1274/223 534/1275/223
f 534/1276/221 429/1277/221 430/1278/221
f 534/1279/221 430/1280/221 533/1281/221
f 533/1282/224 430/1283/224 431/1284/224
f 533/1285/221 431/1286/221 532/1287/221
f 532/1288/225 431/1289/225 432/1290/225
f 532/1291/226 432/1292/226 531/1293/226
f 531/1294/227 432/1295/227 433/1296/227
f 531/1297/228 433/1298/228 530/1299/228
f 530/1300/229 433/1301/229 434/1302/229
f 530/1303/221 434/1304/221 529/1305/221
f 529/1306/230 434/1307/230 435/1308/230
f 529/1309/221 435/1310/221 528/1311/221
f 528/1312/231 435/1313/231 436/1314/231
f 528/1315/232 436/1316/232 527/1317/232
f 527/1318/233 436/1319/233 437/1320/233
f 527/1321/234 437/1322/234 526/1323/234
f 526/1324/235 437/1325/235 438/1326/235
f 526/1327/221 438/1328/221 525/1329/221
f 525/1330/221 438/1331/221 524/1332/221
f 524/1333/236 438/1334/236 439/1335/236
f 524/1336/237 439/1337/237 523/1338/237
f 523/1339/238 439/1340/238 440/1341/238
f 523/1342/239 440/1343/239 522/1344/239
f 522/1345/240 440/1346/240 441/1347/240
f 522/1348/241 441/1349/241 521/1350/241
f 521/1351/242 441/1352/242 442/1353/242
f 521/1354/243 442/1355/243 520/1356/243
f 520/1357/244 442/1358/244 443/1359/244
f 520/1360/245 443/1361/245 519/1362/245
f 519/1363/246 443/1364/246 444/1365/246
f 519/1366/247 444/1367/247 518/1368/247
f 518/1369/248 444/1370/248 445/1371/248
f 518/1372/249 445/1373/249 517/1374/249
f 517/1375/250 445/1376/250 446/1377/250
f 517/1378/251 446/1379/251 516/1380/251
f 516/1381/221 446/1382/221 447/1383/221
f 516/1384/252 447/1385/252 515/1386/252
f 515/1387/253 447/1388/253 448/1389/253
f 515/1390/254 448/1391/254 514/1392/254
f 514/1393/221 448/1394/221 449/1395/221
f 514/1396/255 449/1397/255 513/1398/255
f 513/1399/221 449/1400/221 450/1401/221
f 513/1402/256 450/1403/256 512/1404/256
f 512/1405/221 450/1406/221 451/1407/221
f 512/1408/257 451/1409/257 511/1410/257
f 511/1411/221 451/1412/221 452/1413/221
f 511/1414/221 452/1415/221 510/1416/221
f 510/1417/221 452/1418/221 509/1419/221
f 509/1420/221 452/1421/221 453/1422/221
f 509/1423/221 453/1424/221 508/1425/221
f 508/1426/221 453/1427/221 454/1428/221
f 508/1429/221 454/1430/221 507/1431/221
f 507/1432/221 454/1433/221 455/1434/221
f 507/1435/221 455/1436/221 506/1437/221
f 506/1438/221 455/1439/221 456/1440/221
f 506/1441/221 456/1442/221 505/1443/221
f 505/1444/253 456/1445/253 457/1446/253
f 505/1447/258 457/1448/258 504/1449/258
f 504/1450/221 457/1451/221 458/1452/221
f 504/1453/221 458/1454/221 503/1455/221
f 503/1456/250 458/1457/250 459/1458/250
f 503/1459/221 459/1460/221 502/1461/221
f 502/1462/248 459/1463/248 460/1464/248
f 502/1465/259 460/1466/259 501/1467/259
f 501/1468/246 460/1469/246 461/1470/246
f 501/1471/260 461/1472/260 500/1473/260
f 500/1474/244 461/1475/244 462/1476/244
f 500/1477/221 462/1478/221 499/1479/221
f 499/1480/242 462/1481/242 463/1482/242
f 499/1483/221 463/1484/221 498/1485/221
f 498/1486/240 463/1487/240 464/1488/240
f 498/1489/261 464/1490/261 497/1491/261
f 497/1492/238 464/1493/238 465/1494/238
f 497/1495/262 465/1496/262 496/1497/262
f 496/1498/236 465/1499/236 466/1500/236
f 496/1501/221 466/1502/221 495/1503/221
f 495/1504/221 466/1505/221 494/1506/221
f 494/1507/235 466/1508/235 467/1509/235
f 494/1510/263 467/1511/263 493/1512/263
f 493/1513/233 467/1514/233 468/1515/233
f 493/1516/264 468/1517/264 492/1518/264
f 492/1519/231 468/1520/231 469/1521/231
f 492/1522/265 469/1523/265 491/1524/265
f 491/1525/230 469/1526/230 470/1527/230
f 491/1528/266 470/1529/266 490/1530/266
f 490/1531/229 470/1532/229 471/1533/229
f 490/1534/267 471/1535/267 489/1536/267
f 489/1537/227 471/1538/227 472/1539/227
f 489/1540/268 472/1541/268 488/1542/268
f 488/1543/225 472/1544/225 473/1545/225
f 488/1546/269 473/1547/269 487/1548/269
f 487/1549/224 473/1550/224 474/1551/224
f 487/1552/270 474/1553/270 486/1554/270
f 486/1555/221 474/1556/221 475/1557/221
f 486/1558/271 475/1559/271 485/1560/271
f 485/1561/222 475/1562/222 476/1563/222
f 485/1564/272 476/1565/272 484/1566/272
f 484/1567/221 476/1568/221 477/1569/221
f 484/1570/273 477/1571/273 483/1572/273
f 483/1573/221 477/1574/221 478/1575/221
f 483/1576/274 478/1577/274 482/1578/274
f 482/1579/221 478/1580/221 479/1581/221
f 482/1582/275 479/1583/275 481/1584/275
f 481/1585/221 479/1586/221 424/1587/221
f 541/1588/276 542/1589/277 540/1590/278
f 540/1591/278 542/1592/277 543/1593/279
f 540/1594/278 543/1595/279 551/1596/280
f 551/1597/280 543/1598/279 544/1599/281
f 551/1600/280 544/1601/281 550/1602/282
f 550/1603/282 544/1604/281 545/1605/283
f 550/1606/282 545/1607/283 549/1608/284
f 549/1609/284 545/1610/283 546/1611/285
f 549/1612/284 546/1613/285 548/1614/286
f 548/1615/286 546/1616/285 547/1617/287
f 553/1618/288 554/1619/288 552/1620/288
f 552/1621/289 554/1622/289 563/1623/289
f 563/1624/290 554/1625/290 560/1626/290
f 563/1627/291 560/1628/291 561/1629/291
f 554/1630/292 555/1631/292 560/1632/292
f 560/1633/293 555/1634/293 559/1635/293
f 559/1636/294 555/1637/294 556/1638/294
f 559/1639/295 556/1640/295 557/1641/295
f 557/1642/296 558/1643/296 559/1644/296
f 561/1645/297 562/1646/297 563/1647/297
f 565/1648/298 573/1649/299 564/1650/300
f 564/1651/300 573/1652/299 574/1653/301
f 564/1654/300 574/1655/301 575/1656/302
f 573/1657/299 565/1658/298 572/1659/303
f 572/1660/303 565/1661/298 566/1662/304
f 572/1663/303 566/1664/304 571/1665/305
f 571/1666/305 566/1667/304 567/1668/306
f 571/1669/305 567/1670/306 570/1671/307
f 570/1672/307 567/1673/306 568/1674/308
f 570/1675/307 568/1676/308 569/1677/309
f 576/1678/310 577/1679/310 583/1680/311
f 583/1681/311 577/1682/310 578/1683/311
f 583/1684/311 578/1685/311 579/1686/312
f 580/1687/313 581/1688/313 579/1689/312
f 579/1690/312 581/1691/313 582/1692/312
f 579/1693/312 582/1694/312 583/1695/311
f 584/1696/314 585/1697/315 601/1698/314
f 601/1699/314 585/1700/315 600/1701/316
f 600/1702/316 585/1703/315 586/1704/317
f 600/1705/316 586/1706/317 599/1707/318
f 599/1708/318 586/1709/317 587/1710/319
f 599/1711/318 587/1712/319 598/1713/320
f 598/1714/320 587/1715/319 588/1716/321
f 598/1717/320 588/1718/321 597/1719/322
f 597/1720/322 588/1721/321 589/1722/323
f 597/1723/322 589/1724/323 596/1725/324
f 596/1726/324 589/1727/323 590/1728/325
f 596/1729/324 590/1730/325 595/1731/326
f 595/1732/326 590/1733/325 591/1734/327
f 595/1735/326 591/1736/327 594/1737/328
f 594/1738/328 591/1739/327 592/1740/329
f 594/1741/328 592/1742/329 593/1743/329
f 602/1744/330 603/1745/330 613/1746/330
f 613/1747/331 603/1748/331 604/1749/331
f 613/1750/332 604/1751/332 607/1752/332
f 607/1753/333 604/1754/333 606/1755/333
f 606/1756/334 604/1757/334 605/1758/334
f 613/1759/335 607/1760/335 612/1761/335
f 612/1762/336 607/1763/336 608/1764/336
f 612/1765/337 608/1766/337 611/1767/337
f 611/1768/338 608/1769/338 610/1770/338
f 610/1771/339 608/1772/339 609/1773/339
f 631/1774/340 614/1775/340 630/1776/341
f 630/1777/341 614/1778/340 615/1779/342
f 630/1780/341 615/1781/342 629/1782/343
f 629/1783/343 615/1784/342 616/1785/344
f 629/1786/343 616/1787/344 628/1788/345
f 628/1789/345 616/1790/344 617/1791/346
f 628/1792/345 617/1793/346 627/1794/347
f 627/1795/347 617/1796/346 618/1797/348
f 627/1798/347 618/1799/348 626/1800/349
f 626/1801/349 618/1802/348 619/1803/350
f 626/1804/349 619/1805/350 625/1806/351
f 625/1807/351 619/1808/350 620/1809/352
f 625/1810/351 620/1811/352 624/1812/353
f 624/1813/353 620/1814/352 621/1815/354
f 624/1816/353 621/1817/354 623/1818/355
f 623/1819/355 621/1820/354 622/1821/355
f 632/1822/356 633/1823/356 639/1824/357
f 639/1825/357 633/1826/356 634/1827/357
f 639/1828/357 634/1829/357 638/1830/358
f 638/1831/358 634/1832/357 635/1833/358
f 638/1834/358 635/1835/358 637/1836/359
f 637/1837/359 635/1838/358 636/1839/359
f 703/1840/360 640/1841/361 745/1842/362
f 745/1843/362 640/1844/361 641/1845/363
f 745/1846/362 641/1847/363 753/1848/364
f 753/1849/364 641/1850/363 642/1851/365
f 753/1852/364 642/1853/365 757/1854/366
f 757/1855/366 642/1856/365 643/1857/367
f 757/1858/366 643/1859/367 644/1860/368
f 757/1861/366 644/1862/368 761/1863/369
f 761/1864/369 644/1865/368 645/1866/370
f 761/1867/369 645/1868/370 646/1869/371
f 761/1870/369 646/1871/371 765/1872/372
f 765/1873/372 646/1874/371 647/1875/373
f 765/1876/372 647/1877/373 769/1878/374
f 769/1879/374 647/1880/373 648/1881/375
f 769/1882/374 648/1883/375 649/1884/376
f 769/1885/374 649/1886/376 773/1887/377
f 773/1888/377 649/1889/376 650/1890/378
f 773/1891/377 650/1892/378 777/1893/379
f 777/1894/379 650/1895/378 651/1896/380
f 777/1897/379 651/1898/380 652/1899/381
f 652/1900/381 887/1901/382 777/1902/379
f 777/1903/379 887/1904/382 739/1905/383
f 777/1906/379 739/1907/383 740/1908/384
f 741/1909/385 786/1910/386 783/1911/387
f 741/1912/385 783/1913/387 784/1914/388
f 784/1915/388 783/1916/387 789/1917/389
f 784/1918/388 789/1919/389 790/1920/390
f 790/1921/390 789/1922/389 794/1923/391
f 790/1924/390 794/1925/391 719/1926/392
f 719/1927/392 794/1928/391 718/1929/393
f 718/1930/393 794/1931/391 798/1932/394
f 718/1933/393 798/1934/394 717/1935/395
f 717/1936/395 798/1937/394 802/1938/396
f 717/1939/395 802/1940/396 716/1941/397
f 716/1942/397 802/1943/396 806/1944/398
f 716/1945/397 806/1946/398 715/1947/399
f 715/1948/399 806/1949/398 810/1950/400
f 715/1951/399 810/1952/400 714/1953/401
f 714/1954/401 810/1955/400 814/1956/402
f 714/1957/401 814/1958/402 713/1959/403
f 713/1960/403 814/1961/402 818/1962/404
f 713/1963/403 818/1964/404 712/1965/405
f 712/1966/405 818/1967/404 822/1968/406
f 712/1969/405 822/1970/406 711/1971/407
f 711/1972/407 822/1973/406 826/1974/408
f 711/1975/407 826/1976/408 710/1977/409
f 710/1978/409 826/1979/408 830/1980/410
f 710/1981/409 830/1982/410 709/1983/411
f 709/1984/411 830/1985/410 834/1986/412
f 709/1987/411 834/1988/412 708/1989/413
f 708/1990/413 834/1991/412 838/1992/414
f 708/1993/413 838/1994/414 707/1995/415
f 707/1996/415 838/1997/414 842/1998/416
f 707/1999/415 842/2000/416 706/2001/417
f 706/2002/417 842/2003/416 846/2004/418
f 706/2005/417 846/2006/418 705/2007/419
f 705/2008/419 846/2009/418 850/2010/420
f 705/2011/419 850/2012/420 704/2013/421
f 704/2014/421 850/2015/420 854/2016/422
f 704/2017/421 854/2018/422 858/2019/423
f 858/2020/423 854/2021/422 853/2022/424
f 858/2023/423 853/2024/424 857/2025/425
f 857/2026/425 853/2027/424 852/2028/426
f 857/2029/425 852/2030/426 856/2031/427
f 856/2032/427 852/2033/426 851/2034/428
f 851/2035/428 852/2036/426 847/2037/429
f 851/2038/428 847/2039/429 685/2040/430
f 685/2041/430 847/2042/429 684/2043/431
f 684/2044/431 847/2045/429 683/2046/432
f 683/2047/432 847/2048/429 682/2049/433
f 682/2050/433 847/2051/429 843/2052/434
f 682/2053/433 843/2054/434 681/2055/435
f 681/2056/435 843/2057/434 839/2058/436
f 681/2059/435 839/2060/436 680/2061/437
f 680/2062/437 839/2063/436 679/2064/438
f 679/2065/438 839/2066/436 835/2067/439
f 679/2068/438 835/2069/439 678/2070/440
f 678/2071/440 835/2072/439 831/2073/441
f 678/2074/440 831/2075/441 677/2076/442
f 677/2077/442 831/2078/441 676/2079/443
f 676/2080/443 831/2081/441 827/2082/444
f 676/2083/443 827/2084/444 675/2085/445
f 675/2086/445 827/2087/444 674/2088/446
f 674/2089/446 827/2090/444 823/2091/447
f 674/2092/446 823/2093/447 673/2094/448
f 673/2095/448 823/2096/447 819/2097/449
f 673/2098/448 819/2099/449 672/2100/450
f 672/2101/450 819/2102/449 671/2103/451
f 671/2104/451 819/2105/449 815/2106/452
f 671/2107/451 815/2108/452 670/2109/453
f 670/2110/453 815/2111/452 669/2112/454
f 669/2113/454 815/2114/452 811/2115/455
f 669/2116/454 811/2117/455 668/2118/456
f 668/2119/456 811/2120/455 667/2121/457
f 667/2122/457 811/2123/455 666/2124/458
f 666/2125/458 811/2126/455 807/2127/459
f 666/2128/458 807/2129/459 665/2130/460
f 665/2131/460 807/2132/459 803/2133/461
f 665/2134/460 803/2135/461 664/2136/462
f 664/2137/462 803/2138/461 663/2139/463
f 663/2140/463 803/2141/461 799/2142/464
f 663/2143/463 799/2144/464 662/2145/465
f 662/2146/465 799/2147/464 795/2148/466
f 662/2149/465 795/2150/466 661/2151/467
f 661/2152/467 795/2153/466 660/2154/468
f 660/2155/468 795/2156/466 791/2157/469
f 660/2158/468 791/2159/469 659/2160/470
f 659/2161/470 791/2162/469 658/2163/471
f 658/2164/471 791/2165/469 787/2166/472
f 658/2167/471 787/2168/472 657/2169/473
f 657/2170/473 787/2171/472 782/2172/474
f 657/2173/473 782/2174/474 656/2175/475
f 656/2176/475 782/2177/474 655/2178/476
f 655/2179/476 782/2180/474 786/2181/386
f 655/2182/476 786/2183/386 654/2184/477
f 654/2185/477 786/2186/386 653/2187/478
f 685/2188/430 686/2189/479 851/2190/428
f 851/2191/428 686/2192/479 687/2193/480
f 851/2194/428 687/2195/480 855/2196/481
f 855/2197/481 687/2198/480 688/2199/482
f 855/2200/481 688/2201/482 689/2202/483
f 855/2203/481 689/2204/483 859/2205/484
f 859/2206/484 689/2207/483 690/2208/485
f 859/2209/484 690/2210/485 863/2211/486
f 863/2212/486 690/2213/485 691/2214/487
f 863/2215/486 691/2216/487 692/2217/488
f 863/2218/486 692/2219/488 867/2220/489
f 867/2221/489 692/2222/488 693/2223/490
f 867/2224/489 693/2225/490 694/2226/491
f 867/2227/489 694/2228/491 871/2229/492
f 871/2230/492 694/2231/491 695/2232/493
f 871/2233/492 695/2234/493 875/2235/494
f 875/2236/494 695/2237/493 696/2238/495
f 875/2239/494 696/2240/495 697/2241/496
f 875/2242/494 697/2243/496 879/2244/497
f 879/2245/497 697/2246/496 698/2247/498
f 879/2248/497 698/2249/498 883/2250/499
f 883/2251/499 698/2252/498 699/2253/500
f 883/2254/499 699/2255/500 700/2256/501
f 700/2257/501 701/2258/502 883/2259/499
f 883/2260/499 701/2261/502 752/2262/503
f 883/2263/499 752/2264/503 751/2265/504
f 751/2266/504 752/2267/503 746/2268/505
f 751/2269/504 746/2270/505 747/2271/506
f 751/2272/504 747/2273/506 750/2274/507
f 750/2275/507 747/2276/506 748/2277/508
f 748/2278/508 747/2279/506 756/2280/509
f 748/2281/508 756/2282/509 729/2283/510
f 729/2284/510 756/2285/509 728/2286/511
f 728/2287/511 756/2288/509 760/2289/512
f 728/2290/511 760/2291/512 727/2292/513
f 727/2293/513 760/2294/512 764/2295/514
f 727/2296/513 764/2297/514 726/2298/515
f 726/2299/515 764/2300/514 768/2301/516
f 726/2302/515 768/2303/516 725/2304/517
f 725/2305/517 768/2306/516 772/2307/518
f 725/2308/517 772/2309/518 724/2310/519
f 724/2311/519 772/2312/518 776/2313/520
f 724/2314/519 776/2315/520 723/2316/521
f 723/2317/521 776/2318/520 780/2319/522
f 723/2320/521 780/2321/522 722/2322/523
f 722/2323/523 780/2324/522 781/2325/524
f 722/2326/523 781/2327/524 721/2328/525
f 888/2329/526 744/2330/527 785/2331/528
f 888/2332/526 785/2333/528 720/2334/529
f 720/2335/529 785/2336/528 790/2337/390
f 720/2338/529 790/2339/390 719/2340/392
f 701/2341/502 702/2342/530 752/2343/503
f 752/2344/503 702/2345/530 703/2346/360
f 752/2347/503 703/2348/360 745/2349/362
f 729/2350/510 730/2351/531 748/2352/508
f 748/2353/508 730/2354/531 749/2355/532
f 748/2356/508 749/2357/532 750/2358/507
f 750/2359/507 749/2360/532 885/2361/533
f 750/2362/507 885/2363/533 884/2364/534
f 750/2365/507 884/2366/534 751/2367/504
f 751/2368/504 884/2369/534 883/2370/499
f 883/2371/499 884/2372/534 879/2373/497
f 730/2374/531 731/2375/535 749/2376/532
f 749/2377/532 731/2378/535 886/2379/536
f 749/2380/532 886/2381/536 885/2382/533
f 885/2383/533 886/2384/536 881/2385/537
f 885/2386/533 881/2387/537 880/2388/538
f 885/2389/533 880/2390/538 884/2391/534
f 884/2392/534 880/2393/538 879/2394/497
f 879/2395/497 880/2396/538 875/2397/494
f 731/2398/535 732/2399/539 886/2400/536
f 886/2401/536 732/2402/539 882/2403/540
f 886/2404/536 882/2405/540 881/2406/537
f 881/2407/537 882/2408/540 877/2409/541
f 881/2410/537 877/2411/541 876/2412/542
f 881/2413/537 876/2414/542 880/2415/538
f 880/2416/538 876/2417/542 875/2418/494
f 875/2419/494 876/2420/542 871/2421/492
f 732/2422/539 733/2423/543 882/2424/540
f 882/2425/540 733/2426/543 878/2427/544
f 882/2428/540 878/2429/544 877/2430/541
f 877/2431/541 878/2432/544 873/2433/545
f 877/2434/541 873/2435/545 872/2436/546
f 877/2437/541 872/2438/546 876/2439/542
f 876/2440/542 872/2441/546 871/2442/492
f 871/2443/492 872/2444/546 867/2445/489
f 733/2446/543 734/2447/547 878/2448/544
f 878/2449/544 734/2450/547 874/2451/548
f 878/2452/544 874/2453/548 873/2454/545
f 873/2455/545 874/2456/548 869/2457/549
f 873/2458/545 869/2459/549 868/2460/550
f 873/2461/545 868/2462/550 872/2463/546
f 872/2464/546 868/2465/550 867/2466/489
f 867/2467/489 868/2468/550 863/2469/486
f 734/2470/547 735/2471/551 874/2472/548
f 874/2473/548 735/2474/551 870/2475/552
f 874/2476/548 870/2477/552 869/2478/549
f 869/2479/549 870/2480/552 865/2481/553
f 869/2482/549 865/2483/553 864/2484/554
f 869/2485/549 864/2486/554 868/2487/550
f 868/2488/550 864/2489/554 863/2490/486
f 863/2491/486 864/2492/554 859/2493/484
f 735/2494/551 736/2495/555 870/2496/552
f 870/2497/552 736/2498/555 866/2499/556
f 870/2500/552 866/2501/556 865/2502/553
f 865/2503/553 866/2504/556 861/2505/557
f 865/2506/553 861/2507/557 860/2508/558
f 865/2509/553 860/2510/558 864/2511/554
f 864/2512/554 860/2513/558 859/2514/484
f 859/2515/484 860/2516/558 855/2517/481
f 736/2518/555 737/2519/559 866/2520/556
f 866/2521/556 737/2522/559 862/2523/560
f 866/2524/556 862/2525/560 861/2526/557
f 861/2527/557 862/2528/560 857/2529/425
f 861/2530/557 857/2531/425 856/2532/427
f 861/2533/557 856/2534/427 860/2535/558
f 860/2536/558 856/2537/427 855/2538/481
f 855/2539/481 856/2540/427 851/2541/428
f 737/2542/559 738/2543/561 862/2544/560
f 862/2545/560 738/2546/561 858/2547/423
f 862/2548/560 858/2549/423 857/2550/425
f 738/2551/561 704/2552/421 858/2553/423
f 740/2554/384 742/2555/562 778/2556/563
f 778/2557/563 742/2558/562 779/2559/564
f 778/2560/563 779/2561/564 774/2562/565
f 774/2563/565 779/2564/564 775/2565/566
f 774/2566/565 775/2567/566 771/2568/567
f 774/2569/565 771/2570/567 770/2571/568
f 770/2572/568 771/2573/567 767/2574/569
f 770/2575/568 767/2576/569 766/2577/570
f 766/2578/570 767/2579/569 763/2580/571
f 766/2581/570 763/2582/571 762/2583/572
f 762/2584/572 763/2585/571 759/2586/573
f 762/2587/572 759/2588/573 758/2589/574
f 758/2590/574 759/2591/573 755/2592/575
f 758/2593/574 755/2594/575 754/2595/576
f 754/2596/576 755/2597/575 747/2598/506
f 754/2599/576 747/2600/506 746/2601/505
f 742/2602/562 781/2603/524 779/2604/564
f 779/2605/564 781/2606/524 780/2607/522
f 779/2608/564 780/2609/522 775/2610/566
f 775/2611/566 780/2612/522 776/2613/520
f 775/2614/566 776/2615/520 771/2616/567
f 771/2617/567 776/2618/520 772/2619/518
f 771/2620/567 772/2621/518 767/2622/569
f 767/2623/569 772/2624/518 768/2625/516
f 767/2626/569 768/2627/516 763/2628/571
f 763/2629/571 768/2630/516 764/2631/514
f 763/2632/571 764/2633/514 759/2634/573
f 759/2635/573 764/2636/514 760/2637/512
f 759/2638/573 760/2639/512 755/2640/575
f 755/2641/575 760/2642/512 756/2643/509
f 755/2644/575 756/2645/509 747/2646/506
f 741/2647/385 784/2648/388 743/2649/577
f 743/2650/577 784/2651/388 785/2652/528
f 743/2653/577 785/2654/528 744/2655/527
f 754/2656/576 746/2657/505 745/2658/362
f 745/2659/362 746/2660/505 752/2661/503
f 758/2662/574 754/2663/576 753/2664/364
f 753/2665/364 754/2666/576 745/2667/362
f 762/2668/572 758/2669/574 757/2670/366
f 757/2671/366 758/2672/574 753/2673/364
f 766/2674/570 762/2675/572 761/2676/369
f 761/2677/369 762/2678/572 757/2679/366
f 770/2680/568 766/2681/570 765/2682/372
f 765/2683/372 766/2684/570 761/2685/369
f 774/2686/565 770/2687/568 769/2688/374
f 769/2689/374 770/2690/568 765/2691/372
f 778/2692/563 774/2693/565 773/2694/377
f 773/2695/377 774/2696/565 769/2697/374
f 740/2698/384 778/2699/563 777/2700/379
f 777/2701/379 778/2702/563 773/2703/377
f 786/2704/386 782/2705/474 783/2706/387
f 783/2707/387 782/2708/474 788/2709/578
f 783/2710/387 788/2711/578 789/2712/389
f 789/2713/389 788/2714/578 792/2715/579
f 789/2716/389 792/2717/579 793/2718/580
f 793/2719/580 792/2720/579 796/2721/581
f 793/2722/580 796/2723/581 797/2724/582
f 797/2725/582 796/2726/581 800/2727/583
f 797/2728/582 800/2729/583 801/2730/584
f 801/2731/584 800/2732/583 804/2733/585
f 801/2734/584 804/2735/585 805/2736/586
f 805/2737/586 804/2738/585 808/2739/587
f 805/2740/586 808/2741/587 809/2742/588
f 809/2743/588 808/2744/587 812/2745/589
f 809/2746/588 812/2747/589 813/2748/590
f 813/2749/590 812/2750/589 816/2751/591
f 813/2752/590 816/2753/591 817/2754/592
f 817/2755/592 816/2756/591 820/2757/593
f 817/2758/592 820/2759/593 821/2760/594
f 821/2761/594 820/2762/593 824/2763/595
f 821/2764/594 824/2765/595 825/2766/596
f 825/2767/596 824/2768/595 828/2769/597
f 825/2770/596 828/2771/597 829/2772/598
f 829/2773/598 828/2774/597 832/2775/599
f 829/2776/598 832/2777/599 833/2778/600
f 833/2779/600 832/2780/599 836/2781/601
f 833/2782/600 836/2783/601 837/2784/602
f 837/2785/602 836/2786/601 840/2787/603
f 837/2788/602 840/2789/603 841/2790/604
f 841/2791/604 840/2792/603 844/2793/605
f 841/2794/604 844/2795/605 845/2796/606
f 845/2797/606 844/2798/605 848/2799/607
f 845/2800/606 848/2801/607 849/2802/608
f 849/2803/608 848/2804/607 852/2805/426
f 849/2806/608 852/2807/426 853/2808/424
f 790/2809/390 785/2810/528 784/2811/388
f 792/2812/579 788/2813/578 787/2814/472
f 787/2815/472 788/2816/578 782/2817/474
f 796/2818/581 792/2819/579 791/2820/469
f 791/2821/469 792/2822/579 787/2823/472
f 798/2824/394 794/2825/391 793/2826/580
f 793/2827/580 794/2828/391 789/2829/389
f 800/2830/583 796/2831/581 795/2832/466
f 795/2833/466 796/2834/581 791/2835/469
f 802/2836/396 798/2837/394 797/2838/582
f 797/2839/582 798/2840/394 793/2841/580
f 804/2842/585 800/2843/583 799/2844/464
f 799/2845/464 800/2846/583 795/2847/466
f 806/2848/398 802/2849/396 801/2850/584
f 801/2851/584 802/2852/396 797/2853/582
f 808/2854/587 804/2855/585 803/2856/461
f 803/2857/461 804/2858/585 799/2859/464
f 810/2860/400 806/2861/398 805/2862/586
f 805/2863/586 806/2864/398 801/2865/584
f 812/2866/589 808/2867/587 807/2868/459
f 807/2869/459 808/2870/587 803/2871/461
f 814/2872/402 810/2873/400 809/2874/588
f 809/2875/588 810/2876/400 805/2877/586
f 816/2878/591 812/2879/589 811/2880/455
f 811/2881/455 812/2882/589 807/2883/459
f 818/2884/404 814/2885/402 813/2886/590
f 813/2887/590 814/2888/402 809/2889/588
f 820/2890/593 816/2891/591 815/2892/452
f 815/2893/452 816/2894/591 811/2895/455
f 822/2896/406 818/2897/404 817/2898/592
f 817/2899/592 818/2900/404 813/2901/590
f 824/2902/595 820/2903/593 819/2904/449
f 819/2905/449 820/2906/593 815/2907/452
f 826/2908/408 822/2909/406 821/2910/594
f 821/2911/594 822/2912/406 817/2913/592
f 828/2914/597 824/2915/595 823/2916/447
f 823/2917/447 824/2918/595 819/2919/449
f 830/2920/410 826/2921/408 825/2922/596
f 825/2923/596 826/2924/408 821/2925/594
f 832/2926/599 828/2927/597 827/2928/444
f 827/2929/444 828/2930/597 823/2931/447
f 834/2932/412 830/2933/410 829/2934/598
f 829/2935/598 830/2936/410 825/2937/596
f 836/2938/601 832/2939/599 831/2940/441
f 831/2941/441 832/2942/599 827/2943/444
f 838/2944/414 834/2945/412 833/2946/600
f 833/2947/600 834/2948/412 829/2949/598
f 840/2950/603 836/2951/601 835/2952/439
f 835/2953/439 836/2954/601 831/2955/441
f 842/2956/416 838/2957/414 837/2958/602
f 837/2959/602 838/2960/414 833/2961/600
f 844/2962/605 840/2963/603 839/2964/436
f 839/2965/436 840/2966/603 835/2967/439
f 846/2968/418 842/2969/416 841/2970/604
f 841/2971/604 842/2972/416 837/2973/602
f 848/2974/607 844/2975/605 843/2976/434
f 843/2977/434 844/2978/605 839/2979/436
f 850/2980/420 846/2981/418 845/2982/606
f 845/2983/606 846/2984/418 841/2985/604
f 852/2986/426 848/2987/607 847/2988/429
f 847/2989/429 848/2990/607 843/2991/434
f 854/2992/422 850/2993/420 849/2994/608
f 849/2995/608 850/2996/420 845/2997/606
f 853/2998/424 854/2999/422 849/3000/608
f 890/3001/609 891/3002/609 889/3003/609
f 889/3004/610 891/3005/610 892/3006/610
f 889/3007/76 892/3008/76 894/3009/76
f 894/3010/611 892/3011/611 893/3012/611
f 895/3013/76 899/3014/76 894/3015/76
f 894/3016/612 899/3017/612 900/3018/612
f 894/3019/76 900/3020/76 889/3021/76
f 889/3022/613 900/3023/613 904/3024/613
f 904/3025/614 900/3026/614 903/3027/614
f 903/3028/615 900/3029/615 902/3030/615
f 902/3031/76 900/3032/76 901/3033/76
f 895/3034/616 896/3035/616 899/3036/616
f 899/3037/617 896/3038/617 897/3039/617
f 899/3040/76 897/3041/76 898/3042/76
f 905/3043/618 906/3044/619 916/3045/620
f 916/3046/620 906/3047/619 917/3048/621
f 916/3049/620 917/3050/621 915/3051/622
f 915/3052/622 917/3053/621 913/3054/623
f 915/3055/622 913/3056/623 914/3057/624
f 906/3058/619 907/3059/625 917/3060/621
f 917/3061/621 907/3062/625 909/3063/626
f 917/3064/621 909/3065/626 910/3066/627
f 907/3067/625 908/3068/628 909/3069/626
f 911/3070/629 912/3071/630 910/3072/627
f 910/3073/627 912/3074/630 917/3075/621
f 912/3076/630 913/3077/623 917/3078/621
f 919/3079/631 1104/3080/632 918/3081/633
f 918/3082/633 1104/3083/632 1105/3084/634
f 918/3085/633 1105/3086/634 973/3087/635
f 973/3088/635 1105/3089/634 1106/3090/636
f 973/3091/635 1106/3092/636 1107/3093/637
f 1104/3094/632 919/3095/631 1103/3096/638
f 1103/3097/638 919/3098/631 920/3099/639
f 1103/3100/638 920/3101/639 1102/3102/640
f 1102/3103/640 920/3104/639 1101/3105/641
f 1101/3106/641 920/3107/639 1100/3108/642
f 1100/3109/642 920/3110/639 1099/3111/643
f 1099/3112/643 920/3113/639 1098/3114/644
f 1098/3115/644 920/3116/639 921/3117/645
f 1098/3118/644 921/3119/645 1097/3120/646
f 1097/3121/646 921/3122/645 1096/3123/647
f 1096/3124/647 921/3125/645 1095/3126/648
f 1095/3127/648 921/3128/645 1094/3129/649
f 1094/3130/649 921/3131/645 1093/3132/650
f 1093/3133/650 921/3134/645 922/3135/651
f 1093/3136/650 922/3137/651 1092/3138/652
f 1092/3139/652 922/3140/651 1091/3141/653
f 1091/3142/653 922/3143/651 1090/3144/654
f 1090/3145/654 922/3146/651 1089/3147/655
f 1089/3148/655 922/3149/651 1088/3150/656
f 1088/3151/656 922/3152/651 923/3153/657
f 1088/3154/656 923/3155/657 1087/3156/658
f 1087/3157/658 923/3158/657 1086/3159/659
f 1086/3160/659 923/3161/657 1085/3162/660
f 1085/3163/660 923/3164/657 1084/3165/661
f 1084/3166/661 923/3167/657 1083/3168/662
f 1083/3169/662 923/3170/657 924/3171/663
f 1083/3172/662 924/3173/663 1082/3174/664
f 1082/3175/664 924/3176/663 1081/3177/665
f 1081/3178/665 924/3179/663 925/3180/666
f 1081/3181/665 925/3182/666 1080/3183/667
f 1080/3184/667 925/3185/666 926/3186/668
f 1080/3187/667 926/3188/668 1079/3189/669
f 1079/3190/669 926/3191/668 927/3192/670
f 1079/3193/669 927/3194/670 1078/3195/671
f 1078/3196/671 927/3197/670 1077/3198/672
f 1077/3199/672 927/3200/670 1076/3201/673
f 1076/3202/673 927/3203/670 1075/3204/674
f 1075/3205/674 927/3206/670 1074/3207/675
f 1074/3208/675 927/3209/670 928/3210/676
f 1074/3211/675 928/3212/676 1073/3213/677
f 1073/3214/677 928/3215/676 1072/3216/678
f 1072/3217/678 928/3218/676 1071/3219/679
f 1071/3220/679 928/3221/676 1070/3222/680
f 1070/3223/680 928/3224/676 1069/3225/681
f 1069/3226/681 928/3227/676 929/3228/682
f 1069/3229/681 929/3230/682 1068/3231/683
f 1068/3232/683 929/3233/682 1067/3234/684
f 1067/3235/684 929/3236/682 1066/3237/685
f 1066/3238/685 929/3239/682 1065/3240/686
f 1065/3241/686 929/3242/682 1064/3243/687
f 1064/3244/687 929/3245/682 930/3246/688
f 1064/3247/687 930/3248/688 1063/3249/689
f 1063/3250/689 930/3251/688 1062/3252/690
f 1062/3253/690 930/3254/688 1061/3255/691
f 1061/3256/691 930/3257/688 1060/3258/692
f 1060/3259/692 930/3260/688 1059/3261/693
f 1059/3262/693 930/3263/688 931/3264/694
f 1059/3265/693 931/3266/694 1058/3267/695
f 1058/3268/695 931/3269/694 1057/3270/696
f 1057/3271/696 931/3272/694 932/3273/697
f 1057/3274/696 932/3275/697 1056/3276/698
f 1056/3277/698 932/3278/697 933/3279/699
f 1056/3280/698 933/3281/699 1055/3282/700
f 1055/3283/700 933/3284/699 934/3285/701
f 1055/3286/700 934/3287/701 1054/3288/702
f 1054/3289/702 934/3290/701 1053/3291/703
f 1053/3292/703 934/3293/701 1052/3294/704
f 1052/3295/704 934/3296/701 1051/3297/705
f 1051/3298/705 934/3299/701 1050/3300/706
f 1050/3301/706 934/3302/701 935/3303/707
f 1050/3304/706 935/3305/707 1049/3306/708
f 1049/3307/708 935/3308/707 1048/3309/709
f 1048/3310/709 935/3311/707 1047/3312/710
f 1047/3313/710 935/3314/707 1046/3315/711
f 1046/3316/711 935/3317/707 1045/3318/712
f 1045/3319/712 935/3320/707 936/3321/713
f 1045/3322/712 936/3323/713 1044/3324/714
f 1044/3325/714 936/3326/713 1043/3327/715
f 1043/3328/715 936/3329/713 1042/3330/716
f 1042/3331/716 936/3332/713 1041/3333/717
f 1041/3334/717 936/3335/713 1040/3336/718
f 1040/3337/718 936/3338/713 937/3339/719
f 1040/3340/718 937/3341/719 1039/3342/720
f 1039/3343/720 937/3344/719 1038/3345/721
f 1038/3346/721 937/3347/719 1037/3348/722
f 1037/3349/722 937/3350/719 1036/3351/723
f 1036/3352/723 937/3353/719 1035/3354/724
f 1035/3355/724 937/3356/719 938/3357/725
f 1035/3358/724 938/3359/725 1034/3360/726
f 1034/3361/726 938/3362/725 1033/3363/727
f 1033/3364/727 938/3365/725 939/3366/728
f 1033/3367/727 939/3368/728 1032/3369/729
f 1032/3370/729 939/3371/728 940/3372/730
f 1032/3373/729 940/3374/730 1031/3375/731
f 1031/3376/731 940/3377/730 941/3378/732
f 1031/3379/731 941/3380/732 1030/3381/733
f 1030/3382/733 941/3383/732 1029/3384/734
f 1029/3385/734 941/3386/732 1028/3387/735
f 1028/3388/735 941/3389/732 1027/3390/736
f 1027/3391/736 941/3392/732 1026/3393/737
f 1026/3394/737 941/3395/732 942/3396/738
f 1026/3397/737 942/3398/738 1025/3399/739
f 1025/3400/739 942/3401/738 1024/3402/740
f 1024/3403/740 942/3404/738 1023/3405/741
f 1023/3406/741 942/3407/738 1022/3408/742
f 1022/3409/742 942/3410/738 1021/3411/743
f 1021/3412/743 942/3413/738 943/3414/744
f 1021/3415/743 943/3416/744 1020/3417/745
f 1020/3418/745 943/3419/744 1019/3420/746
f 1019/3421/746 943/3422/744 1018/3423/747
f 1018/3424/747 943/3425/744 1017/3426/748
f 1017/3427/748 943/3428/744 1016/3429/749
f 1016/3430/749 943/3431/744 944/3432/750
f 1016/3433/749 944/3434/750 1015/3435/751
f 1015/3436/751 944/3437/750 1014/3438/752
f 1014/3439/752 944/3440/750 1013/3441/753
f 1013/3442/753 944/3443/750 1012/3444/754
f 1012/3445/754 944/3446/750 1011/3447/755
f 1011/3448/755 944/3449/750 945/3450/756
f 1011/3451/755 945/3452/756 1010/3453/757
f 1010/3454/757 945/3455/756 1009/3456/758
f 1009/3457/758 945/3458/756 1166/3459/759
f 1009/3460/758 1166/3461/759 1008/3462/760
f 1167/3463/761 946/3464/762 947/3465/763
f 1167/3466/761 947/3467/763 1007/3468/764
f 1007/3469/764 947/3470/763 948/3471/765
f 1007/3472/764 948/3473/765 1006/3474/766
f 1006/3475/766 948/3476/765 1005/3477/767
f 1005/3478/767 948/3479/765 1004/3480/768
f 1004/3481/768 948/3482/765 1003/3483/769
f 1003/3484/769 948/3485/765 1002/3486/770
f 1002/3487/770 948/3488/765 949/3489/771
f 1002/3490/770 949/3491/771 1001/3492/772
f 1001/3493/772 949/3494/771 1000/3495/773
f 1000/3496/773 949/3497/771 999/3498/774
f 999/3499/774 949/3500/771 998/3501/775
f 998/3502/775 949/3503/771 997/3504/776
f 997/3505/776 949/3506/771 950/3507/777
f 997/3508/776 950/3509/777 996/3510/778
f 996/3511/778 950/3512/777 995/3513/779
f 995/3514/779 950/3515/777 994/3516/780
f 994/3517/780 950/3518/777 993/3519/781
f 993/3520/781 950/3521/777 992/3522/782
f 992/3523/782 950/3524/777 951/3525/783
f 992/3526/782 951/3527/783 991/3528/784
f 991/3529/784 951/3530/783 990/3531/785
f 990/3532/785 951/3533/783 989/3534/786
f 989/3535/786 951/3536/783 988/3537/787
f 988/3538/787 951/3539/783 987/3540/788
f 987/3541/788 951/3542/783 952/3543/789
f 987/3544/788 952/3545/789 986/3546/790
f 986/3547/790 952/3548/789 985/3549/791
f 985/3550/791 952/3551/789 953/3552/792
f 985/3553/791 953/3554/792 984/3555/793
f 984/3556/793 953/3557/792 954/3558/794
f 984/3559/793 954/3560/794 983/3561/795
f 983/3562/795 954/3563/794 955/3564/796
f 983/3565/795 955/3566/796 982/3567/797
f 982/3568/797 955/3569/796 981/3570/798
f 981/3571/798 955/3572/796 980/3573/799
f 980/3574/799 955/3575/796 979/3576/800
f 979/3577/800 955/3578/796 978/3579/801
f 978/3580/801 955/3581/796 956/3582/802
f 978/3583/801 956/3584/802 977/3585/803
f 977/3586/803 956/3587/802 976/3588/804
f 976/3589/804 956/3590/802 975/3591/805
f 975/3592/805 956/3593/802 974/3594/806
f 974/3595/806 956/3596/802 1165/3597/807
f 1165/3598/807 956/3599/802 957/3600/808
f 1165/3601/807 957/3602/808 1164/3603/809
f 1164/3604/809 957/3605/808 1163/3606/810
f 1163/3607/810 957/3608/808 1162/3609/811
f 1162/3610/811 957/3611/808 1161/3612/812
f 1161/3613/812 957/3614/808 1160/3615/813
f 1160/3616/813 957/3617/808 958/3618/814
f 1160/3619/813 958/3620/814 1159/3621/815
f 1159/3622/815 958/3623/814 1158/3624/816
f 1158/3625/816 958/3626/814 1157/3627/817
f 1157/3628/817 958/3629/814 1156/3630/818
f 1156/3631/818 958/3632/814 1155/3633/819
f 1155/3634/819 958/3635/814 959/3636/820
f 1155/3637/819 959/3638/820 1154/3639/821
f 1154/3640/821 959/3641/820 1153/3642/822
f 1153/3643/822 959/3644/820 960/3645/823
f 1153/3646/822 960/3647/823 1152/3648/824
f 1152/3649/824 960/3650/823 961/3651/825
f 1152/3652/824 961/3653/825 1151/3654/826
f 1151/3655/826 961/3656/825 962/3657/827
f 1151/3658/826 962/3659/827 1150/3660/828
f 1150/3661/828 962/3662/827 1149/3663/829
f 1149/3664/829 962/3665/827 1148/3666/830
f 1148/3667/830 962/3668/827 1147/3669/831
f 1147/3670/831 962/3671/827 1146/3672/832
f 1146/3673/832 962/3674/827 963/3675/833
f 1146/3676/832 963/3677/833 1145/3678/834
f 1145/3679/834 963/3680/833 1144/3681/835
f 1144/3682/835 963/3683/833 1143/3684/836
f 1143/3685/836 963/3686/833 1142/3687/837
f 1142/3688/837 963/3689/833 1141/3690/838
f 1141/3691/838 963/3692/833 964/3693/839
f 1141/3694/838 964/3695/839 1140/3696/840
f 1140/3697/840 964/3698/839 1139/3699/841
f 1139/3700/841 964/3701/839 1138/3702/842
f 1138/3703/842 964/3704/839 1137/3705/843
f 1137/3706/843 964/3707/839 1136/3708/844
f 1136/3709/844 964/3710/839 965/3711/845
f 1136/3712/844 965/3713/845 1135/3714/846
f 1135/3715/846 965/3716/845 1134/3717/847
f 1134/3718/847 965/3719/845 1133/3720/848
f 1133/3721/848 965/3722/845 1132/3723/849
f 1132/3724/849 965/3725/845 1131/3726/850
f 1131/3727/850 965/3728/845 966/3729/851
f 1131/3730/850 966/3731/851 1130/3732/852
f 1130/3733/852 966/3734/851 1129/3735/853
f 1129/3736/853 966/3737/851 967/3738/854
f 1129/3739/853 967/3740/854 1128/3741/855
f 1128/3742/855 967/3743/854 968/3744/856
f 1128/3745/855 968/3746/856 1127/3747/857
f 1127/3748/857 968/3749/856 969/3750/858
f 1127/3751/857 969/3752/858 1126/3753/859
f 1126/3754/859 969/3755/858 1125/3756/860
f 1125/3757/860 969/3758/858 1124/3759/861
f 1124/3760/861 969/3761/858 1123/3762/862
f 1123/3763/862 969/3764/858 1122/3765/863
f 1122/3766/863 969/3767/858 970/3768/864
f 1122/3769/863 970/3770/864 1121/3771/865
f 1121/3772/865 970/3773/864 1120/3774/866
f 1120/3775/866 970/3776/864 1119/3777/867
f 1119/3778/867 970/3779/864 1118/3780/868
f 1118/3781/868 970/3782/864 1117/3783/869
f 1117/3784/869 970/3785/864 971/3786/870
f 1117/3787/869 971/3788/870 1116/3789/871
f 1116/3790/871 971/3791/870 1115/3792/872
f 1115/3793/872 971/3794/870 1114/3795/873
f 1114/3796/873 971/3797/870 1113/3798/874
f 1113/3799/874 971/3800/870 1112/3801/875
f 1112/3802/875 971/3803/870 972/3804/876
f 1112/3805/875 972/3806/876 1111/3807/877
f 1111/3808/877 972/3809/876 1110/3810/878
f 1110/3811/878 972/3812/876 1109/3813/879
f 1109/3814/879 972/3815/876 1108/3816/880
f 1108/3817/880 972/3818/876 1107/3819/637
f 1107/3820/637 972/3821/876 973/3822/635
f 1168/3823/881 1169/3824/882 1179/3825/883
f 1179/3826/883 1169/3827/882 1180/3828/884
f 1179/3829/883 1180/3830/884 1178/3831/885
f 1178/3832/885 1180/3833/884 1176/3834/886
f 1178/3835/885 1176/3836/886 1177/3837/887
f 1169/3838/882 1170/3839/888 1180/3840/884
f 1180/3841/884 1170/3842/888 1172/3843/889
f 1180/3844/884 1172/3845/889 1173/3846/890
f 1170/3847/888 1171/3848/891 1172/3849/889
f 1174/3850/892 1175/3851/893 1173/3852/890
f 1173/3853/890 1175/3854/893 1180/3855/884
f 1175/3856/893 1176/3857/886 1180/3858/884
f 1181/3859/894 1182/3860/895 1192/3861/896
f 1192/3862/896 1182/3863/895 1193/3864/897
f 1192/3865/896 1193/3866/897 1191/3867/898
f 1191/3868/898 1193/3869/897 1189/3870/899
f 1191/3871/898 1189/3872/899 1190/3873/900
f 1182/3874/895 1183/3875/901 1193/3876/897
f 1193/3877/897 1183/3878/901 1185/3879/902
f 1193/3880/897 1185/3881/902 1186/3882/903
f 1183/3883/901 1184/3884/904 1185/3885/902
f 1187/3886/905 1188/3887/906 1186/3888/903
f 1186/3889/903 1188/3890/906 1193/3891/897
f 1188/3892/906 1189/3893/899 1193/3894/897
f 1195/3895/907 1196/3896/908 1194/3897/909
f 1194/3898/909 1196/3899/908 1197/3900/910
f 1194/3901/909 1197/3902/910 1205/3903/911
f 1205/3904/911 1197/3905/910 1198/3906/912
f 1205/3907/911 1198/3908/912 1204/3909/913
f 1204/3910/913 1198/3911/912 1199/3912/914
f 1204/3913/913 1199/3914/914 1203/3915/915
f 1203/3916/915 1199/3917/914 1200/3918/916
f 1203/3919/915 1200/3920/916 1202/3921/917
f 1202/3922/917 1200/3923/916 1201/3924/918
f 1207/3925/919 1208/3926/919 1206/3927/919
f 1206/3928/920 1208/3929/920 1217/3930/920
f 1217/3931/921 1208/3932/921 1214/3933/921
f 1217/3934/922 1214/3935/922 1215/3936/922
f 1208/3937/923 1209/3938/923 1214/3939/923
f 1214/3940/924 1209/3941/924 1213/3942/924
f 1213/3943/925 1209/3944/925 1210/3945/925
f 1213/3946/926 1210/3947/926 1211/3948/926
f 1211/3949/927 1212/3950/927 1213/3951/927
f 1215/3952/928 1216/3953/928 1217/3954/928
f 1219/3955/929 1227/3956/930 1218/3957/931
f 1218/3958/931 1227/3959/930 1228/3960/932
f 1218/3961/931 1228/3962/932 1229/3963/933
f 1227/3964/930 1219/3965/929 1226/3966/934
f 1226/3967/934 1219/3968/929 1220/3969/935
f 1226/3970/934 1220/3971/935 1225/3972/936
f 1225/3973/936 1220/3974/935 1221/3975/937
f 1225/3976/936 1221/3977/937 1224/3978/938
f 1224/3979/938 1221/3980/937 1222/3981/939
f 1224/3982/938 1222/3983/939 1223/3984/940
f 1230/3985/941 1231/3986/941 1237/3987/942
f 1237/3988/942 1231/3989/941 1232/3990/942
f 1237/3991/942 1232/3992/942 1233/3993/943
f 1234/3994/944 1235/3995/944 1233/3996/943
f 1233/3997/943 1235/3998/944 1236/3999/943
f 1233/4000/943 1236/4001/943 1237/4002/942
f 1238/4003/945 1239/4004/946 1255/4005/945
f 1255/4006/945 1239/4007/946 1254/4008/947
f 1254/4009/947 1239/4010/946 1240/4011/948
f 1254/4012/947 1240/4013/948 1253/4014/949
f 1253/4015/949 1240/4016/948 1241/4017/950
f 1253/4018/949 1241/4019/950 1252/4020/951
f 1252/4021/951 1241/4022/950 1242/4023/952
f 1252/4024/951 1242/4025/952 1251/4026/953
f 1251/4027/953 1242/4028/952 1243/4029/954
f 1251/4030/953 1243/4031/954 1250/4032/955
f 1250/4033/955 1243/4034/954 1244/4035/956
f 1250/4036/955 1244/4037/956 1249/4038/957
f 1249/4039/957 1244/4040/956 1245/4041/958
f 1249/4042/957 1245/4043/958 1248/4044/959
f 1248/4045/959 1245/4046/958 1246/4047/960
f 1248/4048/959 1246/4049/960 1247/4050/960
f 1256/4051/961 1257/4052/961 1267/4053/961
f 1267/4054/962 1257/4055/962 1258/4056/962
f 1267/4057/963 1258/4058/963 1261/4059/963
f 1261/4060/964 1258/4061/964 1260/4062/964
f 1260/4063/965 1258/4064/965 1259/4065/965
f 1267/4066/966 1261/4067/966 1266/4068/966
f 1266/4069/967 1261/4070/967 1262/4071/967
f 1266/4072/968 1262/4073/968 1265/4074/968
f 1265/4075/969 1262/4076/969 1264/4077/969
f 1264/4078/970 1262/4079/970 1263/4080/970
f 1285/4081/971 1268/4082/971 1284/4083/972
f 1284/4084/972 1268/4085/971 1269/4086/973
f 1284/4087/972 1269/4088/973 1283/4089/974
f 1283/4090/974 1269/4091/973 1270/4092/975
f 1283/4093/974 1270/4094/975 1282/4095/976
f 1282/4096/976 1270/4097/975 1271/4098/977
f 1282/4099/976 1271/4100/977 1281/4101/978
f 1281/4102/978 1271/4103/977 1272/4104/979
f 1281/4105/978 1272/4106/979 1280/4107/980
f 1280/4108/980 1272/4109/979 1273/4110/981
f 1280/4111/980 1273/4112/981 1279/4113/982
f 1279/4114/982 1273/4115/981 1274/4116/983
f 1279/4117/982 1274/4118/983 1278/4119/984
f 1278/4120/984 1274/4121/983 1275/4122/985
f 1278/4123/984 1275/4124/985 1277/4125/986
f 1277/4126/986 1275/4127/985 1276/4128/986
f 1286/4129/987 1287/4130/987 1293/4131/988
f 1293/4132/988 1287/4133/987 1288/4134/988
f 1293/4135/988 1288/4136/988 1292/4137/989
f 1292/4138/989 1288/4139/988 1289/4140/989
f 1292/4141/989 1289/4142/989 1291/4143/990
f 1291/4144/990 1289/4145/989 1290/4146/990
f 1295/4147/991 1296/4148/992 1294/4149/993
f 1294/4150/993 1296/4151/992 1505/4152/994
f 1294/4153/993 1505/4154/994 1506/4155/995
f 1296/4156/992 1297/4157/996 1505/4158/994
f 1505/4159/994 1297/4160/996 1504/4161/997
f 1504/4162/997 1297/4163/996 1299/4164/998
f 1504/4165/997 1299/4166/998 1300/4167/999
f 1297/4168/996 1298/4169/1000 1299/4170/998
f 1504/4171/997 1300/4172/999 1503/4173/1001
f 1503/4174/1001 1300/4175/999 1301/4176/1002
f 1503/4177/1001 1301/4178/1002 1302/4179/1003
f 1302/4180/1003 1303/4181/1004 1503/4182/1001
f 1503/4183/1001 1303/4184/1004 1304/4185/1005
f 1503/4186/1001 1304/4187/1005 1305/4188/1006
f 1305/4189/1006 1306/4190/1007 1503/4191/1001
f 1503/4192/1001 1306/4193/1007 1307/4194/1008
f 1503/4195/1001 1307/4196/1008 1502/4197/1009
f 1502/4198/1009 1307/4199/1008 1308/4200/1010
f 1502/4201/1009 1308/4202/1010 1501/4203/1011
f 1501/4204/1011 1308/4205/1010 1309/4206/1012
f 1501/4207/1011 1309/4208/1012 1500/4209/1013
f 1500/4210/1013 1309/4211/1012 1310/4212/1014
f 1500/4213/1013 1310/4214/1014 1499/4215/1015
f 1499/4216/1015 1310/4217/1014 1311/4218/1016
f 1499/4219/1015 1311/4220/1016 1312/4221/1017
f 1312/4222/1017 1313/4223/1018 1499/4224/1015
f 1499/4225/1015 1313/4226/1018 1314/4227/1019
f 1499/4228/1015 1314/4229/1019 1315/4230/1020
f 1499/4231/1015 1315/4232/1020 1498/4233/1021
f 1498/4234/1021 1315/4235/1020 1316/4236/1022
f 1498/4237/1021 1316/4238/1022 1317/4239/1023
f 1317/4240/1023 1318/4241/1024 1498/4242/1021
f 1498/4243/1021 1318/4244/1024 1319/4245/1025
f 1498/4246/1021 1319/4247/1025 1320/4248/1026
f 1498/4249/1021 1320/4250/1026 1497/4251/1027
f 1497/4252/1027 1320/4253/1026 1321/4254/1028
f 1497/4255/1027 1321/4256/1028 1323/4257/1029
f 1323/4258/1029 1321/4259/1028 1322/4260/1030
f 1497/4261/1027 1323/4262/1029 1496/4263/1031
f 1496/4264/1031 1323/4265/1029 1324/4266/1032
f 1496/4267/1033 1324/4268/1033 1325/4269/1033
f 1325/4270/1034 1326/4271/1034 1496/4272/1034
f 1496/4273/1031 1326/4274/1035 1327/4275/1036
f 1496/4276/1031 1327/4277/1036 1328/4278/1037
f 1496/4279/1031 1328/4280/1037 1495/4281/1038
f 1495/4282/1038 1328/4283/1037 1329/4284/1039
f 1495/4285/1038 1329/4286/1039 1330/4287/1040
f 1330/4288/1040 1331/4289/1041 1495/4290/1038
f 1495/4291/1038 1331/4292/1041 1494/4293/1042
f 1494/4294/1042 1331/4295/1041 1332/4296/1043
f 1494/4297/1042 1332/4298/1043 1333/4299/1044
f 1494/4300/1042 1333/4301/1044 1493/4302/1045
f 1493/4303/1045 1333/4304/1044 1334/4305/1046
f 1493/4306/1045 1334/4307/1046 1492/4308/1047
f 1492/4309/1047 1334/4310/1046 1335/4311/1048
f 1492/4312/1047 1335/4313/1048 1336/4314/1049
f 1336/4315/1049 1337/4316/1050 1492/4317/1047
f 1492/4318/1047 1337/4319/1050 1491/4320/1051
f 1491/4321/1051 1337/4322/1050 1338/4323/1052
f 1491/4324/1051 1338/4325/1052 1339/4326/1053
f 1339/4327/1053 1340/4328/1054 1491/4329/1051
f 1491/4330/1055 1340/4331/1055 1341/4332/1055
f 1491/4333/1051 1341/4334/1056 1342/4335/1057
f 1343/4336/1058 1344/4337/1059 1342/4338/1057
f 1342/4339/1057 1344/4340/1059 1490/4341/1060
f 1342/4342/1057 1490/4343/1060 1491/4344/1051
f 1344/4345/1059 1345/4346/1061 1490/4347/1060
f 1490/4348/1060 1345/4349/1061 1489/4350/1062
f 1489/4351/1062 1345/4352/1061 1346/4353/1063
f 1489/4354/1062 1346/4355/1063 1347/4356/1064
f 1347/4357/1064 1348/4358/1065 1489/4359/1062
f 1489/4360/1062 1348/4361/1065 1488/4362/1066
f 1488/4363/1066 1348/4364/1065 1349/4365/1067
f 1488/4366/1066 1349/4367/1067 1350/4368/1068
f 1350/4369/1068 1351/4370/1069 1488/4371/1066
f 1488/4372/1066 1351/4373/1069 1352/4374/1070
f 1488/4375/1066 1352/4376/1070 1353/4377/1071
f 1353/4378/1071 1354/4379/1072 1488/4380/1066
f 1488/4381/1066 1354/4382/1072 1355/4383/1073
f 1488/4384/1066 1355/4385/1073 1487/4386/1074
f 1487/4387/1074 1355/4388/1073 1356/4389/1075
f 1487/4390/1074 1356/4391/1075 1486/4392/1076
f 1486/4393/1076 1356/4394/1075 1357/4395/1077
f 1486/4396/1076 1357/4397/1077 1545/4398/1078
f 1545/4399/1078 1357/4400/1077 1358/4401/1079
f 1545/4402/1078 1358/4403/1079 1544/4404/1080
f 1544/4405/1080 1358/4406/1079 1359/4407/1081
f 1544/4408/1080 1359/4409/1081 1360/4410/1082
f 1360/4411/1082 1361/4412/1083 1544/4413/1080
f 1544/4414/1080 1361/4415/1083 1362/4416/1084
f 1544/4417/1080 1362/4418/1084 1363/4419/1085
f 1363/4420/1085 1364/4421/1086 1544/4422/1080
f 1544/4423/1080 1364/4424/1086 1365/4425/1087
f 1544/4426/1080 1365/4427/1087 1543/4428/1088
f 1543/4429/1088 1365/4430/1087 1366/4431/1089
f 1543/4432/1088 1366/4433/1089 1368/4434/1090
f 1368/4435/1090 1366/4436/1089 1367/4437/1091
f 1543/4438/1088 1368/4439/1090 1542/4440/1092
f 1542/4441/1092 1368/4442/1090 1369/4443/1093
f 1542/4444/1092 1369/4445/1093 1371/4446/1094
f 1371/4447/1094 1369/4448/1093 1370/4449/1095
f 1542/4450/1092 1371/4451/1094 1541/4452/1096
f 1541/4453/1096 1371/4454/1094 1372/4455/1097
f 1541/4456/1098 1372/4457/1098 1373/4458/1098
f 1373/4459/1099 1374/4460/1099 1541/4461/1099
f 1541/4462/1096 1374/4463/1100 1375/4464/1101
f 1541/4465/1096 1375/4466/1101 1376/4467/1102
f 1376/4468/1102 1377/4469/1103 1541/4470/1096
f 1541/4471/1096 1377/4472/1103 1540/4473/1104
f 1540/4474/1104 1377/4475/1103 1378/4476/1105
f 1540/4477/1104 1378/4478/1105 1379/4479/1106
f 1540/4480/1104 1379/4481/1106 1539/4482/1107
f 1539/4483/1107 1379/4484/1106 1380/4485/1108
f 1539/4486/1107 1380/4487/1108 1381/4488/1109
f 1539/4489/1107 1381/4490/1109 1538/4491/1110
f 1538/4492/1110 1381/4493/1109 1382/4494/1111
f 1538/4495/1110 1382/4496/1111 1537/4497/1112
f 1537/4498/1112 1382/4499/1111 1383/4500/1113
f 1537/4501/1112 1383/4502/1113 1384/4503/1114
f 1384/4504/1114 1385/4505/1115 1537/4506/1112
f 1537/4507/1112 1385/4508/1115 1536/4509/1116
f 1536/4510/1116 1385/4511/1115 1386/4512/1117
f 1536/4513/1116 1386/4514/1117 1387/4515/1118
f 1387/4516/1118 1388/4517/1119 1536/4518/1116
f 1536/4519/1120 1388/4520/1120 1389/4521/1120
f 1536/4522/1116 1389/4523/1121 1390/4524/1122
f 1391/4525/1123 1392/4526/1124 1390/4527/1122
f 1390/4528/1122 1392/4529/1124 1535/4530/1125
f 1390/4531/1122 1535/4532/1125 1536/4533/1116
f 1392/4534/1124 1393/4535/1126 1535/4536/1125
f 1535/4537/1125 1393/4538/1126 1534/4539/1127
f 1534/4540/1127 1393/4541/1126 1394/4542/1128
f 1534/4543/1127 1394/4544/1128 1395/4545/1129
f 1395/4546/1129 1396/4547/1130 1534/4548/1127
f 1534/4549/1127 1396/4550/1130 1397/4551/1131
f 1534/4552/1127 1397/4553/1131 1398/4554/1132
f 1534/4555/1127 1398/4556/1132 1533/4557/1133
f 1533/4558/1133 1398/4559/1132 1399/4560/1134
f 1533/4561/1133 1399/4562/1134 1400/4563/1135
f 1400/4564/1135 1401/4565/1136 1533/4566/1133
f 1533/4567/1133 1401/4568/1136 1402/4569/1137
f 1533/4570/1133 1402/4571/1137 1403/4572/1138
f 1533/4573/1133 1403/4574/1138 1532/4575/1139
f 1532/4576/1139 1403/4577/1138 1404/4578/1140
f 1532/4579/1139 1404/4580/1140 1531/4581/1141
f 1531/4582/1141 1404/4583/1140 1405/4584/1142
f 1531/4585/1141 1405/4586/1142 1530/4587/1143
f 1530/4588/1143 1405/4589/1142 1406/4590/1144
f 1530/4591/1143 1406/4592/1144 1529/4593/1145
f 1529/4594/1145 1406/4595/1144 1407/4596/1146
f 1529/4597/1145 1407/4598/1146 1408/4599/1147
f 1408/4600/1147 1409/4601/1148 1529/4602/1145
f 1529/4603/1145 1409/4604/1148 1410/4605/1149
f 1529/4606/1145 1410/4607/1149 1411/4608/1150
f 1411/4609/1150 1412/4610/1151 1529/4611/1145
f 1529/4612/1145 1412/4613/1151 1413/4614/1152
f 1529/4615/1145 1413/4616/1152 1528/4617/1153
f 1528/4618/1153 1413/4619/1152 1414/4620/1154
f 1528/4621/1153 1414/4622/1154 1416/4623/1155
f 1416/4624/1155 1414/4625/1154 1415/4626/1156
f 1528/4627/1153 1416/4628/1155 1527/4629/1157
f 1527/4630/1157 1416/4631/1155 1417/4632/1158
f 1527/4633/1157 1417/4634/1158 1419/4635/1159
f 1419/4636/1159 1417/4637/1158 1418/4638/1160
f 1527/4639/1157 1419/4640/1159 1526/4641/1161
f 1526/4642/1161 1419/4643/1159 1420/4644/1162
f 1526/4645/1163 1420/4646/1163 1421/4647/1163
f 1421/4648/1164 1422/4649/1164 1526/4650/1164
f 1526/4651/1161 1422/4652/1165 1423/4653/1166
f 1526/4654/1161 1423/4655/1166 1424/4656/1167
f 1424/4657/1167 1425/4658/1168 1526/4659/1161
f 1526/4660/1161 1425/4661/1168 1525/4662/1169
f 1525/4663/1169 1425/4664/1168 1426/4665/1170
f 1525/4666/1169 1426/4667/1170 1427/4668/1171
f 1525/4669/1169 1427/4670/1171 1524/4671/1172
f 1524/4672/1172 1427/4673/1171 1428/4674/1173
f 1524/4675/1172 1428/4676/1173 1429/4677/1174
f 1524/4678/1172 1429/4679/1174 1523/4680/1175
f 1523/4681/1175 1429/4682/1174 1430/4683/1176
f 1523/4684/1175 1430/4685/1176 1522/4686/1177
f 1522/4687/1177 1430/4688/1176 1431/4689/1178
f 1522/4690/1177 1431/4691/1178 1432/4692/1179
f 1432/4693/1179 1433/4694/1180 1522/4695/1177
f 1522/4696/1177 1433/4697/1180 1521/4698/1181
f 1521/4699/1181 1433/4700/1180 1434/4701/1182
f 1521/4702/1181 1434/4703/1182 1435/4704/1183
f 1435/4705/1183 1436/4706/1184 1521/4707/1181
f 1521/4708/1185 1436/4709/1185 1437/4710/1185
f 1521/4711/1181 1437/4712/1186 1438/4713/1187
f 1439/4714/1188 1440/4715/1189 1438/4716/1187
f 1438/4717/1187 1440/4718/1189 1520/4719/1190
f 1438/4720/1187 1520/4721/1190 1521/4722/1181
f 1440/4723/1189 1441/4724/1191 1520/4725/1190
f 1520/4726/1190 1441/4727/1191 1519/4728/1192
f 1519/4729/1192 1441/4730/1191 1442/4731/1193
f 1519/4732/1192 1442/4733/1193 1443/4734/1194
f 1443/4735/1194 1444/4736/1195 1519/4737/1192
f 1519/4738/1192 1444/4739/1195 1445/4740/1196
f 1519/4741/1192 1445/4742/1196 1446/4743/1197
f 1519/4744/1192 1446/4745/1197 1518/4746/1198
f 1518/4747/1198 1446/4748/1197 1447/4749/1199
f 1518/4750/1198 1447/4751/1199 1448/4752/1200
f 1448/4753/1200 1449/4754/1201 1518/4755/1198
f 1518/4756/1198 1449/4757/1201 1450/4758/1202
f 1518/4759/1198 1450/4760/1202 1451/4761/1203
f 1518/4762/1198 1451/4763/1203 1517/4764/1204
f 1517/4765/1204 1451/4766/1203 1546/4767/1205
f 1517/4768/1204 1546/4769/1205 1516/4770/1206
f 1547/4771/1207 1452/4772/1208 1453/4773/1209
f 1547/4774/1207 1453/4775/1209 1515/4776/1210
f 1515/4777/1210 1453/4778/1209 1454/4779/1211
f 1515/4780/1210 1454/4781/1211 1514/4782/1212
f 1514/4783/1212 1454/4784/1211 1455/4785/1213
f 1514/4786/1212 1455/4787/1213 1456/4788/1214
f 1456/4789/1214 1457/4790/1215 1514/4791/1212
f 1514/4792/1212 1457/4793/1215 1458/4794/1216
f 1514/4795/1212 1458/4796/1216 1459/4797/1217
f 1514/4798/1212 1459/4799/1217 1513/4800/1218
f 1513/4801/1218 1459/4802/1217 1460/4803/1219
f 1513/4804/1218 1460/4805/1219 1461/4806/1220
f 1461/4807/1220 1462/4808/1221 1513/4809/1218
f 1513/4810/1218 1462/4811/1221 1463/4812/1222
f 1513/4813/1218 1463/4814/1222 1464/4815/1223
f 1513/4816/1218 1464/4817/1223 1512/4818/1224
f 1512/4819/1224 1464/4820/1223 1465/4821/1225
f 1512/4822/1224 1465/4823/1225 1511/4824/1226
f 1511/4825/1226 1465/4826/1225 1467/4827/1227
f 1511/4828/1226 1467/4829/1227 1468/4830/1228
f 1465/4831/1225 1466/4832/1229 1467/4833/1227
f 1468/4834/1230 1469/4835/1230 1511/4836/1230
f 1511/4837/1226 1469/4838/1231 1470/4839/1232
f 1511/4840/1226 1470/4841/1232 1471/4842/1233
f 1471/4843/1233 1472/4844/1234 1511/4845/1226
f 1511/4846/1226 1472/4847/1234 1510/4848/1235
f 1510/4849/1235 1472/4850/1234 1473/4851/1236
f 1510/4852/1235 1473/4853/1236 1474/4854/1237
f 1474/4855/1237 1475/4856/1238 1510/4857/1235
f 1510/4858/1235 1475/4859/1238 1509/4860/1239
f 1509/4861/1239 1475/4862/1238 1476/4863/1240
f 1509/4864/1239 1476/4865/1240 1477/4866/1241
f 1509/4867/1239 1477/4868/1241 1508/4869/1242
f 1508/4870/1242 1477/4871/1241 1478/4872/1243
f 1508/4873/1242 1478/4874/1243 1507/4875/1244
f 1507/4876/1244 1478/4877/1243 1479/4878/1245
f 1507/4879/1244 1479/4880/1245 1480/4881/1246
f 1507/4882/1244 1480/4883/1246 1506/4884/995
f 1506/4885/995 1480/4886/1246 1481/4887/1247
f 1506/4888/995 1481/4889/1247 1482/4890/1248
f 1482/4891/1248 1483/4892/1249 1506/4893/995
f 1506/4894/995 1483/4895/1249 1484/4896/1250
f 1506/4897/1251 1484/4898/1251 1485/4899/1251
f 1485/4900/1252 1294/4901/993 1506/4902/995
f 1548/4903/1253 1549/4904/1254 1559/4905/1255
f 1559/4906/1255 1549/4907/1254 1560/4908/1256
f 1559/4909/1255 1560/4910/1256 1558/4911/1257
f 1558/4912/1257 1560/4913/1256 1556/4914/1258
f 1558/4915/1257 1556/4916/1258 1557/4917/1259
f 1549/4918/1254 1550/4919/1260 1560/4920/1256
f 1560/4921/1256 1550/4922/1260 1552/4923/1261
f 1560/4924/1256 1552/4925/1261 1553/4926/1262
f 1550/4927/1260 1551/4928/1263 1552/4929/1261
f 1554/4930/1264 1555/4931/1265 1553/4932/1262
f 1553/4933/1262 1555/4934/1265 1560/4935/1256
f 1555/4936/1265 1556/4937/1258 1560/4938/1256
f 1561/4939/76 1562/4940/76 1576/4941/76
f 1576/4942/1266 1562/4943/1266 1573/4944/1266
f 1576/4945/76 1573/4946/76 1575/4947/76
f 1575/4948/76 1573/4949/76 1574/4950/76
f 1563/4951/76 1567/4952/76 1562/4953/76
f 1562/4954/76 1567/4955/76 1568/4956/76
f 1562/4957/76 1568/4958/76 1573/4959/76
f 1573/4960/76 1568/4961/76 1572/4962/76
f 1572/4963/1267 1568/4964/1267 1571/4965/1267
f 1571/4966/76 1568/4967/76 1570/4968/76
f 1570/4969/76 1568/4970/76 1569/4971/76
f 1563/4972/1268 1564/4973/1268 1567/4974/1268
f 1567/4975/1269 1564/4976/1269 1565/4977/1269
f 1567/4978/76 1565/4979/76 1566/4980/76
f 1578/4981/221 1579/4982/221 1577/4983/221
f 1577/4984/1270 1579/4985/1270 1582/4986/1270
f 1577/4987/221 1582/4988/221 1583/4989/221
f 1579/4990/221 1580/4991/221 1582/4992/221
f 1582/4993/1271 1580/4994/1271 1581/4995/1271
f 1577/4996/1272 1583/4997/1272 1720/4998/1272
f 1720/4999/221 1583/5000/221 1584/5001/221
f 1720/5002/221 1584/5003/221 1719/5004/221
f 1719/5005/1273 1584/5006/1273 1585/5007/1273
f 1719/5008/1274 1585/5009/1274 1718/5010/1274
f 1718/5011/1275 1585/5012/1275 1586/5013/1275
f 1718/5014/221 1586/5015/221 1717/5016/221
f 1717/5017/221 1586/5018/221 1727/5019/221
f 1717/5020/1276 1727/5021/1276 1728/5022/1276
f 1586/5023/1277 1587/5024/1277 1727/5025/1277
f 1727/5026/1278 1587/5027/1278 1726/5028/1278
f 1726/5029/1279 1587/5030/1279 1588/5031/1279
f 1726/5032/221 1588/5033/221 1589/5034/221
f 1589/5035/221 1590/5036/221 1726/5037/221
f 1726/5038/221 1590/5039/221 1725/5040/221
f 1725/5041/1280 1590/5042/1280 1591/5043/1280
f 1725/5044/1281 1591/5045/1281 1604/5046/1281
f 1604/5047/221 1591/5048/221 1603/5049/221
f 1603/5050/1282 1591/5051/1282 1592/5052/1282
f 1603/5053/221 1592/5054/221 1602/5055/221
f 1602/5056/1283 1592/5057/1283 1593/5058/1283
f 1602/5059/221 1593/5060/221 1601/5061/221
f 1601/5062/221 1593/5063/221 1594/5064/221
f 1601/5065/1284 1594/5066/1284 1600/5067/1284
f 1600/5068/221 1594/5069/221 1595/5070/221
f 1600/5071/1285 1595/5072/1285 1598/5073/1285
f 1598/5074/221 1595/5075/221 1597/5076/221
f 1597/5077/221 1595/5078/221 1596/5079/221
f 1598/5080/221 1599/5081/221 1600/5082/221
f 1725/5083/221 1604/5084/221 1724/5085/221
f 1724/5086/221 1604/5087/221 1605/5088/221
f 1724/5089/1286 1605/5090/1286 1606/5091/1286
f 1606/5092/221 1607/5093/221 1724/5094/221
f 1724/5095/221 1607/5096/221 1723/5097/221
f 1723/5098/1287 1607/5099/1287 1608/5100/1287
f 1723/5101/1288 1608/5102/1288 1609/5103/1288
f 1610/5104/221 1622/5105/221 1609/5106/221
f 1609/5107/1289 1622/5108/1289 1722/5109/1289
f 1609/5110/1290 1722/5111/1290 1723/5112/1290
f 1622/5113/221 1610/5114/221 1621/5115/221
f 1621/5116/1291 1610/5117/1291 1611/5118/1291
f 1621/5119/221 1611/5120/221 1620/5121/221
f 1620/5122/221 1611/5123/221 1619/5124/221
f 1619/5125/1292 1611/5126/1292 1612/5127/1292
f 1619/5128/1293 1612/5129/1293 1618/5130/1293
f 1618/5131/1294 1612/5132/1294 1613/5133/1294
f 1618/5134/1295 1613/5135/1295 1616/5136/1295
f 1616/5137/1296 1613/5138/1296 1615/5139/1296
f 1615/5140/1297 1613/5141/1297 1614/5142/1297
f 1616/5143/1298 1617/5144/1298 1618/5145/1298
f 1622/5146/221 1623/5147/221 1722/5148/221
f 1722/5149/221 1623/5150/221 1721/5151/221
f 1721/5152/221 1623/5153/221 1624/5154/221
f 1721/5155/221 1624/5156/221 1625/5157/221
f 1625/5158/221 1626/5159/221 1721/5160/221
f 1721/5161/1299 1626/5162/1299 1740/5163/1299
f 1740/5164/221 1626/5165/221 1627/5166/221
f 1740/5167/221 1627/5168/221 1640/5169/221
f 1640/5170/221 1627/5171/221 1639/5172/221
f 1639/5173/221 1627/5174/221 1628/5175/221
f 1639/5176/1300 1628/5177/1300 1638/5178/1300
f 1638/5179/1301 1628/5180/1301 1629/5181/1301
f 1638/5182/1302 1629/5183/1302 1630/5184/1302
f 1638/5185/221 1630/5186/221 1637/5187/221
f 1637/5188/1303 1630/5189/1303 1631/5190/1303
f 1637/5191/1304 1631/5192/1304 1636/5193/1304
f 1636/5194/221 1631/5195/221 1633/5196/221
f 1636/5197/1296 1633/5198/1296 1634/5199/1296
f 1631/5200/1305 1632/5201/1305 1633/5202/1305
f 1634/5203/1297 1635/5204/1297 1636/5205/1297
f 1740/5206/221 1640/5207/221 1739/5208/221
f 1739/5209/1288 1640/5210/1288 1641/5211/1288
f 1739/5212/1287 1641/5213/1287 1642/5214/1287
f 1739/5215/221 1642/5216/221 1738/5217/221
f 1738/5218/1306 1642/5219/1306 1643/5220/1306
f 1738/5221/1286 1643/5222/1286 1644/5223/1286
f 1644/5224/221 1645/5225/221 1738/5226/221
f 1738/5227/221 1645/5228/221 1737/5229/221
f 1737/5230/1281 1645/5231/1281 1658/5232/1281
f 1737/5233/1280 1658/5234/1280 1659/5235/1280
f 1645/5236/221 1646/5237/221 1658/5238/221
f 1658/5239/1307 1646/5240/1307 1657/5241/1307
f 1657/5242/1308 1646/5243/1308 1647/5244/1308
f 1657/5245/221 1647/5246/221 1656/5247/221
f 1656/5248/221 1647/5249/221 1648/5250/221
f 1656/5251/221 1648/5252/221 1655/5253/221
f 1655/5254/1309 1648/5255/1309 1649/5256/1309
f 1655/5257/221 1649/5258/221 1654/5259/221
f 1654/5260/221 1649/5261/221 1651/5262/221
f 1654/5263/1310 1651/5264/1310 1652/5265/1310
f 1649/5266/1311 1650/5267/1311 1651/5268/1311
f 1652/5269/221 1653/5270/221 1654/5271/221
f 1737/5272/1312 1659/5273/1312 1736/5274/1312
f 1736/5275/1313 1659/5276/1313 1660/5277/1313
f 1736/5278/221 1660/5279/221 1661/5280/221
f 1661/5281/221 1662/5282/221 1736/5283/221
f 1736/5284/221 1662/5285/221 1735/5286/221
f 1735/5287/1314 1662/5288/1314 1663/5289/1314
f 1735/5290/1315 1663/5291/1315 1676/5292/1315
f 1676/5293/221 1663/5294/221 1675/5295/221
f 1675/5296/1275 1663/5297/1275 1664/5298/1275
f 1675/5299/221 1664/5300/221 1674/5301/221
f 1674/5302/1273 1664/5303/1273 1665/5304/1273
f 1674/5305/221 1665/5306/221 1673/5307/221
f 1673/5308/221 1665/5309/221 1666/5310/221
f 1673/5311/1316 1666/5312/1316 1672/5313/1316
f 1672/5314/221 1666/5315/221 1667/5316/221
f 1672/5317/1270 1667/5318/1270 1670/5319/1270
f 1670/5320/221 1667/5321/221 1669/5322/221
f 1669/5323/221 1667/5324/221 1668/5325/221
f 1670/5326/221 1671/5327/221 1672/5328/221
f 1735/5329/221 1676/5330/221 1734/5331/221
f 1734/5332/221 1676/5333/221 1677/5334/221
f 1734/5335/1317 1677/5336/1317 1678/5337/1317
f 1678/5338/221 1679/5339/221 1734/5340/221
f 1734/5341/221 1679/5342/221 1733/5343/221
f 1733/5344/1318 1679/5345/1318 1680/5346/1318
f 1733/5347/1319 1680/5348/1319 1681/5349/1319
f 1682/5350/221 1694/5351/221 1681/5352/221
f 1681/5353/1320 1694/5354/1320 1732/5355/1320
f 1681/5356/1321 1732/5357/1321 1733/5358/1321
f 1683/5359/1322 1692/5360/1322 1682/5361/1322
f 1682/5362/1323 1692/5363/1323 1693/5364/1323
f 1682/5365/221 1693/5366/221 1694/5367/221
f 1692/5368/221 1683/5369/221 1691/5370/221
f 1691/5371/1324 1683/5372/1324 1684/5373/1324
f 1691/5374/1325 1684/5375/1325 1690/5376/1325
f 1690/5377/1326 1684/5378/1326 1685/5379/1326
f 1690/5380/1327 1685/5381/1327 1688/5382/1327
f 1688/5383/1328 1685/5384/1328 1687/5385/1328
f 1687/5386/1329 1685/5387/1329 1686/5388/1329
f 1688/5389/1330 1689/5390/1330 1690/5391/1330
f 1694/5392/221 1695/5393/221 1732/5394/221
f 1732/5395/221 1695/5396/221 1731/5397/221
f 1731/5398/221 1695/5399/221 1696/5400/221
f 1731/5401/221 1696/5402/221 1697/5403/221
f 1697/5404/221 1698/5405/221 1731/5406/221
f 1731/5407/1331 1698/5408/1331 1730/5409/1331
f 1730/5410/221 1698/5411/221 1699/5412/221
f 1730/5413/221 1699/5414/221 1712/5415/221
f 1712/5416/221 1699/5417/221 1711/5418/221
f 1711/5419/221 1699/5420/221 1700/5421/221
f 1711/5422/1332 1700/5423/1332 1710/5424/1332
f 1710/5425/1333 1700/5426/1333 1701/5427/1333
f 1710/5428/1334 1701/5429/1334 1702/5430/1334
f 1710/5431/221 1702/5432/221 1709/5433/221
f 1709/5434/1335 1702/5435/1335 1703/5436/1335
f 1709/5437/1336 1703/5438/1336 1708/5439/1336
f 1708/5440/221 1703/5441/221 1705/5442/221
f 1708/5443/1328 1705/5444/1328 1706/5445/1328
f 1703/5446/1337 1704/5447/1337 1705/5448/1337
f 1706/5449/1329 1707/5450/1329 1708/5451/1329
f 1730/5452/221 1712/5453/221 1729/5454/221
f 1729/5455/1319 1712/5456/1319 1713/5457/1319
f 1729/5458/1318 1713/5459/1318 1714/5460/1318
f 1729/5461/221 1714/5462/221 1728/5463/221
f 1728/5464/1338 1714/5465/1338 1715/5466/1338
f 1728/5467/1317 1715/5468/1317 1716/5469/1317
f 1716/5470/221 1717/5471/221 1728/5472/221
f 1741/5473/1339 1742/5474/1340 1752/5475/1341
f 1752/5476/1341 1742/5477/1340 1753/5478/1342
f 1752/5479/1341 1753/5480/1342 1751/5481/1343
f 1751/5482/1343 1753/5483/1342 1749/5484/1344
f 1751/5485/1343 1749/5486/1344 1750/5487/1345
f 1742/5488/1340 1743/5489/1346 1753/5490/1342
f 1753/5491/1342 1743/5492/1346 1745/5493/1347
f 1753/5494/1342 1745/5495/1347 1746/5496/1348
f 1743/5497/1346 1744/5498/1349 1745/5499/1347
f 1747/5500/1350 1748/5501/1351 1746/5502/1348
f 1746/5503/1348 1748/5504/1351 1753/5505/1342
f 1748/5506/1351 1749/5507/1344 1753/5508/1342
f 1755/5509/1352 1756/5510/1353 1754/5511/1354
f 1754/5512/1354 1756/5513/1353 1757/5514/1355
f 1754/5515/1354 1757/5516/1355 1765/5517/1356
f 1765/5518/1356 1757/5519/1355 1758/5520/1357
f 1765/5521/1356 1758/5522/1357 1764/5523/1358
f 1764/5524/1358 1758/5525/1357 1759/5526/1359
f 1764/5527/1358 1759/5528/1359 1763/5529/1360
f 1763/5530/1360 1759/5531/1359 1760/5532/1361
f 1763/5533/1360 1760/5534/1361 1762/5535/1362
f 1762/5536/1362 1760/5537/1361 1761/5538/1363
f 1767/5539/1364 1768/5540/1364 1766/5541/1364
f 1766/5542/1365 1768/5543/1365 1777/5544/1365
f 1777/5545/1366 1768/5546/1366 1774/5547/1366
f 1777/5548/1367 1774/5549/1367 1775/5550/1367
f 1768/5551/1368 1769/5552/1368 1774/5553/1368
f 1774/5554/1369 1769/5555/1369 1773/5556/1369
f 1773/5557/1370 1769/5558/1370 1770/5559/1370
f 1773/5560/1371 1770/5561/1371 1771/5562/1371
f 1771/5563/1372 1772/5564/1372 1773/5565/1372
f 1775/5566/1373 1776/5567/1373 1777/5568/1373
f 1779/5569/1374 1787/5570/1375 1778/5571/1376
f 1778/5572/1376 1787/5573/1375 1788/5574/1377
f 1778/5575/1376 1788/5576/1377 1789/5577/1378
f 1787/5578/1375 1779/5579/1374 1786/5580/1379
f 1786/5581/1379 1779/5582/1374 1780/5583/1380
f 1786/5584/1379 1780/5585/1380 1785/5586/1381
f 1785/5587/1381 1780/5588/1380 1781/5589/1382
f 1785/5590/1381 1781/5591/1382 1784/5592/1383
f 1784/5593/1383 1781/5594/1382 1782/5595/1384
f 1784/5596/1383 1782/5597/1384 1783/5598/1385
f 1790/5599/1386 1791/5600/1386 1797/5601/1387
f 1797/5602/1387 1791/5603/1386 1792/5604/1387
f 1797/5605/1387 1792/5606/1387 1793/5607/1388
f 1794/5608/1389 1795/5609/1389 1793/5610/1388
f 1793/5611/1388 1795/5612/1389 1796/5613/1388
f 1793/5614/1388 1796/5615/1388 1797/5616/1387
f 1798/5617/1390 1799/5618/1391 1815/5619/1390
f 1815/5620/1390 1799/5621/1391 1814/5622/1392
f 1814/5623/1392 1799/5624/1391 1800/5625/1393
f 1814/5626/1392 1800/5627/1393 1813/5628/1394
f 1813/5629/1394 1800/5630/1393 1801/5631/1395
f 1813/5632/1394 1801/5633/1395 1812/5634/1396
f 1812/5635/1396 1801/5636/1395 1802/5637/1397
f 1812/5638/1396 1802/5639/1397 1811/5640/1398
f 1811/5641/1398 1802/5642/1397 1803/5643/1399
f 1811/5644/1398 1803/5645/1399 1810/5646/1400
f 1810/5647/1400 1803/5648/1399 1804/5649/1401
f 1810/5650/1400 1804/5651/1401 1809/5652/1402
f 1809/5653/1402 1804/5654/1401 1805/5655/1403
f 1809/5656/1402 1805/5657/1403 1808/5658/1404
f 1808/5659/1404 1805/5660/1403 1806/5661/1405
f 1808/5662/1404 1806/5663/1405 1807/5664/1405
f 1816/5665/1406 1817/5666/1406 1827/5667/1406
f 1827/5668/1407 1817/5669/1407 1818/5670/1407
f 1827/5671/1408 1818/5672/1408 1821/5673/1408
f 1821/5674/1409 1818/5675/1409 1820/5676/1409
f 1820/5677/1410 1818/5678/1410 1819/5679/1410
f 1827/5680/1411 1821/5681/1411 1826/5682/1411
f 1826/5683/1412 1821/5684/1412 1822/5685/1412
f 1826/5686/1413 1822/5687/1413 1825/5688/1413
f 1825/5689/1414 1822/5690/1414 1824/5691/1414
f 1824/5692/1415 1822/5693/1415 1823/5694/1415
f 1845/5695/1416 1828/5696/1416 1844/5697/1417
f 1844/5698/1417 1828/5699/1416 1829/5700/1418
f 1844/5701/1417 1829/5702/1418 1843/5703/1419
f 1843/5704/1419 1829/5705/1418 1830/5706/1420
f 1843/5707/1419 1830/5708/1420 1842/5709/1421
f 1842/5710/1421 1830/5711/1420 1831/5712/1422
f 1842/5713/1421 1831/5714/1422 1841/5715/1423
f 1841/5716/1423 1831/5717/1422 1832/5718/1424
f 1841/5719/1423 1832/5720/1424 1840/5721/1425
f 1840/5722/1425 1832/5723/1424 1833/5724/1426
f 1840/5725/1425 1833/5726/1426 1839/5727/1427
f 1839/5728/1427 1833/5729/1426 1834/5730/1428
f 1839/5731/1427 1834/5732/1428 1838/5733/1429
f 1838/5734/1429 1834/5735/1428 1835/5736/1430
f 1838/5737/1429 1835/5738/1430 1837/5739/1431
f 1837/5740/1431 1835/5741/1430 1836/5742/1431
f 1846/5743/1432 1847/5744/1432 1853/5745/1433
f 1853/5746/1433 1847/5747/1432 1848/5748/1433
f 1853/5749/1433 1848/5750/1433 1852/5751/1434
f 1852/5752/1434 1848/5753/1433 1849/5754/1434
f 1852/5755/1434 1849/5756/1434 1851/5757/1435
f 1851/5758/1435 1849/5759/1434 1850/5760/1435
f 1854/5761/1436 1855/5762/1436 1869/5763/1436
f 1869/5764/76 1855/5765/76 1868/5766/76
f 1868/5767/1437 1855/5768/1437 1866/5769/1437
f 1868/5770/76 1866/5771/76 1867/5772/76
f 1866/5773/76 1855/5774/76 1860/5775/76
f 1860/5776/76 1855/5777/76 1856/5778/76
f 1860/5779/76 1856/5780/76 1857/5781/76
f 1857/5782/76 1858/5783/76 1860/5784/76
f 1860/5785/76 1858/5786/76 1859/5787/76
f 1860/5788/76 1861/5789/76 1866/5790/76
f 1866/5791/76 1861/5792/76 1865/5793/76
f 1865/5794/1438 1861/5795/1438 1864/5796/1438
f 1864/5797/1439 1861/5798/1439 1863/5799/1439
f 1863/5800/76 1861/5801/76 1862/5802/76
f 1870/5803/1440 1871/5804/1441 1881/5805/1442
f 1881/5806/1442 1871/5807/1441 1882/5808/1443
f 1881/5809/1442 1882/5810/1443 1880/5811/1444
f 1880/5812/1444 1882/5813/1443 1878/5814/1445
f 1880/5815/1444 1878/5816/1445 1879/5817/1446
f 1871/5818/1441 1872/5819/1447 1882/5820/1443
f 1882/5821/1443 1872/5822/1447 1874/5823/1448
f 1882/5824/1443 1874/5825/1448 1875/5826/1449
f 1872/5827/1447 1873/5828/1450 1874/5829/1448
f 1876/5830/1451 1877/5831/1452 1875/5832/1449
f 1875/5833/1449 1877/5834/1452 1882/5835/1443
f 1877/5836/1452 1878/5837/1445 1882/5838/1443
f 1883/5839/1453 1884/5840/1454 1894/5841/1455
f 1894/5842/1455 1884/5843/1454 1895/5844/1456
f 1894/5845/1455 1895/5846/1456 1893/5847/1457
f 1893/5848/1457 1895/5849/1456 1891/5850/1458
f 1893/5851/1457 1891/5852/1458 1892/5853/1459
f 1884/5854/1454 1885/5855/1460 1895/5856/1456
f 1895/5857/1456 1885/5858/1460 1887/5859/1461
f 1895/5860/1456 1887/5861/1461 1888/5862/1462
f 1885/5863/1460 1886/5864/1463 1887/5865/1461
f 1889/5866/1464 1890/5867/1465 1888/5868/1462
f 1888/5869/1462 1890/5870/1465 1895/5871/1456
f 1890/5872/1465 1891/5873/1458 1895/5874/1456
f 1897/5875/1466 1898/5876/1467 1896/5877/1468
f 1896/5878/1468 1898/5879/1467 1899/5880/1469
f 1896/5881/1468 1899/5882/1469 1907/5883/1470
f 1907/5884/1470 1899/5885/1469 1900/5886/1471
f 1907/5887/1470 1900/5888/1471 1906/5889/1472
f 1906/5890/1472 1900/5891/1471 1901/5892/1473
f 1906/5893/1472 1901/5894/1473 1905/5895/1474
f 1905/5896/1474 1901/5897/1473 1902/5898/1475
f 1905/5899/1474 1902/5900/1475 1904/5901/1476
f 1904/5902/1476 1902/5903/1475 1903/5904/1477
f 1909/5905/1478 1910/5906/1478 1908/5907/1478
f 1908/5908/1479 1910/5909/1479 1919/5910/1479
f 1919/5911/1480 1910/5912/1480 1916/5913/1480
f 1919/5914/1481 1916/5915/1481 1917/5916/1481
f 1910/5917/1482 1911/5918/1482 1916/5919/1482
f 1916/5920/1483 1911/5921/1483 1915/5922/1483
f 1915/5923/1484 1911/5924/1484 1912/5925/1484
f 1915/5926/1485 1912/5927/1485 1913/5928/1485
f 1913/5929/1486 1914/5930/1486 1915/5931/1486
f 1917/5932/1487 1918/5933/1487 1919/5934/1487
f 1921/5935/1488 1929/5936/1489 1920/5937/1490
f 1920/5938/1490 1929/5939/1489 1930/5940/1491
f 1920/5941/1490 1930/5942/1491 1931/5943/1492
f 1929/5944/1489 1921/5945/1488 1928/5946/1493
f 1928/5947/1493 1921/5948/1488 1922/5949/1494
f 1928/5950/1493 1922/5951/1494 1927/5952/1495
f 1927/5953/1495 1922/5954/1494 1923/5955/1496
f 1927/5956/1495 1923/5957/1496 1926/5958/1497
f 1926/5959/1497 1923/5960/1496 1924/5961/1498
f 1926/5962/1497 1924/5963/1498 1925/5964/1499
f 1932/5965/1500 1933/5966/1500 1939/5967/1501
f 1939/5968/1501 1933/5969/1500 1934/5970/1502
f 1939/5971/1501 1934/5972/1502 1935/5973/1503
f 1936/5974/1504 1937/5975/1504 1935/5976/1503
f 1935/5977/1503 1937/5978/1504 1938/5979/1505
f 1935/5980/1503 1938/5981/1505 1939/5982/1501
f 1940/5983/1506 1941/5984/1507 1957/5985/1506
f 1957/5986/1506 1941/5987/1507 1956/5988/1508
f 1956/5989/1508 1941/5990/1507 1942/5991/1509
f 1956/5992/1508 1942/5993/1509 1955/5994/1510
f 1955/5995/1510 1942/5996/1509 1943/5997/1511
f 1955/5998/1510 1943/5999/1511 1954/6000/1512
f 1954/6001/1512 1943/6002/1511 1944/6003/1513
f 1954/6004/1512 1944/6005/1513 1953/6006/1514
f 1953/6007/1514 1944/6008/1513 1945/6009/1515
f 1953/6010/1514 1945/6011/1515 1952/6012/1516
f 1952/6013/1516 1945/6014/1515 1946/6015/1517
f 1952/6016/1516 1946/6017/1517 1951/6018/1518
f 1951/6019/1518 1946/6020/1517 1947/6021/1519
f 1951/6022/1518 1947/6023/1519 1950/6024/1520
f 1950/6025/1520 1947/6026/1519 1948/6027/1521
f 1950/6028/1520 1948/6029/1521 1949/6030/1521
f 1958/6031/1522 1959/6032/1522 1969/6033/1522
f 1969/6034/1523 1959/6035/1523 1960/6036/1523
f 1969/6037/1524 1960/6038/1524 1963/6039/1524
f 1963/6040/1525 1960/6041/1525 1962/6042/1525
f 1962/6043/1526 1960/6044/1526 1961/6045/1526
f 1969/6046/1527 1963/6047/1527 1968/6048/1527
f 1968/6049/1528 1963/6050/1528 1964/6051/1528
f 1968/6052/1529 1964/6053/1529 1967/6054/1529
f 1967/6055/1530 1964/6056/1530 1966/6057/1530
f 1966/6058/1531 1964/6059/1531 1965/6060/1531
f 1987/6061/1532 1970/6062/1532 1986/6063/1533
f 1986/6064/1533 1970/6065/1532 1971/6066/1534
f 1986/6067/1533 1971/6068/1534 1985/6069/1535
f 1985/6070/1535 1971/6071/1534 1972/6072/1536
f 1985/6073/1535 1972/6074/1536 1984/6075/1537
f 1984/6076/1537 1972/6077/1536 1973/6078/1538
f 1984/6079/1537 1973/6080/1538 1983/6081/1539
f 1983/6082/1539 1973/6083/1538 1974/6084/1540
f 1983/6085/1539 1974/6086/1540 1982/6087/1541
f 1982/6088/1541 1974/6089/1540 1975/6090/1542
f 1982/6091/1541 1975/6092/1542 1981/6093/1543
f 1981/6094/1543 1975/6095/1542 1976/6096/1544
f 1981/6097/1543 1976/6098/1544 1980/6099/1545
f 1980/6100/1545 1976/6101/1544 1977/6102/1546
f 1980/6103/1545 1977/6104/1546 1979/6105/1547
f 1979/6106/1547 1977/6107/1546 1978/6108/1548
f 1988/6109/1549 1989/6110/1549 1995/6111/1550
f 1995/6112/1550 1989/6113/1549 1990/6114/1550
f 1995/6115/1550 1990/6116/1550 1994/6117/1551
f 1994/6118/1551 1990/6119/1550 1991/6120/1551
f 1994/6121/1551 1991/6122/1551 1993/6123/1552
f 1993/6124/1552 1991/6125/1551 1992/6126/1552
f 1996/6127/1553 1997/6128/1554 2007/6129/1555
f 2007/6130/1555 1997/6131/1554 2008/6132/1556
f 2007/6133/1555 2008/6134/1556 2006/6135/1557
f 2006/6136/1557 2008/6137/1556 2004/6138/1558
f 2006/6139/1557 2004/6140/1558 2005/6141/1559
f 1997/6142/1554 1998/6143/1560 2008/6144/1556
f 2008/6145/1556 1998/6146/1560 2000/6147/1561
f 2008/6148/1556 2000/6149/1561 2001/6150/1562
f 1998/6151/1560 1999/6152/1563 2000/6153/1561
f 2002/6154/1564 2003/6155/1565 2001/6156/1562
f 2001/6157/1562 2003/6158/1565 2008/6159/1556
f 2003/6160/1565 2004/6161/1558 2008/6162/1556
f 2009/6163/1566 2010/6164/1566 2024/6165/1566
f 2024/6166/76 2010/6167/76 2021/6168/76
f 2024/6169/1567 2021/6170/1567 2023/6171/1567
f 2023/6172/76 2021/6173/76 2022/6174/76
f 2011/6175/76 2015/6176/76 2010/6177/76
f 2010/6178/1568 2015/6179/1568 2016/6180/1568
f 2010/6181/76 2016/6182/76 2021/6183/76
f 2021/6184/1569 2016/6185/1569 2020/6186/1569
f 2020/6187/1570 2016/6188/1570 2019/6189/1570
f 2019/6190/1571 2016/6191/1571 2018/6192/1571
f 2018/6193/76 2016/6194/76 2017/6195/76
f 2011/6196/1572 2012/6197/1572 2015/6198/1572
f 2015/6199/1573 2012/6200/1573 2013/6201/1573
f 2015/6202/76 2013/6203/76 2014/6204/76
f 2025/6205/1574 2026/6206/1575 2036/6207/1576
f 2036/6208/1576 2026/6209/1575 2037/6210/1577
f 2036/6211/1576 2037/6212/1577 2035/6213/1578
f 2035/6214/1578 2037/6215/1577 2033/6216/1579
f 2035/6217/1578 2033/6218/1579 2034/6219/1580
f 2026/6220/1575 2027/6221/1581 2037/6222/1577
f 2037/6223/1577 2027/6224/1581 2029/6225/1582
f 2037/6226/1577 2029/6227/1582 2030/6228/1583
f 2027/6229/1581 2028/6230/1584 2029/6231/1582
f 2031/6232/1585 2032/6233/1586 2030/6234/1583
f 2030/6235/1583 2032/6236/1586 2037/6237/1577
f 2032/6238/1586 2033/6239/1579 2037/6240/1577
f 2039/6241/1587 2040/6242/1588 2038/6243/1589
f 2038/6244/1589 2040/6245/1588 2041/6246/1590
f 2038/6247/1589 2041/6248/1590 2049/6249/1591
f 2049/6250/1591 2041/6251/1590 2042/6252/1592
f 2049/6253/1591 2042/6254/1592 2048/6255/1593
f 2048/6256/1593 2042/6257/1592 2043/6258/1594
f 2048/6259/1593 2043/6260/1594 2047/6261/1595
f 2047/6262/1595 2043/6263/1594 2044/6264/1596
f 2047/6265/1595 2044/6266/1596 2046/6267/1597
f 2046/6268/1597 2044/6269/1596 2045/6270/1598
f 2051/6271/1599 2052/6272/1599 2050/6273/1599
f 2050/6274/1600 2052/6275/1600 2061/6276/1600
f 2061/6277/1601 2052/6278/1601 2058/6279/1601
f 2061/6280/1602 2058/6281/1602 2059/6282/1602
f 2052/6283/1603 2053/6284/1603 2058/6285/1603
f 2058/6286/1604 2053/6287/1604 2057/6288/1604
f 2057/6289/1605 2053/6290/1605 2054/6291/1605
f 2057/6292/1606 2054/6293/1606 2055/6294/1606
f 2055/6295/1607 2056/6296/1607 2057/6297/1607
f 2059/6298/1608 2060/6299/1608 2061/6300/1608
f 2063/6301/1609 2071/6302/1610 2062/6303/1611
f 2062/6304/1611 2071/6305/1610 2072/6306/1612
f 2062/6307/1611 2072/6308/1612 2073/6309/1613
f 2071/6310/1610 2063/6311/1609 2070/6312/1614
f 2070/6313/1614 2063/6314/1609 2064/6315/1615
f 2070/6316/1614 2064/6317/1615 2069/6318/1616
f 2069/6319/1616 2064/6320/1615 2065/6321/1617
f 2069/6322/1616 2065/6323/1617 2068/6324/1618
f 2068/6325/1618 2065/6326/1617 2066/6327/1619
f 2068/6328/1618 2066/6329/1619 2067/6330/1620
f 2074/6331/1621 2075/6332/1621 2081/6333/1622
f 2081/6334/1622 2075/6335/1621 2076/6336/1622
f 2081/6337/1622 2076/6338/1622 2077/6339/1623
f 2078/6340/1624 2079/6341/1624 2077/6342/1623
f 2077/6343/1623 2079/6344/1624 2080/6345/1623
f 2077/6346/1623 2080/6347/1623 2081/6348/1622
f 2082/6349/1625 2083/6350/1626 2099/6351/1625
f 2099/6352/1625 2083/6353/1626 2098/6354/1627
f 2098/6355/1627 2083/6356/1626 2084/6357/1628
f 2098/6358/1627 2084/6359/1628 2097/6360/1629
f 2097/6361/1629 2084/6362/1628 2085/6363/1630
f 2097/6364/1629 2085/6365/1630 2096/6366/1631
f 2096/6367/1631 2085/6368/1630 2086/6369/1632
f 2096/6370/1631 2086/6371/1632 2095/6372/1633
f 2095/6373/1633 2086/6374/1632 2087/6375/1634
f 2095/6376/1633 2087/6377/1634 2094/6378/1635
f 2094/6379/1635 2087/6380/1634 2088/6381/1636
f 2094/6382/1635 2088/6383/1636 2093/6384/1637
f 2093/6385/1637 2088/6386/1636 2089/6387/1638
f 2093/6388/1637 2089/6389/1638 2092/6390/1639
f 2092/6391/1639 2089/6392/1638 2090/6393/1640
f 2092/6394/1639 2090/6395/1640 2091/6396/1640
f 2100/6397/1641 2101/6398/1641 2111/6399/1641
f 2111/6400/1642 2101/6401/1642 2102/6402/1642
f 2111/6403/1643 2102/6404/1643 2105/6405/1643
f 2105/6406/1644 2102/6407/1644 2104/6408/1644
f 2104/6409/1645 2102/6410/1645 2103/6411/1645
f 2111/6412/1646 2105/6413/1646 2110/6414/1646
f 2110/6415/1647 2105/6416/1647 2106/6417/1647
f 2110/6418/1648 2106/6419/1648 2109/6420/1648
f 2109/6421/1649 2106/6422/1649 2108/6423/1649
f 2108/6424/1650 2106/6425/1650 2107/6426/1650
f 2129/6427/1651 2112/6428/1651 2128/6429/1652
f 2128/6430/1652 2112/6431/1651 2113/6432/1653
f 2128/6433/1652 2113/6434/1653 2127/6435/1654
f 2127/6436/1654 2113/6437/1653 2114/6438/1655
f 2127/6439/1654 2114/6440/1655 2126/6441/1656
f 2126/6442/1656 2114/6443/1655 2115/6444/1657
f 2126/6445/1656 2115/6446/1657 2125/6447/1658
f 2125/6448/1658 2115/6449/1657 2116/6450/1659
f 2125/6451/1658 2116/6452/1659 2124/6453/1660
f 2124/6454/1660 2116/6455/1659 2117/6456/1661
f 2124/6457/1660 2117/6458/1661 2123/6459/1662
f 2123/6460/1662 2117/6461/1661 2118/6462/1663
f 2123/6463/1662 2118/6464/1663 2122/6465/1664
f 2122/6466/1664 2118/6467/1663 2119/6468/1665
f 2122/6469/1664 2119/6470/1665 2121/6471/1666
f 2121/6472/1666 2119/6473/1665 2120/6474/1666
f 2130/6475/1667 2131/6476/1667 2137/6477/1668
f 2137/6478/1668 2131/6479/1667 2132/6480/1668
f 2137/6481/1668 2132/6482/1668 2136/6483/1669
f 2136/6484/1669 2132/6485/1668 2133/6486/1669
f 2136/6487/1669 2133/6488/1669 2135/6489/1670
f 2135/6490/1670 2133/6491/1669 2134/6492/1670
f 2138/6493/1671 2139/6494/1671 2153/6495/1671
f 2153/6496/1672 2139/6497/1672 2152/6498/1672
f 2152/6499/76 2139/6500/76 2150/6501/76
f 2152/6502/1673 2150/6503/1673 2151/6504/1673
f 2150/6505/76 2139/6506/76 2144/6507/76
f 2144/6508/1674 2139/6509/1674 2140/6510/1674
f 2144/6511/1675 2140/6512/1675 2141/6513/1675
f 2141/6514/1571 2142/6515/1571 2144/6516/1571
f 2144/6517/1676 2142/6518/1676 2143/6519/1676
f 2144/6520/1677 2145/6521/1677 2150/6522/1677
f 2150/6523/76 2145/6524/76 2149/6525/76
f 2149/6526/1572 2145/6527/1572 2148/6528/1572
f 2148/6529/1678 2145/6530/1678 2147/6531/1678
f 2147/6532/76 2145/6533/76 2146/6534/76
f 2154/6535/1679 2155/6536/1680 2165/6537/1681
f 2165/6538/1681 2155/6539/1680 2166/6540/1682
f 2165/6541/1681 2166/6542/1682 2164/6543/1683
f 2164/6544/1683 2166/6545/1682 2162/6546/1684
f 2164/6547/1683 2162/6548/1684 2163/6549/1685
f 2155/6550/1680 2156/6551/1686 2166/6552/1682
f 2166/6553/1682 2156/6554/1686 2158/6555/1687
f 2166/6556/1682 2158/6557/1687 2159/6558/1688
f 2156/6559/1686 2157/6560/1689 2158/6561/1687
f 2160/6562/1690 2161/6563/1691 2159/6564/1688
f 2159/6565/1688 2161/6566/1691 2166/6567/1682
f 2161/6568/1691 2162/6569/1684 2166/6570/1682
f 2167/6571/1692 2168/6572/1693 2178/6573/1694
f 2178/6574/1694 2168/6575/1693 2179/6576/1695
f 2178/6577/1694 2179/6578/1695 2177/6579/1696
f 2177/6580/1696 2179/6581/1695 2175/6582/1697
f 2177/6583/1696 2175/6584/1697 2176/6585/1698
f 2168/6586/1693 2169/6587/1699 2179/6588/1695
f 2179/6589/1695 2169/6590/1699 2171/6591/1700
f 2179/6592/1695 2171/6593/1700 2172/6594/1701
f 2169/6595/1699 2170/6596/1702 2171/6597/1700
f 2173/6598/1703 2174/6599/1704 2172/6600/1701
f 2172/6601/1701 2174/6602/1704 2179/6603/1695
f 2174/6604/1704 2175/6605/1697 2179/6606/1695
f 2181/6607/1705 2182/6608/1706 2180/6609/1707
f 2180/6610/1707 2182/6611/1706 2183/6612/1708
f 2180/6613/1707 2183/6614/1708 2191/6615/1709
f 2191/6616/1709 2183/6617/1708 2184/6618/1710
f 2191/6619/1709 2184/6620/1710 2190/6621/1711
f 2190/6622/1711 2184/6623/1710 2185/6624/1712
f 2190/6625/1711 2185/6626/1712 2189/6627/1713
f 2189/6628/1713 2185/6629/1712 2186/6630/1714
f 2189/6631/1713 2186/6632/1714 2188/6633/1715
f 2188/6634/1715 2186/6635/1714 2187/6636/1716
f 2193/6637/1717 2194/6638/1717 2192/6639/1717
f 2192/6640/1718 2194/6641/1718 2203/6642/1718
f 2203/6643/1719 2194/6644/1719 2200/6645/1719
f 2203/6646/1720 2200/6647/1720 2201/6648/1720
f 2194/6649/1721 2195/6650/1721 2200/6651/1721
f 2200/6652/1722 2195/6653/1722 2199/6654/1722
f 2199/6655/1723 2195/6656/1723 2196/6657/1723
f 2199/6658/1724 2196/6659/1724 2197/6660/1724
f 2197/6661/1725 2198/6662/1725 2199/6663/1725
f 2201/6664/1726 2202/6665/1726 2203/6666/1726
f 2205/6667/1727 2213/6668/1728 2204/6669/1729
f 2204/6670/1729 2213/6671/1728 2214/6672/1730
f 2204/6673/1729 2214/6674/1730 2215/6675/1731
f 2213/6676/1728 2205/6677/1727 2212/6678/1732
f 2212/6679/1732 2205/6680/1727 2206/6681/1733
f 2212/6682/1732 2206/6683/1733 2211/6684/1734
f 2211/6685/1734 2206/6686/1733 2207/6687/1735
f 2211/6688/1734 2207/6689/1735 2210/6690/1736
f 2210/6691/1736 2207/6692/1735 2208/6693/1737
f 2210/6694/1736 2208/6695/1737 2209/6696/1738
f 2216/6697/1739 2217/6698/1739 2223/6699/1740
f 2223/6700/1740 2217/6701/1739 2218/6702/1740
f 2223/6703/1740 2218/6704/1740 2219/6705/1741
f 2220/6706/1742 2221/6707/1742 2219/6708/1741
f 2219/6709/1741 2221/6710/1742 2222/6711/1741
f 2219/6712/1741 2222/6713/1741 2223/6714/1740
f 2224/6715/1743 2225/6716/1744 2241/6717/1743
f 2241/6718/1743 2225/6719/1744 2240/6720/1745
f 2240/6721/1745 2225/6722/1744 2226/6723/1746
f 2240/6724/1745 2226/6725/1746 2239/6726/1747
f 2239/6727/1747 2226/6728/1746 2227/6729/1748
f 2239/6730/1747 2227/6731/1748 2238/6732/1749
f 2238/6733/1749 2227/6734/1748 2228/6735/1750
f 2238/6736/1749 2228/6737/1750 2237/6738/1751
f 2237/6739/1751 2228/6740/1750 2229/6741/1752
f 2237/6742/1751 2229/6743/1752 2236/6744/1753
f 2236/6745/1753 2229/6746/1752 2230/6747/1754
f 2236/6748/1753 2230/6749/1754 2235/6750/1755
f 2235/6751/1755 2230/6752/1754 2231/6753/1756
f 2235/6754/1755 2231/6755/1756 2234/6756/1757
f 2234/6757/1757 2231/6758/1756 2232/6759/1758
f 2234/6760/1757 2232/6761/1758 2233/6762/1758
f 2242/6763/1759 2243/6764/1759 2253/6765/1759
f 2253/6766/1760 2243/6767/1760 2244/6768/1760
f 2253/6769/1761 2244/6770/1761 2247/6771/1761
f 2247/6772/1762 2244/6773/1762 2246/6774/1762
f 2246/6775/1763 2244/6776/1763 2245/6777/1763
f 2253/6778/1764 2247/6779/1764 2252/6780/1764
f 2252/6781/1765 2247/6782/1765 2248/6783/1765
f 2252/6784/1766 2248/6785/1766 2251/6786/1766
f 2251/6787/1767 2248/6788/1767 2250/6789/1767
f 2250/6790/1768 2248/6791/1768 2249/6792/1768
f 2271/6793/1769 2254/6794/1769 2270/6795/1770
f 2270/6796/1770 2254/6797/1769 2255/6798/1771
f 2270/6799/1770 2255/6800/1771 2269/6801/1772
f 2269/6802/1772 2255/6803/1771 2256/6804/1773
f 2269/6805/1772 2256/6806/1773 2268/6807/1774
f 2268/6808/1774 2256/6809/1773 2257/6810/1775
f 2268/6811/1774 2257/6812/1775 2267/6813/1776
f 2267/6814/1776 2257/6815/1775 2258/6816/1777
f 2267/6817/1776 2258/6818/1777 2266/6819/1778
f 2266/6820/1778 2258/6821/1777 2259/6822/1779
f 2266/6823/1778 2259/6824/1779 2265/6825/1780
f 2265/6826/1780 2259/6827/1779 2260/6828/1781
f 2265/6829/1780 2260/6830/1781 2264/6831/1782
f 2264/6832/1782 2260/6833/1781 2261/6834/1783
f 2264/6835/1782 2261/6836/1783 2263/6837/1784
f 2263/6838/1784 2261/6839/1783 2262/6840/1784
f 2272/6841/1785 2273/6842/1785 2279/6843/1786
f 2279/6844/1786 2273/6845/1785 2274/6846/1786
f 2279/6847/1786 2274/6848/1786 2278/6849/1787
f 2278/6850/1787 2274/6851/1786 2275/6852/1787
f 2278/6853/1787 2275/6854/1787 2277/6855/1788
f 2277/6856/1788 2275/6857/1787 2276/6858/1788
f 2280/6859/1789 2281/6860/1790 2291/6861/1791
f 2291/6862/1791 2281/6863/1790 2292/6864/1792
f 2291/6865/1791 2292/6866/1792 2290/6867/1793
f 2290/6868/1793 2292/6869/1792 2288/6870/1794
f 2290/6871/1793 2288/6872/1794 2289/6873/1795
f 2281/6874/1790 2282/6875/1796 2292/6876/1792
f 2292/6877/1792 2282/6878/1796 2284/6879/1797
f 2292/6880/1792 2284/6881/1797 2285/6882/1798
f 2282/6883/1796 2283/6884/1799 2284/6885/1797
f 2286/6886/1800 2287/6887/1801 2285/6888/1798
f 2285/6889/1798 2287/6890/1801 2292/6891/1792
f 2287/6892/1801 2288/6893/1794 2292/6894/1792
f 2293/6895/1802 2294/6896/1803 2304/6897/1804
f 2304/6898/1804 2294/6899/1803 2305/6900/1805
f 2304/6901/1804 2305/6902/1805 2303/6903/1806
f 2303/6904/1806 2305/6905/1805 2301/6906/1807
f 2303/6907/1806 2301/6908/1807 2302/6909/1808
f 2294/6910/1803 2295/6911/1809 2305/6912/1805
f 2305/6913/1805 2295/6914/1809 2297/6915/1810
f 2305/6916/1805 2297/6917/1810 2298/6918/1811
f 2295/6919/1809 2296/6920/1812 2297/6921/1810
f 2299/6922/1813 2300/6923/1814 2298/6924/1811
f 2298/6925/1811 2300/6926/1814 2305/6927/1805
f 2300/6928/1814 2301/6929/1807 2305/6930/1805
f 2306/6931/76 2307/6932/76 2321/6933/76
f 2321/6934/1437 2307/6935/1437 2318/6936/1437
f 2321/6937/76 2318/6938/76 2320/6939/76
f 2320/6940/76 2318/6941/76 2319/6942/76
f 2308/6943/76 2312/6944/76 2307/6945/76
f 2307/6946/76 2312/6947/76 2313/6948/76
f 2307/6949/76 2313/6950/76 2318/6951/76
f 2318/6952/76 2313/6953/76 2317/6954/76
f 2317/6955/1815 2313/6956/1815 2316/6957/1815
f 2316/6958/76 2313/6959/76 2315/6960/76
f 2315/6961/76 2313/6962/76 2314/6963/76
f 2308/6964/1438 2309/6965/1438 2312/6966/1438
f 2312/6967/1439 2309/6968/1439 2310/6969/1439
f 2312/6970/76 2310/6971/76 2311/6972/76
f 2323/6973/1816 2324/6974/1817 2322/6975/1818
f 2322/6976/1818 2324/6977/1817 2325/6978/1819
f 2322/6979/1818 2325/6980/1819 2333/6981/1820
f 2333/6982/1820 2325/6983/1819 2326/6984/1821
f 2333/6985/1820 2326/6986/1821 2332/6987/1822
f 2332/6988/1822 2326/6989/1821 2327/6990/1823
f 2332/6991/1822 2327/6992/1823 2331/6993/1824
f 2331/6994/1824 2327/6995/1823 2328/6996/1825
f 2331/6997/1824 2328/6998/1825 2330/6999/1826
f 2330/7000/1826 2328/7001/1825 2329/7002/1827
f 2335/7003/1828 2336/7004/1828 2334/7005/1828
f 2334/7006/1829 2336/7007/1829 2345/7008/1829
f 2345/7009/1830 2336/7010/1830 2342/7011/1830
f 2345/7012/1831 2342/7013/1831 2343/7014/1831
f 2336/7015/1832 2337/7016/1832 2342/7017/1832
f 2342/7018/1833 2337/7019/1833 2341/7020/1833
f 2341/7021/1834 2337/7022/1834 2338/7023/1834
f 2341/7024/1835 2338/7025/1835 2339/7026/1835
f 2339/7027/1836 2340/7028/1836 2341/7029/1836
f 2343/7030/1837 2344/7031/1837 2345/7032/1837
f 2347/7033/1838 2355/7034/1839 2346/7035/1840
f 2346/7036/1840 2355/7037/1839 2356/7038/1841
f 2346/7039/1840 2356/7040/1841 2357/7041/1842
f 2355/7042/1839 2347/7043/1838 2354/7044/1843
f 2354/7045/1843 2347/7046/1838 2348/7047/1844
f 2354/7048/1843 2348/7049/1844 2353/7050/1845
f 2353/7051/1845 2348/7052/1844 2349/7053/1846
f 2353/7054/1845 2349/7055/1846 2352/7056/1847
f 2352/7057/1847 2349/7058/1846 2350/7059/1848
f 2352/7060/1847 2350/7061/1848 2351/7062/1849
f 2358/7063/1850 2359/7064/1850 2365/7065/1851
f 2365/7066/1851 2359/7067/1850 2360/7068/1851
f 2365/7069/1851 2360/7070/1851 2361/7071/1852
f 2362/7072/1853 2363/7073/1853 2361/7074/1852
f 2361/7075/1852 2363/7076/1853 2364/7077/1852
f 2361/7078/1852 2364/7079/1852 2365/7080/1851
f 2366/7081/1854 2367/7082/1855 2383/7083/1854
f 2383/7084/1854 2367/7085/1855 2382/7086/1856
f 2382/7087/1856 2367/7088/1855 2368/7089/1857
f 2382/7090/1856 2368/7091/1857 2381/7092/1858
f 2381/7093/1858 2368/7094/1857 2369/7095/1859
f 2381/7096/1858 2369/7097/1859 2380/7098/1860
f 2380/7099/1860 2369/7100/1859 2370/7101/1861
f 2380/7102/1860 2370/7103/1861 2379/7104/1862
f 2379/7105/1862 2370/7106/1861 2371/7107/1863
f 2379/7108/1862 2371/7109/1863 2378/7110/1864
f 2378/7111/1864 2371/7112/1863 2372/7113/1865
f 2378/7114/1864 2372/7115/1865 2377/7116/1866
f 2377/7117/1866 2372/7118/1865 2373/7119/1867
f 2377/7120/1866 2373/7121/1867 2376/7122/1868
f 2376/7123/1868 2373/7124/1867 2374/7125/1869
f 2376/7126/1868 2374/7127/1869 2375/7128/1869
f 2384/7129/1870 2385/7130/1870 2395/7131/1870
f 2395/7132/1871 2385/7133/1871 2386/7134/1871
f 2395/7135/1872 2386/7136/1872 2389/7137/1872
f 2389/7138/1873 2386/7139/1873 2388/7140/1873
f 2388/7141/1874 2386/7142/1874 2387/7143/1874
f 2395/7144/1875 2389/7145/1875 2394/7146/1875
f 2394/7147/1876 2389/7148/1876 2390/7149/1876
f 2394/7150/1877 2390/7151/1877 2393/7152/1877
f 2393/7153/1878 2390/7154/1878 2392/7155/1878
f 2392/7156/1879 2390/7157/1879 2391/7158/1879
f 2413/7159/1880 2396/7160/1880 2412/7161/1881
f 2412/7162/1881 2396/7163/1880 2397/7164/1882
f 2412/7165/1881 2397/7166/1882 2411/7167/1883
f 2411/7168/1883 2397/7169/1882 2398/7170/1884
f 2411/7171/1883 2398/7172/1884 2410/7173/1885
f 2410/7174/1885 2398/7175/1884 2399/7176/1886
f 2410/7177/1885 2399/7178/1886 2409/7179/1887
f 2409/7180/1887 2399/7181/1886 2400/7182/1888
f 2409/7183/1887 2400/7184/1888 2408/7185/1889
f 2408/7186/1889 2400/7187/1888 2401/7188/1890
f 2408/7189/1889 2401/7190/1890 2407/7191/1891
f 2407/7192/1891 2401/7193/1890 2402/7194/1892
f 2407/7195/1891 2402/7196/1892 2406/7197/1893
f 2406/7198/1893 2402/7199/1892 2403/7200/1894
f 2406/7201/1893 2403/7202/1894 2405/7203/1895
f 2405/7204/1895 2403/7205/1894 2404/7206/1895
f 2414/7207/1896 2415/7208/1896 2421/7209/1897
f 2421/7210/1897 2415/7211/1896 2416/7212/1897
f 2421/7213/1897 2416/7214/1897 2420/7215/1898
f 2420/7216/1898 2416/7217/1897 2417/7218/1898
f 2420/7219/1898 2417/7220/1898 2419/7221/1899
f 2419/7222/1899 2417/7223/1898 2418/7224/1899
f 2422/7225/1900 2423/7226/1901 2433/7227/1902
f 2433/7228/1902 2423/7229/1901 2434/7230/1903
f 2433/7231/1902 2434/7232/1903 2432/7233/1904
f 2432/7234/1904 2434/7235/1903 2430/7236/1905
f 2432/7237/1904 2430/7238/1905 2431/7239/1906
f 2423/7240/1901 2424/7241/1907 2434/7242/1903
f 2434/7243/1903 2424/7244/1907 2426/7245/1908
f 2434/7246/1903 2426/7247/1908 2427/7248/1909
f 2424/7249/1907 2425/7250/1910 2426/7251/1908
f 2428/7252/1911 2429/7253/1912 2427/7254/1909
f 2427/7255/1909 2429/7256/1912 2434/7257/1903
f 2429/7258/1912 2430/7259/1905 2434/7260/1903
f 2435/7261/1913 2436/7262/1913 2450/7263/1913
f 2450/7264/76 2436/7265/76 2449/7266/76
f 2449/7267/1266 2436/7268/1266 2447/7269/1266
f 2449/7270/76 2447/7271/76 2448/7272/76
f 2447/7273/76 2436/7274/76 2441/7275/76
f 2441/7276/76 2436/7277/76 2437/7278/76
f 2441/7279/76 2437/7280/76 2438/7281/76
f 2438/7282/76 2439/7283/76 2441/7284/76
f 2441/7285/76 2439/7286/76 2440/7287/76
f 2441/7288/76 2442/7289/76 2447/7290/76
f 2447/7291/76 2442/7292/76 2446/7293/76
f 2446/7294/1268 2442/7295/1268 2445/7296/1268
f 2445/7297/1269 2442/7298/1269 2444/7299/1269
f 2444/7300/76 2442/7301/76 2443/7302/76
f 2451/7303/1914 2452/7304/1915 2462/7305/1916
f 2462/7306/1916 2452/7307/1915 2463/7308/1917
f 2462/7309/1916 2463/7310/1917 2461/7311/1918
f 2461/7312/1918 2463/7313/1917 2459/7314/1919
f 2461/7315/1918 2459/7316/1919 2460/7317/1920
f 2452/7318/1915 2453/7319/1921 2463/7320/1917
f 2463/7321/1917 2453/7322/1921 2455/7323/1922
f 2463/7324/1917 2455/7325/1922 2456/7326/1923
f 2453/7327/1921 2454/7328/1924 2455/7329/1922
f 2457/7330/1925 2458/7331/1926 2456/7332/1923
f 2456/7333/1923 2458/7334/1926 2463/7335/1917
f 2458/7336/1926 2459/7337/1919 2463/7338/1917
f 2465/7339/1927 2466/7340/1928 2464/7341/1929
f 2464/7342/1929 2466/7343/1928 2467/7344/1930
f 2464/7345/1929 2467/7346/1930 2475/7347/1931
f 2475/7348/1931 2467/7349/1930 2468/7350/1932
f 2475/7351/1931 2468/7352/1932 2474/7353/1933
f 2474/7354/1933 2468/7355/1932 2469/7356/1934
f 2474/7357/1933 2469/7358/1934 2473/7359/1935
f 2473/7360/1935 2469/7361/1934 2470/7362/1936
f 2473/7363/1935 2470/7364/1936 2472/7365/1937
f 2472/7366/1937 2470/7367/1936 2471/7368/1938
f 2477/7369/1939 2478/7370/1939 2476/7371/1939
f 2476/7372/1940 2478/7373/1940 2487/7374/1940
f 2487/7375/1941 2478/7376/1941 2484/7377/1941
f 2487/7378/1942 2484/7379/1942 2485/7380/1942
f 2478/7381/1943 2479/7382/1943 2484/7383/1943
f 2484/7384/1944 2479/7385/1944 2483/7386/1944
f 2483/7387/1945 2479/7388/1945 2480/7389/1945
f 2483/7390/1946 2480/7391/1946 2481/7392/1946
f 2481/7393/1947 2482/7394/1947 2483/7395/1947
f 2485/7396/1948 2486/7397/1948 2487/7398/1948
f 2489/7399/1949 2497/7400/1950 2488/7401/1951
f 2488/7402/1951 2497/7403/1950 2498/7404/1952
f 2488/7405/1951 2498/7406/1952 2499/7407/1953
f 2497/7408/1950 2489/7409/1949 2496/7410/1954
f 2496/7411/1954 2489/7412/1949 2490/7413/1955
f 2496/7414/1954 2490/7415/1955 2495/7416/1956
f 2495/7417/1956 2490/7418/1955 2491/7419/1957
f 2495/7420/1956 2491/7421/1957 2494/7422/1958
f 2494/7423/1958 2491/7424/1957 2492/7425/1959
f 2494/7426/1958 2492/7427/1959 2493/7428/1960
f 2500/7429/1961 2501/7430/1961 2507/7431/1962
f 2507/7432/1962 2501/7433/1961 2502/7434/1963
f 2507/7435/1962 2502/7436/1963 2503/7437/1964
f 2504/7438/1965 2505/7439/1965 2503/7440/1964
f 2503/7441/1964 2505/7442/1965 2506/7443/1966
f 2503/7444/1964 2506/7445/1966 2507/7446/1962
f 2508/7447/1967 2509/7448/1968 2525/7449/1967
f 2525/7450/1967 2509/7451/1968 2524/7452/1969
f 2524/7453/1969 2509/7454/1968 2510/7455/1970
f 2524/7456/1969 2510/7457/1970 2523/7458/1971
f 2523/7459/1971 2510/7460/1970 2511/7461/1972
f 2523/7462/1971 2511/7463/1972 2522/7464/1973
f 2522/7465/1973 2511/7466/1972 2512/7467/1974
f 2522/7468/1973 2512/7469/1974 2521/7470/1975
f 2521/7471/1975 2512/7472/1974 2513/7473/1976
f 2521/7474/1975 2513/7475/1976 2520/7476/1977
f 2520/7477/1977 2513/7478/1976 2514/7479/1978
f 2520/7480/1977 2514/7481/1978 2519/7482/1979
f 2519/7483/1979 2514/7484/1978 2515/7485/1980
f 2519/7486/1979 2515/7487/1980 2518/7488/1981
f 2518/7489/1981 2515/7490/1980 2516/7491/1982
f 2518/7492/1981 2516/7493/1982 2517/7494/1982
f 2526/7495/1983 2527/7496/1983 2537/7497/1983
f 2537/7498/1984 2527/7499/1984 2528/7500/1984
f 2537/7501/1985 2528/7502/1985 2531/7503/1985
f 2531/7504/1986 2528/7505/1986 2530/7506/1986
f 2530/7507/1987 2528/7508/1987 2529/7509/1987
f 2537/7510/1988 2531/7511/1988 2536/7512/1988
f 2536/7513/1989 2531/7514/1989 2532/7515/1989
f 2536/7516/1990 2532/7517/1990 2535/7518/1990
f 2535/7519/1991 2532/7520/1991 2534/7521/1991
f 2534/7522/1992 2532/7523/1992 2533/7524/1992
f 2555/7525/1993 2538/7526/1993 2554/7527/1994
f 2554/7528/1994 2538/7529/1993 2539/7530/1995
f 2554/7531/1994 2539/7532/1995 2553/7533/1996
f 2553/7534/1996 2539/7535/1995 2540/7536/1997
f 2553/7537/1996 2540/7538/1997 2552/7539/1998
f 2552/7540/1998 2540/7541/1997 2541/7542/1999
f 2552/7543/1998 2541/7544/1999 2551/7545/2000
f 2551/7546/2000 2541/7547/1999 2542/7548/2001
f 2551/7549/2000 2542/7550/2001 2550/7551/2002
f 2550/7552/2002 2542/7553/2001 2543/7554/2003
f 2550/7555/2002 2543/7556/2003 2549/7557/2004
f 2549/7558/2004 2543/7559/2003 2544/7560/2005
f 2549/7561/2004 2544/7562/2005 2548/7563/2006
f 2548/7564/2006 2544/7565/2005 2545/7566/2007
f 2548/7567/2006 2545/7568/2007 2547/7569/2008
f 2547/7570/2008 2545/7571/2007 2546/7572/2009
f 2556/7573/2010 2557/7574/2010 2563/7575/2011
f 2563/7576/2011 2557/7577/2010 2558/7578/2011
f 2563/7579/2011 2558/7580/2011 2562/7581/2012
f 2562/7582/2012 2558/7583/2011 2559/7584/2012
f 2562/7585/2012 2559/7586/2012 2561/7587/2013
f 2561/7588/2013 2559/7589/2012 2560/7590/2013
f 2564/7591/2014 2565/7592/2015 2575/7593/2016
f 2575/7594/2016 2565/7595/2015 2576/7596/2017
f 2575/7597/2016 2576/7598/2017 2574/7599/2018
f 2574/7600/2018 2576/7601/2017 2572/7602/2019
f 2574/7603/2018 2572/7604/2019 2573/7605/2020
f 2565/7606/2015 2566/7607/2021 2576/7608/2017
f 2576/7609/2017 2566/7610/2021 2568/7611/2022
f 2576/7612/2017 2568/7613/2022 2569/7614/2023
f 2566/7615/2021 2567/7616/2024 2568/7617/2022
f 2570/7618/2025 2571/7619/2026 2569/7620/2023
f 2569/7621/2023 2571/7622/2026 2576/7623/2017
f 2571/7624/2026 2572/7625/2019 2576/7626/2017
f 2577/7627/609 2578/7628/609 2592/7629/609
f 2592/7630/2027 2578/7631/2027 2591/7632/2027
f 2591/7633/76 2578/7634/76 2589/7635/76
f 2591/7636/2028 2589/7637/2028 2590/7638/2028
f 2589/7639/76 2578/7640/76 2583/7641/76
f 2583/7642/2029 2578/7643/2029 2579/7644/2029
f 2583/7645/2030 2579/7646/2030 2580/7647/2030
f 2580/7648/615 2581/7649/615 2583/7650/615
f 2583/7651/2031 2581/7652/2031 2582/7653/2031
f 2583/7654/2032 2584/7655/2032 2589/7656/2032
f 2589/7657/76 2584/7658/76 2588/7659/76
f 2588/7660/616 2584/7661/616 2587/7662/616
f 2587/7663/2033 2584/7664/2033 2586/7665/2033
f 2586/7666/76 2584/7667/76 2585/7668/76
f 2594/7669/2034 2721/7670/2035 2593/7671/2036
f 2593/7672/2036 2721/7673/2035 2726/7674/2037
f 2593/7675/2036 2726/7676/2037 2652/7677/2038
f 2652/7678/2038 2726/7679/2037 2895/7680/2039
f 2652/7681/2038 2895/7682/2039 2651/7683/2040
f 2651/7684/2040 2895/7685/2039 2892/7686/2041
f 2651/7687/2040 2892/7688/2041 2650/7689/2042
f 2650/7690/2042 2892/7691/2041 2889/7692/2043
f 2650/7693/2042 2889/7694/2043 2649/7695/2044
f 2649/7696/2044 2889/7697/2043 2886/7698/2045
f 2649/7699/2044 2886/7700/2045 2648/7701/2046
f 2648/7702/2046 2886/7703/2045 2883/7704/2047
f 2648/7705/2046 2883/7706/2047 2647/7707/2048
f 2647/7708/2048 2883/7709/2047 2880/7710/2049
f 2647/7711/2048 2880/7712/2049 2646/7713/2050
f 2646/7714/2050 2880/7715/2049 2877/7716/2051
f 2646/7717/2050 2877/7718/2051 2645/7719/2052
f 2645/7720/2052 2877/7721/2051 2874/7722/2053
f 2645/7723/2052 2874/7724/2053 2644/7725/2054
f 2644/7726/2054 2874/7727/2053 2871/7728/2055
f 2644/7729/2054 2871/7730/2055 2643/7731/2056
f 2643/7732/2056 2871/7733/2055 2868/7734/2057
f 2643/7735/2056 2868/7736/2057 2642/7737/2058
f 2642/7738/2058 2868/7739/2057 2865/7740/2059
f 2642/7741/2058 2865/7742/2059 2641/7743/2060
f 2641/7744/2060 2865/7745/2059 2862/7746/2061
f 2641/7747/2060 2862/7748/2061 2640/7749/2062
f 2640/7750/2062 2862/7751/2061 2859/7752/2063
f 2640/7753/2062 2859/7754/2063 2639/7755/2064
f 2639/7756/2064 2859/7757/2063 2856/7758/2065
f 2639/7759/2064 2856/7760/2065 2638/7761/2066
f 2638/7762/2066 2856/7763/2065 2853/7764/2067
f 2638/7765/2066 2853/7766/2067 2637/7767/2068
f 2637/7768/2068 2853/7769/2067 2850/7770/2069
f 2637/7771/2068 2850/7772/2069 2636/7773/2070
f 2636/7774/2070 2850/7775/2069 2847/7776/2071
f 2636/7777/2070 2847/7778/2071 2635/7779/2072
f 2635/7780/2072 2847/7781/2071 2844/7782/2073
f 2635/7783/2072 2844/7784/2073 2634/7785/2074
f 2634/7786/2074 2844/7787/2073 2841/7788/2075
f 2634/7789/2074 2841/7790/2075 2633/7791/2076
f 2633/7792/2076 2841/7793/2075 2838/7794/2077
f 2633/7795/2076 2838/7796/2077 2632/7797/2078
f 2632/7798/2078 2838/7799/2077 2835/7800/2079
f 2632/7801/2078 2835/7802/2079 2631/7803/2080
f 2631/7804/2080 2835/7805/2079 2832/7806/2081
f 2631/7807/2080 2832/7808/2081 2630/7809/2082
f 2630/7810/2082 2832/7811/2081 2829/7812/2083
f 2630/7813/2082 2829/7814/2083 2629/7815/2084
f 2629/7816/2084 2829/7817/2083 2826/7818/2085
f 2629/7819/2084 2826/7820/2085 2628/7821/2086
f 2628/7822/2086 2826/7823/2085 2823/7824/2087
f 2628/7825/2086 2823/7826/2087 2627/7827/2088
f 2627/7828/2088 2823/7829/2087 2820/7830/2089
f 2627/7831/2088 2820/7832/2089 2626/7833/2090
f 2626/7834/2090 2820/7835/2089 2817/7836/2091
f 2626/7837/2090 2817/7838/2091 2625/7839/2092
f 2625/7840/2092 2817/7841/2091 2814/7842/2093
f 2625/7843/2092 2814/7844/2093 2624/7845/2094
f 2624/7846/2094 2814/7847/2093 2811/7848/2095
f 2624/7849/2094 2811/7850/2095 2623/7851/2096
f 2623/7852/2096 2811/7853/2095 2716/7854/2097
f 2713/7855/2098 2715/7856/2099 2622/7857/2100
f 2622/7858/2100 2715/7859/2099 2808/7860/2101
f 2622/7861/2100 2808/7862/2101 2621/7863/2102
f 2621/7864/2102 2808/7865/2101 2805/7866/2103
f 2621/7867/2102 2805/7868/2103 2620/7869/2104
f 2620/7870/2104 2805/7871/2103 2802/7872/2105
f 2620/7873/2104 2802/7874/2105 2619/7875/2106
f 2619/7876/2106 2802/7877/2105 2799/7878/2107
f 2619/7879/2106 2799/7880/2107 2618/7881/2108
f 2618/7882/2108 2799/7883/2107 2796/7884/2109
f 2618/7885/2108 2796/7886/2109 2617/7887/2110
f 2617/7888/2110 2796/7889/2109 2793/7890/2111
f 2617/7891/2110 2793/7892/2111 2616/7893/2112
f 2616/7894/2112 2793/7895/2111 2790/7896/2113
f 2616/7897/2112 2790/7898/2113 2615/7899/2114
f 2615/7900/2114 2790/7901/2113 2787/7902/2115
f 2615/7903/2114 2787/7904/2115 2614/7905/2116
f 2614/7906/2116 2787/7907/2115 2784/7908/2117
f 2614/7909/2116 2784/7910/2117 2613/7911/2118
f 2613/7912/2118 2784/7913/2117 2781/7914/2119
f 2613/7915/2118 2781/7916/2119 2612/7917/2120
f 2612/7918/2120 2781/7919/2119 2778/7920/2121
f 2612/7921/2120 2778/7922/2121 2611/7923/2122
f 2611/7924/2122 2778/7925/2121 2775/7926/2123
f 2611/7927/2122 2775/7928/2123 2610/7929/2124
f 2610/7930/2124 2775/7931/2123 2772/7932/2125
f 2610/7933/2124 2772/7934/2125 2609/7935/2126
f 2609/7936/2126 2772/7937/2125 2769/7938/2127
f 2609/7939/2126 2769/7940/2127 2608/7941/2128
f 2608/7942/2128 2769/7943/2127 2766/7944/2129
f 2608/7945/2128 2766/7946/2129 2607/7947/2130
f 2607/7948/2130 2766/7949/2129 2763/7950/2131
f 2607/7951/2130 2763/7952/2131 2606/7953/2132
f 2606/7954/2132 2763/7955/2131 2760/7956/2133
f 2606/7957/2132 2760/7958/2133 2605/7959/2134
f 2605/7960/2134 2760/7961/2133 2757/7962/2135
f 2605/7963/2134 2757/7964/2135 2604/7965/2136
f 2604/7966/2136 2757/7967/2135 2754/7968/2137
f 2604/7969/2136 2754/7970/2137 2603/7971/2138
f 2603/7972/2138 2754/7973/2137 2751/7974/2139
f 2603/7975/2138 2751/7976/2139 2602/7977/2140
f 2602/7978/2140 2751/7979/2139 2748/7980/2141
f 2602/7981/2140 2748/7982/2141 2601/7983/2142
f 2601/7984/2142 2748/7985/2141 2745/7986/2143
f 2601/7987/2142 2745/7988/2143 2600/7989/2144
f 2600/7990/2144 2745/7991/2143 2742/7992/2145
f 2600/7993/2144 2742/7994/2145 2599/7995/2146
f 2599/7996/2146 2742/7997/2145 2739/7998/2147
f 2599/7999/2146 2739/8000/2147 2598/8001/2148
f 2598/8002/2148 2739/8003/2147 2736/8004/2149
f 2598/8005/2148 2736/8006/2149 2597/8007/2150
f 2597/8008/2150 2736/8009/2149 2733/8010/2151
f 2597/8011/2150 2733/8012/2151 2596/8013/2152
f 2596/8014/2152 2733/8015/2151 2730/8016/2153
f 2596/8017/2152 2730/8018/2153 2595/8019/2154
f 2595/8020/2154 2730/8021/2153 2727/8022/2155
f 2595/8023/2154 2727/8024/2155 2594/8025/2034
f 2594/8026/2034 2727/8027/2155 2721/8028/2035
f 2654/8029/2156 2897/8030/2157 2653/8031/2158
f 2653/8032/2158 2897/8033/2157 2724/8034/2159
f 2653/8035/2158 2724/8036/2159 2712/8037/2160
f 2712/8038/2160 2724/8039/2159 2723/8040/2161
f 2712/8041/2160 2723/8042/2161 2711/8043/2162
f 2711/8044/2162 2723/8045/2161 2729/8046/2163
f 2711/8047/2162 2729/8048/2163 2710/8049/2164
f 2710/8050/2164 2729/8051/2163 2732/8052/2165
f 2710/8053/2164 2732/8054/2165 2709/8055/2166
f 2709/8056/2166 2732/8057/2165 2735/8058/2167
f 2709/8059/2166 2735/8060/2167 2708/8061/2168
f 2708/8062/2168 2735/8063/2167 2738/8064/2169
f 2708/8065/2168 2738/8066/2169 2707/8067/2170
f 2707/8068/2170 2738/8069/2169 2741/8070/2171
f 2707/8071/2170 2741/8072/2171 2706/8073/2172
f 2706/8074/2172 2741/8075/2171 2744/8076/2173
f 2706/8077/2172 2744/8078/2173 2705/8079/2174
f 2705/8080/2174 2744/8081/2173 2747/8082/2175
f 2705/8083/2174 2747/8084/2175 2704/8085/2176
f 2704/8086/2176 2747/8087/2175 2750/8088/2177
f 2704/8089/2176 2750/8090/2177 2703/8091/2178
f 2703/8092/2178 2750/8093/2177 2753/8094/2179
f 2703/8095/2178 2753/8096/2179 2702/8097/2180
f 2702/8098/2180 2753/8099/2179 2756/8100/2181
f 2702/8101/2180 2756/8102/2181 2701/8103/2182
f 2701/8104/2182 2756/8105/2181 2759/8106/2183
f 2701/8107/2182 2759/8108/2183 2700/8109/2184
f 2700/8110/2184 2759/8111/2183 2762/8112/2185
f 2700/8113/2184 2762/8114/2185 2699/8115/2186
f 2699/8116/2186 2762/8117/2185 2765/8118/2187
f 2699/8119/2186 2765/8120/2187 2698/8121/2188
f 2698/8122/2188 2765/8123/2187 2768/8124/2189
f 2698/8125/2188 2768/8126/2189 2697/8127/2190
f 2697/8128/2190 2768/8129/2189 2771/8130/2191
f 2697/8131/2190 2771/8132/2191 2696/8133/2192
f 2696/8134/2192 2771/8135/2191 2774/8136/2193
f 2696/8137/2192 2774/8138/2193 2695/8139/2194
f 2695/8140/2194 2774/8141/2193 2777/8142/2195
f 2695/8143/2194 2777/8144/2195 2694/8145/2196
f 2694/8146/2196 2777/8147/2195 2780/8148/2197
f 2694/8149/2196 2780/8150/2197 2693/8151/2198
f 2693/8152/2198 2780/8153/2197 2783/8154/2199
f 2693/8155/2198 2783/8156/2199 2692/8157/2200
f 2692/8158/2200 2783/8159/2199 2786/8160/2201
f 2692/8161/2200 2786/8162/2201 2691/8163/2202
f 2691/8164/2202 2786/8165/2201 2789/8166/2203
f 2691/8167/2202 2789/8168/2203 2690/8169/2204
f 2690/8170/2204 2789/8171/2203 2792/8172/2205
f 2690/8173/2204 2792/8174/2205 2689/8175/2206
f 2689/8176/2206 2792/8177/2205 2795/8178/2207
f 2689/8179/2206 2795/8180/2207 2688/8181/2208
f 2688/8182/2208 2795/8183/2207 2798/8184/2209
f 2688/8185/2208 2798/8186/2209 2687/8187/2210
f 2687/8188/2210 2798/8189/2209 2801/8190/2211
f 2687/8191/2210 2801/8192/2211 2686/8193/2212
f 2686/8194/2212 2801/8195/2211 2804/8196/2213
f 2686/8197/2212 2804/8198/2213 2685/8199/2214
f 2685/8200/2214 2804/8201/2213 2807/8202/2215
f 2685/8203/2214 2807/8204/2215 2684/8205/2216
f 2684/8206/2216 2807/8207/2215 2810/8208/2217
f 2684/8209/2216 2810/8210/2217 2683/8211/2218
f 2683/8212/2218 2810/8213/2217 2719/8214/2219
f 2714/8215/2220 2720/8216/2221 2682/8217/2222
f 2682/8218/2222 2720/8219/2221 2813/8220/2223
f 2682/8221/2222 2813/8222/2223 2681/8223/2224
f 2681/8224/2224 2813/8225/2223 2816/8226/2225
f 2681/8227/2224 2816/8228/2225 2680/8229/2226
f 2680/8230/2226 2816/8231/2225 2819/8232/2227
f 2680/8233/2226 2819/8234/2227 2679/8235/2228
f 2679/8236/2228 2819/8237/2227 2822/8238/2229
f 2679/8239/2228 2822/8240/2229 2678/8241/2230
f 2678/8242/2230 2822/8243/2229 2825/8244/2231
f 2678/8245/2230 2825/8246/2231 2677/8247/2232
f 2677/8248/2232 2825/8249/2231 2828/8250/2233
f 2677/8251/2232 2828/8252/2233 2676/8253/2234
f 2676/8254/2234 2828/8255/2233 2831/8256/2235
f 2676/8257/2234 2831/8258/2235 2675/8259/2236
f 2675/8260/2236 2831/8261/2235 2834/8262/2237
f 2675/8263/2236 2834/8264/2237 2674/8265/2238
f 2674/8266/2238 2834/8267/2237 2837/8268/2239
f 2674/8269/2238 2837/8270/2239 2673/8271/2240
f 2673/8272/2240 2837/8273/2239 2840/8274/2241
f 2673/8275/2240 2840/8276/2241 2672/8277/2242
f 2672/8278/2242 2840/8279/2241 2843/8280/2243
f 2672/8281/2242 2843/8282/2243 2671/8283/2244
f 2671/8284/2244 2843/8285/2243 2846/8286/2245
f 2671/8287/2244 2846/8288/2245 2670/8289/2246
f 2670/8290/2246 2846/8291/2245 2849/8292/2247
f 2670/8293/2246 2849/8294/2247 2669/8295/2248
f 2669/8296/2248 2849/8297/2247 2852/8298/2249
f 2669/8299/2248 2852/8300/2249 2668/8301/2250
f 2668/8302/2250 2852/8303/2249 2855/8304/2251
f 2668/8305/2250 2855/8306/2251 2667/8307/2252
f 2667/8308/2252 2855/8309/2251 2858/8310/2253
f 2667/8311/2252 2858/8312/2253 2666/8313/2254
f 2666/8314/2254 2858/8315/2253 2861/8316/2255
f 2666/8317/2254 2861/8318/2255 2665/8319/2256
f 2665/8320/2256 2861/8321/2255 2864/8322/2257
f 2665/8323/2256 2864/8324/2257 2664/8325/2258
f 2664/8326/2258 2864/8327/2257 2867/8328/2259
f 2664/8329/2258 2867/8330/2259 2663/8331/2260
f 2663/8332/2260 2867/8333/2259 2870/8334/2261
f 2663/8335/2260 2870/8336/2261 2662/8337/2262
f 2662/8338/2262 2870/8339/2261 2873/8340/2263
f 2662/8341/2262 2873/8342/2263 2661/8343/2264
f 2661/8344/2264 2873/8345/2263 2876/8346/2265
f 2661/8347/2264 2876/8348/2265 2660/8349/2266
f 2660/8350/2266 2876/8351/2265 2879/8352/2267
f 2660/8353/2266 2879/8354/2267 2659/8355/2268
f 2659/8356/2268 2879/8357/2267 2882/8358/2269
f 2659/8359/2268 2882/8360/2269 2658/8361/2270
f 2658/8362/2270 2882/8363/2269 2885/8364/2271
f 2658/8365/2270 2885/8366/2271 2657/8367/2272
f 2657/8368/2272 2885/8369/2271 2888/8370/2273
f 2657/8371/2272 2888/8372/2273 2656/8373/2274
f 2656/8374/2274 2888/8375/2273 2891/8376/2275
f 2656/8377/2274 2891/8378/2275 2655/8379/2276
f 2655/8380/2276 2891/8381/2275 2894/8382/2277
f 2655/8383/2276 2894/8384/2277 2654/8385/2156
f 2654/8386/2156 2894/8387/2277 2897/8388/2157
f 2715/8389/2099 2717/8390/2278 2808/8391/2101
f 2808/8392/2101 2717/8393/2278 2809/8394/2279
f 2808/8395/2101 2809/8396/2279 2805/8397/2103
f 2805/8398/2103 2809/8399/2279 2806/8400/2280
f 2805/8401/2103 2806/8402/2280 2802/8403/2105
f 2802/8404/2105 2806/8405/2280 2803/8406/2281
f 2802/8407/2105 2803/8408/2281 2799/8409/2107
f 2799/8410/2107 2803/8411/2281 2800/8412/2282
f 2799/8413/2107 2800/8414/2282 2796/8415/2109
f 2796/8416/2109 2800/8417/2282 2797/8418/2283
f 2796/8419/2109 2797/8420/2283 2793/8421/2111
f 2793/8422/2111 2797/8423/2283 2794/8424/2284
f 2793/8425/2111 2794/8426/2284 2790/8427/2113
f 2790/8428/2113 2794/8429/2284 2791/8430/2285
f 2790/8431/2113 2791/8432/2285 2787/8433/2115
f 2787/8434/2115 2791/8435/2285 2788/8436/2286
f 2787/8437/2115 2788/8438/2286 2784/8439/2117
f 2784/8440/2117 2788/8441/2286 2785/8442/2287
f 2784/8443/2117 2785/8444/2287 2781/8445/2119
f 2781/8446/2119 2785/8447/2287 2782/8448/2288
f 2781/8449/2119 2782/8450/2288 2778/8451/2121
f 2778/8452/2121 2782/8453/2288 2779/8454/2289
f 2778/8455/2121 2779/8456/2289 2775/8457/2123
f 2775/8458/2123 2779/8459/2289 2776/8460/2290
f 2775/8461/2123 2776/8462/2290 2772/8463/2125
f 2772/8464/2125 2776/8465/2290 2773/8466/2291
f 2772/8467/2125 2773/8468/2291 2769/8469/2127
f 2769/8470/2127 2773/8471/2291 2770/8472/2292
f 2769/8473/2127 2770/8474/2292 2766/8475/2129
f 2766/8476/2129 2770/8477/2292 2767/8478/2293
f 2766/8479/2129 2767/8480/2293 2763/8481/2131
f 2763/8482/2131 2767/8483/2293 2764/8484/2294
f 2763/8485/2131 2764/8486/2294 2760/8487/2133
f 2760/8488/2133 2764/8489/2294 2761/8490/2295
f 2760/8491/2133 2761/8492/2295 2757/8493/2135
f 2757/8494/2135 2761/8495/2295 2758/8496/2296
f 2757/8497/2135 2758/8498/2296 2754/8499/2137
f 2754/8500/2137 2758/8501/2296 2755/8502/2297
f 2754/8503/2137 2755/8504/2297 2751/8505/2139
f 2751/8506/2139 2755/8507/2297 2752/8508/2298
f 2751/8509/2139 2752/8510/2298 2748/8511/2141
f 2748/8512/2141 2752/8513/2298 2749/8514/2299
f 2748/8515/2141 2749/8516/2299 2745/8517/2143
f 2745/8518/2143 2749/8519/2299 2746/8520/2300
f 2745/8521/2143 2746/8522/2300 2742/8523/2145
f 2742/8524/2145 2746/8525/2300 2743/8526/2301
f 2742/8527/2145 2743/8528/2301 2739/8529/2147
f 2739/8530/2147 2743/8531/2301 2740/8532/2302
f 2739/8533/2147 2740/8534/2302 2736/8535/2149
f 2736/8536/2149 2740/8537/2302 2737/8538/2303
f 2736/8539/2149 2737/8540/2303 2733/8541/2151
f 2733/8542/2151 2737/8543/2303 2734/8544/2304
f 2733/8545/2151 2734/8546/2304 2730/8547/2153
f 2730/8548/2153 2734/8549/2304 2731/8550/2305
f 2730/8551/2153 2731/8552/2305 2727/8553/2155
f 2727/8554/2155 2731/8555/2305 2728/8556/2306
f 2727/8557/2155 2728/8558/2306 2721/8559/2035
f 2721/8560/2035 2728/8561/2306 2722/8562/2307
f 2721/8563/2035 2722/8564/2307 2726/8565/2037
f 2726/8566/2037 2722/8567/2307 2725/8568/2308
f 2726/8569/2037 2725/8570/2308 2895/8571/2039
f 2895/8572/2039 2725/8573/2308 2896/8574/2309
f 2895/8575/2039 2896/8576/2309 2892/8577/2041
f 2892/8578/2041 2896/8579/2309 2893/8580/2310
f 2892/8581/2041 2893/8582/2310 2889/8583/2043
f 2889/8584/2043 2893/8585/2310 2890/8586/2311
f 2889/8587/2043 2890/8588/2311 2886/8589/2045
f 2886/8590/2045 2890/8591/2311 2887/8592/2312
f 2886/8593/2045 2887/8594/2312 2883/8595/2047
f 2883/8596/2047 2887/8597/2312 2884/8598/2313
f 2883/8599/2047 2884/8600/2313 2880/8601/2049
f 2880/8602/2049 2884/8603/2313 2881/8604/2314
f 2880/8605/2049 2881/8606/2314 2877/8607/2051
f 2877/8608/2051 2881/8609/2314 2878/8610/2315
f 2877/8611/2051 2878/8612/2315 2874/8613/2053
f 2874/8614/2053 2878/8615/2315 2875/8616/2316
f 2874/8617/2053 2875/8618/2316 2871/8619/2055
f 2871/8620/2055 2875/8621/2316 2872/8622/2317
f 2871/8623/2055 2872/8624/2317 2868/8625/2057
f 2868/8626/2057 2872/8627/2317 2869/8628/2318
f 2868/8629/2057 2869/8630/2318 2865/8631/2059
f 2865/8632/2059 2869/8633/2318 2866/8634/2319
f 2865/8635/2059 2866/8636/2319 2862/8637/2061
f 2862/8638/2061 2866/8639/2319 2863/8640/2320
f 2862/8641/2061 2863/8642/2320 2859/8643/2063
f 2859/8644/2063 2863/8645/2320 2860/8646/2321
f 2859/8647/2063 2860/8648/2321 2856/8649/2065
f 2856/8650/2065 2860/8651/2321 2857/8652/2322
f 2856/8653/2065 2857/8654/2322 2853/8655/2067
f 2853/8656/2067 2857/8657/2322 2854/8658/2323
f 2853/8659/2067 2854/8660/2323 2850/8661/2069
f 2850/8662/2069 2854/8663/2323 2851/8664/2324
f 2850/8665/2069 2851/8666/2324 2847/8667/2071
f 2847/8668/2071 2851/8669/2324 2848/8670/2325
f 2847/8671/2071 2848/8672/2325 2844/8673/2073
f 2844/8674/2073 2848/8675/2325 2845/8676/2326
f 2844/8677/2073 2845/8678/2326 2841/8679/2075
f 2841/8680/2075 2845/8681/2326 2842/8682/2327
f 2841/8683/2075 2842/8684/2327 2838/8685/2077
f 2838/8686/2077 2842/8687/2327 2839/8688/2328
f 2838/8689/2077 2839/8690/2328 2835/8691/2079
f 2835/8692/2079 2839/8693/2328 2836/8694/2329
f 2835/8695/2079 2836/8696/2329 2832/8697/2081
f 2832/8698/2081 2836/8699/2329 2833/8700/2330
f 2832/8701/2081 2833/8702/2330 2829/8703/2083
f 2829/8704/2083 2833/8705/2330 2830/8706/2331
f 2829/8707/2083 2830/8708/2331 2826/8709/2085
f 2826/8710/2085 2830/8711/2331 2827/8712/2332
f 2826/8713/2085 2827/8714/2332 2823/8715/2087
f 2823/8716/2087 2827/8717/2332 2824/8718/2333
f 2823/8719/2087 2824/8720/2333 2820/8721/2089
f 2820/8722/2089 2824/8723/2333 2821/8724/2334
f 2820/8725/2089 2821/8726/2334 2817/8727/2091
f 2817/8728/2091 2821/8729/2334 2818/8730/2335
f 2817/8731/2091 2818/8732/2335 2814/8733/2093
f 2814/8734/2093 2818/8735/2335 2815/8736/2336
f 2814/8737/2093 2815/8738/2336 2811/8739/2095
f 2811/8740/2095 2815/8741/2336 2812/8742/2337
f 2811/8743/2095 2812/8744/2337 2716/8745/2097
f 2716/8746/2097 2812/8747/2337 2718/8748/2338
f 2717/8749/2278 2719/8750/2219 2809/8751/2279
f 2809/8752/2279 2719/8753/2219 2810/8754/2217
f 2809/8755/2279 2810/8756/2217 2806/8757/2280
f 2806/8758/2280 2810/8759/2217 2807/8760/2215
f 2806/8761/2280 2807/8762/2215 2803/8763/2281
f 2803/8764/2281 2807/8765/2215 2804/8766/2213
f 2803/8767/2281 2804/8768/2213 2800/8769/2282
f 2800/8770/2282 2804/8771/2213 2801/8772/2211
f 2800/8773/2282 2801/8774/2211 2797/8775/2283
f 2797/8776/2283 2801/8777/2211 2798/8778/2209
f 2797/8779/2283 2798/8780/2209 2794/8781/2284
f 2794/8782/2284 2798/8783/2209 2795/8784/2207
f 2794/8785/2284 2795/8786/2207 2791/8787/2285
f 2791/8788/2285 2795/8789/2207 2792/8790/2205
f 2791/8791/2285 2792/8792/2205 2788/8793/2286
f 2788/8794/2286 2792/8795/2205 2789/8796/2203
f 2788/8797/2286 2789/8798/2203 2785/8799/2287
f 2785/8800/2287 2789/8801/2203 2786/8802/2201
f 2785/8803/2287 2786/8804/2201 2782/8805/2288
f 2782/8806/2288 2786/8807/2201 2783/8808/2199
f 2782/8809/2288 2783/8810/2199 2779/8811/2289
f 2779/8812/2289 2783/8813/2199 2780/8814/2197
f 2779/8815/2289 2780/8816/2197 2776/8817/2290
f 2776/8818/2290 2780/8819/2197 2777/8820/2195
f 2776/8821/2290 2777/8822/2195 2773/8823/2291
f 2773/8824/2291 2777/8825/2195 2774/8826/2193
f 2773/8827/2291 2774/8828/2193 2770/8829/2292
f 2770/8830/2292 2774/8831/2193 2771/8832/2191
f 2770/8833/2292 2771/8834/2191 2767/8835/2293
f 2767/8836/2293 2771/8837/2191 2768/8838/2189
f 2767/8839/2293 2768/8840/2189 2764/8841/2294
f 2764/8842/2294 2768/8843/2189 2765/8844/2187
f 2764/8845/2294 2765/8846/2187 2761/8847/2295
f 2761/8848/2295 2765/8849/2187 2762/8850/2185
f 2761/8851/2295 2762/8852/2185 2758/8853/2296
f 2758/8854/2296 2762/8855/2185 2759/8856/2183
f 2758/8857/2296 2759/8858/2183 2755/8859/2297
f 2755/8860/2297 2759/8861/2183 2756/8862/2181
f 2755/8863/2297 2756/8864/2181 2752/8865/2298
f 2752/8866/2298 2756/8867/2181 2753/8868/2179
f 2752/8869/2298 2753/8870/2179 2749/8871/2299
f 2749/8872/2299 2753/8873/2179 2750/8874/2177
f 2749/8875/2299 2750/8876/2177 2746/8877/2300
f 2746/8878/2300 2750/8879/2177 2747/8880/2175
f 2746/8881/2300 2747/8882/2175 2743/8883/2301
f 2743/8884/2301 2747/8885/2175 2744/8886/2173
f 2743/8887/2301 2744/8888/2173 2740/8889/2302
f 2740/8890/2302 2744/8891/2173 2741/8892/2171
f 2740/8893/2302 2741/8894/2171 2737/8895/2303
f 2737/8896/2303 2741/8897/2171 2738/8898/2169
f 2737/8899/2303 2738/8900/2169 2734/8901/2304
f 2734/8902/2304 2738/8903/2169 2735/8904/2167
f 2734/8905/2304 2735/8906/2167 2731/8907/2305
f 2731/8908/2305 2735/8909/2167 2732/8910/2165
f 2731/8911/2305 2732/8912/2165 2728/8913/2306
f 2728/8914/2306 2732/8915/2165 2729/8916/2163
f 2728/8917/2306 2729/8918/2163 2722/8919/2307
f 2722/8920/2307 2729/8921/2163 2723/8922/2161
f 2722/8923/2307 2723/8924/2161 2725/8925/2308
f 2725/8926/2308 2723/8927/2161 2724/8928/2159
f 2725/8929/2308 2724/8930/2159 2896/8931/2309
f 2896/8932/2309 2724/8933/2159 2897/8934/2157
f 2896/8935/2309 2897/8936/2157 2893/8937/2310
f 2893/8938/2310 2897/8939/2157 2894/8940/2277
f 2893/8941/2310 2894/8942/2277 2890/8943/2311
f 2890/8944/2311 2894/8945/2277 2891/8946/2275
f 2890/8947/2311 2891/8948/2275 2887/8949/2312
f 2887/8950/2312 2891/8951/2275 2888/8952/2273
f 2887/8953/2312 2888/8954/2273 2884/8955/2313
f 2884/8956/2313 2888/8957/2273 2885/8958/2271
f 2884/8959/2313 2885/8960/2271 2881/8961/2314
f 2881/8962/2314 2885/8963/2271 2882/8964/2269
f 2881/8965/2314 2882/8966/2269 2878/8967/2315
f 2878/8968/2315 2882/8969/2269 2879/8970/2267
f 2878/8971/2315 2879/8972/2267 2875/8973/2316
f 2875/8974/2316 2879/8975/2267 2876/8976/2265
f 2875/8977/2316 2876/8978/2265 2872/8979/2317
f 2872/8980/2317 2876/8981/2265 2873/8982/2263
f 2872/8983/2317 2873/8984/2263 2869/8985/2318
f 2869/8986/2318 2873/8987/2263 2870/8988/2261
f 2869/8989/2318 2870/8990/2261 2866/8991/2319
f 2866/8992/2319 2870/8993/2261 2867/8994/2259
f 2866/8995/2319 2867/8996/2259 2863/8997/2320
f 2863/8998/2320 2867/8999/2259 2864/9000/2257
f 2863/9001/2320 2864/9002/2257 2860/9003/2321
f 2860/9004/2321 2864/9005/2257 2861/9006/2255
f 2860/9007/2321 2861/9008/2255 2857/9009/2322
f 2857/9010/2322 2861/9011/2255 2858/9012/2253
f 2857/9013/2322 2858/9014/2253 2854/9015/2323
f 2854/9016/2323 2858/9017/2253 2855/9018/2251
f 2854/9019/2323 2855/9020/2251 2851/9021/2324
f 2851/9022/2324 2855/9023/2251 2852/9024/2249
f 2851/9025/2324 2852/9026/2249 2848/9027/2325
f 2848/9028/2325 2852/9029/2249 2849/9030/2247
f 2848/9031/2325 2849/9032/2247 2845/9033/2326
f 2845/9034/2326 2849/9035/2247 2846/9036/2245
f 2845/9037/2326 2846/9038/2245 2842/9039/2327
f 2842/9040/2327 2846/9041/2245 2843/9042/2243
f 2842/9043/2327 2843/9044/2243 2839/9045/2328
f 2839/9046/2328 2843/9047/2243 2840/9048/2241
f 2839/9049/2328 2840/9050/2241 2836/9051/2329
f 2836/9052/2329 2840/9053/2241 2837/9054/2239
f 2836/9055/2329 2837/9056/2239 2833/9057/2330
f 2833/9058/2330 2837/9059/2239 2834/9060/2237
f 2833/9061/2330 2834/9062/2237 2830/9063/2331
f 2830/9064/2331 2834/9065/2237 2831/9066/2235
f 2830/9067/2331 2831/9068/2235 2827/9069/2332
f 2827/9070/2332 2831/9071/2235 2828/9072/2233
f 2827/9073/2332 2828/9074/2233 2824/9075/2333
f 2824/9076/2333 2828/9077/2233 2825/9078/2231
f 2824/9079/2333 2825/9080/2231 2821/9081/2334
f 2821/9082/2334 2825/9083/2231 2822/9084/2229
f 2821/9085/2334 2822/9086/2229 2818/9087/2335
f 2818/9088/2335 2822/9089/2229 2819/9090/2227
f 2818/9091/2335 2819/9092/2227 2815/9093/2336
f 2815/9094/2336 2819/9095/2227 2816/9096/2225
f 2815/9097/2336 2816/9098/2225 2812/9099/2337
f 2812/9100/2337 2816/9101/2225 2813/9102/2223
f 2812/9103/2337 2813/9104/2223 2718/9105/2338
f 2718/9106/2338 2813/9107/2223 2720/9108/2221
f 2899/9109/221 2907/9110/221 2898/9111/221
f 2898/9112/221 2907/9113/221 2908/9114/221
f 2898/9115/221 2908/9116/221 2917/9117/221
f 2917/9118/221 2908/9119/221 2909/9120/221
f 2917/9121/221 2909/9122/221 2916/9123/221
f 2916/9124/221 2909/9125/221 2910/9126/221
f 2916/9127/221 2910/9128/221 2915/9129/221
f 2915/9130/221 2910/9131/221 2911/9132/221
f 2915/9133/221 2911/9134/221 2914/9135/221
f 2914/9136/221 2911/9137/221 2912/9138/221
f 2914/9139/221 2912/9140/221 2913/9141/221
f 2907/9142/221 2899/9143/221 2906/9144/221
f 2906/9145/221 2899/9146/221 2900/9147/221
f 2906/9148/221 2900/9149/221 2905/9150/221
f 2905/9151/221 2900/9152/221 2901/9153/221
f 2905/9154/221 2901/9155/221 2904/9156/221
f 2904/9157/221 2901/9158/221 2902/9159/221
f 2904/9160/221 2902/9161/221 2903/9162/221
f 2919/9163/168 2938/9164/41 2918/9165/41
f 2918/9166/41 2938/9167/41 2939/9168/219
f 2918/9169/41 2939/9170/219 2937/9171/219
f 2937/9172/219 2939/9173/219 2940/9174/216
f 2937/9175/219 2940/9176/216 2936/9177/216
f 2936/9178/216 2940/9179/216 2941/9180/213
f 2936/9181/216 2941/9182/213 2935/9183/213
f 2935/9184/213 2941/9185/213 2942/9186/48
f 2935/9187/213 2942/9188/48 2934/9189/48
f 2934/9190/48 2942/9191/48 2943/9192/208
f 2934/9193/48 2943/9194/208 2933/9195/208
f 2933/9196/208 2943/9197/208 2944/9198/205
f 2933/9199/208 2944/9200/205 2932/9201/205
f 2932/9202/205 2944/9203/205 2945/9204/202
f 2932/9205/205 2945/9206/202 2931/9207/202
f 2931/9208/202 2945/9209/202 2946/9210/55
f 2931/9211/202 2946/9212/55 2930/9213/55
f 2930/9214/55 2946/9215/55 2947/9216/197
f 2930/9217/55 2947/9218/197 2929/9219/197
f 2929/9220/197 2947/9221/197 2928/9222/2339
f 2928/9223/2339 2947/9224/197 2959/9225/2339
f 2958/9226/2340 2948/9227/2340 2927/9228/190
f 2927/9229/190 2948/9230/2340 2949/9231/190
f 2927/9232/190 2949/9233/190 2950/9234/63
f 2938/9235/41 2919/9236/168 2957/9237/168
f 2957/9238/168 2919/9239/168 2920/9240/171
f 2957/9241/168 2920/9242/171 2956/9243/171
f 2956/9244/171 2920/9245/171 2921/9246/174
f 2956/9247/171 2921/9248/174 2955/9249/174
f 2955/9250/174 2921/9251/174 2922/9252/70
f 2955/9253/174 2922/9254/70 2954/9255/70
f 2954/9256/70 2922/9257/70 2923/9258/179
f 2954/9259/70 2923/9260/179 2953/9261/179
f 2953/9262/179 2923/9263/179 2924/9264/182
f 2953/9265/179 2924/9266/182 2952/9267/182
f 2952/9268/182 2924/9269/182 2925/9270/185
f 2952/9271/182 2925/9272/185 2951/9273/185
f 2951/9274/185 2925/9275/185 2926/9276/63
f 2951/9277/185 2926/9278/63 2950/9279/63
f 2950/9280/63 2926/9281/63 2927/9282/190
f 2961/9283/2341 3071/9284/2341 2960/9285/59
f 2960/9286/59 3071/9287/2341 3016/9288/59
f 2960/9289/59 3016/9290/59 3015/9291/2342
f 3015/9292/2342 3016/9293/59 3017/9294/2342
f 3015/9295/2342 3017/9296/2342 3014/9297/2343
f 3014/9298/2343 3017/9299/2342 3018/9300/2343
f 3014/9301/2343 3018/9302/2343 3013/9303/2344
f 3013/9304/2344 3018/9305/2343 3019/9306/2344
f 3013/9307/2344 3019/9308/2344 3012/9309/62
f 3012/9310/62 3019/9311/2344 3020/9312/62
f 3012/9313/62 3020/9314/62 3011/9315/2345
f 3011/9316/2345 3020/9317/62 3021/9318/2345
f 3011/9319/2345 3021/9320/2345 3010/9321/2346
f 3010/9322/2346 3021/9323/2345 3022/9324/2346
f 3010/9325/2346 3022/9326/2346 3009/9327/2347
f 3009/9328/2347 3022/9329/2346 3023/9330/2347
f 3009/9331/2347 3023/9332/2347 3008/9333/2348
f 3008/9334/2348 3023/9335/2347 3024/9336/2348
f 3008/9337/2348 3024/9338/2348 3007/9339/2349
f 3007/9340/2349 3024/9341/2348 3025/9342/2349
f 3007/9343/2349 3025/9344/2349 3006/9345/2350
f 3006/9346/2350 3025/9347/2349 3026/9348/2350
f 3006/9349/2350 3026/9350/2350 3005/9351/2351
f 3005/9352/2351 3026/9353/2350 3027/9354/2351
f 3005/9355/2351 3027/9356/2351 3004/9357/67
f 3004/9358/67 3027/9359/2351 3028/9360/67
f 3004/9361/67 3028/9362/67 3003/9363/2352
f 3003/9364/2352 3028/9365/67 3029/9366/2352
f 3003/9367/2352 3029/9368/2352 3002/9369/179
f 3002/9370/179 3029/9371/2352 3030/9372/179
f 3002/9373/179 3030/9374/179 3001/9375/2353
f 3001/9376/2353 3030/9377/179 3031/9378/2353
f 3001/9379/2353 3031/9380/2353 3000/9381/2354
f 3000/9382/2354 3031/9383/2353 3032/9384/2354
f 3000/9385/2354 3032/9386/2354 2999/9387/2355
f 2999/9388/2355 3032/9389/2354 3033/9390/2355
f 2999/9391/2355 3033/9392/2355 2998/9393/2356
f 2998/9394/2356 3033/9395/2355 3034/9396/2356
f 2998/9397/2356 3034/9398/2356 2997/9399/2357
f 2997/9400/2357 3034/9401/2356 3035/9402/2357
f 2997/9403/2357 3035/9404/2357 2996/9405/72
f 2996/9406/72 3035/9407/2357 3036/9408/72
f 2996/9409/72 3036/9410/72 2995/9411/2358
f 2995/9412/2358 3036/9413/72 3037/9414/2358
f 2995/9415/2358 3037/9416/2358 2994/9417/2359
f 2994/9418/2359 3037/9419/2358 3038/9420/2359
f 2994/9421/2359 3038/9422/2359 2993/9423/2360
f 2993/9424/2360 3038/9425/2359 3039/9426/2360
f 2993/9427/2360 3039/9428/2360 2992/9429/2361
f 2992/9430/2361 3039/9431/2360 3040/9432/2361
f 2992/9433/2361 3040/9434/2361 2991/9435/2362
f 2991/9436/2362 3040/9437/2361 3041/9438/2362
f 2991/9439/2362 3041/9440/2362 2990/9441/2363
f 2990/9442/2363 3041/9443/2362 3042/9444/2363
f 2990/9445/2363 3042/9446/2363 2989/9447/2364
f 2989/9448/2364 3042/9449/2363 3043/9450/2364
f 2989/9451/2364 3043/9452/2364 2988/9453/2365
f 2988/9454/2365 3043/9455/2364 3073/9456/2365
f 3072/9457/2366 3044/9458/2366 2987/9459/2367
f 2987/9460/2367 3044/9461/2366 3045/9462/2367
f 2987/9463/2367 3045/9464/2367 2986/9465/2368
f 2986/9466/2368 3045/9467/2367 3046/9468/2368
f 2986/9469/2368 3046/9470/2368 2985/9471/2369
f 2985/9472/2369 3046/9473/2368 3047/9474/2369
f 2985/9475/2369 3047/9476/2369 2984/9477/2370
f 2984/9478/2370 3047/9479/2369 3048/9480/2370
f 2984/9481/2370 3048/9482/2370 2983/9483/2371
f 2983/9484/2371 3048/9485/2370 3049/9486/2371
f 2983/9487/2371 3049/9488/2371 2982/9489/2372
f 2982/9490/2372 3049/9491/2371 3050/9492/2372
f 2982/9493/2372 3050/9494/2372 2981/9495/2373
f 2981/9496/2373 3050/9497/2372 3051/9498/2373
f 2981/9499/2373 3051/9500/2373 2980/9501/46
f 2980/9502/46 3051/9503/2373 3052/9504/46
f 2980/9505/46 3052/9506/46 2979/9507/2374
f 2979/9508/2374 3052/9509/46 3053/9510/2374
f 2979/9511/2374 3053/9512/2374 2978/9513/2375
f 2978/9514/2375 3053/9515/2374 3054/9516/2375
f 2978/9517/2375 3054/9518/2375 2977/9519/2376
f 2977/9520/2376 3054/9521/2375 3055/9522/2376
f 2977/9523/2376 3055/9524/2376 2976/9525/2377
f 2976/9526/2377 3055/9527/2376 3056/9528/2377
f 2976/9529/2377 3056/9530/2377 2975/9531/2378
f 2975/9532/2378 3056/9533/2377 3057/9534/2378
f 2975/9535/2378 3057/9536/2378 2974/9537/208
f 2974/9538/208 3057/9539/2378 3058/9540/208
f 2974/9541/208 3058/9542/208 2973/9543/2379
f 2973/9544/2379 3058/9545/208 3059/9546/2379
f 2973/9547/2379 3059/9548/2379 2972/9549/51
f 2972/9550/51 3059/9551/2379 3060/9552/51
f 2972/9553/51 3060/9554/51 2971/9555/2380
f 2971/9556/2380 3060/9557/51 3061/9558/2380
f 2971/9559/2380 3061/9560/2380 2970/9561/2381
f 2970/9562/2381 3061/9563/2380 3062/9564/2381
f 2970/9565/2381 3062/9566/2381 2969/9567/2382
f 2969/9568/2382 3062/9569/2381 3063/9570/2382
f 2969/9571/2382 3063/9572/2382 2968/9573/2383
f 2968/9574/2383 3063/9575/2382 3064/9576/2383
f 2968/9577/2383 3064/9578/2383 2967/9579/2384
f 2967/9580/2384 3064/9581/2383 3065/9582/2384
f 2967/9583/2384 3065/9584/2384 2966/9585/2385
f 2966/9586/2385 3065/9587/2384 3066/9588/2385
f 2966/9589/2385 3066/9590/2385 2965/9591/2386
f 2965/9592/2386 3066/9593/2385 3067/9594/2386
f 2965/9595/2386 3067/9596/2386 2964/9597/56
f 2964/9598/56 3067/9599/2386 3068/9600/56
f 2964/9601/56 3068/9602/56 2963/9603/2387
f 2963/9604/2387 3068/9605/56 3069/9606/2387
f 2963/9607/2387 3069/9608/2387 2962/9609/2388
f 2962/9610/2388 3069/9611/2387 3070/9612/2388
f 2962/9613/2388 3070/9614/2388 2961/9615/2341
f 2961/9616/2341 3070/9617/2388 3071/9618/2341
