# x500 visual component (visual-only, no physics meaning)
# source: https://github.com/PX4/PX4-gazebo-models.git@d754381a1cecdd7f17050acd72bf5bf1327bced6 models/x500_base/meshes/5010Bell.dae geometry=Body1-mesh node=BellSide/Bellside
# generated by landing_mujoco/tools/convert_x500_visual_assets.py v1.1.0
# COLLADA node transform baked; 8 decimal places; no decimation; all pieces
v -0.02937500 0.00000000 0.00000000
v -0.02921408 -0.00307052 0.00000000
v -0.02873309 -0.00610741 0.00000000
v -0.02793729 -0.00907737 0.00000000
v -0.02683540 -0.01194789 0.00000000
v -0.02543950 -0.01468750 0.00000000
v -0.02376487 -0.01726619 0.00000001
v -0.02182988 -0.01965571 0.00000001
v -0.01965571 -0.02182988 0.00000001
v -0.01726619 -0.02376487 0.00000001
v -0.01468750 -0.02543950 0.00000001
v -0.01194789 -0.02683540 0.00000001
v -0.00907737 -0.02793729 0.00000001
v -0.00610741 -0.02873309 0.00000001
v -0.00307052 -0.02921408 0.00000001
v 0.00000000 -0.02937500 0.00000001
v 0.00307052 -0.02921408 0.00000001
v 0.00610741 -0.02873309 0.00000001
v 0.00907737 -0.02793729 0.00000001
v 0.01194789 -0.02683540 0.00000001
v 0.01468750 -0.02543950 0.00000001
v 0.01726619 -0.02376487 0.00000001
v 0.01965571 -0.02182988 0.00000001
v 0.02182988 -0.01965571 0.00000001
v 0.02376487 -0.01726619 0.00000001
v 0.02543950 -0.01468750 0.00000000
v 0.02683540 -0.01194789 0.00000000
v 0.02793729 -0.00907737 0.00000000
v 0.02873309 -0.00610741 0.00000000
v 0.02921408 -0.00307052 0.00000000
v 0.02937500 0.00000000 0.00000000
v 0.02921408 0.00307052 -0.00000000
v 0.02873309 0.00610741 -0.00000000
v 0.02793729 0.00907737 -0.00000000
v 0.02683540 0.01194789 -0.00000000
v 0.02543950 0.01468750 -0.00000000
v 0.02376487 0.01726619 -0.00000001
v 0.02182988 0.01965571 -0.00000001
v 0.01965571 0.02182988 -0.00000001
v 0.01726619 0.02376487 -0.00000001
v 0.01468750 0.02543950 -0.00000001
v 0.01194789 0.02683540 -0.00000001
v 0.00907737 0.02793729 -0.00000001
v 0.00610741 0.02873309 -0.00000001
v 0.00307052 0.02921408 -0.00000001
v 0.00000000 0.02937500 -0.00000001
v -0.00307052 0.02921408 -0.00000001
v -0.00610741 0.02873309 -0.00000001
v -0.00907737 0.02793729 -0.00000001
v -0.01194789 0.02683540 -0.00000001
v -0.01468750 0.02543950 -0.00000001
v -0.01726619 0.02376487 -0.00000001
v -0.01965571 0.02182988 -0.00000001
v -0.02182988 0.01965571 -0.00000001
v -0.02376487 0.01726619 -0.00000001
v -0.02543950 0.01468750 -0.00000000
v -0.02683540 0.01194789 -0.00000000
v -0.02793729 0.00907737 -0.00000000
v -0.02873309 0.00610741 -0.00000000
v -0.02921408 0.00307052 -0.00000000
v -0.02950000 0.00000000 0.00012500
v -0.02933840 0.00308359 0.00012500
v -0.02885535 0.00613339 0.00012500
v -0.02805617 0.00911600 0.00012500
v -0.02694959 0.01199873 0.00012500
v -0.02554775 0.01475000 0.00012499
v -0.02386600 0.01733966 0.00012499
v -0.02192277 0.01973935 0.00012499
v -0.01973935 0.02192277 0.00012499
v -0.01733966 0.02386600 0.00012499
v -0.01475000 0.02554775 0.00012499
v -0.01199873 0.02694959 0.00012499
v -0.00911600 0.02805617 0.00012499
v -0.00613339 0.02885535 0.00012499
v -0.00308359 0.02933840 0.00012499
v 0.00000000 0.02950000 0.00012499
v 0.00308359 0.02933840 0.00012499
v 0.00613339 0.02885535 0.00012499
v 0.00911600 0.02805617 0.00012499
v 0.01199873 0.02694959 0.00012499
v 0.01475000 0.02554775 0.00012499
v 0.01733966 0.02386600 0.00012499
v 0.01973935 0.02192277 0.00012499
v 0.02192277 0.01973935 0.00012499
v 0.02386600 0.01733966 0.00012499
v 0.02554775 0.01475000 0.00012499
v 0.02694959 0.01199873 0.00012500
v 0.02805617 0.00911600 0.00012500
v 0.02885535 0.00613339 0.00012500
v 0.02933840 0.00308359 0.00012500
v 0.02950000 0.00000000 0.00012500
v 0.02933840 -0.00308359 0.00012500
v 0.02885535 -0.00613339 0.00012500
v 0.02805617 -0.00911600 0.00012500
v 0.02694959 -0.01199873 0.00012500
v 0.02554775 -0.01475000 0.00012500
v 0.02386600 -0.01733966 0.00012500
v 0.02192277 -0.01973935 0.00012501
v 0.01973935 -0.02192277 0.00012501
v 0.01733966 -0.02386600 0.00012501
v 0.01475000 -0.02554775 0.00012501
v 0.01199873 -0.02694959 0.00012501
v 0.00911600 -0.02805617 0.00012501
v 0.00613339 -0.02885535 0.00012501
v 0.00308359 -0.02933840 0.00012501
v 0.00000000 -0.02950000 0.00012501
v -0.00308359 -0.02933840 0.00012501
v -0.00613339 -0.02885535 0.00012501
v -0.00911600 -0.02805617 0.00012501
v -0.01199873 -0.02694959 0.00012501
v -0.01475000 -0.02554775 0.00012501
v -0.01733966 -0.02386600 0.00012501
v -0.01973935 -0.02192277 0.00012501
v -0.02192277 -0.01973935 0.00012501
v -0.02386600 -0.01733966 0.00012500
v -0.02554775 -0.01475000 0.00012500
v -0.02694959 -0.01199873 0.00012500
v -0.02805617 -0.00911600 0.00012500
v -0.02885535 -0.00613339 0.00012500
v -0.02933840 -0.00308359 0.00012500
v -0.02937500 0.00000000 0.00000000
v -0.02950000 0.00000000 0.00012500
v -0.02950000 0.00000000 0.01287500
v -0.02933840 0.00308359 0.01287500
v -0.02885535 0.00613340 0.01287500
v -0.02805617 0.00911600 0.01287500
v -0.02694959 0.01199873 0.01287500
v -0.02554775 0.01475000 0.01287500
v -0.02386600 0.01733966 0.01287499
v -0.02192277 0.01973935 0.01287499
v -0.01973935 0.02192277 0.01287499
v -0.01733966 0.02386600 0.01287499
v -0.01475000 0.02554775 0.01287499
v -0.01199873 0.02694959 0.01287499
v -0.00911600 0.02805617 0.01287499
v -0.00613339 0.02885535 0.01287499
v -0.00308359 0.02933840 0.01287499
v 0.00000000 0.02950000 0.01287499
v 0.00308359 0.02933840 0.01287499
v 0.00613339 0.02885535 0.01287499
v 0.00911600 0.02805617 0.01287499
v 0.01199873 0.02694959 0.01287499
v 0.01475000 0.02554775 0.01287499
v 0.01733966 0.02386600 0.01287499
v 0.01973935 0.02192277 0.01287499
v 0.02192277 0.01973935 0.01287499
v 0.02386600 0.01733966 0.01287499
v 0.02554775 0.01475000 0.01287500
v 0.02694959 0.01199873 0.01287500
v 0.02805617 0.00911600 0.01287500
v 0.02885535 0.00613340 0.01287500
v 0.02933840 0.00308359 0.01287500
v 0.02950000 0.00000000 0.01287500
v 0.02933840 -0.00308359 0.01287500
v 0.02885535 -0.00613339 0.01287500
v 0.02805617 -0.00911600 0.01287500
v 0.02694959 -0.01199873 0.01287500
v 0.02554775 -0.01475000 0.01287500
v 0.02386600 -0.01733966 0.01287501
v 0.02192277 -0.01973935 0.01287501
v 0.01973935 -0.02192277 0.01287501
v 0.01733966 -0.02386600 0.01287501
v 0.01475000 -0.02554775 0.01287501
v 0.01199873 -0.02694958 0.01287501
v 0.00911600 -0.02805617 0.01287501
v 0.00613339 -0.02885535 0.01287501
v 0.00308359 -0.02933840 0.01287501
v 0.00000000 -0.02950000 0.01287501
v -0.00308359 -0.02933840 0.01287501
v -0.00613339 -0.02885535 0.01287501
v -0.00911600 -0.02805617 0.01287501
v -0.01199873 -0.02694958 0.01287501
v -0.01475000 -0.02554775 0.01287501
v -0.01733966 -0.02386600 0.01287501
v -0.01973935 -0.02192277 0.01287501
v -0.02192277 -0.01973935 0.01287501
v -0.02386600 -0.01733966 0.01287501
v -0.02554775 -0.01475000 0.01287500
v -0.02694959 -0.01199873 0.01287500
v -0.02805617 -0.00911600 0.01287500
v -0.02885535 -0.00613339 0.01287500
v -0.02933840 -0.00308359 0.01287500
v -0.02950000 0.00000000 0.00012500
v -0.02933840 -0.00308359 0.00012500
v -0.02885535 -0.00613339 0.00012500
v -0.02805617 -0.00911600 0.00012500
v -0.02694959 -0.01199873 0.00012500
v -0.02554775 -0.01475000 0.00012500
v -0.02386600 -0.01733966 0.00012500
v -0.02192277 -0.01973935 0.00012501
v -0.01973935 -0.02192277 0.00012501
v -0.01733966 -0.02386600 0.00012501
v -0.01475000 -0.02554775 0.00012501
v -0.01199873 -0.02694959 0.00012501
v -0.00911600 -0.02805617 0.00012501
v -0.00613339 -0.02885535 0.00012501
v -0.00308359 -0.02933840 0.00012501
v 0.00000000 -0.02950000 0.00012501
v 0.00308359 -0.02933840 0.00012501
v 0.00613339 -0.02885535 0.00012501
v 0.00911600 -0.02805617 0.00012501
v 0.01199873 -0.02694959 0.00012501
v 0.01475000 -0.02554775 0.00012501
v 0.01733966 -0.02386600 0.00012501
v 0.01973935 -0.02192277 0.00012501
v 0.02192277 -0.01973935 0.00012501
v 0.02386600 -0.01733966 0.00012500
v 0.02554775 -0.01475000 0.00012500
v 0.02694959 -0.01199873 0.00012500
v 0.02805617 -0.00911600 0.00012500
v 0.02885535 -0.00613339 0.00012500
v 0.02933840 -0.00308359 0.00012500
v 0.02950000 0.00000000 0.00012500
v 0.02933840 0.00308359 0.00012500
v 0.02885535 0.00613339 0.00012500
v 0.02805617 0.00911600 0.00012500
v 0.02694959 0.01199873 0.00012500
v 0.02554775 0.01475000 0.00012499
v 0.02386600 0.01733966 0.00012499
v 0.02192277 0.01973935 0.00012499
v 0.01973935 0.02192277 0.00012499
v 0.01733966 0.02386600 0.00012499
v 0.01475000 0.02554775 0.00012499
v 0.01199873 0.02694959 0.00012499
v 0.00911600 0.02805617 0.00012499
v 0.00613339 0.02885535 0.00012499
v 0.00308359 0.02933840 0.00012499
v 0.00000000 0.02950000 0.00012499
v -0.00308359 0.02933840 0.00012499
v -0.00613339 0.02885535 0.00012499
v -0.00911600 0.02805617 0.00012499
v -0.01199873 0.02694959 0.00012499
v -0.01475000 0.02554775 0.00012499
v -0.01733966 0.02386600 0.00012499
v -0.01973935 0.02192277 0.00012499
v -0.02192277 0.01973935 0.00012499
v -0.02386600 0.01733966 0.00012499
v -0.02554775 0.01475000 0.00012499
v -0.02694959 0.01199873 0.00012500
v -0.02805617 0.00911600 0.00012500
v -0.02885535 0.00613339 0.00012500
v -0.02933840 0.00308359 0.00012500
v -0.02950000 0.00000000 0.00012500
v -0.02950000 0.00000000 0.01287500
v -0.02800000 0.00000000 0.00000000
v -0.02783586 -0.00302733 0.00000000
v -0.02734538 -0.00601917 0.00000000
v -0.02653429 -0.00894044 0.00000000
v -0.02541211 -0.01175689 0.00000000
v -0.02399200 -0.01443551 0.00000000
v -0.02229061 -0.01694488 0.00000001
v -0.02032787 -0.01925558 0.00000001
v -0.01812682 -0.02134054 0.00000001
v -0.01571324 -0.02317529 0.00000001
v -0.01311544 -0.02473834 0.00000001
v -0.01036387 -0.02601135 0.00000001
v -0.00749079 -0.02697940 0.00000001
v -0.00452990 -0.02763114 0.00000001
v -0.00151589 -0.02795894 0.00000001
v 0.00151589 -0.02795894 0.00000001
v 0.00452990 -0.02763114 0.00000001
v 0.00749079 -0.02697940 0.00000001
v 0.01036387 -0.02601135 0.00000001
v 0.01311544 -0.02473834 0.00000001
v 0.01571324 -0.02317529 0.00000001
v 0.01812682 -0.02134054 0.00000001
v 0.02032787 -0.01925558 0.00000001
v 0.02229061 -0.01694488 0.00000001
v 0.02399200 -0.01443551 0.00000000
v 0.02541211 -0.01175689 0.00000000
v 0.02653429 -0.00894044 0.00000000
v 0.02734538 -0.00601917 0.00000000
v 0.02783586 -0.00302733 0.00000000
v 0.02800000 0.00000000 0.00000000
v 0.02783586 0.00302733 -0.00000000
v 0.02734538 0.00601917 -0.00000000
v 0.02653429 0.00894044 -0.00000000
v 0.02541211 0.01175689 -0.00000000
v 0.02399200 0.01443551 -0.00000000
v 0.02229061 0.01694488 -0.00000001
v 0.02032787 0.01925558 -0.00000001
v 0.01812682 0.02134054 -0.00000001
v 0.01571324 0.02317529 -0.00000001
v 0.01311544 0.02473834 -0.00000001
v 0.01036387 0.02601135 -0.00000001
v 0.00749079 0.02697940 -0.00000001
v 0.00452990 0.02763114 -0.00000001
v 0.00151589 0.02795894 -0.00000001
v -0.00151589 0.02795894 -0.00000001
v -0.00452990 0.02763114 -0.00000001
v -0.00749079 0.02697940 -0.00000001
v -0.01036387 0.02601135 -0.00000001
v -0.01311544 0.02473834 -0.00000001
v -0.01571324 0.02317529 -0.00000001
v -0.01812682 0.02134054 -0.00000001
v -0.02032787 0.01925558 -0.00000001
v -0.02229061 0.01694488 -0.00000001
v -0.02399200 0.01443551 -0.00000000
v -0.02541211 0.01175689 -0.00000000
v -0.02653429 0.00894044 -0.00000000
v -0.02734538 0.00601917 -0.00000000
v -0.02783586 0.00302733 -0.00000000
v -0.02937500 0.00000000 0.00000000
v -0.02921408 0.00307052 -0.00000000
v -0.02873309 0.00610741 -0.00000000
v -0.02793729 0.00907737 -0.00000000
v -0.02683540 0.01194789 -0.00000000
v -0.02543950 0.01468750 -0.00000000
v -0.02376487 0.01726619 -0.00000001
v -0.02182988 0.01965571 -0.00000001
v -0.01965571 0.02182988 -0.00000001
v -0.01726619 0.02376487 -0.00000001
v -0.01468750 0.02543950 -0.00000001
v -0.01194789 0.02683540 -0.00000001
v -0.00907737 0.02793729 -0.00000001
v -0.00610741 0.02873309 -0.00000001
v -0.00307052 0.02921408 -0.00000001
v 0.00000000 0.02937500 -0.00000001
v 0.00307052 0.02921408 -0.00000001
v 0.00610741 0.02873309 -0.00000001
v 0.00907737 0.02793729 -0.00000001
v 0.01194789 0.02683540 -0.00000001
v 0.01468750 0.02543950 -0.00000001
v 0.01726619 0.02376487 -0.00000001
v 0.01965571 0.02182988 -0.00000001
v 0.02182988 0.01965571 -0.00000001
v 0.02376487 0.01726619 -0.00000001
v 0.02543950 0.01468750 -0.00000000
v 0.02683540 0.01194789 -0.00000000
v 0.02793729 0.00907737 -0.00000000
v 0.02873309 0.00610741 -0.00000000
v 0.02921408 0.00307052 -0.00000000
v 0.02937500 0.00000000 0.00000000
v 0.02921408 -0.00307052 0.00000000
v 0.02873309 -0.00610741 0.00000000
v 0.02793729 -0.00907737 0.00000000
v 0.02683540 -0.01194789 0.00000000
v 0.02543950 -0.01468750 0.00000000
v 0.02376487 -0.01726619 0.00000001
v 0.02182988 -0.01965571 0.00000001
v 0.01965571 -0.02182988 0.00000001
v 0.01726619 -0.02376487 0.00000001
v 0.01468750 -0.02543950 0.00000001
v 0.01194789 -0.02683540 0.00000001
v 0.00907737 -0.02793729 0.00000001
v 0.00610741 -0.02873309 0.00000001
v 0.00307052 -0.02921408 0.00000001
v 0.00000000 -0.02937500 0.00000001
v -0.00307052 -0.02921408 0.00000001
v -0.00610741 -0.02873309 0.00000001
v -0.00907737 -0.02793729 0.00000001
v -0.01194789 -0.02683540 0.00000001
v -0.01468750 -0.02543950 0.00000001
v -0.01726619 -0.02376487 0.00000001
v -0.01965571 -0.02182988 0.00000001
v -0.02182988 -0.01965571 0.00000001
v -0.02376487 -0.01726619 0.00000001
v -0.02543950 -0.01468750 0.00000000
v -0.02683540 -0.01194789 0.00000000
v -0.02793729 -0.00907737 0.00000000
v -0.02873309 -0.00610741 0.00000000
v -0.02921408 -0.00307052 0.00000000
v -0.02950000 0.00000000 0.01287500
v -0.02933840 -0.00308359 0.01287500
v -0.02885535 -0.00613339 0.01287500
v -0.02805617 -0.00911600 0.01287500
v -0.02694959 -0.01199873 0.01287500
v -0.02554775 -0.01475000 0.01287500
v -0.02386600 -0.01733966 0.01287501
v -0.02192277 -0.01973935 0.01287501
v -0.01973935 -0.02192277 0.01287501
v -0.01733966 -0.02386600 0.01287501
v -0.01475000 -0.02554775 0.01287501
v -0.01199873 -0.02694958 0.01287501
v -0.00911600 -0.02805617 0.01287501
v -0.00613339 -0.02885535 0.01287501
v -0.00308359 -0.02933840 0.01287501
v 0.00000000 -0.02950000 0.01287501
v 0.00308359 -0.02933840 0.01287501
v 0.00613339 -0.02885535 0.01287501
v 0.00911600 -0.02805617 0.01287501
v 0.01199873 -0.02694958 0.01287501
v 0.01475000 -0.02554775 0.01287501
v 0.01733966 -0.02386600 0.01287501
v 0.01973935 -0.02192277 0.01287501
v 0.02192277 -0.01973935 0.01287501
v 0.02386600 -0.01733966 0.01287501
v 0.02554775 -0.01475000 0.01287500
v 0.02694959 -0.01199873 0.01287500
v 0.02805617 -0.00911600 0.01287500
v 0.02885535 -0.00613339 0.01287500
v 0.02933840 -0.00308359 0.01287500
v 0.02950000 0.00000000 0.01287500
v 0.02933840 0.00308359 0.01287500
v 0.02885535 0.00613340 0.01287500
v 0.02805617 0.00911600 0.01287500
v 0.02694959 0.01199873 0.01287500
v 0.02554775 0.01475000 0.01287500
v 0.02386600 0.01733966 0.01287499
v 0.02192277 0.01973935 0.01287499
v 0.01973935 0.02192277 0.01287499
v 0.01733966 0.02386600 0.01287499
v 0.01475000 0.02554775 0.01287499
v 0.01199873 0.02694959 0.01287499
v 0.00911600 0.02805617 0.01287499
v 0.00613339 0.02885535 0.01287499
v 0.00308359 0.02933840 0.01287499
v 0.00000000 0.02950000 0.01287499
v -0.00308359 0.02933840 0.01287499
v -0.00613339 0.02885535 0.01287499
v -0.00911600 0.02805617 0.01287499
v -0.01199873 0.02694959 0.01287499
v -0.01475000 0.02554775 0.01287499
v -0.01733966 0.02386600 0.01287499
v -0.01973935 0.02192277 0.01287499
v -0.02192277 0.01973935 0.01287499
v -0.02386600 0.01733966 0.01287499
v -0.02554775 0.01475000 0.01287500
v -0.02694959 0.01199873 0.01287500
v -0.02805617 0.00911600 0.01287500
v -0.02885535 0.00613340 0.01287500
v -0.02933840 0.00308359 0.01287500
v -0.02937500 0.00000000 0.01300000
v -0.02921408 0.00307053 0.01300000
v -0.02873309 0.00610741 0.01300000
v -0.02793729 0.00907738 0.01300000
v -0.02683540 0.01194789 0.01300000
v -0.02543950 0.01468750 0.01299999
v -0.02376487 0.01726619 0.01299999
v -0.02182988 0.01965571 0.01299999
v -0.01965571 0.02182988 0.01299999
v -0.01726619 0.02376487 0.01299999
v -0.01468750 0.02543950 0.01299999
v -0.01194789 0.02683540 0.01299999
v -0.00907737 0.02793729 0.01299999
v -0.00610741 0.02873309 0.01299999
v -0.00307052 0.02921408 0.01299999
v 0.00000000 0.02937500 0.01299999
v 0.00307052 0.02921408 0.01299999
v 0.00610741 0.02873309 0.01299999
v 0.00907737 0.02793729 0.01299999
v 0.01194789 0.02683540 0.01299999
v 0.01468750 0.02543950 0.01299999
v 0.01726619 0.02376487 0.01299999
v 0.01965571 0.02182988 0.01299999
v 0.02182988 0.01965571 0.01299999
v 0.02376487 0.01726619 0.01299999
v 0.02543950 0.01468750 0.01299999
v 0.02683540 0.01194789 0.01300000
v 0.02793729 0.00907738 0.01300000
v 0.02873309 0.00610741 0.01300000
v 0.02921408 0.00307053 0.01300000
v 0.02937500 0.00000000 0.01300000
v 0.02921408 -0.00307052 0.01300000
v 0.02873309 -0.00610740 0.01300000
v 0.02793729 -0.00907737 0.01300000
v 0.02683540 -0.01194789 0.01300000
v 0.02543950 -0.01468750 0.01300000
v 0.02376487 -0.01726619 0.01300000
v 0.02182988 -0.01965571 0.01300001
v 0.01965571 -0.02182987 0.01300001
v 0.01726619 -0.02376487 0.01300001
v 0.01468750 -0.02543950 0.01300001
v 0.01194789 -0.02683540 0.01300001
v 0.00907737 -0.02793729 0.01300001
v 0.00610741 -0.02873308 0.01300001
v 0.00307052 -0.02921407 0.01300001
v 0.00000000 -0.02937500 0.01300001
v -0.00307052 -0.02921407 0.01300001
v -0.00610741 -0.02873308 0.01300001
v -0.00907737 -0.02793729 0.01300001
v -0.01194789 -0.02683540 0.01300001
v -0.01468750 -0.02543950 0.01300001
v -0.01726619 -0.02376487 0.01300001
v -0.01965571 -0.02182987 0.01300001
v -0.02182988 -0.01965571 0.01300001
v -0.02376487 -0.01726619 0.01300000
v -0.02543950 -0.01468750 0.01300000
v -0.02683540 -0.01194789 0.01300000
v -0.02793729 -0.00907737 0.01300000
v -0.02873309 -0.00610740 0.01300000
v -0.02921408 -0.00307052 0.01300000
v -0.02950000 0.00000000 0.01287500
v -0.02937500 0.00000000 0.01300000
v -0.02800000 0.00000000 0.01300000
v -0.02783586 0.00302734 0.01300000
v -0.02734538 0.00601918 0.01300000
v -0.02653429 0.00894045 0.01300000
v -0.02541211 0.01175689 0.01300000
v -0.02399200 0.01443551 0.01299999
v -0.02229061 0.01694488 0.01299999
v -0.02032787 0.01925558 0.01299999
v -0.01812682 0.02134054 0.01299999
v -0.01571324 0.02317529 0.01299999
v -0.01311544 0.02473834 0.01299999
v -0.01036387 0.02601135 0.01299999
v -0.00749079 0.02697940 0.01299999
v -0.00452990 0.02763114 0.01299999
v -0.00151589 0.02795894 0.01299999
v 0.00151589 0.02795894 0.01299999
v 0.00452990 0.02763114 0.01299999
v 0.00749079 0.02697940 0.01299999
v 0.01036387 0.02601135 0.01299999
v 0.01311544 0.02473834 0.01299999
v 0.01571324 0.02317529 0.01299999
v 0.01812682 0.02134054 0.01299999
v 0.02032787 0.01925558 0.01299999
v 0.02229061 0.01694488 0.01299999
v 0.02399200 0.01443551 0.01299999
v 0.02541211 0.01175689 0.01300000
v 0.02653429 0.00894045 0.01300000
v 0.02734538 0.00601918 0.01300000
v 0.02783586 0.00302734 0.01300000
v 0.02800000 0.00000000 0.01300000
v 0.02783586 -0.00302733 0.01300000
v 0.02734538 -0.00601917 0.01300000
v 0.02653429 -0.00894044 0.01300000
v 0.02541211 -0.01175689 0.01300000
v 0.02399200 -0.01443551 0.01300000
v 0.02229061 -0.01694488 0.01300000
v 0.02032787 -0.01925558 0.01300001
v 0.01812682 -0.02134053 0.01300001
v 0.01571324 -0.02317529 0.01300001
v 0.01311544 -0.02473834 0.01300001
v 0.01036387 -0.02601135 0.01300001
v 0.00749079 -0.02697940 0.01300001
v 0.00452990 -0.02763114 0.01300001
v 0.00151589 -0.02795893 0.01300001
v -0.00151589 -0.02795893 0.01300001
v -0.00452990 -0.02763114 0.01300001
v -0.00749079 -0.02697940 0.01300001
v -0.01036387 -0.02601135 0.01300001
v -0.01311544 -0.02473834 0.01300001
v -0.01571324 -0.02317529 0.01300001
v -0.01812682 -0.02134053 0.01300001
v -0.02032787 -0.01925558 0.01300001
v -0.02229061 -0.01694488 0.01300000
v -0.02399200 -0.01443551 0.01300000
v -0.02541211 -0.01175689 0.01300000
v -0.02653429 -0.00894044 0.01300000
v -0.02734538 -0.00601917 0.01300000
v -0.02783586 -0.00302733 0.01300000
v -0.02937500 0.00000000 0.01300000
v -0.02921408 -0.00307052 0.01300000
v -0.02873309 -0.00610740 0.01300000
v -0.02793729 -0.00907737 0.01300000
v -0.02683540 -0.01194789 0.01300000
v -0.02543950 -0.01468750 0.01300000
v -0.02376487 -0.01726619 0.01300000
v -0.02182988 -0.01965571 0.01300001
v -0.01965571 -0.02182987 0.01300001
v -0.01726619 -0.02376487 0.01300001
v -0.01468750 -0.02543950 0.01300001
v -0.01194789 -0.02683540 0.01300001
v -0.00907737 -0.02793729 0.01300001
v -0.00610741 -0.02873308 0.01300001
v -0.00307052 -0.02921407 0.01300001
v 0.00000000 -0.02937500 0.01300001
v 0.00307052 -0.02921407 0.01300001
v 0.00610741 -0.02873308 0.01300001
v 0.00907737 -0.02793729 0.01300001
v 0.01194789 -0.02683540 0.01300001
v 0.01468750 -0.02543950 0.01300001
v 0.01726619 -0.02376487 0.01300001
v 0.01965571 -0.02182987 0.01300001
v 0.02182988 -0.01965571 0.01300001
v 0.02376487 -0.01726619 0.01300000
v 0.02543950 -0.01468750 0.01300000
v 0.02683540 -0.01194789 0.01300000
v 0.02793729 -0.00907737 0.01300000
v 0.02873309 -0.00610740 0.01300000
v 0.02921408 -0.00307052 0.01300000
v 0.02937500 0.00000000 0.01300000
v 0.02921408 0.00307053 0.01300000
v 0.02873309 0.00610741 0.01300000
v 0.02793729 0.00907738 0.01300000
v 0.02683540 0.01194789 0.01300000
v 0.02543950 0.01468750 0.01299999
v 0.02376487 0.01726619 0.01299999
v 0.02182988 0.01965571 0.01299999
v 0.01965571 0.02182988 0.01299999
v 0.01726619 0.02376487 0.01299999
v 0.01468750 0.02543950 0.01299999
v 0.01194789 0.02683540 0.01299999
v 0.00907737 0.02793729 0.01299999
v 0.00610741 0.02873309 0.01299999
v 0.00307052 0.02921408 0.01299999
v 0.00000000 0.02937500 0.01299999
v -0.00307052 0.02921408 0.01299999
v -0.00610741 0.02873309 0.01299999
v -0.00907737 0.02793729 0.01299999
v -0.01194789 0.02683540 0.01299999
v -0.01468750 0.02543950 0.01299999
v -0.01726619 0.02376487 0.01299999
v -0.01965571 0.02182988 0.01299999
v -0.02182988 0.01965571 0.01299999
v -0.02376487 0.01726619 0.01299999
v -0.02543950 0.01468750 0.01299999
v -0.02683540 0.01194789 0.01300000
v -0.02793729 0.00907738 0.01300000
v -0.02873309 0.00610741 0.01300000
v -0.02921408 0.00307053 0.01300000
v -0.02800000 0.00000000 0.01300000
v -0.02783586 -0.00302733 0.01300000
v -0.02734538 -0.00601917 0.01300000
v -0.02653429 -0.00894044 0.01300000
v -0.02541211 -0.01175689 0.01300000
v -0.02399200 -0.01443551 0.01300000
v -0.02229061 -0.01694488 0.01300000
v -0.02032787 -0.01925558 0.01300001
v -0.01812682 -0.02134053 0.01300001
v -0.01571324 -0.02317529 0.01300001
v -0.01311544 -0.02473834 0.01300001
v -0.01036387 -0.02601135 0.01300001
v -0.00749079 -0.02697940 0.01300001
v -0.00452990 -0.02763114 0.01300001
v -0.00151589 -0.02795893 0.01300001
v 0.00151589 -0.02795893 0.01300001
v 0.00452990 -0.02763114 0.01300001
v 0.00749079 -0.02697940 0.01300001
v 0.01036387 -0.02601135 0.01300001
v 0.01311544 -0.02473834 0.01300001
v 0.01571324 -0.02317529 0.01300001
v 0.01812682 -0.02134053 0.01300001
v 0.02032787 -0.01925558 0.01300001
v 0.02229061 -0.01694488 0.01300000
v 0.02399200 -0.01443551 0.01300000
v 0.02541211 -0.01175689 0.01300000
v 0.02653429 -0.00894044 0.01300000
v 0.02734538 -0.00601917 0.01300000
v 0.02783586 -0.00302733 0.01300000
v 0.02800000 0.00000000 0.01300000
v 0.02783586 0.00302734 0.01300000
v 0.02734538 0.00601918 0.01300000
v 0.02653429 0.00894045 0.01300000
v 0.02541211 0.01175689 0.01300000
v 0.02399200 0.01443551 0.01299999
v 0.02229061 0.01694488 0.01299999
v 0.02032787 0.01925558 0.01299999
v 0.01812682 0.02134054 0.01299999
v 0.01571324 0.02317529 0.01299999
v 0.01311544 0.02473834 0.01299999
v 0.01036387 0.02601135 0.01299999
v 0.00749079 0.02697940 0.01299999
v 0.00452990 0.02763114 0.01299999
v 0.00151589 0.02795894 0.01299999
v -0.00151589 0.02795894 0.01299999
v -0.00452990 0.02763114 0.01299999
v -0.00749079 0.02697940 0.01299999
v -0.01036387 0.02601135 0.01299999
v -0.01311544 0.02473834 0.01299999
v -0.01571324 0.02317529 0.01299999
v -0.01812682 0.02134054 0.01299999
v -0.02032787 0.01925558 0.01299999
v -0.02229061 0.01694488 0.01299999
v -0.02399200 0.01443551 0.01299999
v -0.02541211 0.01175689 0.01300000
v -0.02653429 0.00894045 0.01300000
v -0.02734538 0.00601918 0.01300000
v -0.02783586 0.00302734 0.01300000
v -0.02800000 0.00000000 0.00000000
v -0.02783586 0.00302733 -0.00000000
v -0.02734538 0.00601917 -0.00000000
v -0.02653429 0.00894044 -0.00000000
v -0.02541211 0.01175689 -0.00000000
v -0.02399200 0.01443551 -0.00000000
v -0.02229061 0.01694488 -0.00000001
v -0.02032787 0.01925558 -0.00000001
v -0.01812682 0.02134054 -0.00000001
v -0.01571324 0.02317529 -0.00000001
v -0.01311544 0.02473834 -0.00000001
v -0.01036387 0.02601135 -0.00000001
v -0.00749079 0.02697940 -0.00000001
v -0.00452990 0.02763114 -0.00000001
v -0.00151589 0.02795894 -0.00000001
v 0.00151589 0.02795894 -0.00000001
v 0.00452990 0.02763114 -0.00000001
v 0.00749079 0.02697940 -0.00000001
v 0.01036387 0.02601135 -0.00000001
v 0.01311544 0.02473834 -0.00000001
v 0.01571324 0.02317529 -0.00000001
v 0.01812682 0.02134054 -0.00000001
v 0.02032787 0.01925558 -0.00000001
v 0.02229061 0.01694488 -0.00000001
v 0.02399200 0.01443551 -0.00000000
v 0.02541211 0.01175689 -0.00000000
v 0.02653429 0.00894044 -0.00000000
v 0.02734538 0.00601917 -0.00000000
v 0.02783586 0.00302733 -0.00000000
v 0.02800000 0.00000000 0.00000000
v 0.02783586 -0.00302733 0.00000000
v 0.02734538 -0.00601917 0.00000000
v 0.02653429 -0.00894044 0.00000000
v 0.02541211 -0.01175689 0.00000000
v 0.02399200 -0.01443551 0.00000000
v 0.02229061 -0.01694488 0.00000001
v 0.02032787 -0.01925558 0.00000001
v 0.01812682 -0.02134054 0.00000001
v 0.01571324 -0.02317529 0.00000001
v 0.01311544 -0.02473834 0.00000001
v 0.01036387 -0.02601135 0.00000001
v 0.00749079 -0.02697940 0.00000001
v 0.00452990 -0.02763114 0.00000001
v 0.00151589 -0.02795894 0.00000001
v -0.00151589 -0.02795894 0.00000001
v -0.00452990 -0.02763114 0.00000001
v -0.00749079 -0.02697940 0.00000001
v -0.01036387 -0.02601135 0.00000001
v -0.01311544 -0.02473834 0.00000001
v -0.01571324 -0.02317529 0.00000001
v -0.01812682 -0.02134054 0.00000001
v -0.02032787 -0.01925558 0.00000001
v -0.02229061 -0.01694488 0.00000001
v -0.02399200 -0.01443551 0.00000000
v -0.02541211 -0.01175689 0.00000000
v -0.02653429 -0.00894044 0.00000000
v -0.02734538 -0.00601917 0.00000000
v -0.02783586 -0.00302733 0.00000000
v -0.02800000 0.00000000 0.01300000
v -0.02800000 0.00000000 0.00000000
vt 0.00000000 0.00000000
vt 0.00000000 0.00000000
vt 0.00000000 0.00000000
vt 0.00000000 0.00000000
vt 0.00000000 0.00000000
vt 0.00000000 0.00000000
vt 0.00000000 0.00000000
vt 0.00000000 0.00000000
vt 0.00000000 0.00000000
vt 0.00000000 0.00000000
vt 0.00000000 0.00000000
vt 0.00000000 0.00000000
vt 0.00000000 0.00000000
vt 0.00000000 0.00000000
vt 0.00000000 0.00000000
vt 0.00000000 0.00000000
vt 0.00000000 0.00000000
vt 0.00000000 0.00000000
vt 0.00000000 0.00000000
vt 0.00000000 0.00000000
vt 0.00000000 0.00000000
vt 0.00000000 0.00000000
vt 0.00000000 0.00000000
vt 0.00000000 0.00000000
vt 0.00000000 0.00000000
vt 0.00000000 0.00000000
vt 0.00000000 0.00000000
vt 0.00000000 0.00000000
vt 0.00000000 0.00000000
vt 0.00000000 0.00000000
vt 0.00000000 0.00000000
vt 0.00000000 0.00000000
vt 0.00000000 0.00000000
vt 0.00000000 0.00000000
vt 0.00000000 0.00000000
vt 0.00000000 0.00000000
vt 0.00000000 0.00000000
vt 0.00000000 0.00000000
vt 0.00000000 0.00000000
vt 0.00000000 0.00000000
vt 0.00000000 0.00000000
vt 0.00000000 0.00000000
vt 0.00000000 0.00000000
vt 0.00000000 0.00000000
vt 0.00000000 0.00000000
vt 0.00000000 0.00000000
vt 0.00000000 0.00000000
vt 0.00000000 0.00000000
vt 0.00000000 0.00000000
vt 0.00000000 0.00000000
vt 0.00000000 0.00000000
vt 0.00000000 0.00000000
vt 0.00000000 0.00000000
vt 0.00000000 0.00000000
vt 0.00000000 0.00000000
vt 0.00000000 0.00000000
vt 0.00000000 0.00000000
vt 0.00000000 0.00000000
vt 0.00000000 0.00000000
vt 0.00000000 0.00000000
vt 0.00000000 0.00000000
vt 0.00000000 0.00000000
vt 0.00000000 0.00000000
vt 0.00000000 0.00000000
vt 0.00000000 0.00000000
vt 0.00000000 0.00000000
vt 0.00000000 0.00000000
vt 0.00000000 0.00000000
vt 0.00000000 0.00000000
vt 0.00000000 0.00000000
vt 0.00000000 0.00000000
vt 0.00000000 0.00000000
vt 0.00000000 0.00000000
vt 0.00000000 0.00000000
vt 0.00000000 0.00000000
vt 0.00000000 0.00000000
vt 0.00000000 0.00000000
vt 0.00000000 0.00000000
vt 0.00000000 0.00000000
vt 0.00000000 0.00000000
vt 0.00000000 0.00000000
vt 0.00000000 0.00000000
vt 0.00000000 0.00000000
vt 0.00000000 0.00000000
vt 0.00000000 0.00000000
vt 0.00000000 0.00000000
vt 0.00000000 0.00000000
vt 0.00000000 0.00000000
vt 0.00000000 0.00000000
vt 0.00000000 0.00000000
vt 0.00000000 0.00000000
vt 0.00000000 0.00000000
vt 0.00000000 0.00000000
vt 0.00000000 0.00000000
vt 0.00000000 0.00000000
vt 0.00000000 0.00000000
vt 0.00000000 0.00000000
vt 0.00000000 0.00000000
vt 0.00000000 0.00000000
vt 0.00000000 0.00000000
vt 0.00000000 0.00000000
vt 0.00000000 0.00000000
vt 0.00000000 0.00000000
vt 0.00000000 0.00000000
vt 0.00000000 0.00000000
vt 0.00000000 0.00000000
vt 0.00000000 0.00000000
vt 0.00000000 0.00000000
vt 0.00000000 0.00000000
vt 0.00000000 0.00000000
vt 0.00000000 0.00000000
vt 0.00000000 0.00000000
vt 0.00000000 0.00000000
vt 0.00000000 0.00000000
vt 0.00000000 0.00000000
vt 0.00000000 0.00000000
vt 0.00000000 0.00000000
vt 0.00000000 0.00000000
vt 0.00000000 0.00000000
vt 0.00000000 0.00000000
vt 0.00000000 0.00000000
vt 0.00000000 0.00000000
vt 0.00000000 0.00000000
vt 0.00000000 0.00000000
vt 0.00000000 0.00000000
vt 0.00000000 0.00000000
vt 0.00000000 0.00000000
vt 0.00000000 0.00000000
vt 0.00000000 0.00000000
vt 0.00000000 0.00000000
vt 0.00000000 0.00000000
vt 0.00000000 0.00000000
vt 0.00000000 0.00000000
vt 0.00000000 0.00000000
vt 0.00000000 0.00000000
vt 0.00000000 0.00000000
vt 0.00000000 0.00000000
vt 0.00000000 0.00000000
vt 0.00000000 0.00000000
vt 0.00000000 0.00000000
vt 0.00000000 0.00000000
vt 0.00000000 0.00000000
vt 0.00000000 0.00000000
vt 0.00000000 0.00000000
vt 0.00000000 0.00000000
vt 0.00000000 0.00000000
vt 0.00000000 0.00000000
vt 0.00000000 0.00000000
vt 0.00000000 0.00000000
vt 0.00000000 0.00000000
vt 0.00000000 0.00000000
vt 0.00000000 0.00000000
vt 0.00000000 0.00000000
vt 0.00000000 0.00000000
vt 0.00000000 0.00000000
vt 0.00000000 0.00000000
vt 0.00000000 0.00000000
vt 0.00000000 0.00000000
vt 0.00000000 0.00000000
vt 0.00000000 0.00000000
vt 0.00000000 0.00000000
vt 0.00000000 0.00000000
vt 0.00000000 0.00000000
vt 0.00000000 0.00000000
vt 0.00000000 0.00000000
vt 0.00000000 0.00000000
vt 0.00000000 0.00000000
vt 0.00000000 0.00000000
vt 0.00000000 0.00000000
vt 0.00000000 0.00000000
vt 0.00000000 0.00000000
vt 0.00000000 0.00000000
vt 0.00000000 0.00000000
vt 0.00000000 0.00000000
vt 0.00000000 0.00000000
vt 0.00000000 0.00000000
vt 0.00000000 0.00000000
vt 0.00000000 0.00000000
vt 0.00000000 0.00000000
vt 0.00000000 0.00000000
vt 0.00000000 0.00000000
vt 0.00000000 0.00000000
vt 0.00000000 0.00000000
vt 0.00000000 0.00000000
vt 0.00000000 0.00000000
vt 0.00000000 0.00000000
vt 0.00000000 0.00000000
vt 0.00000000 0.00000000
vt 0.00000000 0.00000000
vt 0.00000000 0.00000000
vt 0.00000000 0.00000000
vt 0.00000000 0.00000000
vt 0.00000000 0.00000000
vt 0.00000000 0.00000000
vt 0.00000000 0.00000000
vt 0.00000000 0.00000000
vt 0.00000000 0.00000000
vt 0.00000000 0.00000000
vt 0.00000000 0.00000000
vt 0.00000000 0.00000000
vt 0.00000000 0.00000000
vt 0.00000000 0.00000000
vt 0.00000000 0.00000000
vt 0.00000000 0.00000000
vt 0.00000000 0.00000000
vt 0.00000000 0.00000000
vt 0.00000000 0.00000000
vt 0.00000000 0.00000000
vt 0.00000000 0.00000000
vt 0.00000000 0.00000000
vt 0.00000000 0.00000000
vt 0.00000000 0.00000000
vt 0.00000000 0.00000000
vt 0.00000000 0.00000000
vt 0.00000000 0.00000000
vt 0.00000000 0.00000000
vt 0.00000000 0.00000000
vt 0.00000000 0.00000000
vt 0.00000000 0.00000000
vt 0.00000000 0.00000000
vt 0.00000000 0.00000000
vt 0.00000000 0.00000000
vt 0.00000000 0.00000000
vt 0.00000000 0.00000000
vt 0.00000000 0.00000000
vt 0.00000000 0.00000000
vt 0.00000000 0.00000000
vt 0.00000000 0.00000000
vt 0.00000000 0.00000000
vt 0.00000000 0.00000000
vt 0.00000000 0.00000000
vt 0.00000000 0.00000000
vt 0.00000000 0.00000000
vt 0.00000000 0.00000000
vt 0.00000000 0.00000000
vt 0.00000000 0.00000000
vt 0.00000000 0.00000000
vt 0.00000000 0.00000000
vt 0.00000000 0.00000000
vt 0.00000000 0.00000000
vt 0.00000000 0.00000000
vt 0.00000000 0.00000000
vt 0.00000000 0.00000000
vt 0.00000000 0.00000000
vt 0.00000000 0.00000000
vt 0.00000000 0.00000000
vt 0.00000000 0.00000000
vt 0.00000000 0.00000000
vt 0.00000000 0.00000000
vt 0.00000000 0.00000000
vt 0.00000000 0.00000000
vt 0.00000000 0.00000000
vt 0.00000000 0.00000000
vt 0.00000000 0.00000000
vt 0.00000000 0.00000000
vt 0.00000000 0.00000000
vt 0.00000000 0.00000000
vt 0.00000000 0.00000000
vt 0.00000000 0.00000000
vt 0.00000000 0.00000000
vt 0.00000000 0.00000000
vt 0.00000000 0.00000000
vt 0.00000000 0.00000000
vt 0.00000000 0.00000000
vt 0.00000000 0.00000000
vt 0.00000000 0.00000000
vt 0.00000000 0.00000000
vt 0.00000000 0.00000000
vt 0.00000000 0.00000000
vt 0.00000000 0.00000000
vt 0.00000000 0.00000000
vt 0.00000000 0.00000000
vt 0.00000000 0.00000000
vt 0.00000000 0.00000000
vt 0.00000000 0.00000000
vt 0.00000000 0.00000000
vt 0.00000000 0.00000000
vt 0.00000000 0.00000000
vt 0.00000000 0.00000000
vt 0.00000000 0.00000000
vt 0.00000000 0.00000000
vt 0.00000000 0.00000000
vt 0.00000000 0.00000000
vt 0.00000000 0.00000000
vt 0.00000000 0.00000000
vt 0.00000000 0.00000000
vt 0.00000000 0.00000000
vt 0.00000000 0.00000000
vt 0.00000000 0.00000000
vt 0.00000000 0.00000000
vt 0.00000000 0.00000000
vt 0.00000000 0.00000000
vt 0.00000000 0.00000000
vt 0.00000000 0.00000000
vt 0.00000000 0.00000000
vt 0.00000000 0.00000000
vt 0.00000000 0.00000000
vt 0.00000000 0.00000000
vt 0.00000000 0.00000000
vt 0.00000000 0.00000000
vt 0.00000000 0.00000000
vt 0.00000000 0.00000000
vt 0.00000000 0.00000000
vt 0.00000000 0.00000000
vt 0.00000000 0.00000000
vt 0.00000000 0.00000000
vt 0.00000000 0.00000000
vt 0.00000000 0.00000000
vt 0.00000000 0.00000000
vt 0.00000000 0.00000000
vt 0.00000000 0.00000000
vt 0.00000000 0.00000000
vt 0.00000000 0.00000000
vt 0.00000000 0.00000000
vt 0.00000000 0.00000000
vt 0.00000000 0.00000000
vt 0.00000000 0.00000000
vt 0.00000000 0.00000000
vt 0.00000000 0.00000000
vt 0.00000000 0.00000000
vt 0.00000000 0.00000000
vt 0.00000000 0.00000000
vt 0.00000000 0.00000000
vt 0.00000000 0.00000000
vt 0.00000000 0.00000000
vt 0.00000000 0.00000000
vt 0.00000000 0.00000000
vt 0.00000000 0.00000000
vt 0.00000000 0.00000000
vt 0.00000000 0.00000000
vt 0.00000000 0.00000000
vt 0.00000000 0.00000000
vt 0.00000000 0.00000000
vt 0.00000000 0.00000000
vt 0.00000000 0.00000000
vt 0.00000000 0.00000000
vt 0.00000000 0.00000000
vt 0.00000000 0.00000000
vt 0.00000000 0.00000000
vt 0.00000000 0.00000000
vt 0.00000000 0.00000000
vt 0.00000000 0.00000000
vt 0.00000000 0.00000000
vt 0.00000000 0.00000000
vt 0.00000000 0.00000000
vt 0.00000000 0.00000000
vt 0.00000000 0.00000000
vt 0.00000000 0.00000000
vt 0.00000000 0.00000000
vt 0.00000000 0.00000000
vt 0.00000000 0.00000000
vt 0.00000000 0.00000000
vt 0.00000000 0.00000000
vt 0.00000000 0.00000000
vt 0.00000000 0.00000000
vt 0.00000000 0.00000000
vt 0.00000000 0.00000000
vt 0.00000000 0.00000000
vt 0.00000000 0.00000000
vt 0.00000000 0.00000000
vt 0.00000000 0.00000000
vt 0.00000000 0.00000000
vt 0.00000000 0.00000000
vt 0.00000000 0.00000000
vt 0.00000000 0.00000000
vt 0.00000000 0.00000000
vt 0.00000000 0.00000000
vt 0.00000000 0.00000000
vt 0.00000000 0.00000000
vt 0.00000000 0.00000000
vt 0.00000000 0.00000000
vt 0.00000000 0.00000000
vt 0.00000000 0.00000000
vt 0.00000000 0.00000000
vt 0.00000000 0.00000000
vt 0.00000000 0.00000000
vt 0.00000000 0.00000000
vt 0.00000000 0.00000000
vt 0.00000000 0.00000000
vt 0.00000000 0.00000000
vt 0.00000000 0.00000000
vt 0.00000000 0.00000000
vt 0.00000000 0.00000000
vt 0.00000000 0.00000000
vt 0.00000000 0.00000000
vt 0.00000000 0.00000000
vt 0.00000000 0.00000000
vt 0.00000000 0.00000000
vt 0.00000000 0.00000000
vt 0.00000000 0.00000000
vt 0.00000000 0.00000000
vt 0.00000000 0.00000000
vt 0.00000000 0.00000000
vt 0.00000000 0.00000000
vt 0.00000000 0.00000000
vt 0.00000000 0.00000000
vt 0.00000000 0.00000000
vt 0.00000000 0.00000000
vt 0.00000000 0.00000000
vt 0.00000000 0.00000000
vt 0.00000000 0.00000000
vt 0.00000000 0.00000000
vt 0.00000000 0.00000000
vt 0.00000000 0.00000000
vt 0.00000000 0.00000000
vt 0.00000000 0.00000000
vt 0.00000000 0.00000000
vt 0.00000000 0.00000000
vt 0.00000000 0.00000000
vt 0.00000000 0.00000000
vt 0.00000000 0.00000000
vt 0.00000000 0.00000000
vt 0.00000000 0.00000000
vt 0.00000000 0.00000000
vt 0.00000000 0.00000000
vt 0.00000000 0.00000000
vt 0.00000000 0.00000000
vt 0.00000000 0.00000000
vt 0.00000000 0.00000000
vt 0.00000000 0.00000000
vt 0.00000000 0.00000000
vt 0.00000000 0.00000000
vt 0.00000000 0.00000000
vt 0.00000000 0.00000000
vt 0.00000000 0.00000000
vt 0.00000000 0.00000000
vt 0.00000000 0.00000000
vt 0.00000000 0.00000000
vt 0.00000000 0.00000000
vt 0.00000000 0.00000000
vt 0.00000000 0.00000000
vt 0.00000000 0.00000000
vt 0.00000000 0.00000000
vt 0.00000000 0.00000000
vt 0.00000000 0.00000000
vt 0.00000000 0.00000000
vt 0.00000000 0.00000000
vt 0.00000000 0.00000000
vt 0.00000000 0.00000000
vt 0.00000000 0.00000000
vt 0.00000000 0.00000000
vt 0.00000000 0.00000000
vt 0.00000000 0.00000000
vt 0.00000000 0.00000000
vt 0.00000000 0.00000000
vt 0.00000000 0.00000000
vt 0.00000000 0.00000000
vt 0.00000000 0.00000000
vt 0.00000000 0.00000000
vt 0.00000000 0.00000000
vt 0.00000000 0.00000000
vt 0.00000000 0.00000000
vt 0.00000000 0.00000000
vt 0.00000000 0.00000000
vt 0.00000000 0.00000000
vt 0.00000000 0.00000000
vt 0.00000000 0.00000000
vt 0.00000000 0.00000000
vt 0.00000000 0.00000000
vt 0.00000000 0.00000000
vt 0.00000000 0.00000000
vt 0.00000000 0.00000000
vt 0.00000000 0.00000000
vt 0.00000000 0.00000000
vt 0.00000000 0.00000000
vt 0.00000000 0.00000000
vt 0.00000000 0.00000000
vt 0.00000000 0.00000000
vt 0.00000000 0.00000000
vt 0.00000000 0.00000000
vt 0.00000000 0.00000000
vt 0.00000000 0.00000000
vt 0.00000000 0.00000000
vt 0.00000000 0.00000000
vt 0.00000000 0.00000000
vt 0.00000000 0.00000000
vt 0.00000000 0.00000000
vt 0.00000000 0.00000000
vt 0.00000000 0.00000000
vt 0.00000000 0.00000000
vt 0.00000000 0.00000000
vt 0.00000000 0.00000000
vt 0.00000000 0.00000000
vt 0.00000000 0.00000000
vt 0.00000000 0.00000000
vt 0.00000000 0.00000000
vt 0.00000000 0.00000000
vt 0.00000000 0.00000000
vt 0.00000000 0.00000000
vt 0.00000000 0.00000000
vt 0.00000000 0.00000000
vt 0.00000000 0.00000000
vt 0.00000000 0.00000000
vt 0.00000000 0.00000000
vt 0.00000000 0.00000000
vt 0.00000000 0.00000000
vt 0.00000000 0.00000000
vt 0.00000000 0.00000000
vt 0.00000000 0.00000000
vt 0.00000000 0.00000000
vt 0.00000000 0.00000000
vt 0.00000000 0.00000000
vt 0.00000000 0.00000000
vt 0.00000000 0.00000000
vt 0.00000000 0.00000000
vt 0.00000000 0.00000000
vt 0.00000000 0.00000000
vt 0.00000000 0.00000000
vt 0.00000000 0.00000000
vt 0.00000000 0.00000000
vt 0.00000000 0.00000000
vt 0.00000000 0.00000000
vt 0.00000000 0.00000000
vt 0.00000000 0.00000000
vt 0.00000000 0.00000000
vt 0.00000000 0.00000000
vt 0.00000000 0.00000000
vt 0.00000000 0.00000000
vt 0.00000000 0.00000000
vt 0.00000000 0.00000000
vt 0.00000000 0.00000000
vt 0.00000000 0.00000000
vt 0.00000000 0.00000000
vt 0.00000000 0.00000000
vt 0.00000000 0.00000000
vt 0.00000000 0.00000000
vt 0.00000000 0.00000000
vt 0.00000000 0.00000000
vt 0.00000000 0.00000000
vt 0.00000000 0.00000000
vt 0.00000000 0.00000000
vt 0.00000000 0.00000000
vt 0.00000000 0.00000000
vt 0.00000000 0.00000000
vt 0.00000000 0.00000000
vt 0.00000000 0.00000000
vt 0.00000000 0.00000000
vt 0.00000000 0.00000000
vt 0.00000000 0.00000000
vt 0.00000000 0.00000000
vt 0.00000000 0.00000000
vt 0.00000000 0.00000000
vt 0.00000000 0.00000000
vt 0.00000000 0.00000000
vt 0.00000000 0.00000000
vt 0.00000000 0.00000000
vt 0.00000000 0.00000000
vt 0.00000000 0.00000000
vt 0.00000000 0.00000000
vt 0.00000000 0.00000000
vt 0.00000000 0.00000000
vt 0.00000000 0.00000000
vt 0.00000000 0.00000000
vt 0.00000000 0.00000000
vt 0.00000000 0.00000000
vt 0.00000000 0.00000000
vt 0.00000000 0.00000000
vt 0.00000000 0.00000000
vt 0.00000000 0.00000000
vt 0.00000000 0.00000000
vt 0.00000000 0.00000000
vt 0.00000000 0.00000000
vt 0.00000000 0.00000000
vt 0.00000000 0.00000000
vt 0.00000000 0.00000000
vt 0.00000000 0.00000000
vt 0.00000000 0.00000000
vt 0.00000000 0.00000000
vt 0.00000000 0.00000000
vt 0.00000000 0.00000000
vt 0.00000000 0.00000000
vt 0.00000000 0.00000000
vt 0.00000000 0.00000000
vt 0.00000000 0.00000000
vt 0.00000000 0.00000000
vt 0.00000000 0.00000000
vt 0.00000000 0.00000000
vt 0.00000000 0.00000000
vt 0.00000000 0.00000000
vt 0.00000000 0.00000000
vt 0.00000000 0.00000000
vt 0.00000000 0.00000000
vt 0.00000000 0.00000000
vt 0.00000000 0.00000000
vt 0.00000000 0.00000000
vt 0.00000000 0.00000000
vt 0.00000000 0.00000000
vt 0.00000000 0.00000000
vt 0.00000000 0.00000000
vt 0.00000000 0.00000000
vt 0.00000000 0.00000000
vt 0.00000000 0.00000000
vt 0.00000000 0.00000000
vt 0.00000000 0.00000000
vt 0.00000000 0.00000000
vt 0.00000000 0.00000000
vt 0.00000000 0.00000000
vt 0.00000000 0.00000000
vt 0.00000000 0.00000000
vt 0.00000000 0.00000000
vt 0.00000000 0.00000000
vt 0.00000000 0.00000000
vt 0.00000000 0.00000000
vt 0.00000000 0.00000000
vt 0.00000000 0.00000000
vt 0.00000000 0.00000000
vt 0.00000000 0.00000000
vt 0.00000000 0.00000000
vt 0.00000000 0.00000000
vt 0.00000000 0.00000000
vt 0.00000000 0.00000000
vt 0.00000000 0.00000000
vt 0.00000000 0.00000000
vt 0.00000000 0.00000000
vt 0.00000000 0.00000000
vt 0.00000000 0.00000000
vt 0.00000000 0.00000000
vt 0.00000000 0.00000000
vt 0.00000000 0.00000000
vt 0.00000000 0.00000000
vt 0.00000000 0.00000000
vt 0.00000000 0.00000000
vt 0.00000000 0.00000000
vt 0.00000000 0.00000000
vt 0.00000000 0.00000000
vt 0.00000000 0.00000000
vt 0.00000000 0.00000000
vt 0.00000000 0.00000000
vt 0.00000000 0.00000000
vt 0.00000000 0.00000000
vt 0.00000000 0.00000000
vt 0.00000000 0.00000000
vt 0.00000000 0.00000000
vt 0.00000000 0.00000000
vt 0.00000000 0.00000000
vt 0.00000000 0.00000000
vt 0.00000000 0.00000000
vt 0.00000000 0.00000000
vt 0.00000000 0.00000000
vt 0.00000000 0.00000000
vt 0.00000000 0.00000000
vt 0.00000000 0.00000000
vt 0.00000000 0.00000000
vt 0.00000000 0.00000000
vt 0.00000000 0.00000000
vt 0.00000000 0.00000000
vt 0.00000000 0.00000000
vt 0.00000000 0.00000000
vt 0.00000000 0.00000000
vt 0.00000000 0.00000000
vt 0.00000000 0.00000000
vt 0.00000000 0.00000000
vt 0.00000000 0.00000000
vt 0.00000000 0.00000000
vt 0.00000000 0.00000000
vt 0.00000000 0.00000000
vt 0.00000000 0.00000000
vt 0.00000000 0.00000000
vt 0.00000000 0.00000000
vt 0.00000000 0.00000000
vt 0.00000000 0.00000000
vt 0.00000000 0.00000000
vt 0.00000000 0.00000000
vt 0.00000000 0.00000000
vt 0.00000000 0.00000000
vt 0.00000000 0.00000000
vt 0.00000000 0.00000000
vt 0.00000000 0.00000000
vt 0.00000000 0.00000000
vt 0.00000000 0.00000000
vt 0.00000000 0.00000000
vt 0.00000000 0.00000000
vt 0.00000000 0.00000000
vt 0.00000000 0.00000000
vt 0.00000000 0.00000000
vt 0.00000000 0.00000000
vt 0.00000000 0.00000000
vt 0.00000000 0.00000000
vt 0.00000000 0.00000000
vt 0.00000000 0.00000000
vt 0.00000000 0.00000000
vt 0.00000000 0.00000000
vt 0.00000000 0.00000000
vt 0.00000000 0.00000000
vt 0.00000000 0.00000000
vt 0.00000000 0.00000000
vt 0.00000000 0.00000000
vt 0.00000000 0.00000000
vt 0.00000000 0.00000000
vt 0.00000000 0.00000000
vt 0.00000000 0.00000000
vt 0.00000000 0.00000000
vt 0.00000000 0.00000000
vt 0.00000000 0.00000000
vt 0.00000000 0.00000000
vt 0.00000000 0.00000000
vt 0.00000000 0.00000000
vt 0.00000000 0.00000000
vt 0.00000000 0.00000000
vt 0.00000000 0.00000000
vt 0.00000000 0.00000000
vt 0.00000000 0.00000000
vt 0.00000000 0.00000000
vt 0.00000000 0.00000000
vt 0.00000000 0.00000000
vt 0.00000000 0.00000000
vt 0.00000000 0.00000000
vt 0.00000000 0.00000000
vt 0.00000000 0.00000000
vt 0.00000000 0.00000000
vt 0.00000000 0.00000000
vt 0.00000000 0.00000000
vt 0.00000000 0.00000000
vt 0.00000000 0.00000000
vt 0.00000000 0.00000000
vt 0.00000000 0.00000000
vt 0.00000000 0.00000000
vt 0.00000000 0.00000000
vt 0.00000000 0.00000000
vt 0.00000000 0.00000000
vt 0.00000000 0.00000000
vt 0.00000000 0.00000000
vt 0.00000000 0.00000000
vt 0.00000000 0.00000000
vt 0.00000000 0.00000000
vt 0.00000000 0.00000000
vt 0.00000000 0.00000000
vt 0.00000000 0.00000000
vt 0.00000000 0.00000000
vt 0.00000000 0.00000000
vt 0.00000000 0.00000000
vt 0.00000000 0.00000000
vt 0.00000000 0.00000000
vt 0.00000000 0.00000000
vt 0.00000000 0.00000000
vt 0.00000000 0.00000000
vt 0.00000000 0.00000000
vt 0.00000000 0.00000000
vt 0.00000000 0.00000000
vt 0.00000000 0.00000000
vt 0.00000000 0.00000000
vt 0.00000000 0.00000000
vt 0.00000000 0.00000000
vt 0.00000000 0.00000000
vt 0.00000000 0.00000000
vt 0.00000000 0.00000000
vt 0.00000000 0.00000000
vt 0.00000000 0.00000000
vt 0.00000000 0.00000000
vt 0.00000000 0.00000000
vt 0.00000000 0.00000000
vt 0.00000000 0.00000000
vt 0.00000000 0.00000000
vt 0.00000000 0.00000000
vt 0.00000000 0.00000000
vt 0.00000000 0.00000000
vt 0.00000000 0.00000000
vt 0.00000000 0.00000000
vt 0.00000000 0.00000000
vt 0.00000000 0.00000000
vt 0.00000000 0.00000000
vt 0.00000000 0.00000000
vt 0.00000000 0.00000000
vt 0.00000000 0.00000000
vt 0.00000000 0.00000000
vt 0.00000000 0.00000000
vt 0.00000000 0.00000000
vt 0.00000000 0.00000000
vt 0.00000000 0.00000000
vt 0.00000000 0.00000000
vt 0.00000000 0.00000000
vt 0.00000000 0.00000000
vt 0.00000000 0.00000000
vt 0.00000000 0.00000000
vt 0.00000000 0.00000000
vt 0.00000000 0.00000000
vt 0.00000000 0.00000000
vt 0.00000000 0.00000000
vt 0.00000000 0.00000000
vt 0.00000000 0.00000000
vt 0.00000000 0.00000000
vt 0.00000000 0.00000000
vt 0.00000000 0.00000000
vt 0.00000000 0.00000000
vt 0.00000000 0.00000000
vt 0.00000000 0.00000000
vt 0.00000000 0.00000000
vt 0.00000000 0.00000000
vt 0.00000000 0.00000000
vt 0.00000000 0.00000000
vt 0.00000000 0.00000000
vt 0.00000000 0.00000000
vt 0.00000000 0.00000000
vt 0.00000000 0.00000000
vt 0.00000000 0.00000000
vt 0.00000000 0.00000000
vt 0.00000000 0.00000000
vt 0.00000000 0.00000000
vt 0.00000000 0.00000000
vt 0.00000000 0.00000000
vt 0.00000000 0.00000000
vt 0.00000000 0.00000000
vt 0.00000000 0.00000000
vt 0.00000000 0.00000000
vt 0.00000000 0.00000000
vt 0.00000000 0.00000000
vt 0.00000000 0.00000000
vt 0.00000000 0.00000000
vt 0.00000000 0.00000000
vt 0.00000000 0.00000000
vt 0.00000000 0.00000000
vt 0.00000000 0.00000000
vt 0.00000000 0.00000000
vt 0.00000000 0.00000000
vt 0.00000000 0.00000000
vt 0.00000000 0.00000000
vt 0.00000000 0.00000000
vt 0.00000000 0.00000000
vt 0.00000000 0.00000000
vt 0.00000000 0.00000000
vt 0.00000000 0.00000000
vt 0.00000000 0.00000000
vt 0.00000000 0.00000000
vt 0.00000000 0.00000000
vt 0.00000000 0.00000000
vt 0.00000000 0.00000000
vt 0.00000000 0.00000000
vt 0.00000000 0.00000000
vt 0.00000000 0.00000000
vt 0.00000000 0.00000000
vt 0.00000000 0.00000000
vt 0.00000000 0.00000000
vt 0.00000000 0.00000000
vt 0.00000000 0.00000000
vt 0.00000000 0.00000000
vt 0.00000000 0.00000000
vt 0.00000000 0.00000000
vt 0.00000000 0.00000000
vt 0.00000000 0.00000000
vt 0.00000000 0.00000000
vt 0.00000000 0.00000000
vt 0.00000000 0.00000000
vt 0.00000000 0.00000000
vt 0.00000000 0.00000000
vt 0.00000000 0.00000000
vt 0.00000000 0.00000000
vt 0.00000000 0.00000000
vt 0.00000000 0.00000000
vt 0.00000000 0.00000000
vt 0.00000000 0.00000000
vt 0.00000000 0.00000000
vt 0.00000000 0.00000000
vt 0.00000000 0.00000000
vt 0.00000000 0.00000000
vt 0.00000000 0.00000000
vt 0.00000000 0.00000000
vt 0.00000000 0.00000000
vt 0.00000000 0.00000000
vt 0.00000000 0.00000000
vt 0.00000000 0.00000000
vt 0.00000000 0.00000000
vt 0.00000000 0.00000000
vt 0.00000000 0.00000000
vt 0.00000000 0.00000000
vt 0.00000000 0.00000000
vt 0.00000000 0.00000000
vt 0.00000000 0.00000000
vt 0.00000000 0.00000000
vt 0.00000000 0.00000000
vt 0.00000000 0.00000000
vt 0.00000000 0.00000000
vt 0.00000000 0.00000000
vt 0.00000000 0.00000000
vt 0.00000000 0.00000000
vt 0.00000000 0.00000000
vt 0.00000000 0.00000000
vt 0.00000000 0.00000000
vt 0.00000000 0.00000000
vt 0.00000000 0.00000000
vt 0.00000000 0.00000000
vt 0.00000000 0.00000000
vt 0.00000000 0.00000000
vt 0.00000000 0.00000000
vt 0.00000000 0.00000000
vt 0.00000000 0.00000000
vt 0.00000000 0.00000000
vt 0.00000000 0.00000000
vt 0.00000000 0.00000000
vt 0.00000000 0.00000000
vt 0.00000000 0.00000000
vt 0.00000000 0.00000000
vt 0.00000000 0.00000000
vt 0.00000000 0.00000000
vt 0.00000000 0.00000000
vt 0.00000000 0.00000000
vt 0.00000000 0.00000000
vt 0.00000000 0.00000000
vt 0.00000000 0.00000000
vt 0.00000000 0.00000000
vt 0.00000000 0.00000000
vt 0.00000000 0.00000000
vt 0.00000000 0.00000000
vt 0.00000000 0.00000000
vt 0.00000000 0.00000000
vt 0.00000000 0.00000000
vt 0.00000000 0.00000000
vt 0.00000000 0.00000000
vt 0.00000000 0.00000000
vt 0.00000000 0.00000000
vt 0.00000000 0.00000000
vt 0.00000000 0.00000000
vt 0.00000000 0.00000000
vt 0.00000000 0.00000000
vt 0.00000000 0.00000000
vt 0.00000000 0.00000000
vt 0.00000000 0.00000000
vt 0.00000000 0.00000000
vt 0.00000000 0.00000000
vt 0.00000000 0.00000000
vt 0.00000000 0.00000000
vt 0.00000000 0.00000000
vt 0.00000000 0.00000000
vt 0.00000000 0.00000000
vt 0.00000000 0.00000000
vt 0.00000000 0.00000000
vt 0.00000000 0.00000000
vt 0.00000000 0.00000000
vt 0.00000000 0.00000000
vt 0.00000000 0.00000000
vt 0.00000000 0.00000000
vt 0.00000000 0.00000000
vt 0.00000000 0.00000000
vt 0.00000000 0.00000000
vt 0.00000000 0.00000000
vt 0.00000000 0.00000000
vt 0.00000000 0.00000000
vt 0.00000000 0.00000000
vt 0.00000000 0.00000000
vt 0.00000000 0.00000000
vt 0.00000000 0.00000000
vt 0.00000000 0.00000000
vt 0.00000000 0.00000000
vt 0.00000000 0.00000000
vt 0.00000000 0.00000000
vt 0.00000000 0.00000000
vt 0.00000000 0.00000000
vt 0.00000000 0.00000000
vt 0.00000000 0.00000000
vt 0.00000000 0.00000000
vt 0.00000000 0.00000000
vt 0.00000000 0.00000000
vt 0.00000000 0.00000000
vt 0.00000000 0.00000000
vt 0.00000000 0.00000000
vt 0.00000000 0.00000000
vt 0.00000000 0.00000000
vt 0.00000000 0.00000000
vt 0.00000000 0.00000000
vt 0.00000000 0.00000000
vt 0.00000000 0.00000000
vt 0.00000000 0.00000000
vt 0.00000000 0.00000000
vt 0.00000000 0.00000000
vt 0.00000000 0.00000000
vt 0.00000000 0.00000000
vt 0.00000000 0.00000000
vt 0.00000000 0.00000000
vt 0.00000000 0.00000000
vt 0.00000000 0.00000000
vt 0.00000000 0.00000000
vt 0.00000000 0.00000000
vt 0.00000000 0.00000000
vt 0.00000000 0.00000000
vt 0.00000000 0.00000000
vt 0.00000000 0.00000000
vt 0.00000000 0.00000000
vt 0.00000000 0.00000000
vt 0.00000000 0.00000000
vt 0.00000000 0.00000000
vt 0.00000000 0.00000000
vt 0.00000000 0.00000000
vt 0.00000000 0.00000000
vt 0.00000000 0.00000000
vt 0.00000000 0.00000000
vt 0.00000000 0.00000000
vt 0.00000000 0.00000000
vt 0.00000000 0.00000000
vt 0.00000000 0.00000000
vt 0.00000000 0.00000000
vt 0.00000000 0.00000000
vt 0.00000000 0.00000000
vt 0.00000000 0.00000000
vt 0.00000000 0.00000000
vt 0.00000000 0.00000000
vt 0.00000000 0.00000000
vt 0.00000000 0.00000000
vt 0.00000000 0.00000000
vt 0.00000000 0.00000000
vt 0.00000000 0.00000000
vt 0.00000000 0.00000000
vt 0.00000000 0.00000000
vt 0.00000000 0.00000000
vt 0.00000000 0.00000000
vt 0.00000000 0.00000000
vt 0.00000000 0.00000000
vt 0.00000000 0.00000000
vt 0.00000000 0.00000000
vt 0.00000000 0.00000000
vt 0.00000000 0.00000000
vt 0.00000000 0.00000000
vt 0.00000000 0.00000000
vt 0.00000000 0.00000000
vt 0.00000000 0.00000000
vt 0.00000000 0.00000000
vt 0.00000000 0.00000000
vt 0.00000000 0.00000000
vt 0.00000000 0.00000000
vt 0.00000000 0.00000000
vt 0.00000000 0.00000000
vt 0.00000000 0.00000000
vt 0.00000000 0.00000000
vt 0.00000000 0.00000000
vt 0.00000000 0.00000000
vt 0.00000000 0.00000000
vt 0.00000000 0.00000000
vt 0.00000000 0.00000000
vt 0.00000000 0.00000000
vt 0.00000000 0.00000000
vt 0.00000000 0.00000000
vt 0.00000000 0.00000000
vt 0.00000000 0.00000000
vt 0.00000000 0.00000000
vt 0.00000000 0.00000000
vt 0.00000000 0.00000000
vt 0.00000000 0.00000000
vt 0.00000000 0.00000000
vt 0.00000000 0.00000000
vt 0.00000000 0.00000000
vt 0.00000000 0.00000000
vt 0.00000000 0.00000000
vt 0.00000000 0.00000000
vt 0.00000000 0.00000000
vt 0.00000000 0.00000000
vt 0.00000000 0.00000000
vt 0.00000000 0.00000000
vt 0.00000000 0.00000000
vt 0.00000000 0.00000000
vt 0.00000000 0.00000000
vt 0.00000000 0.00000000
vt 0.00000000 0.00000000
vt 0.00000000 0.00000000
vt 0.00000000 0.00000000
vt 0.00000000 0.00000000
vt 0.00000000 0.00000000
vt 0.00000000 0.00000000
vt 0.00000000 0.00000000
vt 0.00000000 0.00000000
vt 0.00000000 0.00000000
vt 0.00000000 0.00000000
vt 0.00000000 0.00000000
vt 0.00000000 0.00000000
vt 0.00000000 0.00000000
vt 0.00000000 0.00000000
vt 0.00000000 0.00000000
vt 0.00000000 0.00000000
vt 0.00000000 0.00000000
vt 0.00000000 0.00000000
vt 0.00000000 0.00000000
vt 0.00000000 0.00000000
vt 0.00000000 0.00000000
vt 0.00000000 0.00000000
vt 0.00000000 0.00000000
vt 0.00000000 0.00000000
vt 0.00000000 0.00000000
vt 0.00000000 0.00000000
vt 0.00000000 0.00000000
vt 0.00000000 0.00000000
vt 0.00000000 0.00000000
vt 0.00000000 0.00000000
vt 0.00000000 0.00000000
vt 0.00000000 0.00000000
vt 0.00000000 0.00000000
vt 0.00000000 0.00000000
vt 0.00000000 0.00000000
vt 0.00000000 0.00000000
vt 0.00000000 0.00000000
vt 0.00000000 0.00000000
vt 0.00000000 0.00000000
vt 0.00000000 0.00000000
vt 0.00000000 0.00000000
vt 0.00000000 0.00000000
vt 0.00000000 0.00000000
vt 0.00000000 0.00000000
vt 0.00000000 0.00000000
vt 0.00000000 0.00000000
vt 0.00000000 0.00000000
vt 0.00000000 0.00000000
vt 0.00000000 0.00000000
vt 0.00000000 0.00000000
vt 0.00000000 0.00000000
vt 0.00000000 0.00000000
vt 0.00000000 0.00000000
vt 0.00000000 0.00000000
vt 0.00000000 0.00000000
vt 0.00000000 0.00000000
vt 0.00000000 0.00000000
vt 0.00000000 0.00000000
vt 0.00000000 0.00000000
vt 0.00000000 0.00000000
vt 0.00000000 0.00000000
vt 0.00000000 0.00000000
vt 0.00000000 0.00000000
vt 0.00000000 0.00000000
vt 0.00000000 0.00000000
vt 0.00000000 0.00000000
vt 0.00000000 0.00000000
vt 0.00000000 0.00000000
vt 0.00000000 0.00000000
vt 0.00000000 0.00000000
vt 0.00000000 0.00000000
vt 0.00000000 0.00000000
vt 0.00000000 0.00000000
vt 0.00000000 0.00000000
vt 0.00000000 0.00000000
vt 0.00000000 0.00000000
vt 0.00000000 0.00000000
vt 0.00000000 0.00000000
vt 0.00000000 0.00000000
vt 0.00000000 0.00000000
vt 0.00000000 0.00000000
vt 0.00000000 0.00000000
vt 0.00000000 0.00000000
vt 0.00000000 0.00000000
vt 0.00000000 0.00000000
vt 0.00000000 0.00000000
vt 0.00000000 0.00000000
vt 0.00000000 0.00000000
vt 0.00000000 0.00000000
vt 0.00000000 0.00000000
vt 0.00000000 0.00000000
vt 0.00000000 0.00000000
vt 0.00000000 0.00000000
vt 0.00000000 0.00000000
vt 0.00000000 0.00000000
vt 0.00000000 0.00000000
vt 0.00000000 0.00000000
vt 0.00000000 0.00000000
vt 0.00000000 0.00000000
vt 0.00000000 0.00000000
vt 0.00000000 0.00000000
vt 0.00000000 0.00000000
vt 0.00000000 0.00000000
vt 0.00000000 0.00000000
vt 0.00000000 0.00000000
vt 0.00000000 0.00000000
vt 0.00000000 0.00000000
vt 0.00000000 0.00000000
vt 0.00000000 0.00000000
vt 0.00000000 0.00000000
vt 0.00000000 0.00000000
vt 0.00000000 0.00000000
vt 0.00000000 0.00000000
vt 0.00000000 0.00000000
vt 0.00000000 0.00000000
vt 0.00000000 0.00000000
vt 0.00000000 0.00000000
vt 0.00000000 0.00000000
vt 0.00000000 0.00000000
vt 0.00000000 0.00000000
vt 0.00000000 0.00000000
vt 0.00000000 0.00000000
vt 0.00000000 0.00000000
vt 0.00000000 0.00000000
vt 0.00000000 0.00000000
vt 0.00000000 0.00000000
vt 0.00000000 0.00000000
vt 0.00000000 0.00000000
vt 0.00000000 0.00000000
vt 0.00000000 0.00000000
vt 0.00000000 0.00000000
vt 0.00000000 0.00000000
vt 0.00000000 0.00000000
vt 0.00000000 0.00000000
vt 0.00000000 0.00000000
vt 0.00000000 0.00000000
vt 0.00000000 0.00000000
vt 0.00000000 0.00000000
vt 0.00000000 0.00000000
vt 0.00000000 0.00000000
vt 0.00000000 0.00000000
vt 0.00000000 0.00000000
vt 0.00000000 0.00000000
vt 0.00000000 0.00000000
vt 0.00000000 0.00000000
vt 0.00000000 0.00000000
vt 0.00000000 0.00000000
vt 0.00000000 0.00000000
vt 0.00000000 0.00000000
vt 0.00000000 0.00000000
vt 0.00000000 0.00000000
vt 0.00000000 0.00000000
vt 0.00000000 0.00000000
vt 0.00000000 0.00000000
vt 0.00000000 0.00000000
vt 0.00000000 0.00000000
vt 0.00000000 0.00000000
vt 0.00000000 0.00000000
vt 0.00000000 0.00000000
vt 0.00000000 0.00000000
vt 0.00000000 0.00000000
vt 0.00000000 0.00000000
vt 0.00000000 0.00000000
vt 0.00000000 0.00000000
vt 0.00000000 0.00000000
vt 0.00000000 0.00000000
vt 0.00000000 0.00000000
vt 0.00000000 0.00000000
vt 0.00000000 0.00000000
vt 0.00000000 0.00000000
vt 0.00000000 0.00000000
vt 0.00000000 0.00000000
vt 0.00000000 0.00000000
vt 0.00000000 0.00000000
vt 0.00000000 0.00000000
vt 0.00000000 0.00000000
vt 0.00000000 0.00000000
vt 0.00000000 0.00000000
vt 0.00000000 0.00000000
vt 0.00000000 0.00000000
vt 0.00000000 0.00000000
vt 0.00000000 0.00000000
vt 0.00000000 0.00000000
vt 0.00000000 0.00000000
vt 0.00000000 0.00000000
vt 0.00000000 0.00000000
vt 0.00000000 0.00000000
vt 0.00000000 0.00000000
vt 0.00000000 0.00000000
vt 0.00000000 0.00000000
vt 0.00000000 0.00000000
vt 0.00000000 0.00000000
vt 0.00000000 0.00000000
vt 0.00000000 0.00000000
vt 0.00000000 0.00000000
vt 0.00000000 0.00000000
vt 0.00000000 0.00000000
vt 0.00000000 0.00000000
vt 0.00000000 0.00000000
vt 0.00000000 0.00000000
vt 0.00000000 0.00000000
vt 0.00000000 0.00000000
vt 0.00000000 0.00000000
vt 0.00000000 0.00000000
vt 0.00000000 0.00000000
vt 0.00000000 0.00000000
vt 0.00000000 0.00000000
vt 0.00000000 0.00000000
vt 0.00000000 0.00000000
vt 0.00000000 0.00000000
vt 0.00000000 0.00000000
vt 0.00000000 0.00000000
vt 0.00000000 0.00000000
vt 0.00000000 0.00000000
vt 0.00000000 0.00000000
vt 0.00000000 0.00000000
vt 0.00000000 0.00000000
vt 0.00000000 0.00000000
vt 0.00000000 0.00000000
vt 0.00000000 0.00000000
vt 0.00000000 0.00000000
vt 0.00000000 0.00000000
vt 0.00000000 0.00000000
vt 0.00000000 0.00000000
vt 0.00000000 0.00000000
vt 0.00000000 0.00000000
vt 0.00000000 0.00000000
vt 0.00000000 0.00000000
vt 0.00000000 0.00000000
vt 0.00000000 0.00000000
vt 0.00000000 0.00000000
vt 0.00000000 0.00000000
vt 0.00000000 0.00000000
vt 0.00000000 0.00000000
vt 0.00000000 0.00000000
vt 0.00000000 0.00000000
vt 0.00000000 0.00000000
vt 0.00000000 0.00000000
vt 0.00000000 0.00000000
vt 0.00000000 0.00000000
vt 0.00000000 0.00000000
vt 0.00000000 0.00000000
vt 0.00000000 0.00000000
vt 0.00000000 0.00000000
vt 0.00000000 0.00000000
vt 0.00000000 0.00000000
vt 0.00000000 0.00000000
vt 0.00000000 0.00000000
vt 0.00000000 0.00000000
vt 0.00000000 0.00000000
vt 0.00000000 0.00000000
vt 0.00000000 0.00000000
vt 0.00000000 0.00000000
vt 0.00000000 0.00000000
vt 0.00000000 0.00000000
vt 0.00000000 0.00000000
vt 0.00000000 0.00000000
vt 0.00000000 0.00000000
vt 0.00000000 0.00000000
vt 0.00000000 0.00000000
vt 0.00000000 0.00000000
vt 0.00000000 0.00000000
vt 0.00000000 0.00000000
vt 0.00000000 0.00000000
vt 0.00000000 0.00000000
vt 0.00000000 0.00000000
vt 0.00000000 0.00000000
vt 0.00000000 0.00000000
vt 0.00000000 0.00000000
vt 0.00000000 0.00000000
vt 0.00000000 0.00000000
vt 0.00000000 0.00000000
vt 0.00000000 0.00000000
vt 0.00000000 0.00000000
vt 0.00000000 0.00000000
vt 0.00000000 0.00000000
vt 0.00000000 0.00000000
vt 0.00000000 0.00000000
vt 0.00000000 0.00000000
vt 0.00000000 0.00000000
vt 0.00000000 0.00000000
vt 0.00000000 0.00000000
vt 0.00000000 0.00000000
vt 0.00000000 0.00000000
vt 0.00000000 0.00000000
vt 0.00000000 0.00000000
vt 0.00000000 0.00000000
vt 0.00000000 0.00000000
vt 0.00000000 0.00000000
vt 0.00000000 0.00000000
vt 0.00000000 0.00000000
vt 0.00000000 0.00000000
vt 0.00000000 0.00000000
vt 0.00000000 0.00000000
vt 0.00000000 0.00000000
vt 0.00000000 0.00000000
vt 0.00000000 0.00000000
vt 0.00000000 0.00000000
vt 0.00000000 0.00000000
vt 0.00000000 0.00000000
vt 0.00000000 0.00000000
vt 0.00000000 0.00000000
vt 0.00000000 0.00000000
vt 0.00000000 0.00000000
vt 0.00000000 0.00000000
vt 0.00000000 0.00000000
vt 0.00000000 0.00000000
vt 0.00000000 0.00000000
vt 0.00000000 0.00000000
vt 0.00000000 0.00000000
vt 0.00000000 0.00000000
vt 0.00000000 0.00000000
vt 0.00000000 0.00000000
vt 0.00000000 0.00000000
vt 0.00000000 0.00000000
vt 0.00000000 0.00000000
vt 0.00000000 0.00000000
vt 0.00000000 0.00000000
vt 0.00000000 0.00000000
vt 0.00000000 0.00000000
vt 0.00000000 0.00000000
vt 0.00000000 0.00000000
vt 0.00000000 0.00000000
vt 0.00000000 0.00000000
vt 0.00000000 0.00000000
vt 0.00000000 0.00000000
vt 0.00000000 0.00000000
vt 0.00000000 0.00000000
vt 0.00000000 0.00000000
vt 0.00000000 0.00000000
vt 0.00000000 0.00000000
vt 0.00000000 0.00000000
vt 0.00000000 0.00000000
vt 0.00000000 0.00000000
vt 0.00000000 0.00000000
vt 0.00000000 0.00000000
vt 0.00000000 0.00000000
vt 0.00000000 0.00000000
vt 0.00000000 0.00000000
vt 0.00000000 0.00000000
vt 0.00000000 0.00000000
vt 0.00000000 0.00000000
vt 0.00000000 0.00000000
vt 0.00000000 0.00000000
vt 0.00000000 0.00000000
vt 0.00000000 0.00000000
vt 0.00000000 0.00000000
vt 0.00000000 0.00000000
vt 0.00000000 0.00000000
vt 0.00000000 0.00000000
vt 0.00000000 0.00000000
vt 0.00000000 0.00000000
vt 0.00000000 0.00000000
vt 0.00000000 0.00000000
vt 0.00000000 0.00000000
vt 0.00000000 0.00000000
vt 0.00000000 0.00000000
vt 0.00000000 0.00000000
vt 0.00000000 0.00000000
vt 0.00000000 0.00000000
vt 0.00000000 0.00000000
vt 0.00000000 0.00000000
vt 0.00000000 0.00000000
vt 0.00000000 0.00000000
vt 0.00000000 0.00000000
vt 0.00000000 0.00000000
vt 0.00000000 0.00000000
vt 0.00000000 0.00000000
vt 0.00000000 0.00000000
vt 0.00000000 0.00000000
vt 0.00000000 0.00000000
vt 0.00000000 0.00000000
vt 0.00000000 0.00000000
vt 0.00000000 0.00000000
vt 0.00000000 0.00000000
vt 0.00000000 0.00000000
vt 0.00000000 0.00000000
vt 0.00000000 0.00000000
vt 0.00000000 0.00000000
vt 0.00000000 0.00000000
vt 0.00000000 0.00000000
vt 0.00000000 0.00000000
vt 0.00000000 0.00000000
vt 0.00000000 0.00000000
vt 0.00000000 0.00000000
vt 0.00000000 0.00000000
vt 0.00000000 0.00000000
vt 0.00000000 0.00000000
vt 0.00000000 0.00000000
vt 0.00000000 0.00000000
vt 0.00000000 0.00000000
vt 0.00000000 0.00000000
vt 0.00000000 0.00000000
vt 0.00000000 0.00000000
vt 0.00000000 0.00000000
vt 0.00000000 0.00000000
vt 0.00000000 0.00000000
vt 0.00000000 0.00000000
vt 0.00000000 0.00000000
vt 0.00000000 0.00000000
vt 0.00000000 0.00000000
vt 0.00000000 0.00000000
vt 0.00000000 0.00000000
vt 0.00000000 0.00000000
vt 0.00000000 0.00000000
vt 0.00000000 0.00000000
vt 0.00000000 0.00000000
vt 0.00000000 0.00000000
vt 0.00000000 0.00000000
vt 0.00000000 0.00000000
vt 0.00000000 0.00000000
vt 0.00000000 0.00000000
vt 0.00000000 0.00000000
vt 0.00000000 0.00000000
vt 0.00000000 0.00000000
vt 0.00000000 0.00000000
vt 0.00000000 0.00000000
vt 0.00000000 0.00000000
vt 0.00000000 0.00000000
vt 0.00000000 0.00000000
vt 0.00000000 0.00000000
vt 0.00000000 0.00000000
vt 0.00000000 0.00000000
vt 0.00000000 0.00000000
vt 0.00000000 0.00000000
vt 0.00000000 0.00000000
vt 0.00000000 0.00000000
vt 0.00000000 0.00000000
vt 0.00000000 0.00000000
vt 0.00000000 0.00000000
vt 0.00000000 0.00000000
vt 0.00000000 0.00000000
vt 0.00000000 0.00000000
vt 0.00000000 0.00000000
vt 0.00000000 0.00000000
vt 0.00000000 0.00000000
vt 0.00000000 0.00000000
vt 0.00000000 0.00000000
vt 0.00000000 0.00000000
vt 0.00000000 0.00000000
vt 0.00000000 0.00000000
vt 0.00000000 0.00000000
vt 0.00000000 0.00000000
vt 0.00000000 0.00000000
vt 0.00000000 0.00000000
vt 0.00000000 0.00000000
vt 0.00000000 0.00000000
vt 0.00000000 0.00000000
vt 0.00000000 0.00000000
vt 0.00000000 0.00000000
vt 0.00000000 0.00000000
vt 0.00000000 0.00000000
vt 0.00000000 0.00000000
vt 0.00000000 0.00000000
vt 0.00000000 0.00000000
vt 0.00000000 0.00000000
vt 0.00000000 0.00000000
vt 0.00000000 0.00000000
vt 0.00000000 0.00000000
vt 0.00000000 0.00000000
vt 0.00000000 0.00000000
vt 0.00000000 0.00000000
vt 0.00000000 0.00000000
vt 0.00000000 0.00000000
vt 0.00000000 0.00000000
vt 0.00000000 0.00000000
vt 0.00000000 0.00000000
vt 0.00000000 0.00000000
vt 0.00000000 0.00000000
vt 0.00000000 0.00000000
vt 0.00000000 0.00000000
vt 0.00000000 0.00000000
vt 0.00000000 0.00000000
vt 0.00000000 0.00000000
vt 0.00000000 0.00000000
vt 0.00000000 0.00000000
vt 0.00000000 0.00000000
vt 0.00000000 0.00000000
vt 0.00000000 0.00000000
vt 0.00000000 0.00000000
vt 0.00000000 0.00000000
vt 0.00000000 0.00000000
vt 0.00000000 0.00000000
vt 0.00000000 0.00000000
vt 0.00000000 0.00000000
vt 0.00000000 0.00000000
vt 0.00000000 0.00000000
vt 0.00000000 0.00000000
vt 0.00000000 0.00000000
vt 0.00000000 0.00000000
vt 0.00000000 0.00000000
vt 0.00000000 0.00000000
vt 0.00000000 0.00000000
vt 0.00000000 0.00000000
vt 0.00000000 0.00000000
vt 0.00000000 0.00000000
vt 0.00000000 0.00000000
vt 0.00000000 0.00000000
vt 0.00000000 0.00000000
vt 0.00000000 0.00000000
vt 0.00000000 0.00000000
vt 0.00000000 0.00000000
vt 0.00000000 0.00000000
vt 0.00000000 0.00000000
vt 0.00000000 0.00000000
vt 0.00000000 0.00000000
vt 0.00000000 0.00000000
vt 0.00000000 0.00000000
vt 0.00000000 0.00000000
vt 0.00000000 0.00000000
vt 0.00000000 0.00000000
vt 0.00000000 0.00000000
vt 0.00000000 0.00000000
vt 0.00000000 0.00000000
vt 0.00000000 0.00000000
vt 0.00000000 0.00000000
vt 0.00000000 0.00000000
vt 0.00000000 0.00000000
vt 0.00000000 0.00000000
vt 0.00000000 0.00000000
vt 0.00000000 0.00000000
vt 0.00000000 0.00000000
vt 0.00000000 0.00000000
vt 0.00000000 0.00000000
vt 0.00000000 0.00000000
vt 0.00000000 0.00000000
vt 0.00000000 0.00000000
vt 0.00000000 0.00000000
vt 0.00000000 0.00000000
vt 0.00000000 0.00000000
vt 0.00000000 0.00000000
vt 0.00000000 0.00000000
vt 0.00000000 0.00000000
vt 0.00000000 0.00000000
vt 0.00000000 0.00000000
vt 0.00000000 0.00000000
vt 0.00000000 0.00000000
vt 0.00000000 0.00000000
vt 0.00000000 0.00000000
vt 0.00000000 0.00000000
vt 0.00000000 0.00000000
vt 0.00000000 0.00000000
vt 0.00000000 0.00000000
vt 0.00000000 0.00000000
vt 0.00000000 0.00000000
vt 0.00000000 0.00000000
vt 0.00000000 0.00000000
vt 0.00000000 0.00000000
vt 0.00000000 0.00000000
vt 0.00000000 0.00000000
vt 0.00000000 0.00000000
vt 0.00000000 0.00000000
vt 0.00000000 0.00000000
vt 0.00000000 0.00000000
vt 0.00000000 0.00000000
vt 0.00000000 0.00000000
vt 0.00000000 0.00000000
vt 0.00000000 0.00000000
vt 0.00000000 0.00000000
vt 0.00000000 0.00000000
vt 0.00000000 0.00000000
vt 0.00000000 0.00000000
vt 0.00000000 0.00000000
vt 0.00000000 0.00000000
vt 0.00000000 0.00000000
vt 0.00000000 0.00000000
vt 0.00000000 0.00000000
vt 0.00000000 0.00000000
vt 0.00000000 0.00000000
vt 0.00000000 0.00000000
vt 0.00000000 0.00000000
vt 0.00000000 0.00000000
vt 0.00000000 0.00000000
vt 0.00000000 0.00000000
vt 0.00000000 0.00000000
vt 0.00000000 0.00000000
vt 0.00000000 0.00000000
vt 0.00000000 0.00000000
vt 0.00000000 0.00000000
vt 0.00000000 0.00000000
vt 0.00000000 0.00000000
vt 0.00000000 0.00000000
vt 0.00000000 0.00000000
vt 0.00000000 0.00000000
vt 0.00000000 0.00000000
vt 0.00000000 0.00000000
vt 0.00000000 0.00000000
vt 0.00000000 0.00000000
vt 0.00000000 0.00000000
vt 0.00000000 0.00000000
vt 0.00000000 0.00000000
vt 0.00000000 0.00000000
vt 0.00000000 0.00000000
vt 0.00000000 0.00000000
vt 0.00000000 0.00000000
vt 0.00000000 0.00000000
vt 0.00000000 0.00000000
vt 0.00000000 0.00000000
vt 0.00000000 0.00000000
vt 0.00000000 0.00000000
vt 0.00000000 0.00000000
vt 0.00000000 0.00000000
vt 0.00000000 0.00000000
vt 0.00000000 0.00000000
vt 0.00000000 0.00000000
vt 0.00000000 0.00000000
vt 0.00000000 0.00000000
vt 0.00000000 0.00000000
vt 0.00000000 0.00000000
vt 0.00000000 0.00000000
vt 0.00000000 0.00000000
vt 0.00000000 0.00000000
vt 0.00000000 0.00000000
vt 0.00000000 0.00000000
vt 0.00000000 0.00000000
vt 0.00000000 0.00000000
vt 0.00000000 0.00000000
vt 0.00000000 0.00000000
vt 0.00000000 0.00000000
vt 0.00000000 0.00000000
vt 0.00000000 0.00000000
vt 0.00000000 0.00000000
vt 0.00000000 0.00000000
vt 0.00000000 0.00000000
vt 0.00000000 0.00000000
vt 0.00000000 0.00000000
vt 0.00000000 0.00000000
vt 0.00000000 0.00000000
vt 0.00000000 0.00000000
vt 0.00000000 0.00000000
vt 0.00000000 0.00000000
vt 0.00000000 0.00000000
vt 0.00000000 0.00000000
vt 0.00000000 0.00000000
vt 0.00000000 0.00000000
vt 0.00000000 0.00000000
vt 0.00000000 0.00000000
vt 0.00000000 0.00000000
vt 0.00000000 0.00000000
vt 0.00000000 0.00000000
vt 0.00000000 0.00000000
vt 0.00000000 0.00000000
vt 0.00000000 0.00000000
vt 0.00000000 0.00000000
vt 0.00000000 0.00000000
vt 0.00000000 0.00000000
vt 0.00000000 0.00000000
vt 0.00000000 0.00000000
vt 0.00000000 0.00000000
vt 0.00000000 0.00000000
vt 0.00000000 0.00000000
vt 0.00000000 0.00000000
vt 0.00000000 0.00000000
vt 0.00000000 0.00000000
vt 0.00000000 0.00000000
vt 0.00000000 0.00000000
vt 0.00000000 0.00000000
vt 0.00000000 0.00000000
vt 0.00000000 0.00000000
vt 0.00000000 0.00000000
vt 0.00000000 0.00000000
vt 0.00000000 0.00000000
vt 0.00000000 0.00000000
vt 0.00000000 0.00000000
vt 0.00000000 0.00000000
vt 0.00000000 0.00000000
vt 0.00000000 0.00000000
vt 0.00000000 0.00000000
vt 0.00000000 0.00000000
vt 0.00000000 0.00000000
vt 0.00000000 0.00000000
vt 0.00000000 0.00000000
vt 0.00000000 0.00000000
vt 0.00000000 0.00000000
vt 0.00000000 0.00000000
vt 0.00000000 0.00000000
vt 0.00000000 0.00000000
vt 0.00000000 0.00000000
vt 0.00000000 0.00000000
vt 0.00000000 0.00000000
vt 0.00000000 0.00000000
vt 0.00000000 0.00000000
vt 0.00000000 0.00000000
vt 0.00000000 0.00000000
vt 0.00000000 0.00000000
vt 0.00000000 0.00000000
vt 0.00000000 0.00000000
vt 0.00000000 0.00000000
vt 0.00000000 0.00000000
vt 0.00000000 0.00000000
vt 0.00000000 0.00000000
vt 0.00000000 0.00000000
vt 0.00000000 0.00000000
vt 0.00000000 0.00000000
vt 0.00000000 0.00000000
vt 0.00000000 0.00000000
vt 0.00000000 0.00000000
vt 0.00000000 0.00000000
vt 0.00000000 0.00000000
vt 0.00000000 0.00000000
vt 0.00000000 0.00000000
vt 0.00000000 0.00000000
vt 0.00000000 0.00000000
vt 0.00000000 0.00000000
vt 0.00000000 0.00000000
vt 0.00000000 0.00000000
vt 0.00000000 0.00000000
vt 0.00000000 0.00000000
vt 0.00000000 0.00000000
vt 0.00000000 0.00000000
vt 0.00000000 0.00000000
vt 0.00000000 0.00000000
vt 0.00000000 0.00000000
vt 0.00000000 0.00000000
vt 0.00000000 0.00000000
vt 0.00000000 0.00000000
vt 0.00000000 0.00000000
vt 0.00000000 0.00000000
vt 0.00000000 0.00000000
vt 0.00000000 0.00000000
vt 0.00000000 0.00000000
vt 0.00000000 0.00000000
vt 0.00000000 0.00000000
vt 0.00000000 0.00000000
vt 0.00000000 0.00000000
vt 0.00000000 0.00000000
vt 0.00000000 0.00000000
vt 0.00000000 0.00000000
vt 0.00000000 0.00000000
vt 0.00000000 0.00000000
vt 0.00000000 0.00000000
vt 0.00000000 0.00000000
vt 0.00000000 0.00000000
vt 0.00000000 0.00000000
vt 0.00000000 0.00000000
vt 0.00000000 0.00000000
vt 0.00000000 0.00000000
vt 0.00000000 0.00000000
vt 0.00000000 0.00000000
vt 0.00000000 0.00000000
vt 0.00000000 0.00000000
vt 0.00000000 0.00000000
vt 0.00000000 0.00000000
vt 0.00000000 0.00000000
vt 0.00000000 0.00000000
vt 0.00000000 0.00000000
vt 0.00000000 0.00000000
vt 0.00000000 0.00000000
vt 0.00000000 0.00000000
vt 0.00000000 0.00000000
vt 0.00000000 0.00000000
vt 0.00000000 0.00000000
vt 0.00000000 0.00000000
vt 0.00000000 0.00000000
vt 0.00000000 0.00000000
vt 0.00000000 0.00000000
vt 0.00000000 0.00000000
vt 0.00000000 0.00000000
vt 0.00000000 0.00000000
vt 0.00000000 0.00000000
vt 0.00000000 0.00000000
vt 0.00000000 0.00000000
vt 0.00000000 0.00000000
vt 0.00000000 0.00000000
vt 0.00000000 0.00000000
vt 0.00000000 0.00000000
vt 0.00000000 0.00000000
vt 0.00000000 0.00000000
vt 0.00000000 0.00000000
vt 0.00000000 0.00000000
vt 0.00000000 0.00000000
vt 0.00000000 0.00000000
vt 0.00000000 0.00000000
vt 0.00000000 0.00000000
vt 0.00000000 0.00000000
vt 0.00000000 0.00000000
vt 0.00000000 0.00000000
vt 0.00000000 0.00000000
vt 0.00000000 0.00000000
vt 0.00000000 0.00000000
vt 0.00000000 0.00000000
vt 0.00000000 0.00000000
vt 0.00000000 0.00000000
vt 0.00000000 0.00000000
vt 0.00000000 0.00000000
vt 0.00000000 0.00000000
vt 0.00000000 0.00000000
vt 0.00000000 0.00000000
vt 0.00000000 0.00000000
vt 0.00000000 0.00000000
vt 0.00000000 0.00000000
vt 0.00000000 0.00000000
vt 0.00000000 0.00000000
vt 0.00000000 0.00000000
vt 0.00000000 0.00000000
vt 0.00000000 0.00000000
vt 0.00000000 0.00000000
vt 0.00000000 0.00000000
vt 0.00000000 0.00000000
vt 0.00000000 0.00000000
vt 0.00000000 0.00000000
vt 0.00000000 0.00000000
vt 0.00000000 0.00000000
vt 0.00000000 0.00000000
vt 0.00000000 0.00000000
vt 0.00000000 0.00000000
vt 0.00000000 0.00000000
vt 0.00000000 0.00000000
vt 0.00000000 0.00000000
vt 0.00000000 0.00000000
vt 0.00000000 0.00000000
vt 0.00000000 0.00000000
vt 0.00000000 0.00000000
vt 0.00000000 0.00000000
vt 0.00000000 0.00000000
vt 0.00000000 0.00000000
vt 0.00000000 0.00000000
vt 0.00000000 0.00000000
vt 0.00000000 0.00000000
vt 0.00000000 0.00000000
vt 0.00000000 0.00000000
vt 0.00000000 0.00000000
vt 0.00000000 0.00000000
vt 0.00000000 0.00000000
vt 0.00000000 0.00000000
vt 0.00000000 0.00000000
vt 0.00000000 0.00000000
vt 0.00000000 0.00000000
vt 0.00000000 0.00000000
vt 0.00000000 0.00000000
vt 0.00000000 0.00000000
vt 0.00000000 0.00000000
vt 0.00000000 0.00000000
vt 0.00000000 0.00000000
vt 0.00000000 0.00000000
vt 0.00000000 0.00000000
vt 0.00000000 0.00000000
vt 0.00000000 0.00000000
vt 0.00000000 0.00000000
vt 0.00000000 0.00000000
vt 0.00000000 0.00000000
vt 0.00000000 0.00000000
vt 0.00000000 0.00000000
vt 0.00000000 0.00000000
vt 0.00000000 0.00000000
vt 0.00000000 0.00000000
vt 0.00000000 0.00000000
vt 0.00000000 0.00000000
vt 0.00000000 0.00000000
vt 0.00000000 0.00000000
vt 0.00000000 0.00000000
vt 0.00000000 0.00000000
vt 0.00000000 0.00000000
vt 0.00000000 0.00000000
vt 0.00000000 0.00000000
vt 0.00000000 0.00000000
vt 0.00000000 0.00000000
vt 0.00000000 0.00000000
vt 0.00000000 0.00000000
vt 0.00000000 0.00000000
vt 0.00000000 0.00000000
vt 0.00000000 0.00000000
vt 0.00000000 0.00000000
vt 0.00000000 0.00000000
vt 0.00000000 0.00000000
vt 0.00000000 0.00000000
vt 0.00000000 0.00000000
vt 0.00000000 0.00000000
vt 0.00000000 0.00000000
vt 0.00000000 0.00000000
vt 0.00000000 0.00000000
vt 0.00000000 0.00000000
vt 0.00000000 0.00000000
vt 0.00000000 0.00000000
vt 0.00000000 0.00000000
vt 0.00000000 0.00000000
vt 0.00000000 0.00000000
vt 0.00000000 0.00000000
vt 0.00000000 0.00000000
vt 0.00000000 0.00000000
vt 0.00000000 0.00000000
vt 0.00000000 0.00000000
vt 0.00000000 0.00000000
vt 0.00000000 0.00000000
vt 0.00000000 0.00000000
vt 0.00000000 0.00000000
vt 0.00000000 0.00000000
vt 0.00000000 0.00000000
vt 0.00000000 0.00000000
vt 0.00000000 0.00000000
vt 0.00000000 0.00000000
vt 0.00000000 0.00000000
vt 0.00000000 0.00000000
vt 0.00000000 0.00000000
vt 0.00000000 0.00000000
vt 0.00000000 0.00000000
vt 0.00000000 0.00000000
vt 0.00000000 0.00000000
vt 0.00000000 0.00000000
vt 0.00000000 0.00000000
vt 0.00000000 0.00000000
vt 0.00000000 0.00000000
vt 0.00000000 0.00000000
vt 0.00000000 0.00000000
vt 0.00000000 0.00000000
vt 0.00000000 0.00000000
vt 0.00000000 0.00000000
vt 0.00000000 0.00000000
vt 0.00000000 0.00000000
vt 0.00000000 0.00000000
vt 0.00000000 0.00000000
vt 0.00000000 0.00000000
vt 0.00000000 0.00000000
vt 0.00000000 0.00000000
vt 0.00000000 0.00000000
vt 0.00000000 0.00000000
vt 0.00000000 0.00000000
vt 0.00000000 0.00000000
vt 0.00000000 0.00000000
vt 0.00000000 0.00000000
vt 0.00000000 0.00000000
vt 0.00000000 0.00000000
vt 0.00000000 0.00000000
vt 0.00000000 0.00000000
vt 0.00000000 0.00000000
vt 0.00000000 0.00000000
vt 0.00000000 0.00000000
vt 0.00000000 0.00000000
vt 0.00000000 0.00000000
vt 0.00000000 0.00000000
vt 0.00000000 0.00000000
vt 0.00000000 0.00000000
vt 0.00000000 0.00000000
vt 0.00000000 0.00000000
vt 0.00000000 0.00000000
vt 0.00000000 0.00000000
vt 0.00000000 0.00000000
vt 0.00000000 0.00000000
vt 0.00000000 0.00000000
vt 0.00000000 0.00000000
vt 0.00000000 0.00000000
vt 0.00000000 0.00000000
vt 0.00000000 0.00000000
vt 0.00000000 0.00000000
vt 0.00000000 0.00000000
vt 0.00000000 0.00000000
vt 0.00000000 0.00000000
vt 0.00000000 0.00000000
vt 0.00000000 0.00000000
vt 0.00000000 0.00000000
vt 0.00000000 0.00000000
vt 0.00000000 0.00000000
vt 0.00000000 0.00000000
vt 0.00000000 0.00000000
vt 0.00000000 0.00000000
vt 0.00000000 0.00000000
vt 0.00000000 0.00000000
vt 0.00000000 0.00000000
vt 0.00000000 0.00000000
vt 0.00000000 0.00000000
vt 0.00000000 0.00000000
vt 0.00000000 0.00000000
vt 0.00000000 0.00000000
vt 0.00000000 0.00000000
vt 0.00000000 0.00000000
vt 0.00000000 0.00000000
vt 0.00000000 0.00000000
vt 0.00000000 0.00000000
vt 0.00000000 0.00000000
vt 0.00000000 0.00000000
vt 0.00000000 0.00000000
vt 0.00000000 0.00000000
vt 0.00000000 0.00000000
vt 0.00000000 0.00000000
vt 0.00000000 0.00000000
vt 0.00000000 0.00000000
vt 0.00000000 0.00000000
vt 0.00000000 0.00000000
vt 0.00000000 0.00000000
vt 0.00000000 0.00000000
vt 0.00000000 0.00000000
vt 0.00000000 0.00000000
vt 0.00000000 0.00000000
vt 0.00000000 0.00000000
vt 0.00000000 0.00000000
vt 0.00000000 0.00000000
vt 0.00000000 0.00000000
vt 0.00000000 0.00000000
vt 0.00000000 0.00000000
vt 0.00000000 0.00000000
vt 0.00000000 0.00000000
vt 0.00000000 0.00000000
vt 0.00000000 0.00000000
vt 0.00000000 0.00000000
vt 0.00000000 0.00000000
vt 0.00000000 0.00000000
vt 0.00000000 0.00000000
vt 0.00000000 0.00000000
vt 0.00000000 0.00000000
vt 0.00000000 0.00000000
vt 0.00000000 0.00000000
vt 0.00000000 0.00000000
vt 0.00000000 0.00000000
vt 0.00000000 0.00000000
vt 0.00000000 0.00000000
vt 0.00000000 0.00000000
vt 0.00000000 0.00000000
vt 0.00000000 0.00000000
vt 0.00000000 0.00000000
vt 0.00000000 0.00000000
vt 0.00000000 0.00000000
vt 0.00000000 0.00000000
vt 0.00000000 0.00000000
vt 0.00000000 0.00000000
vt 0.00000000 0.00000000
vt 0.00000000 0.00000000
vt 0.00000000 0.00000000
vt 0.00000000 0.00000000
vt 0.00000000 0.00000000
vt 0.00000000 0.00000000
vt 0.00000000 0.00000000
vt 0.00000000 0.00000000
vt 0.00000000 0.00000000
vt 0.00000000 0.00000000
vt 0.00000000 0.00000000
vt 0.00000000 0.00000000
vt 0.00000000 0.00000000
vt 0.00000000 0.00000000
vt 0.00000000 0.00000000
vt 0.00000000 0.00000000
vt 0.00000000 0.00000000
vt 0.00000000 0.00000000
vt 0.00000000 0.00000000
vt 0.00000000 0.00000000
vt 0.00000000 0.00000000
vt 0.00000000 0.00000000
vt 0.00000000 0.00000000
vt 0.00000000 0.00000000
vt 0.00000000 0.00000000
vt 0.00000000 0.00000000
vt 0.00000000 0.00000000
vt 0.00000000 0.00000000
vt 0.00000000 0.00000000
vt 0.00000000 0.00000000
vt 0.00000000 0.00000000
vt 0.00000000 0.00000000
vt 0.00000000 0.00000000
vt 0.00000000 0.00000000
vt 0.00000000 0.00000000
vt 0.00000000 0.00000000
vt 0.00000000 0.00000000
vt 0.00000000 0.00000000
vt 0.00000000 0.00000000
vt 0.00000000 0.00000000
vt 0.00000000 0.00000000
vt 0.00000000 0.00000000
vt 0.00000000 0.00000000
vt 0.00000000 0.00000000
vt 0.00000000 0.00000000
vt 0.00000000 0.00000000
vt 0.00000000 0.00000000
vt 0.00000000 0.00000000
vt 0.00000000 0.00000000
vt 0.00000000 0.00000000
vt 0.00000000 0.00000000
vt 0.00000000 0.00000000
vt 0.00000000 0.00000000
vt 0.00000000 0.00000000
vt 0.00000000 0.00000000
vt 0.00000000 0.00000000
vt 0.00000000 0.00000000
vt 0.00000000 0.00000000
vt 0.00000000 0.00000000
vt 0.00000000 0.00000000
vt 0.00000000 0.00000000
vt 0.00000000 0.00000000
vt 0.00000000 0.00000000
vt 0.00000000 0.00000000
vt 0.00000000 0.00000000
vt 0.00000000 0.00000000
vt 0.00000000 0.00000000
vt 0.00000000 0.00000000
vt 0.00000000 0.00000000
vt 0.00000000 0.00000000
vt 0.00000000 0.00000000
vt 0.00000000 0.00000000
vt 0.00000000 0.00000000
vn -0.70321813 -0.07388660 -0.70712448
vn -0.70662207 -0.03702054 -0.70662206
vn -0.70660686 0.03701933 -0.70663733
vn -0.70321813 0.07388616 -0.70712452
vn -0.69167582 0.14700825 -0.70708778
vn -0.67251747 0.21848558 -0.70709568
vn -0.64597358 0.28761455 -0.70710395
vn -0.61237028 0.35356617 -0.70710226
vn -0.57206197 0.41561754 -0.70711185
vn -0.52548510 0.47314389 -0.70710697
vn -0.47314413 0.52548492 -0.70710695
vn -0.41561776 0.57206175 -0.70711190
vn -0.35353969 0.61237667 -0.70710996
vn -0.28761477 0.64597336 -0.70710407
vn -0.21849026 0.67250057 -0.70711031
vn -0.14700849 0.69167554 -0.70708801
vn -0.07388638 0.70321791 -0.70712472
vn 0.00000000 0.70710656 -0.70710700
vn 0.07388638 0.70321791 -0.70712472
vn 0.14700849 0.69167554 -0.70708801
vn 0.21849026 0.67250057 -0.70711031
vn 0.28761477 0.64597336 -0.70710407
vn 0.35353969 0.61237667 -0.70710996
vn 0.41561776 0.57206175 -0.70711190
vn 0.47314413 0.52548492 -0.70710695
vn 0.52548510 0.47314389 -0.70710697
vn 0.57206197 0.41561754 -0.70711185
vn 0.61237690 0.35353946 -0.70710988
vn 0.64599133 0.28760886 -0.70709005
vn 0.67250079 0.21849004 -0.70711017
vn 0.69167582 0.14700825 -0.70708778
vn 0.70321813 0.07388616 -0.70712452
vn 0.70709152 -0.00000022 -0.70712204
vn 0.70321813 -0.07388660 -0.70712448
vn 0.69167582 -0.14700870 -0.70708769
vn 0.67251747 -0.21848602 -0.70709555
vn 0.64597358 -0.28761500 -0.70710377
vn 0.61237028 -0.35356661 -0.70710203
vn 0.57206197 -0.41561798 -0.70711159
vn 0.52548510 -0.47314433 -0.70710668
vn 0.47314413 -0.52548536 -0.70710662
vn 0.41561776 -0.57206219 -0.70711154
vn 0.35353969 -0.61237712 -0.70710958
vn 0.28761477 -0.64597380 -0.70710366
vn 0.21849026 -0.67250101 -0.70710989
vn 0.14700849 -0.69167598 -0.70708758
vn 0.07388638 -0.70321835 -0.70712428
vn 0.00000000 -0.70710700 -0.70710656
vn -0.07388638 -0.70321835 -0.70712428
vn -0.14700849 -0.69167598 -0.70708758
vn -0.21849026 -0.67250101 -0.70710989
vn -0.28761477 -0.64597380 -0.70710366
vn -0.35353969 -0.61237712 -0.70710958
vn -0.41561776 -0.57206219 -0.70711154
vn -0.47314413 -0.52548536 -0.70710662
vn -0.52548510 -0.47314433 -0.70710668
vn -0.57206197 -0.41561798 -0.70711159
vn -0.61237690 -0.35353991 -0.70710966
vn -0.64599133 -0.28760930 -0.70708987
vn -0.67250079 -0.21849049 -0.70711003
vn -0.69167582 -0.14700870 -0.70708769
vn -0.99452200 0.10452749 -0.00000003
vn -0.99863095 0.05230891 -0.00000002
vn -0.99863095 -0.05230891 0.00000002
vn -0.99452200 -0.10452749 0.00000003
vn -0.97815032 -0.20789890 0.00000007
vn -0.95106074 -0.30900400 0.00000010
vn -0.91355087 -0.40672449 0.00000013
vn -0.86603161 -0.49998925 0.00000016
vn -0.80903027 -0.58776698 0.00000018
vn -0.74314230 -0.66913342 0.00000021
vn -0.66913342 -0.74314230 0.00000023
vn -0.58776698 -0.80903027 0.00000025
vn -0.49998925 -0.86603161 0.00000027
vn -0.40672449 -0.91355087 0.00000029
vn -0.30900400 -0.95106074 0.00000030
vn -0.20789890 -0.97815032 0.00000031
vn -0.10452749 -0.99452200 0.00000031
vn 0.00000000 -1.00000000 0.00000031
vn 0.10452749 -0.99452200 0.00000031
vn 0.20789890 -0.97815032 0.00000031
vn 0.30900400 -0.95106074 0.00000030
vn 0.40672449 -0.91355087 0.00000029
vn 0.49998925 -0.86603161 0.00000027
vn 0.58776698 -0.80903027 0.00000025
vn 0.66913342 -0.74314230 0.00000023
vn 0.74314230 -0.66913342 0.00000021
vn 0.80903027 -0.58776698 0.00000018
vn 0.86603161 -0.49998925 0.00000016
vn 0.91355087 -0.40672449 0.00000013
vn 0.95106074 -0.30900400 0.00000010
vn 0.97815032 -0.20789890 0.00000007
vn 0.99452200 -0.10452749 0.00000003
vn 1.00000000 0.00000000 0.00000000
vn 0.99452200 0.10452749 -0.00000003
vn 0.97815032 0.20789890 -0.00000007
vn 0.95106074 0.30900400 -0.00000010
vn 0.91355087 0.40672449 -0.00000013
vn 0.86603161 0.49998925 -0.00000016
vn 0.80903027 0.58776698 -0.00000018
vn 0.74314230 0.66913342 -0.00000021
vn 0.66913342 0.74314230 -0.00000023
vn 0.58776698 0.80903027 -0.00000025
vn 0.49998925 0.86603161 -0.00000027
vn 0.40672449 0.91355087 -0.00000029
vn 0.30900400 0.95106074 -0.00000030
vn 0.20789890 0.97815032 -0.00000031
vn 0.10452749 0.99452200 -0.00000031
vn 0.00000000 1.00000000 -0.00000031
vn -0.10452749 0.99452200 -0.00000031
vn -0.20789890 0.97815032 -0.00000031
vn -0.30900400 0.95106074 -0.00000030
vn -0.40672449 0.91355087 -0.00000029
vn -0.49998925 0.86603161 -0.00000027
vn -0.58776698 0.80903027 -0.00000025
vn -0.66913342 0.74314230 -0.00000023
vn -0.74314230 0.66913342 -0.00000021
vn -0.80903027 0.58776698 -0.00000018
vn -0.86603161 0.49998925 -0.00000016
vn -0.91355087 0.40672449 -0.00000013
vn -0.95106074 0.30900400 -0.00000010
vn -0.97815032 0.20789890 -0.00000007
vn 0.00000000 -0.00000031 -1.00000000
vn -0.70321813 -0.07388616 0.70712452
vn -0.70660686 -0.03701933 0.70663733
vn -0.70662207 0.03702054 0.70662206
vn -0.70321813 0.07388660 0.70712448
vn -0.69167582 0.14700870 0.70708769
vn -0.67250079 0.21849049 0.70711003
vn -0.64599133 0.28760930 0.70708987
vn -0.61237690 0.35353991 0.70710966
vn -0.57206197 0.41561798 0.70711159
vn -0.52548510 0.47314433 0.70710668
vn -0.47314413 0.52548536 0.70710662
vn -0.41561776 0.57206219 0.70711154
vn -0.35353969 0.61237712 0.70710958
vn -0.28761477 0.64597380 0.70710366
vn -0.21848580 0.67251769 0.70709540
vn -0.14700849 0.69167598 0.70708758
vn -0.07388638 0.70321835 0.70712428
vn 0.00000000 0.70710700 0.70710656
vn 0.07388638 0.70321835 0.70712428
vn 0.14701171 0.69169098 0.70707224
vn 0.21848580 0.67251769 0.70709540
vn 0.28761477 0.64597380 0.70710366
vn 0.35353969 0.61237712 0.70710958
vn 0.41561776 0.57206219 0.70711154
vn 0.47314413 0.52548536 0.70710662
vn 0.52548510 0.47314433 0.70710668
vn 0.57206197 0.41561798 0.70711159
vn 0.61237028 0.35356661 0.70710203
vn 0.64597358 0.28761500 0.70710377
vn 0.67251747 0.21848602 0.70709555
vn 0.69167582 0.14700870 0.70708769
vn 0.70321813 0.07388660 0.70712448
vn 0.70710678 0.00000022 0.70710678
vn 0.70321813 -0.07388616 0.70712452
vn 0.69167582 -0.14700825 0.70708778
vn 0.67250079 -0.21849004 0.70711017
vn 0.64599133 -0.28760886 0.70709005
vn 0.61237690 -0.35353946 0.70710988
vn 0.57206197 -0.41561754 0.70711185
vn 0.52548510 -0.47314389 0.70710697
vn 0.47314413 -0.52548492 0.70710695
vn 0.41561776 -0.57206175 0.70711190
vn 0.35353969 -0.61237667 0.70710996
vn 0.28761477 -0.64597336 0.70710407
vn 0.21848580 -0.67251725 0.70709583
vn 0.14700849 -0.69167554 0.70708801
vn 0.07388638 -0.70321791 0.70712472
vn 0.00000000 -0.70710656 0.70710700
vn -0.07388638 -0.70321791 0.70712472
vn -0.14701171 -0.69169053 0.70707267
vn -0.21848580 -0.67251725 0.70709583
vn -0.28761477 -0.64597336 0.70710407
vn -0.35353969 -0.61237667 0.70710996
vn -0.41561776 -0.57206175 0.70711190
vn -0.47314413 -0.52548492 0.70710695
vn -0.52548510 -0.47314389 0.70710697
vn -0.57206197 -0.41561754 0.70711185
vn -0.61237028 -0.35356617 0.70710226
vn -0.64597358 -0.28761455 0.70710395
vn -0.67251747 -0.21848558 0.70709568
vn -0.69167582 -0.14700825 0.70708778
vn 0.00000000 0.00000031 1.00000000
vn 0.00000000 0.00000031 1.00000000
vn 0.00000000 0.00000031 1.00000000
vn 0.00000000 -0.00000004 1.00000000
vn 0.00000000 0.00000067 1.00000000
vn 0.00000000 -0.00000004 1.00000000
vn 0.00000000 0.00000067 1.00000000
vn 0.00000000 0.00000014 1.00000000
vn 0.00000000 0.00000002 1.00000000
vn 0.00000000 -0.00000039 1.00000000
vn 0.00000000 0.00000031 1.00000000
vn 0.00000000 0.00000067 1.00000000
vn 0.00000000 -0.00000041 1.00000000
vn 0.00000000 0.00000171 1.00000000
vn 0.00000000 -0.00000041 1.00000000
vn 0.00000000 -0.00000108 1.00000000
vn 0.00000000 -0.00000108 1.00000000
vn 0.00000000 -0.00000108 1.00000000
vn 0.00000000 0.00000104 1.00000000
vn 0.00000000 0.00000170 1.00000000
vn 0.00000000 -0.00000041 1.00000000
vn 0.00000000 0.00000103 1.00000000
vn 0.00000000 0.00000031 1.00000000
vn 0.00000000 0.00000031 1.00000000
vn 0.00000000 0.00000067 1.00000000
vn 0.00000000 -0.00000004 1.00000000
vn 0.00000000 0.00000067 1.00000000
vn 0.00000000 -0.00000004 1.00000000
vn 0.00000000 0.00000049 1.00000000
vn 0.00000000 0.00000060 1.00000000
vn 0.00000000 0.00000102 1.00000000
vn 0.00000000 0.00000031 1.00000000
vn 0.00000000 -0.00000005 1.00000000
vn 0.00000000 0.00000103 1.00000000
vn 0.00000000 -0.00000108 1.00000000
vn 0.00000000 0.00000104 1.00000000
vn 0.00000000 0.00000171 1.00000000
vn 0.00000000 0.00000170 1.00000000
vn 0.00000000 0.00000170 1.00000000
vn 0.00000000 -0.00000041 1.00000000
vn 0.00000000 -0.00000107 1.00000000
vn 0.00000000 0.00000103 1.00000000
vn 0.00000000 -0.00000041 1.00000000
vn 0.99414005 0.10809981 -0.00000003
vn 0.99853493 0.05411094 -0.00000002
vn 0.99853493 -0.05411094 0.00000002
vn 0.99414005 -0.10809981 0.00000003
vn 0.97662526 -0.21494909 0.00000007
vn 0.94765595 -0.31929328 0.00000010
vn 0.90757848 -0.41988248 0.00000013
vn 0.85685406 -0.51555904 0.00000016
vn 0.79609752 -0.60516836 0.00000019
vn 0.72599839 -0.68769640 0.00000022
vn 0.64738168 -0.76216597 0.00000024
vn 0.56119086 -0.82768643 0.00000026
vn 0.46840088 -0.88351605 0.00000028
vn 0.37013799 -0.92897678 0.00000029
vn 0.26753059 -0.96354937 0.00000030
vn 0.16178040 -0.98682678 0.00000031
vn 0.05411094 -0.99853493 0.00000031
vn 0.05414134 -0.99853328 0.00000031
vn -0.05414134 -0.99853328 0.00000031
vn -0.05411094 -0.99853493 0.00000031
vn -0.16178040 -0.98682678 0.00000031
vn -0.26753059 -0.96354937 0.00000030
vn -0.37013799 -0.92897678 0.00000029
vn -0.46840088 -0.88351605 0.00000028
vn -0.56119086 -0.82768643 0.00000026
vn -0.64738168 -0.76216597 0.00000024
vn -0.72599839 -0.68769640 0.00000022
vn -0.79609752 -0.60516836 0.00000019
vn -0.85685406 -0.51555904 0.00000016
vn -0.90757848 -0.41988248 0.00000013
vn -0.94765595 -0.31929328 0.00000010
vn -0.97662526 -0.21494909 0.00000007
vn -0.99414005 -0.10809981 0.00000003
vn -1.00000000 0.00000000 0.00000000
vn -0.99414005 0.10809981 -0.00000003
vn -0.97662526 0.21494909 -0.00000007
vn -0.94765595 0.31929328 -0.00000010
vn -0.90757848 0.41988248 -0.00000013
vn -0.85685406 0.51555904 -0.00000016
vn -0.79609752 0.60516836 -0.00000019
vn -0.72599839 0.68769640 -0.00000022
vn -0.64738168 0.76216597 -0.00000024
vn -0.56119086 0.82768643 -0.00000026
vn -0.46840088 0.88351605 -0.00000028
vn -0.37013799 0.92897678 -0.00000029
vn -0.26753059 0.96354937 -0.00000030
vn -0.16178040 0.98682678 -0.00000031
vn -0.05411094 0.99853493 -0.00000031
vn -0.05414134 0.99853328 -0.00000031
vn 0.05414134 0.99853328 -0.00000031
vn 0.05411094 0.99853493 -0.00000031
vn 0.16178040 0.98682678 -0.00000031
vn 0.26753059 0.96354937 -0.00000030
vn 0.37013799 0.92897678 -0.00000029
vn 0.46840088 0.88351605 -0.00000028
vn 0.56119086 0.82768643 -0.00000026
vn 0.64738168 0.76216597 -0.00000024
vn 0.72599839 0.68769640 -0.00000022
vn 0.79609752 0.60516836 -0.00000019
vn 0.85685406 0.51555904 -0.00000016
vn 0.90757848 0.41988248 -0.00000013
vn 0.94765595 0.31929328 -0.00000010
vn 0.97662526 0.21494909 -0.00000007
f 2/1/1 120/2/1 1/3/2
f 1/4/2 120/5/1 122/6/2
f 121/7/3 61/8/3 60/9/4
f 60/10/4 61/11/3 62/12/4
f 60/13/4 62/14/4 59/15/5
f 59/16/5 62/17/4 63/18/5
f 59/19/5 63/20/5 58/21/6
f 58/22/6 63/23/5 64/24/6
f 58/25/6 64/26/6 57/27/7
f 57/28/7 64/29/6 65/30/7
f 57/31/7 65/32/7 56/33/8
f 56/34/8 65/35/7 66/36/8
f 56/37/8 66/38/8 55/39/9
f 55/40/9 66/41/8 67/42/9
f 55/43/9 67/44/9 54/45/10
f 54/46/10 67/47/9 68/48/10
f 54/49/10 68/50/10 53/51/11
f 53/52/11 68/53/10 69/54/11
f 53/55/11 69/56/11 52/57/12
f 52/58/12 69/59/11 70/60/12
f 52/61/12 70/62/12 51/63/13
f 51/64/13 70/65/12 71/66/13
f 51/67/13 71/68/13 50/69/14
f 50/70/14 71/71/13 72/72/14
f 50/73/14 72/74/14 49/75/15
f 49/76/15 72/77/14 73/78/15
f 49/79/15 73/80/15 48/81/16
f 48/82/16 73/83/15 74/84/16
f 48/85/16 74/86/16 47/87/17
f 47/88/17 74/89/16 75/90/17
f 47/91/17 75/92/17 46/93/18
f 46/94/18 75/95/17 76/96/18
f 46/97/18 76/98/18 45/99/19
f 45/100/19 76/101/18 77/102/19
f 45/103/19 77/104/19 44/105/20
f 44/106/20 77/107/19 78/108/20
f 44/109/20 78/110/20 43/111/21
f 43/112/21 78/113/20 79/114/21
f 43/115/21 79/116/21 42/117/22
f 42/118/22 79/119/21 80/120/22
f 42/121/22 80/122/22 41/123/23
f 41/124/23 80/125/22 81/126/23
f 41/127/23 81/128/23 40/129/24
f 40/130/24 81/131/23 82/132/24
f 40/133/24 82/134/24 39/135/25
f 39/136/25 82/137/24 83/138/25
f 39/139/25 83/140/25 38/141/26
f 38/142/26 83/143/25 84/144/26
f 38/145/26 84/146/26 37/147/27
f 37/148/27 84/149/26 85/150/27
f 37/151/27 85/152/27 36/153/28
f 36/154/28 85/155/27 86/156/28
f 36/157/28 86/158/28 35/159/29
f 35/160/29 86/161/28 87/162/29
f 35/163/29 87/164/29 34/165/30
f 34/166/30 87/167/29 88/168/30
f 34/169/30 88/170/30 33/171/31
f 33/172/31 88/173/30 89/174/31
f 33/175/31 89/176/31 32/177/32
f 32/178/32 89/179/31 90/180/32
f 32/181/32 90/182/32 31/183/33
f 31/184/33 90/185/32 91/186/33
f 31/187/33 91/188/33 30/189/34
f 30/190/34 91/191/33 92/192/34
f 30/193/34 92/194/34 29/195/35
f 29/196/35 92/197/34 93/198/35
f 29/199/35 93/200/35 28/201/36
f 28/202/36 93/203/35 94/204/36
f 28/205/36 94/206/36 27/207/37
f 27/208/37 94/209/36 95/210/37
f 27/211/37 95/212/37 26/213/38
f 26/214/38 95/215/37 96/216/38
f 26/217/38 96/218/38 25/219/39
f 25/220/39 96/221/38 97/222/39
f 25/223/39 97/224/39 24/225/40
f 24/226/40 97/227/39 98/228/40
f 24/229/40 98/230/40 23/231/41
f 23/232/41 98/233/40 99/234/41
f 23/235/41 99/236/41 22/237/42
f 22/238/42 99/239/41 100/240/42
f 22/241/42 100/242/42 21/243/43
f 21/244/43 100/245/42 101/246/43
f 21/247/43 101/248/43 20/249/44
f 20/250/44 101/251/43 102/252/44
f 20/253/44 102/254/44 19/255/45
f 19/256/45 102/257/44 103/258/45
f 19/259/45 103/260/45 18/261/46
f 18/262/46 103/263/45 104/264/46
f 18/265/46 104/266/46 17/267/47
f 17/268/47 104/269/46 105/270/47
f 17/271/47 105/272/47 16/273/48
f 16/274/48 105/275/47 106/276/48
f 16/277/48 106/278/48 15/279/49
f 15/280/49 106/281/48 107/282/49
f 15/283/49 107/284/49 14/285/50
f 14/286/50 107/287/49 108/288/50
f 14/289/50 108/290/50 13/291/51
f 13/292/51 108/293/50 109/294/51
f 13/295/51 109/296/51 12/297/52
f 12/298/52 109/299/51 110/300/52
f 12/301/52 110/302/52 11/303/53
f 11/304/53 110/305/52 111/306/53
f 11/307/53 111/308/53 10/309/54
f 10/310/54 111/311/53 112/312/54
f 10/313/54 112/314/54 9/315/55
f 9/316/55 112/317/54 113/318/55
f 9/319/55 113/320/55 8/321/56
f 8/322/56 113/323/55 114/324/56
f 8/325/56 114/326/56 7/327/57
f 7/328/57 114/329/56 115/330/57
f 7/331/57 115/332/57 6/333/58
f 6/334/58 115/335/57 116/336/58
f 6/337/58 116/338/58 5/339/59
f 5/340/59 116/341/58 117/342/59
f 5/343/59 117/344/59 4/345/60
f 4/346/60 117/347/59 118/348/60
f 4/349/60 118/350/60 3/351/61
f 3/352/61 118/353/60 119/354/61
f 3/355/61 119/356/61 2/357/1
f 2/358/1 119/359/61 120/360/1
f 124/361/62 242/362/62 123/363/63
f 123/364/63 242/365/62 243/366/63
f 244/367/64 183/368/64 182/369/65
f 182/370/65 183/371/64 184/372/65
f 182/373/65 184/374/65 181/375/66
f 181/376/66 184/377/65 185/378/66
f 181/379/66 185/380/66 180/381/67
f 180/382/67 185/383/66 186/384/67
f 180/385/67 186/386/67 179/387/68
f 179/388/68 186/389/67 187/390/68
f 179/391/68 187/392/68 178/393/69
f 178/394/69 187/395/68 188/396/69
f 178/397/69 188/398/69 177/399/70
f 177/400/70 188/401/69 189/402/70
f 177/403/70 189/404/70 176/405/71
f 176/406/71 189/407/70 190/408/71
f 176/409/71 190/410/71 175/411/72
f 175/412/72 190/413/71 191/414/72
f 175/415/72 191/416/72 174/417/73
f 174/418/73 191/419/72 192/420/73
f 174/421/73 192/422/73 173/423/74
f 173/424/74 192/425/73 193/426/74
f 173/427/74 193/428/74 172/429/75
f 172/430/75 193/431/74 194/432/75
f 172/433/75 194/434/75 171/435/76
f 171/436/76 194/437/75 195/438/76
f 171/439/76 195/440/76 170/441/77
f 170/442/77 195/443/76 196/444/77
f 170/445/77 196/446/77 169/447/78
f 169/448/78 196/449/77 197/450/78
f 169/451/78 197/452/78 168/453/79
f 168/454/79 197/455/78 198/456/79
f 168/457/79 198/458/79 167/459/80
f 167/460/80 198/461/79 199/462/80
f 167/463/80 199/464/80 166/465/81
f 166/466/81 199/467/80 200/468/81
f 166/469/81 200/470/81 165/471/82
f 165/472/82 200/473/81 201/474/82
f 165/475/82 201/476/82 164/477/83
f 164/478/83 201/479/82 202/480/83
f 164/481/83 202/482/83 163/483/84
f 163/484/84 202/485/83 203/486/84
f 163/487/84 203/488/84 162/489/85
f 162/490/85 203/491/84 204/492/85
f 162/493/85 204/494/85 161/495/86
f 161/496/86 204/497/85 205/498/86
f 161/499/86 205/500/86 160/501/87
f 160/502/87 205/503/86 206/504/87
f 160/505/87 206/506/87 159/507/88
f 159/508/88 206/509/87 207/510/88
f 159/511/88 207/512/88 158/513/89
f 158/514/89 207/515/88 208/516/89
f 158/517/89 208/518/89 157/519/90
f 157/520/90 208/521/89 209/522/90
f 157/523/90 209/524/90 156/525/91
f 156/526/91 209/527/90 210/528/91
f 156/529/91 210/530/91 155/531/92
f 155/532/92 210/533/91 211/534/92
f 155/535/92 211/536/92 154/537/93
f 154/538/93 211/539/92 212/540/93
f 154/541/93 212/542/93 153/543/94
f 153/544/94 212/545/93 213/546/94
f 153/547/94 213/548/94 152/549/95
f 152/550/95 213/551/94 214/552/95
f 152/553/95 214/554/95 151/555/96
f 151/556/96 214/557/95 215/558/96
f 151/559/96 215/560/96 150/561/97
f 150/562/97 215/563/96 216/564/97
f 150/565/97 216/566/97 149/567/98
f 149/568/98 216/569/97 217/570/98
f 149/571/98 217/572/98 148/573/99
f 148/574/99 217/575/98 218/576/99
f 148/577/99 218/578/99 147/579/100
f 147/580/100 218/581/99 219/582/100
f 147/583/100 219/584/100 146/585/101
f 146/586/101 219/587/100 220/588/101
f 146/589/101 220/590/101 145/591/102
f 145/592/102 220/593/101 221/594/102
f 145/595/102 221/596/102 144/597/103
f 144/598/103 221/599/102 222/600/103
f 144/601/103 222/602/103 143/603/104
f 143/604/104 222/605/103 223/606/104
f 143/607/104 223/608/104 142/609/105
f 142/610/105 223/611/104 224/612/105
f 142/613/105 224/614/105 141/615/106
f 141/616/106 224/617/105 225/618/106
f 141/619/106 225/620/106 140/621/107
f 140/622/107 225/623/106 226/624/107
f 140/625/107 226/626/107 139/627/108
f 139/628/108 226/629/107 227/630/108
f 139/631/108 227/632/108 138/633/109
f 138/634/109 227/635/108 228/636/109
f 138/637/109 228/638/109 137/639/110
f 137/640/110 228/641/109 229/642/110
f 137/643/110 229/644/110 136/645/111
f 136/646/111 229/647/110 230/648/111
f 136/649/111 230/650/111 135/651/112
f 135/652/112 230/653/111 231/654/112
f 135/655/112 231/656/112 134/657/113
f 134/658/113 231/659/112 232/660/113
f 134/661/113 232/662/113 133/663/114
f 133/664/114 232/665/113 233/666/114
f 133/667/114 233/668/114 132/669/115
f 132/670/115 233/671/114 234/672/115
f 132/673/115 234/674/115 131/675/116
f 131/676/116 234/677/115 235/678/116
f 131/679/116 235/680/116 130/681/117
f 130/682/117 235/683/116 236/684/117
f 130/685/117 236/686/117 129/687/118
f 129/688/118 236/689/117 237/690/118
f 129/691/118 237/692/118 128/693/119
f 128/694/119 237/695/118 238/696/119
f 128/697/119 238/698/119 127/699/120
f 127/700/120 238/701/119 239/702/120
f 127/703/120 239/704/120 126/705/121
f 126/706/121 239/707/120 240/708/121
f 126/709/121 240/710/121 125/711/122
f 125/712/122 240/713/121 241/714/122
f 125/715/122 241/716/122 124/717/62
f 124/718/62 241/719/122 242/720/62
f 246/721/123 362/722/123 245/723/123
f 245/724/123 362/725/123 303/726/123
f 245/727/123 303/728/123 304/729/123
f 362/730/123 246/731/123 361/732/123
f 361/733/123 246/734/123 247/735/123
f 361/736/123 247/737/123 360/738/123
f 360/739/123 247/740/123 248/741/123
f 360/742/123 248/743/123 359/744/123
f 359/745/123 248/746/123 249/747/123
f 359/748/123 249/749/123 358/750/123
f 358/751/123 249/752/123 250/753/123
f 358/754/123 250/755/123 357/756/123
f 357/757/123 250/758/123 251/759/123
f 357/760/123 251/761/123 356/762/123
f 356/763/123 251/764/123 252/765/123
f 356/766/123 252/767/123 355/768/123
f 355/769/123 252/770/123 253/771/123
f 355/772/123 253/773/123 354/774/123
f 354/775/123 253/776/123 254/777/123
f 354/778/123 254/779/123 353/780/123
f 353/781/123 254/782/123 255/783/123
f 353/784/123 255/785/123 352/786/123
f 352/787/123 255/788/123 256/789/123
f 352/790/123 256/791/123 351/792/123
f 351/793/123 256/794/123 257/795/123
f 351/796/123 257/797/123 350/798/123
f 350/799/123 257/800/123 258/801/123
f 350/802/123 258/803/123 349/804/123
f 349/805/123 258/806/123 259/807/123
f 349/808/123 259/809/123 348/810/123
f 348/811/123 259/812/123 260/813/123
f 348/814/123 260/815/123 347/816/123
f 347/817/123 260/818/123 261/819/123
f 347/820/123 261/821/123 346/822/123
f 346/823/123 261/824/123 262/825/123
f 346/826/123 262/827/123 345/828/123
f 345/829/123 262/830/123 263/831/123
f 345/832/123 263/833/123 344/834/123
f 344/835/123 263/836/123 264/837/123
f 344/838/123 264/839/123 343/840/123
f 343/841/123 264/842/123 265/843/123
f 343/844/123 265/845/123 342/846/123
f 342/847/123 265/848/123 266/849/123
f 342/850/123 266/851/123 341/852/123
f 341/853/123 266/854/123 267/855/123
f 341/856/123 267/857/123 340/858/123
f 340/859/123 267/860/123 268/861/123
f 340/862/123 268/863/123 339/864/123
f 339/865/123 268/866/123 269/867/123
f 339/868/123 269/869/123 338/870/123
f 338/871/123 269/872/123 270/873/123
f 338/874/123 270/875/123 337/876/123
f 337/877/123 270/878/123 271/879/123
f 337/880/123 271/881/123 336/882/123
f 336/883/123 271/884/123 272/885/123
f 336/886/123 272/887/123 335/888/123
f 335/889/123 272/890/123 273/891/123
f 335/892/123 273/893/123 334/894/123
f 334/895/123 273/896/123 274/897/123
f 334/898/123 274/899/123 333/900/123
f 333/901/123 274/902/123 332/903/123
f 332/904/123 274/905/123 275/906/123
f 332/907/123 275/908/123 331/909/123
f 331/910/123 275/911/123 276/912/123
f 331/913/123 276/914/123 330/915/123
f 330/916/123 276/917/123 277/918/123
f 330/919/123 277/920/123 329/921/123
f 329/922/123 277/923/123 278/924/123
f 329/925/123 278/926/123 328/927/123
f 328/928/123 278/929/123 279/930/123
f 328/931/123 279/932/123 327/933/123
f 327/934/123 279/935/123 280/936/123
f 327/937/123 280/938/123 326/939/123
f 326/940/123 280/941/123 281/942/123
f 326/943/123 281/944/123 325/945/123
f 325/946/123 281/947/123 282/948/123
f 325/949/123 282/950/123 324/951/123
f 324/952/123 282/953/123 283/954/123
f 324/955/123 283/956/123 323/957/123
f 323/958/123 283/959/123 284/960/123
f 323/961/123 284/962/123 322/963/123
f 322/964/123 284/965/123 285/966/123
f 322/967/123 285/968/123 321/969/123
f 321/970/123 285/971/123 286/972/123
f 321/973/123 286/974/123 320/975/123
f 320/976/123 286/977/123 287/978/123
f 320/979/123 287/980/123 319/981/123
f 319/982/123 287/983/123 288/984/123
f 319/985/123 288/986/123 318/987/123
f 318/988/123 288/989/123 289/990/123
f 318/991/123 289/992/123 317/993/123
f 317/994/123 289/995/123 290/996/123
f 317/997/123 290/998/123 316/999/123
f 316/1000/123 290/1001/123 291/1002/123
f 316/1003/123 291/1004/123 315/1005/123
f 315/1006/123 291/1007/123 292/1008/123
f 315/1009/123 292/1010/123 314/1011/123
f 314/1012/123 292/1013/123 293/1014/123
f 314/1015/123 293/1016/123 313/1017/123
f 313/1018/123 293/1019/123 294/1020/123
f 313/1021/123 294/1022/123 312/1023/123
f 312/1024/123 294/1025/123 295/1026/123
f 312/1027/123 295/1028/123 311/1029/123
f 311/1030/123 295/1031/123 296/1032/123
f 311/1033/123 296/1034/123 310/1035/123
f 310/1036/123 296/1037/123 297/1038/123
f 310/1039/123 297/1040/123 309/1041/123
f 309/1042/123 297/1043/123 298/1044/123
f 309/1045/123 298/1046/123 308/1047/123
f 308/1048/123 298/1049/123 299/1050/123
f 308/1051/123 299/1052/123 307/1053/123
f 307/1054/123 299/1055/123 300/1056/123
f 307/1057/123 300/1058/123 306/1059/123
f 306/1060/123 300/1061/123 301/1062/123
f 306/1063/123 301/1064/123 305/1065/123
f 305/1066/123 301/1067/123 302/1068/123
f 305/1069/123 302/1070/123 304/1071/123
f 304/1072/123 302/1073/123 245/1074/123
f 364/1075/124 482/1076/124 363/1077/125
f 363/1078/125 482/1079/124 484/1080/125
f 483/1081/126 423/1082/126 422/1083/127
f 422/1084/127 423/1085/126 424/1086/127
f 422/1087/127 424/1088/127 421/1089/128
f 421/1090/128 424/1091/127 425/1092/128
f 421/1093/128 425/1094/128 420/1095/129
f 420/1096/129 425/1097/128 426/1098/129
f 420/1099/129 426/1100/129 419/1101/130
f 419/1102/130 426/1103/129 427/1104/130
f 419/1105/130 427/1106/130 418/1107/131
f 418/1108/131 427/1109/130 428/1110/131
f 418/1111/131 428/1112/131 417/1113/132
f 417/1114/132 428/1115/131 429/1116/132
f 417/1117/132 429/1118/132 416/1119/133
f 416/1120/133 429/1121/132 430/1122/133
f 416/1123/133 430/1124/133 415/1125/134
f 415/1126/134 430/1127/133 431/1128/134
f 415/1129/134 431/1130/134 414/1131/135
f 414/1132/135 431/1133/134 432/1134/135
f 414/1135/135 432/1136/135 413/1137/136
f 413/1138/136 432/1139/135 433/1140/136
f 413/1141/136 433/1142/136 412/1143/137
f 412/1144/137 433/1145/136 434/1146/137
f 412/1147/137 434/1148/137 411/1149/138
f 411/1150/138 434/1151/137 435/1152/138
f 411/1153/138 435/1154/138 410/1155/139
f 410/1156/139 435/1157/138 436/1158/139
f 410/1159/139 436/1160/139 409/1161/140
f 409/1162/140 436/1163/139 437/1164/140
f 409/1165/140 437/1166/140 408/1167/141
f 408/1168/141 437/1169/140 438/1170/141
f 408/1171/141 438/1172/141 407/1173/142
f 407/1174/142 438/1175/141 439/1176/142
f 407/1177/142 439/1178/142 406/1179/143
f 406/1180/143 439/1181/142 440/1182/143
f 406/1183/143 440/1184/143 405/1185/144
f 405/1186/144 440/1187/143 441/1188/144
f 405/1189/144 441/1190/144 404/1191/145
f 404/1192/145 441/1193/144 442/1194/145
f 404/1195/145 442/1196/145 403/1197/146
f 403/1198/146 442/1199/145 443/1200/146
f 403/1201/146 443/1202/146 402/1203/147
f 402/1204/147 443/1205/146 444/1206/147
f 402/1207/147 444/1208/147 401/1209/148
f 401/1210/148 444/1211/147 445/1212/148
f 401/1213/148 445/1214/148 400/1215/149
f 400/1216/149 445/1217/148 446/1218/149
f 400/1219/149 446/1220/149 399/1221/150
f 399/1222/150 446/1223/149 447/1224/150
f 399/1225/150 447/1226/150 398/1227/151
f 398/1228/151 447/1229/150 448/1230/151
f 398/1231/151 448/1232/151 397/1233/152
f 397/1234/152 448/1235/151 449/1236/152
f 397/1237/152 449/1238/152 396/1239/153
f 396/1240/153 449/1241/152 450/1242/153
f 396/1243/153 450/1244/153 395/1245/154
f 395/1246/154 450/1247/153 451/1248/154
f 395/1249/154 451/1250/154 394/1251/155
f 394/1252/155 451/1253/154 452/1254/155
f 394/1255/155 452/1256/155 393/1257/156
f 393/1258/156 452/1259/155 453/1260/156
f 393/1261/156 453/1262/156 392/1263/157
f 392/1264/157 453/1265/156 454/1266/157
f 392/1267/157 454/1268/157 391/1269/158
f 391/1270/158 454/1271/157 455/1272/158
f 391/1273/158 455/1274/158 390/1275/159
f 390/1276/159 455/1277/158 456/1278/159
f 390/1279/159 456/1280/159 389/1281/160
f 389/1282/160 456/1283/159 457/1284/160
f 389/1285/160 457/1286/160 388/1287/161
f 388/1288/161 457/1289/160 458/1290/161
f 388/1291/161 458/1292/161 387/1293/162
f 387/1294/162 458/1295/161 459/1296/162
f 387/1297/162 459/1298/162 386/1299/163
f 386/1300/163 459/1301/162 460/1302/163
f 386/1303/163 460/1304/163 385/1305/164
f 385/1306/164 460/1307/163 461/1308/164
f 385/1309/164 461/1310/164 384/1311/165
f 384/1312/165 461/1313/164 462/1314/165
f 384/1315/165 462/1316/165 383/1317/166
f 383/1318/166 462/1319/165 463/1320/166
f 383/1321/166 463/1322/166 382/1323/167
f 382/1324/167 463/1325/166 464/1326/167
f 382/1327/167 464/1328/167 381/1329/168
f 381/1330/168 464/1331/167 465/1332/168
f 381/1333/168 465/1334/168 380/1335/169
f 380/1336/169 465/1337/168 466/1338/169
f 380/1339/169 466/1340/169 379/1341/170
f 379/1342/170 466/1343/169 467/1344/170
f 379/1345/170 467/1346/170 378/1347/171
f 378/1348/171 467/1349/170 468/1350/171
f 378/1351/171 468/1352/171 377/1353/172
f 377/1354/172 468/1355/171 469/1356/172
f 377/1357/172 469/1358/172 376/1359/173
f 376/1360/173 469/1361/172 470/1362/173
f 376/1363/173 470/1364/173 375/1365/174
f 375/1366/174 470/1367/173 471/1368/174
f 375/1369/174 471/1370/174 374/1371/175
f 374/1372/175 471/1373/174 472/1374/175
f 374/1375/175 472/1376/175 373/1377/176
f 373/1378/176 472/1379/175 473/1380/176
f 373/1381/176 473/1382/176 372/1383/177
f 372/1384/177 473/1385/176 474/1386/177
f 372/1387/177 474/1388/177 371/1389/178
f 371/1390/178 474/1391/177 475/1392/178
f 371/1393/178 475/1394/178 370/1395/179
f 370/1396/179 475/1397/178 476/1398/179
f 370/1399/179 476/1400/179 369/1401/180
f 369/1402/180 476/1403/179 477/1404/180
f 369/1405/180 477/1406/180 368/1407/181
f 368/1408/181 477/1409/180 478/1410/181
f 368/1411/181 478/1412/181 367/1413/182
f 367/1414/182 478/1415/181 479/1416/182
f 367/1417/182 479/1418/182 366/1419/183
f 366/1420/183 479/1421/182 480/1422/183
f 366/1423/183 480/1424/183 365/1425/184
f 365/1426/184 480/1427/183 481/1428/184
f 365/1429/184 481/1430/184 364/1431/124
f 364/1432/124 481/1433/184 482/1434/124
f 486/1435/185 602/1436/185 485/1437/185
f 485/1438/186 602/1439/186 543/1440/186
f 485/1441/187 543/1442/187 544/1443/187
f 602/1444/188 486/1445/188 601/1446/188
f 601/1447/189 486/1448/189 487/1449/189
f 601/1450/190 487/1451/190 600/1452/190
f 600/1453/191 487/1454/191 488/1455/191
f 600/1456/192 488/1457/192 599/1458/192
f 599/1459/185 488/1460/185 489/1461/185
f 599/1462/193 489/1463/193 598/1464/193
f 598/1465/194 489/1466/194 490/1467/194
f 598/1468/195 490/1469/195 597/1470/195
f 597/1471/185 490/1472/185 491/1473/185
f 597/1474/196 491/1475/196 596/1476/196
f 596/1477/185 491/1478/185 492/1479/185
f 596/1480/197 492/1481/197 595/1482/197
f 595/1483/198 492/1484/198 493/1485/198
f 595/1486/199 493/1487/199 594/1488/199
f 594/1489/185 493/1490/185 494/1491/185
f 594/1492/185 494/1493/185 593/1494/185
f 593/1495/185 494/1496/185 495/1497/185
f 593/1498/185 495/1499/185 592/1500/185
f 592/1501/200 495/1502/200 496/1503/200
f 592/1504/185 496/1505/185 591/1506/185
f 591/1507/201 496/1508/201 497/1509/201
f 591/1510/185 497/1511/185 590/1512/185
f 590/1513/202 497/1514/202 498/1515/202
f 590/1516/203 498/1517/203 589/1518/203
f 589/1519/204 498/1520/204 499/1521/204
f 589/1522/185 499/1523/185 588/1524/185
f 588/1525/185 499/1526/185 500/1527/185
f 588/1528/185 500/1529/185 587/1530/185
f 587/1531/204 500/1532/204 501/1533/204
f 587/1534/203 501/1535/203 586/1536/203
f 586/1537/202 501/1538/202 502/1539/202
f 586/1540/185 502/1541/185 585/1542/185
f 585/1543/201 502/1544/201 503/1545/201
f 585/1546/185 503/1547/185 584/1548/185
f 584/1549/200 503/1550/200 504/1551/200
f 584/1552/185 504/1553/185 583/1554/185
f 583/1555/185 504/1556/185 505/1557/185
f 583/1558/185 505/1559/185 582/1560/185
f 582/1561/185 505/1562/185 506/1563/185
f 582/1564/199 506/1565/199 581/1566/199
f 581/1567/198 506/1568/198 507/1569/198
f 581/1570/205 507/1571/205 580/1572/205
f 580/1573/185 507/1574/185 508/1575/185
f 580/1576/206 508/1577/206 579/1578/206
f 579/1579/185 508/1580/185 509/1581/185
f 579/1582/185 509/1583/185 578/1584/185
f 578/1585/194 509/1586/194 510/1587/194
f 578/1588/185 510/1589/185 577/1590/185
f 577/1591/185 510/1592/185 511/1593/185
f 577/1594/185 511/1595/185 576/1596/185
f 576/1597/191 511/1598/191 512/1599/191
f 576/1600/185 512/1601/185 575/1602/185
f 575/1603/189 512/1604/189 513/1605/189
f 575/1606/185 513/1607/185 574/1608/185
f 574/1609/207 513/1610/207 514/1611/207
f 574/1612/185 514/1613/185 573/1614/185
f 573/1615/185 514/1616/185 572/1617/185
f 572/1618/208 514/1619/208 515/1620/208
f 572/1621/209 515/1622/209 571/1623/209
f 571/1624/210 515/1625/210 516/1626/210
f 571/1627/211 516/1628/211 570/1629/211
f 570/1630/212 516/1631/212 517/1632/212
f 570/1633/213 517/1634/213 569/1635/213
f 569/1636/185 517/1637/185 518/1638/185
f 569/1639/214 518/1640/214 568/1641/214
f 568/1642/215 518/1643/215 519/1644/215
f 568/1645/216 519/1646/216 567/1647/216
f 567/1648/185 519/1649/185 520/1650/185
f 567/1651/217 520/1652/217 566/1653/217
f 566/1654/185 520/1655/185 521/1656/185
f 566/1657/218 521/1658/218 565/1659/218
f 565/1660/219 521/1661/219 522/1662/219
f 565/1663/220 522/1664/220 564/1665/220
f 564/1666/185 522/1667/185 523/1668/185
f 564/1669/185 523/1670/185 563/1671/185
f 563/1672/185 523/1673/185 524/1674/185
f 563/1675/185 524/1676/185 562/1677/185
f 562/1678/221 524/1679/221 525/1680/221
f 562/1681/185 525/1682/185 561/1683/185
f 561/1684/222 525/1685/222 526/1686/222
f 561/1687/185 526/1688/185 560/1689/185
f 560/1690/223 526/1691/223 527/1692/223
f 560/1693/224 527/1694/224 559/1695/224
f 559/1696/225 527/1697/225 528/1698/225
f 559/1699/185 528/1700/185 558/1701/185
f 558/1702/185 528/1703/185 529/1704/185
f 558/1705/185 529/1706/185 557/1707/185
f 557/1708/225 529/1709/225 530/1710/225
f 557/1711/224 530/1712/224 556/1713/224
f 556/1714/223 530/1715/223 531/1716/223
f 556/1717/185 531/1718/185 555/1719/185
f 555/1720/222 531/1721/222 532/1722/222
f 555/1723/185 532/1724/185 554/1725/185
f 554/1726/221 532/1727/221 533/1728/221
f 554/1729/185 533/1730/185 553/1731/185
f 553/1732/185 533/1733/185 534/1734/185
f 553/1735/185 534/1736/185 552/1737/185
f 552/1738/185 534/1739/185 535/1740/185
f 552/1741/220 535/1742/220 551/1743/220
f 551/1744/219 535/1745/219 536/1746/219
f 551/1747/226 536/1748/226 550/1749/226
f 550/1750/185 536/1751/185 537/1752/185
f 550/1753/227 537/1754/227 549/1755/227
f 549/1756/185 537/1757/185 538/1758/185
f 549/1759/185 538/1760/185 548/1761/185
f 548/1762/215 538/1763/215 539/1764/215
f 548/1765/185 539/1766/185 547/1767/185
f 547/1768/185 539/1769/185 540/1770/185
f 547/1771/185 540/1772/185 546/1773/185
f 546/1774/212 540/1775/212 541/1776/212
f 546/1777/185 541/1778/185 545/1779/185
f 545/1780/210 541/1781/210 542/1782/210
f 545/1783/185 542/1784/185 544/1785/185
f 544/1786/208 542/1787/208 485/1788/208
f 604/1789/228 718/1790/228 603/1791/229
f 603/1792/229 718/1793/228 720/1794/229
f 719/1795/230 661/1796/230 660/1797/231
f 660/1798/231 661/1799/230 662/1800/231
f 660/1801/231 662/1802/231 659/1803/232
f 659/1804/232 662/1805/231 663/1806/232
f 659/1807/232 663/1808/232 658/1809/233
f 658/1810/233 663/1811/232 664/1812/233
f 658/1813/233 664/1814/233 657/1815/234
f 657/1816/234 664/1817/233 665/1818/234
f 657/1819/234 665/1820/234 656/1821/235
f 656/1822/235 665/1823/234 666/1824/235
f 656/1825/235 666/1826/235 655/1827/236
f 655/1828/236 666/1829/235 667/1830/236
f 655/1831/236 667/1832/236 654/1833/237
f 654/1834/237 667/1835/236 668/1836/237
f 654/1837/237 668/1838/237 653/1839/238
f 653/1840/238 668/1841/237 669/1842/238
f 653/1843/238 669/1844/238 652/1845/239
f 652/1846/239 669/1847/238 670/1848/239
f 652/1849/239 670/1850/239 651/1851/240
f 651/1852/240 670/1853/239 671/1854/240
f 651/1855/240 671/1856/240 650/1857/241
f 650/1858/241 671/1859/240 672/1860/241
f 650/1861/241 672/1862/241 649/1863/242
f 649/1864/242 672/1865/241 673/1866/242
f 649/1867/242 673/1868/242 648/1869/243
f 648/1870/243 673/1871/242 674/1872/243
f 648/1873/243 674/1874/243 647/1875/244
f 647/1876/244 674/1877/243 675/1878/245
f 647/1879/244 675/1880/245 646/1881/246
f 646/1882/246 675/1883/245 676/1884/247
f 646/1885/246 676/1886/247 645/1887/248
f 645/1888/248 676/1889/247 677/1890/248
f 645/1891/248 677/1892/248 644/1893/249
f 644/1894/249 677/1895/248 678/1896/249
f 644/1897/249 678/1898/249 643/1899/250
f 643/1900/250 678/1901/249 679/1902/250
f 643/1903/250 679/1904/250 642/1905/251
f 642/1906/251 679/1907/250 680/1908/251
f 642/1909/251 680/1910/251 641/1911/252
f 641/1912/252 680/1913/251 681/1914/252
f 641/1915/252 681/1916/252 640/1917/253
f 640/1918/253 681/1919/252 682/1920/253
f 640/1921/253 682/1922/253 639/1923/254
f 639/1924/254 682/1925/253 683/1926/254
f 639/1927/254 683/1928/254 638/1929/255
f 638/1930/255 683/1931/254 684/1932/255
f 638/1933/255 684/1934/255 637/1935/256
f 637/1936/256 684/1937/255 685/1938/256
f 637/1939/256 685/1940/256 636/1941/257
f 636/1942/257 685/1943/256 686/1944/257
f 636/1945/257 686/1946/257 635/1947/258
f 635/1948/258 686/1949/257 687/1950/258
f 635/1951/258 687/1952/258 634/1953/259
f 634/1954/259 687/1955/258 688/1956/259
f 634/1957/259 688/1958/259 633/1959/260
f 633/1960/260 688/1961/259 689/1962/260
f 633/1963/260 689/1964/260 632/1965/261
f 632/1966/261 689/1967/260 690/1968/261
f 632/1969/261 690/1970/261 631/1971/262
f 631/1972/262 690/1973/261 691/1974/262
f 631/1975/262 691/1976/262 630/1977/263
f 630/1978/263 691/1979/262 692/1980/263
f 630/1981/263 692/1982/263 629/1983/264
f 629/1984/264 692/1985/263 693/1986/264
f 629/1987/264 693/1988/264 628/1989/265
f 628/1990/265 693/1991/264 694/1992/265
f 628/1993/265 694/1994/265 627/1995/266
f 627/1996/266 694/1997/265 695/1998/266
f 627/1999/266 695/2000/266 626/2001/267
f 626/2002/267 695/2003/266 696/2004/267
f 626/2005/267 696/2006/267 625/2007/268
f 625/2008/268 696/2009/267 697/2010/268
f 625/2011/268 697/2012/268 624/2013/269
f 624/2014/269 697/2015/268 698/2016/269
f 624/2017/269 698/2018/269 623/2019/270
f 623/2020/270 698/2021/269 699/2022/270
f 623/2023/270 699/2024/270 622/2025/271
f 622/2026/271 699/2027/270 700/2028/271
f 622/2029/271 700/2030/271 621/2031/272
f 621/2032/272 700/2033/271 701/2034/272
f 621/2035/272 701/2036/272 620/2037/273
f 620/2038/273 701/2039/272 702/2040/273
f 620/2041/273 702/2042/273 619/2043/274
f 619/2044/274 702/2045/273 703/2046/274
f 619/2047/274 703/2048/274 618/2049/275
f 618/2050/275 703/2051/274 704/2052/276
f 618/2053/275 704/2054/276 617/2055/277
f 617/2056/277 704/2057/276 705/2058/278
f 617/2059/277 705/2060/278 616/2061/279
f 616/2062/279 705/2063/278 706/2064/279
f 616/2065/279 706/2066/279 615/2067/280
f 615/2068/280 706/2069/279 707/2070/280
f 615/2071/280 707/2072/280 614/2073/281
f 614/2074/281 707/2075/280 708/2076/281
f 614/2077/281 708/2078/281 613/2079/282
f 613/2080/282 708/2081/281 709/2082/282
f 613/2083/282 709/2084/282 612/2085/283
f 612/2086/283 709/2087/282 710/2088/283
f 612/2089/283 710/2090/283 611/2091/284
f 611/2092/284 710/2093/283 711/2094/284
f 611/2095/284 711/2096/284 610/2097/285
f 610/2098/285 711/2099/284 712/2100/285
f 610/2101/285 712/2102/285 609/2103/286
f 609/2104/286 712/2105/285 713/2106/286
f 609/2107/286 713/2108/286 608/2109/287
f 608/2110/287 713/2111/286 714/2112/287
f 608/2113/287 714/2114/287 607/2115/288
f 607/2116/288 714/2117/287 715/2118/288
f 607/2119/288 715/2120/288 606/2121/289
f 606/2122/289 715/2123/288 716/2124/289
f 606/2125/289 716/2126/289 605/2127/290
f 605/2128/290 716/2129/289 717/2130/290
f 605/2131/290 717/2132/290 604/2133/228
f 604/2134/228 717/2135/290 718/2136/228
