# x500 visual component (visual-only, no physics meaning)
# source: https://github.com/PX4/PX4-gazebo-models.git@d754381a1cecdd7f17050acd72bf5bf1327bced6 models/x500_base/meshes/5010Base.dae geometry=Body1_001-mesh node=Stator_001/Stator
# generated by landing_mujoco/tools/convert_x500_visual_assets.py v1.1.0
# COLLADA node transform baked; 8 decimal places; no decimation; all pieces
v -0.00174703 -0.00652000 -0.00700000
v -0.00274547 -0.00616643 -0.00700000
v -0.00367631 -0.00566103 -0.00700000
v -0.00451663 -0.00501623 -0.00700000
v -0.00524573 -0.00424792 -0.00700000
v -0.00584567 -0.00337500 -0.00700000
v -0.00630167 -0.00241899 -0.00700000
v -0.00660250 -0.00140341 -0.00700000
v -0.00674075 -0.00035327 -0.00700000
v -0.00671302 0.00070556 -0.00700000
v -0.00652000 0.00174703 -0.00700000
v -0.00616643 0.00274547 -0.00700000
v -0.00566103 0.00367631 -0.00700000
v -0.00501623 0.00451663 -0.00700000
v -0.00424791 0.00524573 -0.00700000
v -0.00337500 0.00584567 -0.00700000
v -0.00241898 0.00630167 -0.00700000
v -0.00140340 0.00660249 -0.00700000
v -0.00035327 0.00674075 -0.00700000
v 0.00070557 0.00671302 -0.00700000
v 0.00174703 0.00652000 -0.00700000
v 0.00274547 0.00616643 -0.00700000
v 0.00367631 0.00566102 -0.00700000
v 0.00451663 0.00501622 -0.00700000
v 0.00524573 0.00424791 -0.00700000
v 0.00584567 0.00337500 -0.00700000
v 0.00630167 0.00241898 -0.00700000
v 0.00660250 0.00140340 -0.00700000
v 0.00674075 0.00035326 -0.00700000
v 0.00671302 -0.00070557 -0.00700000
v 0.00652000 -0.00174703 -0.00700000
v 0.00616643 -0.00274547 -0.00700000
v 0.00566103 -0.00367631 -0.00700000
v 0.00501623 -0.00451663 -0.00700000
v 0.00424791 -0.00524574 -0.00700000
v 0.00337500 -0.00584567 -0.00700000
v 0.00241898 -0.00630167 -0.00700000
v 0.00140340 -0.00660250 -0.00700000
v 0.00035327 -0.00674075 -0.00700000
v -0.00070557 -0.00671303 -0.00700000
v -0.00168232 -0.00627852 -0.00675000
v -0.00065339 -0.00646708 -0.00675000
v 0.00039246 -0.00648814 -0.00675000
v 0.00142815 -0.00634117 -0.00675000
v 0.00242685 -0.00602996 -0.00675000
v 0.00336270 -0.00556258 -0.00675000
v 0.00421145 -0.00495113 -0.00675000
v 0.00495113 -0.00421145 -0.00675000
v 0.00556258 -0.00336270 -0.00675000
v 0.00602996 -0.00242685 -0.00675000
v 0.00634117 -0.00142815 -0.00675000
v 0.00648814 -0.00039246 -0.00675000
v 0.00646708 0.00065339 -0.00675000
v 0.00627852 0.00168232 -0.00675000
v 0.00592735 0.00266768 -0.00675000
v 0.00542266 0.00358395 -0.00675000
v 0.00477754 0.00440739 -0.00675000
v 0.00400867 0.00511669 -0.00675000
v 0.00313599 0.00569347 -0.00675000
v 0.00218208 0.00612279 -0.00675000
v 0.00117166 0.00639353 -0.00675000
v 0.00013089 0.00649868 -0.00675000
v -0.00091327 0.00643552 -0.00675000
v -0.00193377 0.00620568 -0.00675000
v -0.00290419 0.00581512 -0.00675000
v -0.00379939 0.00527395 -0.00675000
v -0.00459619 0.00459619 -0.00675000
v -0.00527396 0.00379939 -0.00675000
v -0.00581512 0.00290419 -0.00675000
v -0.00620569 0.00193377 -0.00675000
v -0.00643552 0.00091326 -0.00675000
v -0.00649868 -0.00013089 -0.00675000
v -0.00639353 -0.00117166 -0.00675000
v -0.00612279 -0.00218208 -0.00675000
v -0.00569347 -0.00313599 -0.00675000
v -0.00511669 -0.00400867 -0.00675000
v -0.00440740 -0.00477754 -0.00675000
v -0.00358395 -0.00542267 -0.00675000
v -0.00266768 -0.00592735 -0.00675000
v -0.00174703 -0.00652000 -0.00700000
v -0.00168232 -0.00627852 -0.00675000
v -0.00172703 -0.00644538 -0.00698776
v -0.00172703 -0.00644538 -0.00698776
v -0.00170900 -0.00637806 -0.00695225
v -0.00170900 -0.00637806 -0.00695225
v -0.00169468 -0.00632464 -0.00689694
v -0.00169468 -0.00632464 -0.00689694
v -0.00168549 -0.00629034 -0.00682725
v -0.00168549 -0.00629034 -0.00682725
v -0.00271405 -0.00609586 -0.00698776
v -0.00268570 -0.00603219 -0.00695225
v -0.00266321 -0.00598167 -0.00689694
v -0.00264877 -0.00594923 -0.00682725
v -0.00363424 -0.00559624 -0.00698776
v -0.00359628 -0.00553779 -0.00695225
v -0.00356616 -0.00549140 -0.00689695
v -0.00354682 -0.00546162 -0.00682725
v -0.00446494 -0.00495882 -0.00698776
v -0.00441830 -0.00490703 -0.00695225
v -0.00438130 -0.00486592 -0.00689695
v -0.00435754 -0.00483954 -0.00682725
v -0.00518570 -0.00419930 -0.00698776
v -0.00513154 -0.00415544 -0.00695225
v -0.00508855 -0.00412063 -0.00689695
v -0.00506096 -0.00409829 -0.00682725
v -0.00577877 -0.00333638 -0.00698776
v -0.00571841 -0.00330153 -0.00695225
v -0.00567051 -0.00327388 -0.00689695
v -0.00563976 -0.00325612 -0.00682725
v -0.00622954 -0.00239130 -0.00698776
v -0.00616448 -0.00236632 -0.00695225
v -0.00611285 -0.00234650 -0.00689695
v -0.00607970 -0.00233378 -0.00682725
v -0.00652693 -0.00138734 -0.00698776
v -0.00645876 -0.00137285 -0.00695225
v -0.00640466 -0.00136136 -0.00689695
v -0.00636993 -0.00135397 -0.00682725
v -0.00666360 -0.00034923 -0.00698776
v -0.00659401 -0.00034558 -0.00695225
v -0.00653877 -0.00034268 -0.00689695
v -0.00650331 -0.00034083 -0.00682725
v -0.00663619 0.00069749 -0.00698776
v -0.00656688 0.00069020 -0.00695225
v -0.00651188 0.00068442 -0.00689695
v -0.00647656 0.00068071 -0.00682725
v -0.00644538 0.00172703 -0.00698776
v -0.00637806 0.00170899 -0.00695225
v -0.00632464 0.00169468 -0.00689695
v -0.00629034 0.00168549 -0.00682725
v -0.00609586 0.00271405 -0.00698776
v -0.00603219 0.00268570 -0.00695225
v -0.00598166 0.00266321 -0.00689695
v -0.00594922 0.00264876 -0.00682725
v -0.00559623 0.00363424 -0.00698777
v -0.00553779 0.00359628 -0.00695226
v -0.00549140 0.00356616 -0.00689695
v -0.00546162 0.00354682 -0.00682726
v -0.00495882 0.00446494 -0.00698777
v -0.00490702 0.00441830 -0.00695226
v -0.00486592 0.00438129 -0.00689695
v -0.00483953 0.00435753 -0.00682726
v -0.00419929 0.00518570 -0.00698777
v -0.00415544 0.00513153 -0.00695226
v -0.00412063 0.00508855 -0.00689695
v -0.00409828 0.00506096 -0.00682726
v -0.00333637 0.00577877 -0.00698777
v -0.00330153 0.00571841 -0.00695226
v -0.00327387 0.00567051 -0.00689695
v -0.00325612 0.00563976 -0.00682726
v -0.00239130 0.00622954 -0.00698777
v -0.00236632 0.00616448 -0.00695226
v -0.00234650 0.00611284 -0.00689695
v -0.00233378 0.00607969 -0.00682726
v -0.00138734 0.00652693 -0.00698777
v -0.00137285 0.00645876 -0.00695226
v -0.00136135 0.00640466 -0.00689695
v -0.00135397 0.00636993 -0.00682726
v -0.00034922 0.00666360 -0.00698777
v -0.00034558 0.00659400 -0.00695226
v -0.00034268 0.00653877 -0.00689695
v -0.00034082 0.00650331 -0.00682726
v 0.00069749 0.00663619 -0.00698777
v 0.00069021 0.00656688 -0.00695226
v 0.00068443 0.00651187 -0.00689695
v 0.00068071 0.00647656 -0.00682726
v 0.00172703 0.00644538 -0.00698777
v 0.00170900 0.00637806 -0.00695226
v 0.00169468 0.00632463 -0.00689695
v 0.00168549 0.00629033 -0.00682726
v 0.00271405 0.00609585 -0.00698777
v 0.00268570 0.00603219 -0.00695226
v 0.00266321 0.00598166 -0.00689695
v 0.00264877 0.00594922 -0.00682726
v 0.00363424 0.00559623 -0.00698777
v 0.00359628 0.00553778 -0.00695226
v 0.00356616 0.00549140 -0.00689695
v 0.00354682 0.00546162 -0.00682726
v 0.00446494 0.00495881 -0.00698777
v 0.00441830 0.00490702 -0.00695226
v 0.00438130 0.00486592 -0.00689695
v 0.00435754 0.00483953 -0.00682726
v 0.00518570 0.00419929 -0.00698777
v 0.00513154 0.00415543 -0.00695226
v 0.00508855 0.00412063 -0.00689695
v 0.00506096 0.00409828 -0.00682726
v 0.00577877 0.00333637 -0.00698777
v 0.00571841 0.00330152 -0.00695226
v 0.00567051 0.00327387 -0.00689695
v 0.00563976 0.00325612 -0.00682726
v 0.00622954 0.00239130 -0.00698776
v 0.00616448 0.00236632 -0.00695225
v 0.00611285 0.00234650 -0.00689695
v 0.00607970 0.00233377 -0.00682725
v 0.00652693 0.00138734 -0.00698776
v 0.00645876 0.00137285 -0.00695225
v 0.00640466 0.00136135 -0.00689695
v 0.00636993 0.00135397 -0.00682725
v 0.00666360 0.00034922 -0.00698776
v 0.00659401 0.00034557 -0.00695225
v 0.00653877 0.00034268 -0.00689695
v 0.00650331 0.00034082 -0.00682725
v 0.00663619 -0.00069749 -0.00698776
v 0.00656688 -0.00069021 -0.00695225
v 0.00651188 -0.00068443 -0.00689695
v 0.00647656 -0.00068072 -0.00682725
v 0.00644538 -0.00172704 -0.00698776
v 0.00637806 -0.00170900 -0.00695225
v 0.00632464 -0.00169468 -0.00689695
v 0.00629034 -0.00168549 -0.00682725
v 0.00609586 -0.00271405 -0.00698776
v 0.00603219 -0.00268571 -0.00695225
v 0.00598166 -0.00266321 -0.00689695
v 0.00594922 -0.00264877 -0.00682725
v 0.00559623 -0.00363424 -0.00698776
v 0.00553779 -0.00359628 -0.00695225
v 0.00549140 -0.00356616 -0.00689695
v 0.00546162 -0.00354682 -0.00682725
v 0.00495882 -0.00446494 -0.00698776
v 0.00490702 -0.00441831 -0.00695225
v 0.00486592 -0.00438130 -0.00689695
v 0.00483953 -0.00435754 -0.00682725
v 0.00419929 -0.00518570 -0.00698776
v 0.00415544 -0.00513154 -0.00695225
v 0.00412063 -0.00508856 -0.00689695
v 0.00409828 -0.00506096 -0.00682725
v 0.00333637 -0.00577877 -0.00698776
v 0.00330153 -0.00571841 -0.00695225
v 0.00327387 -0.00567052 -0.00689695
v 0.00325612 -0.00563976 -0.00682725
v 0.00239130 -0.00622955 -0.00698776
v 0.00236632 -0.00616448 -0.00695225
v 0.00234650 -0.00611285 -0.00689694
v 0.00233378 -0.00607970 -0.00682725
v 0.00138734 -0.00652693 -0.00698776
v 0.00137285 -0.00645876 -0.00695225
v 0.00136135 -0.00640466 -0.00689694
v 0.00135397 -0.00636993 -0.00682725
v 0.00034922 -0.00666360 -0.00698776
v 0.00034558 -0.00659401 -0.00695225
v 0.00034268 -0.00653878 -0.00689694
v 0.00034082 -0.00650331 -0.00682725
v -0.00069749 -0.00663619 -0.00698776
v -0.00069021 -0.00656688 -0.00695225
v -0.00068443 -0.00651188 -0.00689694
v -0.00068071 -0.00647656 -0.00682725
v -0.00954379 -0.00923667 -0.00700000
v -0.01023753 -0.00944641 -0.00700000
v -0.01096050 -0.00949719 -0.00700000
v -0.01167675 -0.00938649 -0.00700000
v -0.01235065 -0.00911982 -0.00700000
v -0.01294870 -0.00871044 -0.00700000
v -0.01344116 -0.00817870 -0.00700000
v -0.01380354 -0.00755104 -0.00700000
v -0.01401781 -0.00685869 -0.00700000
v -0.01407332 -0.00613607 -0.00700000
v -0.01396731 -0.00541912 -0.00700000
v -0.01370505 -0.00474348 -0.00700000
v -0.01329959 -0.00414276 -0.00700000
v -0.01277109 -0.00364683 -0.00700000
v -0.01243249 -0.00331313 -0.00700000
v -0.01219621 -0.00290062 -0.00700000
v -0.01207966 -0.00243973 -0.00700000
v -0.01209146 -0.00196449 -0.00700000
v -0.01223124 -0.00067765 -0.00700000
v -0.01223446 0.00061676 -0.00700000
v -0.01210108 0.00190427 -0.00700000
v -0.01183259 0.00317053 -0.00700000
v -0.01143198 0.00440139 -0.00700000
v -0.01090374 0.00558310 -0.00700000
v -0.01025374 0.00670248 -0.00700000
v -0.00948927 0.00774702 -0.00700000
v -0.00924143 0.00815270 -0.00700000
v -0.00911192 0.00861011 -0.00700000
v -0.00911029 0.00908550 -0.00700000
v -0.00923667 0.00954379 -0.00700000
v -0.00944640 0.01023753 -0.00700000
v -0.00949719 0.01096050 -0.00700000
v -0.00938649 0.01167675 -0.00700000
v -0.00911982 0.01235065 -0.00700000
v -0.00871043 0.01294870 -0.00700000
v -0.00817869 0.01344116 -0.00700000
v -0.00755104 0.01380354 -0.00700000
v -0.00685869 0.01401781 -0.00700000
v -0.00613607 0.01407332 -0.00700000
v -0.00541911 0.01396731 -0.00700000
v -0.00474348 0.01370505 -0.00700000
v -0.00414276 0.01329959 -0.00700000
v -0.00364683 0.01277109 -0.00700000
v -0.00331313 0.01243249 -0.00700000
v -0.00290062 0.01219621 -0.00700000
v -0.00243973 0.01207966 -0.00700000
v -0.00196448 0.01209146 -0.00700000
v -0.00067765 0.01223124 -0.00700000
v 0.00061676 0.01223446 -0.00700000
v 0.00190428 0.01210108 -0.00700000
v 0.00317053 0.01183259 -0.00700000
v 0.00440139 0.01143198 -0.00700000
v 0.00558310 0.01090374 -0.00700000
v 0.00670248 0.01025374 -0.00700000
v 0.00774702 0.00948926 -0.00700000
v 0.00815270 0.00924142 -0.00700000
v 0.00861011 0.00911191 -0.00700000
v 0.00908550 0.00911029 -0.00700000
v 0.00954379 0.00923667 -0.00700000
v 0.01023753 0.00944640 -0.00700000
v 0.01096050 0.00949718 -0.00700000
v 0.01167675 0.00938649 -0.00700000
v 0.01235065 0.00911982 -0.00700000
v 0.01294870 0.00871043 -0.00700000
v 0.01344116 0.00817869 -0.00700000
v 0.01380354 0.00755104 -0.00700000
v 0.01401781 0.00685869 -0.00700000
v 0.01407332 0.00613607 -0.00700000
v 0.01396731 0.00541911 -0.00700000
v 0.01370505 0.00474347 -0.00700000
v 0.01329959 0.00414276 -0.00700000
v 0.01277109 0.00364683 -0.00700000
v 0.01243249 0.00331313 -0.00700000
v 0.01219621 0.00290062 -0.00700000
v 0.01207966 0.00243973 -0.00700000
v 0.01209146 0.00196448 -0.00700000
v 0.01223124 0.00067764 -0.00700000
v 0.01223446 -0.00061676 -0.00700000
v 0.01210108 -0.00190428 -0.00700000
v 0.01183259 -0.00317054 -0.00700000
v 0.01143198 -0.00440139 -0.00700000
v 0.01090374 -0.00558310 -0.00700000
v 0.01025374 -0.00670248 -0.00700000
v 0.00948927 -0.00774702 -0.00700000
v 0.00924143 -0.00815270 -0.00700000
v 0.00911192 -0.00861012 -0.00700000
v 0.00911029 -0.00908551 -0.00700000
v 0.00923667 -0.00954379 -0.00700000
v 0.00944640 -0.01023753 -0.00700000
v 0.00949719 -0.01096050 -0.00700000
v 0.00938649 -0.01167675 -0.00700000
v 0.00911982 -0.01235065 -0.00700000
v 0.00871043 -0.01294870 -0.00700000
v 0.00817869 -0.01344116 -0.00700000
v 0.00755104 -0.01380354 -0.00700000
v 0.00685869 -0.01401781 -0.00700000
v 0.00613607 -0.01407332 -0.00700000
v 0.00541911 -0.01396731 -0.00700000
v 0.00474348 -0.01370505 -0.00700000
v 0.00414276 -0.01329959 -0.00700000
v 0.00364683 -0.01277109 -0.00700000
v 0.00331313 -0.01243249 -0.00700000
v 0.00290062 -0.01219621 -0.00700000
v 0.00243973 -0.01207966 -0.00700000
v 0.00196448 -0.01209146 -0.00700000
v 0.00067765 -0.01223124 -0.00700000
v -0.00061676 -0.01223446 -0.00700000
v -0.00190428 -0.01210108 -0.00700000
v -0.00317053 -0.01183259 -0.00700000
v -0.00440139 -0.01143198 -0.00700000
v -0.00558310 -0.01090374 -0.00700000
v -0.00670248 -0.01025374 -0.00700000
v -0.00774702 -0.00948927 -0.00700000
v -0.00815270 -0.00924143 -0.00700000
v -0.00861011 -0.00911192 -0.00700000
v -0.00908550 -0.00911029 -0.00700000
v -0.00174703 -0.00652000 -0.00700000
v -0.00070557 -0.00671303 -0.00700000
v 0.00035327 -0.00674075 -0.00700000
v 0.00140340 -0.00660250 -0.00700000
v 0.00241898 -0.00630167 -0.00700000
v 0.00337500 -0.00584567 -0.00700000
v 0.00424791 -0.00524574 -0.00700000
v 0.00501623 -0.00451663 -0.00700000
v 0.00566103 -0.00367631 -0.00700000
v 0.00616643 -0.00274547 -0.00700000
v 0.00652000 -0.00174703 -0.00700000
v 0.00671302 -0.00070557 -0.00700000
v 0.00674075 0.00035326 -0.00700000
v 0.00660250 0.00140340 -0.00700000
v 0.00630167 0.00241898 -0.00700000
v 0.00584567 0.00337500 -0.00700000
v 0.00524573 0.00424791 -0.00700000
v 0.00451663 0.00501622 -0.00700000
v 0.00367631 0.00566102 -0.00700000
v 0.00274547 0.00616643 -0.00700000
v 0.00174703 0.00652000 -0.00700000
v 0.00070557 0.00671302 -0.00700000
v -0.00035327 0.00674075 -0.00700000
v -0.00140340 0.00660249 -0.00700000
v -0.00241898 0.00630167 -0.00700000
v -0.00337500 0.00584567 -0.00700000
v -0.00424791 0.00524573 -0.00700000
v -0.00501623 0.00451663 -0.00700000
v -0.00566103 0.00367631 -0.00700000
v -0.00616643 0.00274547 -0.00700000
v -0.00652000 0.00174703 -0.00700000
v -0.00671302 0.00070556 -0.00700000
v -0.00674075 -0.00035327 -0.00700000
v -0.00660250 -0.00140341 -0.00700000
v -0.00630167 -0.00241899 -0.00700000
v -0.00584567 -0.00337500 -0.00700000
v -0.00524573 -0.00424792 -0.00700000
v -0.00451663 -0.00501623 -0.00700000
v -0.00367631 -0.00566103 -0.00700000
v -0.00274547 -0.00616643 -0.00700000
v 0.00627852 -0.00168232 0.01100000
v 0.00646708 -0.00065339 0.01100000
v 0.00648814 0.00039246 0.01100000
v 0.00634117 0.00142815 0.01100000
v 0.00602996 0.00242685 0.01100000
v 0.00556258 0.00336270 0.01100000
v 0.00495113 0.00421145 0.01100000
v 0.00421145 0.00495113 0.01100000
v 0.00336270 0.00556258 0.01100000
v 0.00242685 0.00602996 0.01100000
v 0.00142815 0.00634117 0.01100000
v 0.00039246 0.00648814 0.01100000
v -0.00065339 0.00646708 0.01100000
v -0.00168232 0.00627852 0.01100000
v -0.00266768 0.00592735 0.01100000
v -0.00358395 0.00542267 0.01100000
v -0.00440740 0.00477754 0.01100000
v -0.00511669 0.00400868 0.01100000
v -0.00569347 0.00313599 0.01100000
v -0.00612279 0.00218208 0.01100000
v -0.00639353 0.00117166 0.01100000
v -0.00649868 0.00013089 0.01100000
v -0.00643552 -0.00091326 0.01100000
v -0.00620569 -0.00193377 0.01100000
v -0.00581512 -0.00290419 0.01100000
v -0.00527396 -0.00379939 0.01100000
v -0.00459619 -0.00459619 0.01100000
v -0.00379939 -0.00527395 0.01100000
v -0.00290419 -0.00581512 0.01100000
v -0.00193377 -0.00620568 0.01100000
v -0.00091327 -0.00643552 0.01100000
v 0.00013089 -0.00649868 0.01100000
v 0.00117166 -0.00639353 0.01100000
v 0.00218208 -0.00612278 0.01100000
v 0.00313599 -0.00569347 0.01100000
v 0.00400867 -0.00511669 0.01100000
v 0.00477754 -0.00440739 0.01100000
v 0.00542266 -0.00358395 0.01100000
v 0.00592735 -0.00266768 0.01100000
v -0.00168232 -0.00627852 -0.00675000
v -0.00266768 -0.00592735 -0.00675000
v -0.00358395 -0.00542267 -0.00675000
v -0.00440740 -0.00477754 -0.00675000
v -0.00511669 -0.00400867 -0.00675000
v -0.00569347 -0.00313599 -0.00675000
v -0.00612279 -0.00218208 -0.00675000
v -0.00639353 -0.00117166 -0.00675000
v -0.00649868 -0.00013089 -0.00675000
v -0.00643552 0.00091326 -0.00675000
v -0.00620569 0.00193377 -0.00675000
v -0.00581512 0.00290419 -0.00675000
v -0.00527396 0.00379939 -0.00675000
v -0.00459619 0.00459619 -0.00675000
v -0.00379939 0.00527395 -0.00675000
v -0.00290419 0.00581512 -0.00675000
v -0.00193377 0.00620568 -0.00675000
v -0.00091327 0.00643552 -0.00675000
v 0.00013089 0.00649868 -0.00675000
v 0.00117166 0.00639353 -0.00675000
v 0.00218208 0.00612279 -0.00675000
v 0.00313599 0.00569347 -0.00675000
v 0.00400867 0.00511669 -0.00675000
v 0.00477754 0.00440739 -0.00675000
v 0.00542266 0.00358395 -0.00675000
v 0.00592735 0.00266768 -0.00675000
v 0.00627852 0.00168232 -0.00675000
v 0.00646708 0.00065339 -0.00675000
v 0.00648814 -0.00039246 -0.00675000
v 0.00634117 -0.00142815 -0.00675000
v 0.00602996 -0.00242685 -0.00675000
v 0.00556258 -0.00336270 -0.00675000
v 0.00495113 -0.00421145 -0.00675000
v 0.00421145 -0.00495113 -0.00675000
v 0.00336270 -0.00556258 -0.00675000
v 0.00242685 -0.00602996 -0.00675000
v 0.00142815 -0.00634117 -0.00675000
v 0.00039246 -0.00648814 -0.00675000
v -0.00065339 -0.00646708 -0.00675000
v -0.00643552 0.00091326 -0.00675000
v -0.00639353 0.00117166 0.01100000
v -0.01292076 -0.00344659 -0.00675000
v -0.01291343 -0.00345639 -0.00682725
v -0.01289217 -0.00348483 -0.00689695
v -0.01285906 -0.00352913 -0.00695225
v -0.01281734 -0.00358495 -0.00698776
v -0.01277109 -0.00364683 -0.00700000
v -0.01329959 -0.00414276 -0.00700000
v -0.01370505 -0.00474348 -0.00700000
v -0.01396731 -0.00541912 -0.00700000
v -0.01407332 -0.00613607 -0.00700000
v -0.01401781 -0.00685869 -0.00700000
v -0.01380354 -0.00755104 -0.00700000
v -0.01344116 -0.00817870 -0.00700000
v -0.01294870 -0.00871044 -0.00700000
v -0.01235065 -0.00911982 -0.00700000
v -0.01167675 -0.00938649 -0.00700000
v -0.01096050 -0.00949719 -0.00700000
v -0.01023753 -0.00944641 -0.00700000
v -0.00954379 -0.00923667 -0.00700000
v -0.00951333 -0.00930767 -0.00698776
v -0.00948585 -0.00937171 -0.00695225
v -0.00946404 -0.00942254 -0.00689694
v -0.00945004 -0.00945517 -0.00682725
v -0.00944521 -0.00946642 -0.00675000
v -0.01013745 -0.00968174 -0.00675000
v -0.01085921 -0.00974984 -0.00675000
v -0.01157950 -0.00966778 -0.00675000
v -0.01226745 -0.00943909 -0.00675000
v -0.01289352 -0.00907357 -0.00675000
v -0.01343086 -0.00858692 -0.00675000
v -0.01385641 -0.00800000 -0.00675000
v -0.01415191 -0.00733801 -0.00675000
v -0.01430470 -0.00662933 -0.00675000
v -0.01430821 -0.00590438 -0.00675000
v -0.01416229 -0.00519426 -0.00675000
v -0.01387321 -0.00452943 -0.00675000
v -0.01345336 -0.00393842 -0.00675000
v -0.01335841 -0.00409267 -0.00698776
v -0.01341146 -0.00404748 -0.00695225
v -0.01345357 -0.00401162 -0.00689695
v -0.01348060 -0.00398860 -0.00682725
v -0.01377351 -0.00470767 -0.00698776
v -0.01383526 -0.00467536 -0.00695225
v -0.01388427 -0.00464972 -0.00689695
v -0.01391573 -0.00463326 -0.00682725
v -0.01404200 -0.00539937 -0.00698776
v -0.01410937 -0.00538155 -0.00695225
v -0.01416284 -0.00536741 -0.00689695
v -0.01419717 -0.00535833 -0.00682725
v -0.01415053 -0.00613336 -0.00698776
v -0.01422018 -0.00613092 -0.00695225
v -0.01427545 -0.00612898 -0.00689694
v -0.01431094 -0.00612774 -0.00682725
v -0.01409370 -0.00687316 -0.00698776
v -0.01416215 -0.00688621 -0.00695225
v -0.01421648 -0.00689657 -0.00689694
v -0.01425137 -0.00690322 -0.00682725
v -0.01387433 -0.00758197 -0.00698776
v -0.01393819 -0.00760987 -0.00695225
v -0.01398888 -0.00763201 -0.00689694
v -0.01402142 -0.00764622 -0.00682725
v -0.01350334 -0.00822454 -0.00698776
v -0.01355944 -0.00826590 -0.00695225
v -0.01360395 -0.00829872 -0.00689694
v -0.01363253 -0.00831979 -0.00682725
v -0.01299918 -0.00876892 -0.00698776
v -0.01304471 -0.00882168 -0.00695225
v -0.01308085 -0.00886355 -0.00689694
v -0.01310405 -0.00889044 -0.00682725
v -0.01238691 -0.00918804 -0.00698776
v -0.01241962 -0.00924958 -0.00695225
v -0.01244558 -0.00929841 -0.00689694
v -0.01246224 -0.00932977 -0.00682725
v -0.01169698 -0.00946105 -0.00698776
v -0.01171524 -0.00952831 -0.00695225
v -0.01172973 -0.00958168 -0.00689694
v -0.01173903 -0.00961595 -0.00682725
v -0.01096371 -0.00957438 -0.00698776
v -0.01096661 -0.00964401 -0.00695225
v -0.01096891 -0.00969927 -0.00689694
v -0.01097039 -0.00973475 -0.00682725
v -0.01022356 -0.00952239 -0.00698776
v -0.01021095 -0.00959093 -0.00695225
v -0.01020095 -0.00964533 -0.00689694
v -0.01019453 -0.00968025 -0.00682725
v -0.00774702 -0.00948927 -0.00700000
v -0.00779588 -0.00954911 -0.00698776
v -0.00783995 -0.00960310 -0.00695225
v -0.00787493 -0.00964594 -0.00689694
v -0.00789738 -0.00967345 -0.00682725
v -0.00790512 -0.00968293 -0.00675000
v -0.00825285 -0.00947049 -0.00675000
v -0.00864492 -0.00935948 -0.00675000
v -0.00905239 -0.00935809 -0.00675000
v -0.00944521 -0.00946642 -0.00675000
v -0.00945004 -0.00945517 -0.00682725
v -0.00946404 -0.00942254 -0.00689694
v -0.00948585 -0.00937171 -0.00695225
v -0.00951333 -0.00930767 -0.00698776
v -0.00954379 -0.00923667 -0.00700000
v -0.00908550 -0.00911029 -0.00700000
v -0.00861011 -0.00911192 -0.00700000
v -0.00815270 -0.00924143 -0.00700000
v -0.00824795 -0.00945928 -0.00682725
v -0.00823372 -0.00942675 -0.00689694
v -0.00821157 -0.00937607 -0.00695225
v -0.00818365 -0.00931221 -0.00698776
v -0.00864321 -0.00934737 -0.00682725
v -0.00863827 -0.00931220 -0.00689694
v -0.00863057 -0.00925743 -0.00695225
v -0.00862087 -0.00918842 -0.00698776
v -0.00905402 -0.00934596 -0.00682725
v -0.00905872 -0.00931076 -0.00689694
v -0.00906604 -0.00925594 -0.00695225
v -0.00907527 -0.00918687 -0.00698776
v 0.00196448 -0.01209146 -0.00700000
v 0.00197687 -0.01216771 -0.00698776
v 0.00198805 -0.01223650 -0.00695225
v 0.00199692 -0.01229109 -0.00689694
v 0.00200261 -0.01232614 -0.00682725
v 0.00200458 -0.01233822 -0.00675000
v 0.00069148 -0.01248086 -0.00675000
v -0.00062935 -0.01248415 -0.00675000
v -0.00194314 -0.01234804 -0.00675000
v -0.00323524 -0.01207407 -0.00675000
v -0.00449121 -0.01166529 -0.00675000
v -0.00569704 -0.01112626 -0.00675000
v -0.00683927 -0.01046300 -0.00675000
v -0.00790512 -0.00968293 -0.00675000
v -0.00789738 -0.00967345 -0.00682725
v -0.00787493 -0.00964594 -0.00689694
v -0.00783995 -0.00960310 -0.00695225
v -0.00779588 -0.00954911 -0.00698776
v -0.00774702 -0.00948927 -0.00700000
v -0.00670248 -0.01025374 -0.00700000
v -0.00558310 -0.01090374 -0.00700000
v -0.00440139 -0.01143198 -0.00700000
v -0.00317053 -0.01183259 -0.00700000
v -0.00190428 -0.01210108 -0.00700000
v -0.00061676 -0.01223446 -0.00700000
v 0.00067765 -0.01223124 -0.00700000
v 0.00069080 -0.01246864 -0.00682725
v 0.00068883 -0.01243319 -0.00689694
v 0.00068577 -0.01237796 -0.00695225
v 0.00068192 -0.01230838 -0.00698776
v -0.00062873 -0.01247193 -0.00682725
v -0.00062694 -0.01243646 -0.00689694
v -0.00062416 -0.01238122 -0.00695225
v -0.00062065 -0.01231162 -0.00698776
v -0.00194124 -0.01233596 -0.00682725
v -0.00193572 -0.01230088 -0.00689694
v -0.00192712 -0.01224624 -0.00695225
v -0.00191629 -0.01217740 -0.00698776
v -0.00323207 -0.01206225 -0.00682725
v -0.00322288 -0.01202795 -0.00689694
v -0.00320857 -0.01197453 -0.00695225
v -0.00319053 -0.01190721 -0.00698776
v -0.00448682 -0.01165387 -0.00682725
v -0.00447406 -0.01162073 -0.00689694
v -0.00445419 -0.01156912 -0.00695225
v -0.00442915 -0.01150408 -0.00698776
v -0.00569147 -0.01111537 -0.00682725
v -0.00567528 -0.01108376 -0.00689694
v -0.00565008 -0.01103453 -0.00695225
v -0.00561831 -0.01097250 -0.00698776
v -0.00683257 -0.01045276 -0.00682725
v -0.00681314 -0.01042304 -0.00689694
v -0.00678288 -0.01037674 -0.00695225
v -0.00674475 -0.01031841 -0.00698776
v 0.00364683 -0.01277109 -0.00700000
v 0.00358495 -0.01281734 -0.00698776
v 0.00352913 -0.01285906 -0.00695225
v 0.00348483 -0.01289217 -0.00689694
v 0.00345639 -0.01291343 -0.00682725
v 0.00344659 -0.01292076 -0.00675000
v 0.00316056 -0.01263054 -0.00675000
v 0.00280698 -0.01242801 -0.00675000
v 0.00241193 -0.01232811 -0.00675000
v 0.00200458 -0.01233822 -0.00675000
v 0.00200261 -0.01232614 -0.00682725
v 0.00199692 -0.01229109 -0.00689694
v 0.00198805 -0.01223650 -0.00695225
v 0.00197687 -0.01216771 -0.00698776
v 0.00196448 -0.01209146 -0.00700000
v 0.00243973 -0.01207966 -0.00700000
v 0.00290062 -0.01219621 -0.00700000
v 0.00331313 -0.01243249 -0.00700000
v 0.00316803 -0.01262085 -0.00682725
v 0.00318970 -0.01259272 -0.00689694
v 0.00322345 -0.01254890 -0.00695225
v 0.00326598 -0.01249369 -0.00698776
v 0.00281156 -0.01241666 -0.00682725
v 0.00282486 -0.01238374 -0.00689694
v 0.00284558 -0.01233246 -0.00695225
v 0.00287168 -0.01226784 -0.00698776
v 0.00241329 -0.01231595 -0.00682725
v 0.00241724 -0.01228066 -0.00689694
v 0.00242339 -0.01222570 -0.00695225
v 0.00243114 -0.01215644 -0.00698776
v 0.00923667 -0.00954379 -0.00700000
v 0.00930766 -0.00951333 -0.00698776
v 0.00937171 -0.00948585 -0.00695225
v 0.00942253 -0.00946404 -0.00689694
v 0.00945517 -0.00945004 -0.00682725
v 0.00946641 -0.00944521 -0.00675000
v 0.00968174 -0.01013745 -0.00675000
v 0.00974984 -0.01085921 -0.00675000
v 0.00966778 -0.01157950 -0.00675000
v 0.00943908 -0.01226745 -0.00675000
v 0.00907357 -0.01289352 -0.00675000
v 0.00858692 -0.01343086 -0.00675000
v 0.00800000 -0.01385641 -0.00675000
v 0.00733800 -0.01415191 -0.00675000
v 0.00662933 -0.01430470 -0.00675000
v 0.00590438 -0.01430821 -0.00675000
v 0.00519426 -0.01416229 -0.00675000
v 0.00452943 -0.01387321 -0.00675000
v 0.00393842 -0.01345336 -0.00675000
v 0.00344659 -0.01292076 -0.00675000
v 0.00345639 -0.01291343 -0.00682725
v 0.00348483 -0.01289217 -0.00689694
v 0.00352913 -0.01285906 -0.00695225
v 0.00358495 -0.01281734 -0.00698776
v 0.00364683 -0.01277109 -0.00700000
v 0.00414276 -0.01329959 -0.00700000
v 0.00474348 -0.01370505 -0.00700000
v 0.00541911 -0.01396731 -0.00700000
v 0.00613607 -0.01407332 -0.00700000
v 0.00685869 -0.01401781 -0.00700000
v 0.00755104 -0.01380354 -0.00700000
v 0.00817869 -0.01344116 -0.00700000
v 0.00871043 -0.01294870 -0.00700000
v 0.00911982 -0.01235065 -0.00700000
v 0.00938649 -0.01167675 -0.00700000
v 0.00949719 -0.01096050 -0.00700000
v 0.00944640 -0.01023753 -0.00700000
v 0.00968025 -0.01019453 -0.00682725
v 0.00964532 -0.01020095 -0.00689694
v 0.00959093 -0.01021095 -0.00695225
v 0.00952239 -0.01022356 -0.00698776
v 0.00973475 -0.01097039 -0.00682725
v 0.00969927 -0.01096891 -0.00689694
v 0.00964401 -0.01096661 -0.00695225
v 0.00957437 -0.01096371 -0.00698776
v 0.00961595 -0.01173903 -0.00682725
v 0.00958168 -0.01172973 -0.00689694
v 0.00952830 -0.01171524 -0.00695225
v 0.00946105 -0.01169698 -0.00698776
v 0.00932977 -0.01246224 -0.00682725
v 0.00929841 -0.01244558 -0.00689694
v 0.00924957 -0.01241962 -0.00695225
v 0.00918804 -0.01238691 -0.00698776
v 0.00889043 -0.01310405 -0.00682725
v 0.00886355 -0.01308085 -0.00689694
v 0.00882168 -0.01304471 -0.00695225
v 0.00876892 -0.01299918 -0.00698776
v 0.00831979 -0.01363253 -0.00682725
v 0.00829872 -0.01360395 -0.00689694
v 0.00826590 -0.01355944 -0.00695225
v 0.00822454 -0.01350334 -0.00698776
v 0.00764622 -0.01402142 -0.00682725
v 0.00763201 -0.01398888 -0.00689694
v 0.00760987 -0.01393819 -0.00695225
v 0.00758197 -0.01387433 -0.00698776
v 0.00690322 -0.01425137 -0.00682725
v 0.00689657 -0.01421648 -0.00689694
v 0.00688621 -0.01416215 -0.00695225
v 0.00687316 -0.01409370 -0.00698776
v 0.00612773 -0.01431094 -0.00682725
v 0.00612898 -0.01427545 -0.00689694
v 0.00613092 -0.01422018 -0.00695225
v 0.00613336 -0.01415053 -0.00698776
v 0.00535833 -0.01419717 -0.00682725
v 0.00536741 -0.01416284 -0.00689694
v 0.00538154 -0.01410937 -0.00695225
v 0.00539936 -0.01404200 -0.00698776
v 0.00463326 -0.01391573 -0.00682725
v 0.00464972 -0.01388427 -0.00689694
v 0.00467536 -0.01383526 -0.00695225
v 0.00470767 -0.01377351 -0.00698776
v 0.00398860 -0.01348060 -0.00682725
v 0.00401162 -0.01345357 -0.00689694
v 0.00404748 -0.01341146 -0.00695225
v 0.00409267 -0.01335841 -0.00698776
v 0.00948927 -0.00774702 -0.00700000
v 0.00954911 -0.00779588 -0.00698776
v 0.00960309 -0.00783995 -0.00695225
v 0.00964594 -0.00787493 -0.00689694
v 0.00967345 -0.00789739 -0.00682725
v 0.00968292 -0.00790513 -0.00675000
v 0.00947049 -0.00825285 -0.00675000
v 0.00935948 -0.00864492 -0.00675000
v 0.00935809 -0.00905240 -0.00675000
v 0.00946641 -0.00944521 -0.00675000
v 0.00945517 -0.00945004 -0.00682725
v 0.00942253 -0.00946404 -0.00689694
v 0.00937171 -0.00948585 -0.00695225
v 0.00930766 -0.00951333 -0.00698776
v 0.00923667 -0.00954379 -0.00700000
v 0.00911029 -0.00908551 -0.00700000
v 0.00911192 -0.00861012 -0.00700000
v 0.00924143 -0.00815270 -0.00700000
v 0.00945928 -0.00824795 -0.00682725
v 0.00942674 -0.00823372 -0.00689694
v 0.00937607 -0.00821157 -0.00695225
v 0.00931221 -0.00818365 -0.00698776
v 0.00934736 -0.00864321 -0.00682725
v 0.00931220 -0.00863827 -0.00689694
v 0.00925743 -0.00863057 -0.00695225
v 0.00918842 -0.00862087 -0.00698776
v 0.00934596 -0.00905402 -0.00682725
v 0.00931076 -0.00905872 -0.00689694
v 0.00925594 -0.00906604 -0.00695225
v 0.00918686 -0.00907527 -0.00698776
v 0.01209146 0.00196448 -0.00700000
v 0.01216771 0.00197687 -0.00698776
v 0.01223650 0.00198805 -0.00695225
v 0.01229109 0.00199692 -0.00689695
v 0.01232614 0.00200261 -0.00682725
v 0.01233822 0.00200457 -0.00675000
v 0.01248086 0.00069147 -0.00675000
v 0.01248415 -0.00062935 -0.00675000
v 0.01234804 -0.00194314 -0.00675000
v 0.01207407 -0.00323524 -0.00675000
v 0.01166529 -0.00449122 -0.00675000
v 0.01112626 -0.00569705 -0.00675000
v 0.01046300 -0.00683927 -0.00675000
v 0.00968292 -0.00790513 -0.00675000
v 0.00967345 -0.00789739 -0.00682725
v 0.00964594 -0.00787493 -0.00689694
v 0.00960309 -0.00783995 -0.00695225
v 0.00954911 -0.00779588 -0.00698776
v 0.00948927 -0.00774702 -0.00700000
v 0.01025374 -0.00670248 -0.00700000
v 0.01090374 -0.00558310 -0.00700000
v 0.01143198 -0.00440139 -0.00700000
v 0.01183259 -0.00317054 -0.00700000
v 0.01210108 -0.00190428 -0.00700000
v 0.01223446 -0.00061676 -0.00700000
v 0.01223124 0.00067764 -0.00700000
v 0.01246864 0.00069080 -0.00682725
v 0.01243319 0.00068883 -0.00689695
v 0.01237796 0.00068577 -0.00695225
v 0.01230838 0.00068192 -0.00698776
v 0.01247193 -0.00062873 -0.00682725
v 0.01243646 -0.00062694 -0.00689695
v 0.01238122 -0.00062416 -0.00695225
v 0.01231162 -0.00062065 -0.00698776
v 0.01233596 -0.00194124 -0.00682725
v 0.01230088 -0.00193572 -0.00689695
v 0.01224624 -0.00192712 -0.00695225
v 0.01217740 -0.00191629 -0.00698776
v 0.01206225 -0.00323207 -0.00682725
v 0.01202795 -0.00322288 -0.00689695
v 0.01197453 -0.00320857 -0.00695225
v 0.01190721 -0.00319053 -0.00698776
v 0.01165387 -0.00448682 -0.00682725
v 0.01162073 -0.00447406 -0.00689695
v 0.01156912 -0.00445419 -0.00695225
v 0.01150408 -0.00442915 -0.00698776
v 0.01111537 -0.00569147 -0.00682725
v 0.01108376 -0.00567529 -0.00689695
v 0.01103453 -0.00565008 -0.00695225
v 0.01097250 -0.00561832 -0.00698776
v 0.01045276 -0.00683257 -0.00682725
v 0.01042304 -0.00681314 -0.00689694
v 0.01037674 -0.00678288 -0.00695225
v 0.01031841 -0.00674475 -0.00698776
v 0.01277109 0.00364683 -0.00700000
v 0.01281734 0.00358495 -0.00698777
v 0.01285906 0.00352913 -0.00695226
v 0.01289217 0.00348483 -0.00689695
v 0.01291343 0.00345639 -0.00682726
v 0.01292076 0.00344658 -0.00675000
v 0.01263054 0.00316056 -0.00675000
v 0.01242801 0.00280697 -0.00675000
v 0.01232811 0.00241193 -0.00675000
v 0.01233822 0.00200457 -0.00675000
v 0.01232614 0.00200261 -0.00682725
v 0.01229109 0.00199692 -0.00689695
v 0.01223650 0.00198805 -0.00695225
v 0.01216771 0.00197687 -0.00698776
v 0.01209146 0.00196448 -0.00700000
v 0.01207966 0.00243973 -0.00700000
v 0.01219621 0.00290062 -0.00700000
v 0.01243249 0.00331313 -0.00700000
v 0.01262085 0.00316802 -0.00682726
v 0.01259272 0.00318970 -0.00689695
v 0.01254890 0.00322345 -0.00695226
v 0.01249369 0.00326598 -0.00698777
v 0.01241666 0.00281156 -0.00682726
v 0.01238374 0.00282486 -0.00689695
v 0.01233246 0.00284557 -0.00695225
v 0.01226784 0.00287168 -0.00698776
v 0.01231595 0.00241329 -0.00682725
v 0.01228066 0.00241724 -0.00689695
v 0.01222570 0.00242339 -0.00695225
v 0.01215644 0.00243114 -0.00698776
v 0.00954379 0.00923667 -0.00700000
v 0.00951333 0.00930766 -0.00698777
v 0.00948585 0.00937171 -0.00695226
v 0.00946404 0.00942253 -0.00689695
v 0.00945004 0.00945517 -0.00682726
v 0.00944521 0.00946641 -0.00675000
v 0.01013745 0.00968174 -0.00675000
v 0.01085921 0.00974983 -0.00675000
v 0.01157950 0.00966778 -0.00675000
v 0.01226745 0.00943908 -0.00675000
v 0.01289352 0.00907357 -0.00675000
v 0.01343086 0.00858691 -0.00675000
v 0.01385641 0.00800000 -0.00675000
v 0.01415191 0.00733800 -0.00675000
v 0.01430470 0.00662933 -0.00675000
v 0.01430821 0.00590438 -0.00675000
v 0.01416229 0.00519426 -0.00675000
v 0.01387321 0.00452943 -0.00675000
v 0.01345336 0.00393842 -0.00675000
v 0.01292076 0.00344658 -0.00675000
v 0.01291343 0.00345639 -0.00682726
v 0.01289217 0.00348483 -0.00689695
v 0.01285906 0.00352913 -0.00695226
v 0.01281734 0.00358495 -0.00698777
v 0.01277109 0.00364683 -0.00700000
v 0.01329959 0.00414276 -0.00700000
v 0.01370505 0.00474347 -0.00700000
v 0.01396731 0.00541911 -0.00700000
v 0.01407332 0.00613607 -0.00700000
v 0.01401781 0.00685869 -0.00700000
v 0.01380354 0.00755104 -0.00700000
v 0.01344116 0.00817869 -0.00700000
v 0.01294870 0.00871043 -0.00700000
v 0.01235065 0.00911982 -0.00700000
v 0.01167675 0.00938649 -0.00700000
v 0.01096050 0.00949718 -0.00700000
v 0.01023753 0.00944640 -0.00700000
v 0.01019453 0.00968025 -0.00682726
v 0.01020095 0.00964532 -0.00689695
v 0.01021095 0.00959093 -0.00695226
v 0.01022356 0.00952238 -0.00698777
v 0.01097039 0.00973474 -0.00682726
v 0.01096891 0.00969926 -0.00689695
v 0.01096661 0.00964400 -0.00695226
v 0.01096371 0.00957437 -0.00698777
v 0.01173903 0.00961595 -0.00682726
v 0.01172973 0.00958168 -0.00689695
v 0.01171524 0.00952830 -0.00695226
v 0.01169698 0.00946104 -0.00698777
v 0.01246224 0.00932977 -0.00682726
v 0.01244558 0.00929841 -0.00689695
v 0.01241962 0.00924957 -0.00695226
v 0.01238691 0.00918803 -0.00698777
v 0.01310405 0.00889043 -0.00682726
v 0.01308085 0.00886355 -0.00689695
v 0.01304471 0.00882168 -0.00695226
v 0.01299918 0.00876892 -0.00698777
v 0.01363253 0.00831979 -0.00682726
v 0.01360395 0.00829872 -0.00689695
v 0.01355944 0.00826590 -0.00695226
v 0.01350334 0.00822454 -0.00698777
v 0.01402142 0.00764622 -0.00682726
v 0.01398888 0.00763201 -0.00689695
v 0.01393819 0.00760986 -0.00695226
v 0.01387433 0.00758197 -0.00698777
v 0.01425137 0.00690322 -0.00682726
v 0.01421648 0.00689657 -0.00689695
v 0.01416215 0.00688621 -0.00695226
v 0.01409370 0.00687316 -0.00698777
v 0.01431094 0.00612773 -0.00682726
v 0.01427545 0.00612898 -0.00689695
v 0.01422018 0.00613091 -0.00695226
v 0.01415053 0.00613336 -0.00698777
v 0.01419717 0.00535832 -0.00682726
v 0.01416284 0.00536740 -0.00689695
v 0.01410937 0.00538154 -0.00695226
v 0.01404200 0.00539936 -0.00698777
v 0.01391573 0.00463326 -0.00682726
v 0.01388427 0.00464972 -0.00689695
v 0.01383526 0.00467536 -0.00695226
v 0.01377351 0.00470766 -0.00698777
v 0.01348060 0.00398859 -0.00682726
v 0.01345357 0.00401162 -0.00689695
v 0.01341146 0.00404748 -0.00695226
v 0.01335841 0.00409267 -0.00698777
v 0.00774702 0.00948926 -0.00700000
v 0.00779588 0.00954911 -0.00698777
v 0.00783995 0.00960309 -0.00695226
v 0.00787493 0.00964594 -0.00689695
v 0.00789738 0.00967344 -0.00682726
v 0.00790512 0.00968292 -0.00675000
v 0.00825285 0.00947049 -0.00675000
v 0.00864492 0.00935948 -0.00675000
v 0.00905239 0.00935809 -0.00675000
v 0.00944521 0.00946641 -0.00675000
v 0.00945004 0.00945517 -0.00682726
v 0.00946404 0.00942253 -0.00689695
v 0.00948585 0.00937171 -0.00695226
v 0.00951333 0.00930766 -0.00698777
v 0.00954379 0.00923667 -0.00700000
v 0.00908550 0.00911029 -0.00700000
v 0.00861011 0.00911191 -0.00700000
v 0.00815270 0.00924142 -0.00700000
v 0.00824795 0.00945928 -0.00682726
v 0.00823372 0.00942674 -0.00689695
v 0.00821157 0.00937607 -0.00695226
v 0.00818365 0.00931221 -0.00698777
v 0.00864321 0.00934736 -0.00682726
v 0.00863827 0.00931220 -0.00689695
v 0.00863057 0.00925743 -0.00695226
v 0.00862087 0.00918842 -0.00698777
v 0.00905402 0.00934596 -0.00682726
v 0.00905872 0.00931076 -0.00689695
v 0.00906604 0.00925594 -0.00695226
v 0.00907527 0.00918686 -0.00698777
v -0.00196448 0.01209146 -0.00700000
v -0.00197687 0.01216771 -0.00698777
v -0.00198805 0.01223650 -0.00695226
v -0.00199692 0.01229109 -0.00689695
v -0.00200261 0.01232614 -0.00682726
v -0.00200458 0.01233822 -0.00675000
v -0.00069148 0.01248086 -0.00675000
v 0.00062935 0.01248415 -0.00675000
v 0.00194314 0.01234804 -0.00675000
v 0.00323524 0.01207407 -0.00675000
v 0.00449121 0.01166529 -0.00675000
v 0.00569704 0.01112626 -0.00675000
v 0.00683927 0.01046300 -0.00675000
v 0.00790512 0.00968292 -0.00675000
v 0.00789738 0.00967344 -0.00682726
v 0.00787493 0.00964594 -0.00689695
v 0.00783995 0.00960309 -0.00695226
v 0.00779588 0.00954911 -0.00698777
v 0.00774702 0.00948926 -0.00700000
v 0.00670248 0.01025374 -0.00700000
v 0.00558310 0.01090374 -0.00700000
v 0.00440139 0.01143198 -0.00700000
v 0.00317053 0.01183259 -0.00700000
v 0.00190428 0.01210108 -0.00700000
v 0.00061676 0.01223446 -0.00700000
v -0.00067765 0.01223124 -0.00700000
v -0.00069080 0.01246864 -0.00682726
v -0.00068883 0.01243319 -0.00689695
v -0.00068577 0.01237796 -0.00695226
v -0.00068192 0.01230838 -0.00698777
v 0.00062873 0.01247193 -0.00682726
v 0.00062694 0.01243646 -0.00689695
v 0.00062416 0.01238122 -0.00695226
v 0.00062065 0.01231162 -0.00698777
v 0.00194124 0.01233596 -0.00682726
v 0.00193572 0.01230088 -0.00689695
v 0.00192712 0.01224624 -0.00695226
v 0.00191629 0.01217740 -0.00698777
v 0.00323207 0.01206225 -0.00682726
v 0.00322288 0.01202795 -0.00689695
v 0.00320857 0.01197453 -0.00695226
v 0.00319053 0.01190721 -0.00698777
v 0.00448682 0.01165387 -0.00682726
v 0.00447406 0.01162073 -0.00689695
v 0.00445419 0.01156912 -0.00695226
v 0.00442915 0.01150408 -0.00698777
v 0.00569147 0.01111537 -0.00682726
v 0.00567528 0.01108376 -0.00689695
v 0.00565008 0.01103453 -0.00695226
v 0.00561831 0.01097250 -0.00698777
v 0.00683257 0.01045276 -0.00682726
v 0.00681314 0.01042304 -0.00689695
v 0.00678288 0.01037674 -0.00695226
v 0.00674475 0.01031841 -0.00698777
v -0.00364683 0.01277109 -0.00700000
v -0.00358495 0.01281734 -0.00698777
v -0.00352913 0.01285906 -0.00695226
v -0.00348483 0.01289217 -0.00689695
v -0.00345639 0.01291343 -0.00682726
v -0.00344659 0.01292076 -0.00675000
v -0.00316056 0.01263054 -0.00675000
v -0.00280698 0.01242801 -0.00675000
v -0.00241193 0.01232811 -0.00675000
v -0.00200458 0.01233822 -0.00675000
v -0.00200261 0.01232614 -0.00682726
v -0.00199692 0.01229109 -0.00689695
v -0.00198805 0.01223650 -0.00695226
v -0.00197687 0.01216771 -0.00698777
v -0.00196448 0.01209146 -0.00700000
v -0.00243973 0.01207966 -0.00700000
v -0.00290062 0.01219621 -0.00700000
v -0.00331313 0.01243249 -0.00700000
v -0.00316803 0.01262085 -0.00682726
v -0.00318970 0.01259272 -0.00689695
v -0.00322345 0.01254890 -0.00695226
v -0.00326598 0.01249369 -0.00698777
v -0.00281156 0.01241666 -0.00682726
v -0.00282486 0.01238374 -0.00689695
v -0.00284558 0.01233246 -0.00695226
v -0.00287168 0.01226784 -0.00698777
v -0.00241329 0.01231595 -0.00682726
v -0.00241724 0.01228066 -0.00689695
v -0.00242339 0.01222570 -0.00695226
v -0.00243114 0.01215644 -0.00698777
v -0.00923667 0.00954379 -0.00700000
v -0.00930766 0.00951333 -0.00698777
v -0.00937171 0.00948585 -0.00695226
v -0.00942253 0.00946404 -0.00689695
v -0.00945517 0.00945003 -0.00682726
v -0.00946641 0.00944521 -0.00675000
v -0.00968174 0.01013745 -0.00675000
v -0.00974984 0.01085921 -0.00675000
v -0.00966778 0.01157950 -0.00675000
v -0.00943908 0.01226745 -0.00675000
v -0.00907357 0.01289352 -0.00675000
v -0.00858692 0.01343086 -0.00675000
v -0.00800000 0.01385641 -0.00675000
v -0.00733800 0.01415191 -0.00675000
v -0.00662933 0.01430470 -0.00675000
v -0.00590438 0.01430821 -0.00675000
v -0.00519426 0.01416229 -0.00675000
v -0.00452943 0.01387321 -0.00675000
v -0.00393842 0.01345336 -0.00675000
v -0.00344659 0.01292076 -0.00675000
v -0.00345639 0.01291343 -0.00682726
v -0.00348483 0.01289217 -0.00689695
v -0.00352913 0.01285906 -0.00695226
v -0.00358495 0.01281734 -0.00698777
v -0.00364683 0.01277109 -0.00700000
v -0.00414276 0.01329959 -0.00700000
v -0.00474348 0.01370505 -0.00700000
v -0.00541911 0.01396731 -0.00700000
v -0.00613607 0.01407332 -0.00700000
v -0.00685869 0.01401781 -0.00700000
v -0.00755104 0.01380354 -0.00700000
v -0.00817869 0.01344116 -0.00700000
v -0.00871043 0.01294870 -0.00700000
v -0.00911982 0.01235065 -0.00700000
v -0.00938649 0.01167675 -0.00700000
v -0.00949719 0.01096050 -0.00700000
v -0.00944640 0.01023753 -0.00700000
v -0.00968025 0.01019453 -0.00682726
v -0.00964532 0.01020095 -0.00689695
v -0.00959093 0.01021095 -0.00695226
v -0.00952239 0.01022356 -0.00698777
v -0.00973475 0.01097039 -0.00682726
v -0.00969927 0.01096891 -0.00689695
v -0.00964401 0.01096661 -0.00695226
v -0.00957437 0.01096371 -0.00698777
v -0.00961595 0.01173903 -0.00682726
v -0.00958168 0.01172973 -0.00689695
v -0.00952830 0.01171524 -0.00695226
v -0.00946105 0.01169698 -0.00698777
v -0.00932977 0.01246224 -0.00682726
v -0.00929841 0.01244558 -0.00689695
v -0.00924957 0.01241962 -0.00695226
v -0.00918804 0.01238691 -0.00698777
v -0.00889043 0.01310405 -0.00682726
v -0.00886355 0.01308085 -0.00689695
v -0.00882168 0.01304471 -0.00695226
v -0.00876892 0.01299918 -0.00698777
v -0.00831979 0.01363253 -0.00682726
v -0.00829872 0.01360395 -0.00689695
v -0.00826590 0.01355944 -0.00695226
v -0.00822454 0.01350334 -0.00698777
v -0.00764622 0.01402142 -0.00682726
v -0.00763201 0.01398888 -0.00689695
v -0.00760987 0.01393819 -0.00695226
v -0.00758197 0.01387433 -0.00698777
v -0.00690322 0.01425137 -0.00682726
v -0.00689657 0.01421648 -0.00689695
v -0.00688621 0.01416215 -0.00695226
v -0.00687316 0.01409370 -0.00698777
v -0.00612773 0.01431094 -0.00682726
v -0.00612898 0.01427545 -0.00689695
v -0.00613092 0.01422018 -0.00695226
v -0.00613336 0.01415053 -0.00698777
v -0.00535833 0.01419717 -0.00682726
v -0.00536741 0.01416284 -0.00689695
v -0.00538154 0.01410937 -0.00695226
v -0.00539936 0.01404200 -0.00698777
v -0.00463326 0.01391573 -0.00682726
v -0.00464972 0.01388427 -0.00689695
v -0.00467536 0.01383526 -0.00695226
v -0.00470767 0.01377351 -0.00698777
v -0.00398860 0.01348060 -0.00682726
v -0.00401162 0.01345357 -0.00689695
v -0.00404748 0.01341146 -0.00695226
v -0.00409267 0.01335841 -0.00698777
v -0.00948927 0.00774702 -0.00700000
v -0.00954911 0.00779588 -0.00698777
v -0.00960309 0.00783995 -0.00695226
v -0.00964594 0.00787493 -0.00689695
v -0.00967345 0.00789738 -0.00682726
v -0.00968292 0.00790512 -0.00675000
v -0.00947049 0.00825285 -0.00675000
v -0.00935948 0.00864491 -0.00675000
v -0.00935809 0.00905239 -0.00675000
v -0.00946641 0.00944521 -0.00675000
v -0.00945517 0.00945003 -0.00682726
v -0.00942253 0.00946404 -0.00689695
v -0.00937171 0.00948585 -0.00695226
v -0.00930766 0.00951333 -0.00698777
v -0.00923667 0.00954379 -0.00700000
v -0.00911029 0.00908550 -0.00700000
v -0.00911192 0.00861011 -0.00700000
v -0.00924143 0.00815270 -0.00700000
v -0.00945928 0.00824794 -0.00682726
v -0.00942674 0.00823372 -0.00689695
v -0.00937607 0.00821156 -0.00695226
v -0.00931221 0.00818364 -0.00698777
v -0.00934736 0.00864321 -0.00682726
v -0.00931220 0.00863827 -0.00689695
v -0.00925743 0.00863057 -0.00695226
v -0.00918842 0.00862086 -0.00698777
v -0.00934596 0.00905401 -0.00682726
v -0.00931076 0.00905872 -0.00689695
v -0.00925594 0.00906604 -0.00695226
v -0.00918686 0.00907527 -0.00698777
v -0.01209146 -0.00196449 -0.00700000
v -0.01216771 -0.00197688 -0.00698776
v -0.01223650 -0.00198805 -0.00695225
v -0.01229109 -0.00199692 -0.00689695
v -0.01232614 -0.00200262 -0.00682725
v -0.01233822 -0.00200458 -0.00675000
v -0.01248086 -0.00069148 -0.00675000
v -0.01248415 0.00062934 -0.00675000
v -0.01234804 0.00194314 -0.00675000
v -0.01207407 0.00323524 -0.00675000
v -0.01166529 0.00449121 -0.00675000
v -0.01112626 0.00569704 -0.00675000
v -0.01046300 0.00683926 -0.00675000
v -0.00968292 0.00790512 -0.00675000
v -0.00967345 0.00789738 -0.00682726
v -0.00964594 0.00787493 -0.00689695
v -0.00960309 0.00783995 -0.00695226
v -0.00954911 0.00779588 -0.00698777
v -0.00948927 0.00774702 -0.00700000
v -0.01025374 0.00670248 -0.00700000
v -0.01090374 0.00558310 -0.00700000
v -0.01143198 0.00440139 -0.00700000
v -0.01183259 0.00317053 -0.00700000
v -0.01210108 0.00190427 -0.00700000
v -0.01223446 0.00061676 -0.00700000
v -0.01223124 -0.00067765 -0.00700000
v -0.01246864 -0.00069080 -0.00682725
v -0.01243319 -0.00068884 -0.00689695
v -0.01237796 -0.00068578 -0.00695225
v -0.01230838 -0.00068192 -0.00698776
v -0.01247193 0.00062873 -0.00682725
v -0.01243646 0.00062694 -0.00689695
v -0.01238122 0.00062415 -0.00695225
v -0.01231162 0.00062064 -0.00698776
v -0.01233596 0.00194124 -0.00682725
v -0.01230088 0.00193571 -0.00689695
v -0.01224624 0.00192712 -0.00695225
v -0.01217740 0.00191628 -0.00698776
v -0.01206225 0.00323207 -0.00682726
v -0.01202795 0.00322288 -0.00689695
v -0.01197453 0.00320856 -0.00695226
v -0.01190721 0.00319053 -0.00698777
v -0.01165387 0.00448682 -0.00682726
v -0.01162073 0.00447406 -0.00689695
v -0.01156912 0.00445418 -0.00695226
v -0.01150408 0.00442914 -0.00698777
v -0.01111537 0.00569147 -0.00682726
v -0.01108376 0.00567528 -0.00689695
v -0.01103453 0.00565007 -0.00695226
v -0.01097250 0.00561831 -0.00698777
v -0.01045276 0.00683257 -0.00682726
v -0.01042304 0.00681314 -0.00689695
v -0.01037674 0.00678288 -0.00695226
v -0.01031841 0.00674475 -0.00698777
v -0.01277109 -0.00364683 -0.00700000
v -0.01281734 -0.00358495 -0.00698776
v -0.01285906 -0.00352913 -0.00695225
v -0.01289217 -0.00348483 -0.00689695
v -0.01291343 -0.00345639 -0.00682725
v -0.01292076 -0.00344659 -0.00675000
v -0.01263054 -0.00316056 -0.00675000
v -0.01242801 -0.00280698 -0.00675000
v -0.01232811 -0.00241193 -0.00675000
v -0.01233822 -0.00200458 -0.00675000
v -0.01232614 -0.00200262 -0.00682725
v -0.01229109 -0.00199692 -0.00689695
v -0.01223650 -0.00198805 -0.00695225
v -0.01216771 -0.00197688 -0.00698776
v -0.01209146 -0.00196449 -0.00700000
v -0.01207966 -0.00243973 -0.00700000
v -0.01219621 -0.00290062 -0.00700000
v -0.01243249 -0.00331313 -0.00700000
v -0.01262085 -0.00316803 -0.00682725
v -0.01259272 -0.00318970 -0.00689695
v -0.01254890 -0.00322345 -0.00695225
v -0.01249369 -0.00326599 -0.00698776
v -0.01241666 -0.00281156 -0.00682725
v -0.01238374 -0.00282486 -0.00689695
v -0.01233246 -0.00284558 -0.00695225
v -0.01226784 -0.00287168 -0.00698776
v -0.01231595 -0.00241329 -0.00682725
v -0.01228066 -0.00241724 -0.00689695
v -0.01222570 -0.00242339 -0.00695225
v -0.01215644 -0.00243114 -0.00698776
v 0.00944521 0.00946641 -0.00675000
v 0.00905239 0.00935809 -0.00675000
v 0.00864492 0.00935948 -0.00675000
v 0.00825285 0.00947049 -0.00675000
v 0.00790512 0.00968292 -0.00675000
v 0.00790512 0.00968292 -0.00375000
v 0.00825285 0.00947049 -0.00375000
v 0.00864492 0.00935948 -0.00375000
v 0.00905239 0.00935809 -0.00375000
v 0.00944521 0.00946641 -0.00375000
v 0.00790512 0.00968292 -0.00675000
v 0.00683927 0.01046300 -0.00675000
v 0.00569704 0.01112626 -0.00675000
v 0.00449121 0.01166529 -0.00675000
v 0.00323524 0.01207407 -0.00675000
v 0.00194314 0.01234804 -0.00675000
v 0.00062935 0.01248415 -0.00675000
v -0.00069148 0.01248086 -0.00675000
v -0.00200458 0.01233822 -0.00675000
v -0.00200458 0.01233822 -0.00375000
v -0.00069148 0.01248086 -0.00375000
v 0.00062935 0.01248415 -0.00375000
v 0.00194314 0.01234804 -0.00375000
v 0.00323524 0.01207407 -0.00375000
v 0.00449121 0.01166529 -0.00375000
v 0.00569704 0.01112626 -0.00375000
v 0.00683927 0.01046300 -0.00375000
v 0.00790512 0.00968292 -0.00375000
v -0.00200458 0.01233822 -0.00675000
v -0.00241193 0.01232811 -0.00675000
v -0.00280698 0.01242801 -0.00675000
v -0.00316056 0.01263054 -0.00675000
v -0.00344659 0.01292076 -0.00675000
v -0.00344659 0.01292076 -0.00375000
v -0.00316056 0.01263054 -0.00375000
v -0.00280698 0.01242801 -0.00375000
v -0.00241193 0.01232811 -0.00375000
v -0.00200458 0.01233822 -0.00375000
v -0.00344659 0.01292076 -0.00675000
v -0.00393842 0.01345336 -0.00675000
v -0.00452943 0.01387321 -0.00675000
v -0.00519426 0.01416229 -0.00675000
v -0.00590438 0.01430821 -0.00675000
v -0.00662933 0.01430470 -0.00675000
v -0.00733800 0.01415191 -0.00675000
v -0.00800000 0.01385641 -0.00675000
v -0.00858692 0.01343086 -0.00675000
v -0.00907357 0.01289352 -0.00675000
v -0.00943908 0.01226745 -0.00675000
v -0.00966778 0.01157950 -0.00675000
v -0.00974984 0.01085921 -0.00675000
v -0.00968174 0.01013745 -0.00675000
v -0.00946641 0.00944521 -0.00675000
v -0.00946641 0.00944521 -0.00375000
v -0.00968174 0.01013745 -0.00375000
v -0.00974984 0.01085921 -0.00375000
v -0.00966778 0.01157950 -0.00375000
v -0.00943908 0.01226745 -0.00375000
v -0.00907357 0.01289352 -0.00375000
v -0.00858692 0.01343086 -0.00375000
v -0.00800000 0.01385641 -0.00375000
v -0.00733800 0.01415191 -0.00375000
v -0.00662933 0.01430470 -0.00375000
v -0.00590438 0.01430821 -0.00375000
v -0.00519426 0.01416229 -0.00375000
v -0.00452943 0.01387321 -0.00375000
v -0.00393842 0.01345336 -0.00375000
v -0.00344659 0.01292076 -0.00375000
v -0.00946641 0.00944521 -0.00675000
v -0.00935809 0.00905239 -0.00675000
v -0.00935948 0.00864491 -0.00675000
v -0.00947049 0.00825285 -0.00675000
v -0.00968292 0.00790512 -0.00675000
v -0.00968292 0.00790512 -0.00375000
v -0.00947049 0.00825285 -0.00375000
v -0.00935948 0.00864492 -0.00375000
v -0.00935809 0.00905239 -0.00375000
v -0.00946641 0.00944521 -0.00375000
v -0.00968292 0.00790512 -0.00675000
v -0.01046300 0.00683926 -0.00675000
v -0.01112626 0.00569704 -0.00675000
v -0.01166529 0.00449121 -0.00675000
v -0.01207407 0.00323524 -0.00675000
v -0.01234804 0.00194314 -0.00675000
v -0.01248415 0.00062934 -0.00675000
v -0.01248086 -0.00069148 -0.00675000
v -0.01233822 -0.00200458 -0.00675000
v -0.01233822 -0.00200458 -0.00375000
v -0.01248086 -0.00069148 -0.00375000
v -0.01248415 0.00062934 -0.00375000
v -0.01234804 0.00194314 -0.00375000
v -0.01207407 0.00323524 -0.00375000
v -0.01166529 0.00449121 -0.00375000
v -0.01112626 0.00569704 -0.00375000
v -0.01046300 0.00683926 -0.00375000
v -0.00968292 0.00790512 -0.00375000
v -0.01233822 -0.00200458 -0.00675000
v -0.01232811 -0.00241193 -0.00675000
v -0.01242801 -0.00280698 -0.00675000
v -0.01263054 -0.00316056 -0.00675000
v -0.01292076 -0.00344659 -0.00675000
v -0.01292076 -0.00344659 -0.00375000
v -0.01263054 -0.00316056 -0.00375000
v -0.01242801 -0.00280698 -0.00375000
v -0.01232811 -0.00241193 -0.00375000
v -0.01233822 -0.00200458 -0.00375000
v -0.01292076 -0.00344659 -0.00675000
v -0.01345336 -0.00393842 -0.00675000
v -0.01387321 -0.00452943 -0.00675000
v -0.01416229 -0.00519426 -0.00675000
v -0.01430821 -0.00590438 -0.00675000
v -0.01430470 -0.00662933 -0.00675000
v -0.01415191 -0.00733801 -0.00675000
v -0.01385641 -0.00800000 -0.00675000
v -0.01343086 -0.00858692 -0.00675000
v -0.01289352 -0.00907357 -0.00675000
v -0.01226745 -0.00943909 -0.00675000
v -0.01157950 -0.00966778 -0.00675000
v -0.01085921 -0.00974984 -0.00675000
v -0.01013745 -0.00968174 -0.00675000
v -0.00944521 -0.00946642 -0.00675000
v -0.00944521 -0.00946641 -0.00375000
v -0.01013745 -0.00968174 -0.00375000
v -0.01085921 -0.00974984 -0.00375000
v -0.01157950 -0.00966778 -0.00375000
v -0.01226745 -0.00943909 -0.00375000
v -0.01289352 -0.00907357 -0.00375000
v -0.01343086 -0.00858692 -0.00375000
v -0.01385641 -0.00800000 -0.00375000
v -0.01415191 -0.00733801 -0.00375000
v -0.01430470 -0.00662933 -0.00375000
v -0.01430821 -0.00590438 -0.00375000
v -0.01416229 -0.00519426 -0.00375000
v -0.01387321 -0.00452943 -0.00375000
v -0.01345336 -0.00393842 -0.00375000
v -0.01292076 -0.00344659 -0.00375000
v -0.01292076 -0.00344659 -0.00375000
v -0.01291343 -0.00345639 -0.00367274
v -0.01289217 -0.00348483 -0.00360305
v -0.01285906 -0.00352913 -0.00354774
v -0.01281734 -0.00358495 -0.00351223
v -0.01277109 -0.00364683 -0.00350000
v -0.01243249 -0.00331313 -0.00350000
v -0.01219621 -0.00290062 -0.00350000
v -0.01207966 -0.00243973 -0.00350000
v -0.01209146 -0.00196449 -0.00350000
v -0.01216771 -0.00197687 -0.00351224
v -0.01223650 -0.00198805 -0.00354774
v -0.01229109 -0.00199692 -0.00360305
v -0.01232614 -0.00200262 -0.00367275
v -0.01233822 -0.00200458 -0.00375000
v -0.01232811 -0.00241193 -0.00375000
v -0.01242801 -0.00280698 -0.00375000
v -0.01263054 -0.00316056 -0.00375000
v -0.01249369 -0.00326599 -0.00351223
v -0.01254890 -0.00322345 -0.00354774
v -0.01259272 -0.00318970 -0.00360305
v -0.01262085 -0.00316803 -0.00367275
v -0.01226784 -0.00287168 -0.00351223
v -0.01233246 -0.00284558 -0.00354774
v -0.01238374 -0.00282486 -0.00360305
v -0.01241666 -0.00281156 -0.00367275
v -0.01215644 -0.00243114 -0.00351224
v -0.01222570 -0.00242339 -0.00354774
v -0.01228066 -0.00241724 -0.00360305
v -0.01231595 -0.00241329 -0.00367275
v -0.00948927 0.00774702 -0.00350000
v -0.00954911 0.00779588 -0.00351224
v -0.00960309 0.00783995 -0.00354775
v -0.00964594 0.00787493 -0.00360306
v -0.00967345 0.00789738 -0.00367275
v -0.00968292 0.00790512 -0.00375000
v -0.01046300 0.00683926 -0.00375000
v -0.01112626 0.00569704 -0.00375000
v -0.01166529 0.00449121 -0.00375000
v -0.01207407 0.00323524 -0.00375000
v -0.01234804 0.00194314 -0.00375000
v -0.01248415 0.00062934 -0.00375000
v -0.01248086 -0.00069148 -0.00375000
v -0.01233822 -0.00200458 -0.00375000
v -0.01232614 -0.00200262 -0.00367275
v -0.01229109 -0.00199692 -0.00360305
v -0.01223650 -0.00198805 -0.00354774
v -0.01216771 -0.00197687 -0.00351224
v -0.01209146 -0.00196449 -0.00350000
v -0.01223124 -0.00067765 -0.00350000
v -0.01223446 0.00061676 -0.00350000
v -0.01210108 0.00190428 -0.00350000
v -0.01183259 0.00317053 -0.00350000
v -0.01143198 0.00440139 -0.00350000
v -0.01090374 0.00558310 -0.00350000
v -0.01025374 0.00670248 -0.00350000
v -0.01045276 0.00683257 -0.00367275
v -0.01042304 0.00681314 -0.00360306
v -0.01037674 0.00678288 -0.00354775
v -0.01031841 0.00674475 -0.00351224
v -0.01111537 0.00569147 -0.00367275
v -0.01108376 0.00567528 -0.00360306
v -0.01103453 0.00565008 -0.00354775
v -0.01097250 0.00561831 -0.00351224
v -0.01165387 0.00448682 -0.00367275
v -0.01162073 0.00447406 -0.00360306
v -0.01156912 0.00445419 -0.00354775
v -0.01150408 0.00442915 -0.00351224
v -0.01206225 0.00323207 -0.00367275
v -0.01202795 0.00322288 -0.00360305
v -0.01197453 0.00320856 -0.00354775
v -0.01190721 0.00319053 -0.00351224
v -0.01233596 0.00194124 -0.00367275
v -0.01230088 0.00193572 -0.00360305
v -0.01224624 0.00192712 -0.00354775
v -0.01217740 0.00191628 -0.00351224
v -0.01247193 0.00062873 -0.00367275
v -0.01243646 0.00062694 -0.00360305
v -0.01238122 0.00062415 -0.00354775
v -0.01231162 0.00062065 -0.00351224
v -0.01246864 -0.00069080 -0.00367275
v -0.01243319 -0.00068884 -0.00360305
v -0.01237796 -0.00068578 -0.00354774
v -0.01230838 -0.00068192 -0.00351224
v -0.00923667 0.00954379 -0.00350000
v -0.00930766 0.00951333 -0.00351224
v -0.00937171 0.00948585 -0.00354775
v -0.00942253 0.00946404 -0.00360306
v -0.00945517 0.00945004 -0.00367275
v -0.00946641 0.00944521 -0.00375000
v -0.00935809 0.00905239 -0.00375000
v -0.00935948 0.00864492 -0.00375000
v -0.00947049 0.00825285 -0.00375000
v -0.00968292 0.00790512 -0.00375000
v -0.00967345 0.00789738 -0.00367275
v -0.00964594 0.00787493 -0.00360306
v -0.00960309 0.00783995 -0.00354775
v -0.00954911 0.00779588 -0.00351224
v -0.00948927 0.00774702 -0.00350000
v -0.00924143 0.00815270 -0.00350000
v -0.00911192 0.00861011 -0.00350000
v -0.00911029 0.00908550 -0.00350000
v -0.00934596 0.00905401 -0.00367275
v -0.00931076 0.00905872 -0.00360306
v -0.00925594 0.00906604 -0.00354775
v -0.00918686 0.00907527 -0.00351224
v -0.00934736 0.00864321 -0.00367275
v -0.00931220 0.00863827 -0.00360306
v -0.00925743 0.00863057 -0.00354775
v -0.00918842 0.00862087 -0.00351224
v -0.00945928 0.00824795 -0.00367275
v -0.00942674 0.00823372 -0.00360306
v -0.00937607 0.00821156 -0.00354775
v -0.00931221 0.00818365 -0.00351224
v -0.00364683 0.01277109 -0.00350000
v -0.00358495 0.01281734 -0.00351224
v -0.00352913 0.01285906 -0.00354775
v -0.00348483 0.01289217 -0.00360306
v -0.00345639 0.01291343 -0.00367275
v -0.00344659 0.01292076 -0.00375000
v -0.00393842 0.01345336 -0.00375000
v -0.00452943 0.01387321 -0.00375000
v -0.00519426 0.01416229 -0.00375000
v -0.00590438 0.01430821 -0.00375000
v -0.00662933 0.01430470 -0.00375000
v -0.00733800 0.01415191 -0.00375000
v -0.00800000 0.01385641 -0.00375000
v -0.00858692 0.01343086 -0.00375000
v -0.00907357 0.01289352 -0.00375000
v -0.00943908 0.01226745 -0.00375000
v -0.00966778 0.01157950 -0.00375000
v -0.00974984 0.01085921 -0.00375000
v -0.00968174 0.01013745 -0.00375000
v -0.00946641 0.00944521 -0.00375000
v -0.00945517 0.00945004 -0.00367275
v -0.00942253 0.00946404 -0.00360306
v -0.00937171 0.00948585 -0.00354775
v -0.00930766 0.00951333 -0.00351224
v -0.00923667 0.00954379 -0.00350000
v -0.00944640 0.01023753 -0.00350000
v -0.00949719 0.01096050 -0.00350000
v -0.00938649 0.01167675 -0.00350000
v -0.00911982 0.01235065 -0.00350000
v -0.00871043 0.01294870 -0.00350000
v -0.00817869 0.01344116 -0.00350000
v -0.00755104 0.01380354 -0.00350000
v -0.00685869 0.01401781 -0.00350000
v -0.00613607 0.01407332 -0.00350000
v -0.00541911 0.01396731 -0.00350000
v -0.00474348 0.01370505 -0.00350000
v -0.00414276 0.01329959 -0.00350000
v -0.00398860 0.01348060 -0.00367275
v -0.00401162 0.01345357 -0.00360306
v -0.00404748 0.01341146 -0.00354775
v -0.00409267 0.01335841 -0.00351224
v -0.00463326 0.01391573 -0.00367275
v -0.00464972 0.01388427 -0.00360306
v -0.00467536 0.01383526 -0.00354775
v -0.00470767 0.01377351 -0.00351224
v -0.00535833 0.01419717 -0.00367275
v -0.00536741 0.01416284 -0.00360306
v -0.00538154 0.01410937 -0.00354775
v -0.00539936 0.01404200 -0.00351224
v -0.00612773 0.01431094 -0.00367275
v -0.00612898 0.01427545 -0.00360306
v -0.00613092 0.01422018 -0.00354775
v -0.00613336 0.01415053 -0.00351224
v -0.00690322 0.01425137 -0.00367275
v -0.00689657 0.01421648 -0.00360306
v -0.00688621 0.01416215 -0.00354775
v -0.00687316 0.01409370 -0.00351224
v -0.00764622 0.01402142 -0.00367275
v -0.00763201 0.01398888 -0.00360306
v -0.00760987 0.01393819 -0.00354775
v -0.00758197 0.01387433 -0.00351224
v -0.00831979 0.01363253 -0.00367275
v -0.00829872 0.01360395 -0.00360306
v -0.00826590 0.01355944 -0.00354775
v -0.00822454 0.01350334 -0.00351224
v -0.00889043 0.01310405 -0.00367275
v -0.00886355 0.01308085 -0.00360306
v -0.00882168 0.01304471 -0.00354775
v -0.00876892 0.01299918 -0.00351224
v -0.00932977 0.01246224 -0.00367275
v -0.00929841 0.01244558 -0.00360306
v -0.00924957 0.01241962 -0.00354775
v -0.00918804 0.01238691 -0.00351224
v -0.00961595 0.01173903 -0.00367275
v -0.00958168 0.01172973 -0.00360306
v -0.00952830 0.01171524 -0.00354775
v -0.00946105 0.01169698 -0.00351224
v -0.00973475 0.01097039 -0.00367275
v -0.00969927 0.01096891 -0.00360306
v -0.00964401 0.01096661 -0.00354775
v -0.00957437 0.01096371 -0.00351224
v -0.00968025 0.01019453 -0.00367275
v -0.00964532 0.01020095 -0.00360306
v -0.00959093 0.01021095 -0.00354775
v -0.00952239 0.01022356 -0.00351224
v -0.00196448 0.01209146 -0.00350000
v -0.00197687 0.01216771 -0.00351224
v -0.00198805 0.01223650 -0.00354775
v -0.00199692 0.01229109 -0.00360306
v -0.00200261 0.01232614 -0.00367275
v -0.00200458 0.01233822 -0.00375000
v -0.00241193 0.01232811 -0.00375000
v -0.00280698 0.01242801 -0.00375000
v -0.00316056 0.01263054 -0.00375000
v -0.00344659 0.01292076 -0.00375000
v -0.00345639 0.01291343 -0.00367275
v -0.00348483 0.01289217 -0.00360306
v -0.00352913 0.01285906 -0.00354775
v -0.00358495 0.01281734 -0.00351224
v -0.00364683 0.01277109 -0.00350000
v -0.00331313 0.01243249 -0.00350000
v -0.00290062 0.01219621 -0.00350000
v -0.00243973 0.01207966 -0.00350000
v -0.00241329 0.01231595 -0.00367275
v -0.00241724 0.01228066 -0.00360306
v -0.00242339 0.01222570 -0.00354775
v -0.00243114 0.01215644 -0.00351224
v -0.00281156 0.01241666 -0.00367275
v -0.00282486 0.01238374 -0.00360306
v -0.00284558 0.01233246 -0.00354775
v -0.00287168 0.01226784 -0.00351224
v -0.00316803 0.01262085 -0.00367275
v -0.00318970 0.01259272 -0.00360306
v -0.00322345 0.01254890 -0.00354775
v -0.00326598 0.01249369 -0.00351224
v 0.00774702 0.00948926 -0.00350000
v 0.00779588 0.00954911 -0.00351224
v 0.00783995 0.00960309 -0.00354775
v 0.00787493 0.00964594 -0.00360306
v 0.00789738 0.00967344 -0.00367275
v 0.00790512 0.00968292 -0.00375000
v 0.00683927 0.01046300 -0.00375000
v 0.00569704 0.01112626 -0.00375000
v 0.00449121 0.01166529 -0.00375000
v 0.00323524 0.01207407 -0.00375000
v 0.00194314 0.01234804 -0.00375000
v 0.00062935 0.01248415 -0.00375000
v -0.00069148 0.01248086 -0.00375000
v -0.00200458 0.01233822 -0.00375000
v -0.00200261 0.01232614 -0.00367275
v -0.00199692 0.01229109 -0.00360306
v -0.00198805 0.01223650 -0.00354775
v -0.00197687 0.01216771 -0.00351224
v -0.00196448 0.01209146 -0.00350000
v -0.00067765 0.01223124 -0.00350000
v 0.00061676 0.01223446 -0.00350000
v 0.00190428 0.01210108 -0.00350000
v 0.00317053 0.01183259 -0.00350000
v 0.00440139 0.01143198 -0.00350000
v 0.00558310 0.01090374 -0.00350000
v 0.00670248 0.01025374 -0.00350000
v 0.00683257 0.01045276 -0.00367275
v 0.00681314 0.01042304 -0.00360306
v 0.00678288 0.01037674 -0.00354775
v 0.00674475 0.01031841 -0.00351224
v 0.00569147 0.01111537 -0.00367275
v 0.00567528 0.01108376 -0.00360306
v 0.00565008 0.01103453 -0.00354775
v 0.00561831 0.01097250 -0.00351224
v 0.00448682 0.01165387 -0.00367275
v 0.00447406 0.01162073 -0.00360306
v 0.00445419 0.01156912 -0.00354775
v 0.00442915 0.01150408 -0.00351224
v 0.00323207 0.01206225 -0.00367275
v 0.00322288 0.01202795 -0.00360306
v 0.00320857 0.01197453 -0.00354775
v 0.00319053 0.01190721 -0.00351224
v 0.00194124 0.01233596 -0.00367275
v 0.00193572 0.01230088 -0.00360306
v 0.00192712 0.01224624 -0.00354775
v 0.00191629 0.01217740 -0.00351224
v 0.00062873 0.01247193 -0.00367275
v 0.00062694 0.01243646 -0.00360306
v 0.00062416 0.01238122 -0.00354775
v 0.00062065 0.01231162 -0.00351224
v -0.00069080 0.01246864 -0.00367275
v -0.00068883 0.01243319 -0.00360306
v -0.00068577 0.01237796 -0.00354775
v -0.00068192 0.01230838 -0.00351224
v 0.00954379 0.00923667 -0.00350000
v 0.00951333 0.00930766 -0.00351224
v 0.00948585 0.00937171 -0.00354775
v 0.00946404 0.00942253 -0.00360306
v 0.00945004 0.00945517 -0.00367275
v 0.00944521 0.00946641 -0.00375000
v 0.00905239 0.00935809 -0.00375000
v 0.00864492 0.00935948 -0.00375000
v 0.00825285 0.00947049 -0.00375000
v 0.00790512 0.00968292 -0.00375000
v 0.00789738 0.00967344 -0.00367275
v 0.00787493 0.00964594 -0.00360306
v 0.00783995 0.00960309 -0.00354775
v 0.00779588 0.00954911 -0.00351224
v 0.00774702 0.00948926 -0.00350000
v 0.00815270 0.00924143 -0.00350000
v 0.00861011 0.00911192 -0.00350000
v 0.00908550 0.00911029 -0.00350000
v 0.00905402 0.00934596 -0.00367275
v 0.00905872 0.00931076 -0.00360306
v 0.00906604 0.00925594 -0.00354775
v 0.00907527 0.00918686 -0.00351224
v 0.00864321 0.00934736 -0.00367275
v 0.00863827 0.00931220 -0.00360306
v 0.00863057 0.00925743 -0.00354775
v 0.00862087 0.00918842 -0.00351224
v 0.00824795 0.00945928 -0.00367275
v 0.00823372 0.00942674 -0.00360306
v 0.00821157 0.00937607 -0.00354775
v 0.00818365 0.00931221 -0.00351224
v 0.01277109 0.00364683 -0.00350000
v 0.01281734 0.00358495 -0.00351224
v 0.01285906 0.00352913 -0.00354775
v 0.01289217 0.00348483 -0.00360306
v 0.01291343 0.00345639 -0.00367275
v 0.01292076 0.00344659 -0.00375000
v 0.01345336 0.00393842 -0.00375000
v 0.01387321 0.00452943 -0.00375000
v 0.01416229 0.00519426 -0.00375000
v 0.01430821 0.00590438 -0.00375000
v 0.01430470 0.00662933 -0.00375000
v 0.01415191 0.00733800 -0.00375000
v 0.01385641 0.00800000 -0.00375000
v 0.01343086 0.00858691 -0.00375000
v 0.01289352 0.00907357 -0.00375000
v 0.01226745 0.00943908 -0.00375000
v 0.01157950 0.00966778 -0.00375000
v 0.01085921 0.00974983 -0.00375000
v 0.01013745 0.00968174 -0.00375000
v 0.00944521 0.00946641 -0.00375000
v 0.00945004 0.00945517 -0.00367275
v 0.00946404 0.00942253 -0.00360306
v 0.00948585 0.00937171 -0.00354775
v 0.00951333 0.00930766 -0.00351224
v 0.00954379 0.00923667 -0.00350000
v 0.01023753 0.00944640 -0.00350000
v 0.01096050 0.00949719 -0.00350000
v 0.01167675 0.00938649 -0.00350000
v 0.01235065 0.00911982 -0.00350000
v 0.01294870 0.00871043 -0.00350000
v 0.01344116 0.00817869 -0.00350000
v 0.01380354 0.00755104 -0.00350000
v 0.01401781 0.00685869 -0.00350000
v 0.01407332 0.00613607 -0.00350000
v 0.01396731 0.00541911 -0.00350000
v 0.01370505 0.00474348 -0.00350000
v 0.01329959 0.00414276 -0.00350000
v 0.01348060 0.00398859 -0.00367275
v 0.01345357 0.00401162 -0.00360306
v 0.01341146 0.00404748 -0.00354775
v 0.01335841 0.00409267 -0.00351224
v 0.01391573 0.00463326 -0.00367275
v 0.01388427 0.00464972 -0.00360306
v 0.01383526 0.00467536 -0.00354775
v 0.01377351 0.00470766 -0.00351224
v 0.01419717 0.00535833 -0.00367275
v 0.01416284 0.00536740 -0.00360306
v 0.01410937 0.00538154 -0.00354775
v 0.01404200 0.00539936 -0.00351224
v 0.01431094 0.00612773 -0.00367275
v 0.01427545 0.00612898 -0.00360306
v 0.01422018 0.00613092 -0.00354775
v 0.01415053 0.00613336 -0.00351224
v 0.01425137 0.00690322 -0.00367275
v 0.01421648 0.00689657 -0.00360306
v 0.01416215 0.00688621 -0.00354775
v 0.01409370 0.00687316 -0.00351224
v 0.01402142 0.00764622 -0.00367275
v 0.01398888 0.00763201 -0.00360306
v 0.01393819 0.00760987 -0.00354775
v 0.01387433 0.00758197 -0.00351224
v 0.01363253 0.00831979 -0.00367275
v 0.01360395 0.00829872 -0.00360306
v 0.01355944 0.00826590 -0.00354775
v 0.01350334 0.00822454 -0.00351224
v 0.01310405 0.00889043 -0.00367275
v 0.01308085 0.00886355 -0.00360306
v 0.01304471 0.00882168 -0.00354775
v 0.01299918 0.00876892 -0.00351224
v 0.01246224 0.00932977 -0.00367275
v 0.01244558 0.00929841 -0.00360306
v 0.01241962 0.00924957 -0.00354775
v 0.01238691 0.00918803 -0.00351224
v 0.01173903 0.00961595 -0.00367275
v 0.01172973 0.00958168 -0.00360306
v 0.01171524 0.00952830 -0.00354775
v 0.01169698 0.00946105 -0.00351224
v 0.01097039 0.00973474 -0.00367275
v 0.01096891 0.00969927 -0.00360306
v 0.01096661 0.00964401 -0.00354775
v 0.01096371 0.00957437 -0.00351224
v 0.01019453 0.00968025 -0.00367275
v 0.01020095 0.00964532 -0.00360306
v 0.01021095 0.00959093 -0.00354775
v 0.01022356 0.00952238 -0.00351224
v 0.01209146 0.00196448 -0.00350000
v 0.01216771 0.00197687 -0.00351224
v 0.01223650 0.00198805 -0.00354775
v 0.01229109 0.00199692 -0.00360305
v 0.01232614 0.00200261 -0.00367275
v 0.01233822 0.00200457 -0.00375000
v 0.01232811 0.00241193 -0.00375000
v 0.01242801 0.00280697 -0.00375000
v 0.01263054 0.00316056 -0.00375000
v 0.01292076 0.00344659 -0.00375000
v 0.01291343 0.00345639 -0.00367275
v 0.01289217 0.00348483 -0.00360306
v 0.01285906 0.00352913 -0.00354775
v 0.01281734 0.00358495 -0.00351224
v 0.01277109 0.00364683 -0.00350000
v 0.01243249 0.00331313 -0.00350000
v 0.01219621 0.00290062 -0.00350000
v 0.01207966 0.00243973 -0.00350000
v 0.01231595 0.00241329 -0.00367275
v 0.01228066 0.00241724 -0.00360305
v 0.01222570 0.00242339 -0.00354775
v 0.01215644 0.00243114 -0.00351224
v 0.01241666 0.00281156 -0.00367275
v 0.01238374 0.00282486 -0.00360305
v 0.01233246 0.00284558 -0.00354775
v 0.01226784 0.00287168 -0.00351224
v 0.01262085 0.00316803 -0.00367275
v 0.01259272 0.00318970 -0.00360305
v 0.01254890 0.00322345 -0.00354775
v 0.01249369 0.00326598 -0.00351224
v 0.00948927 -0.00774702 -0.00350000
v 0.00954911 -0.00779588 -0.00351223
v 0.00960309 -0.00783995 -0.00354774
v 0.00964594 -0.00787493 -0.00360305
v 0.00967345 -0.00789739 -0.00367274
v 0.00968292 -0.00790512 -0.00375000
v 0.01046300 -0.00683927 -0.00375000
v 0.01112626 -0.00569705 -0.00375000
v 0.01166529 -0.00449121 -0.00375000
v 0.01207407 -0.00323524 -0.00375000
v 0.01234804 -0.00194314 -0.00375000
v 0.01248415 -0.00062935 -0.00375000
v 0.01248086 0.00069147 -0.00375000
v 0.01233822 0.00200457 -0.00375000
v 0.01232614 0.00200261 -0.00367275
v 0.01229109 0.00199692 -0.00360305
v 0.01223650 0.00198805 -0.00354775
v 0.01216771 0.00197687 -0.00351224
v 0.01209146 0.00196448 -0.00350000
v 0.01223124 0.00067764 -0.00350000
v 0.01223446 -0.00061676 -0.00350000
v 0.01210108 -0.00190428 -0.00350000
v 0.01183259 -0.00317053 -0.00350000
v 0.01143198 -0.00440139 -0.00350000
v 0.01090374 -0.00558310 -0.00350000
v 0.01025374 -0.00670248 -0.00350000
v 0.01045276 -0.00683257 -0.00367274
v 0.01042304 -0.00681314 -0.00360305
v 0.01037674 -0.00678288 -0.00354774
v 0.01031841 -0.00674475 -0.00351223
v 0.01111537 -0.00569147 -0.00367274
v 0.01108376 -0.00567529 -0.00360305
v 0.01103453 -0.00565008 -0.00354774
v 0.01097250 -0.00561831 -0.00351223
v 0.01165387 -0.00448682 -0.00367274
v 0.01162073 -0.00447406 -0.00360305
v 0.01156912 -0.00445419 -0.00354774
v 0.01150408 -0.00442915 -0.00351223
v 0.01206225 -0.00323207 -0.00367275
v 0.01202795 -0.00322288 -0.00360305
v 0.01197453 -0.00320857 -0.00354774
v 0.01190721 -0.00319053 -0.00351223
v 0.01233596 -0.00194124 -0.00367275
v 0.01230088 -0.00193572 -0.00360305
v 0.01224624 -0.00192712 -0.00354774
v 0.01217740 -0.00191629 -0.00351224
v 0.01247193 -0.00062873 -0.00367275
v 0.01243646 -0.00062694 -0.00360305
v 0.01238122 -0.00062416 -0.00354774
v 0.01231162 -0.00062065 -0.00351224
v 0.01246864 0.00069080 -0.00367275
v 0.01243319 0.00068883 -0.00360305
v 0.01237796 0.00068577 -0.00354775
v 0.01230838 0.00068192 -0.00351224
v 0.00923667 -0.00954379 -0.00350000
v 0.00930766 -0.00951333 -0.00351223
v 0.00937171 -0.00948585 -0.00354774
v 0.00942253 -0.00946404 -0.00360305
v 0.00945517 -0.00945004 -0.00367274
v 0.00946641 -0.00944521 -0.00375000
v 0.00935809 -0.00905240 -0.00375000
v 0.00935948 -0.00864492 -0.00375000
v 0.00947049 -0.00825285 -0.00375000
v 0.00968292 -0.00790512 -0.00375000
v 0.00967345 -0.00789739 -0.00367274
v 0.00964594 -0.00787493 -0.00360305
v 0.00960309 -0.00783995 -0.00354774
v 0.00954911 -0.00779588 -0.00351223
v 0.00948927 -0.00774702 -0.00350000
v 0.00924143 -0.00815270 -0.00350000
v 0.00911192 -0.00861011 -0.00350000
v 0.00911029 -0.00908550 -0.00350000
v 0.00934596 -0.00905402 -0.00367274
v 0.00931076 -0.00905872 -0.00360305
v 0.00925594 -0.00906604 -0.00354774
v 0.00918686 -0.00907527 -0.00351223
v 0.00934736 -0.00864321 -0.00367274
v 0.00931220 -0.00863827 -0.00360305
v 0.00925743 -0.00863057 -0.00354774
v 0.00918842 -0.00862087 -0.00351223
v 0.00945928 -0.00824795 -0.00367274
v 0.00942674 -0.00823372 -0.00360305
v 0.00937607 -0.00821157 -0.00354774
v 0.00931221 -0.00818365 -0.00351223
v 0.00364683 -0.01277109 -0.00350000
v 0.00358495 -0.01281734 -0.00351223
v 0.00352913 -0.01285906 -0.00354774
v 0.00348483 -0.01289217 -0.00360305
v 0.00345639 -0.01291343 -0.00367274
v 0.00344659 -0.01292076 -0.00375000
v 0.00393842 -0.01345336 -0.00375000
v 0.00452943 -0.01387321 -0.00375000
v 0.00519426 -0.01416229 -0.00375000
v 0.00590438 -0.01430821 -0.00375000
v 0.00662933 -0.01430470 -0.00375000
v 0.00733800 -0.01415191 -0.00375000
v 0.00800000 -0.01385641 -0.00375000
v 0.00858692 -0.01343086 -0.00375000
v 0.00907357 -0.01289352 -0.00375000
v 0.00943908 -0.01226745 -0.00375000
v 0.00966778 -0.01157950 -0.00375000
v 0.00974984 -0.01085921 -0.00375000
v 0.00968174 -0.01013745 -0.00375000
v 0.00946641 -0.00944521 -0.00375000
v 0.00945517 -0.00945004 -0.00367274
v 0.00942253 -0.00946404 -0.00360305
v 0.00937171 -0.00948585 -0.00354774
v 0.00930766 -0.00951333 -0.00351223
v 0.00923667 -0.00954379 -0.00350000
v 0.00944640 -0.01023753 -0.00350000
v 0.00949719 -0.01096050 -0.00350000
v 0.00938649 -0.01167675 -0.00350000
v 0.00911982 -0.01235065 -0.00350000
v 0.00871043 -0.01294870 -0.00350000
v 0.00817869 -0.01344116 -0.00350000
v 0.00755104 -0.01380354 -0.00350000
v 0.00685869 -0.01401781 -0.00350000
v 0.00613607 -0.01407332 -0.00350000
v 0.00541911 -0.01396731 -0.00350000
v 0.00474348 -0.01370505 -0.00350000
v 0.00414276 -0.01329959 -0.00350000
v 0.00398860 -0.01348060 -0.00367274
v 0.00401162 -0.01345357 -0.00360305
v 0.00404748 -0.01341146 -0.00354774
v 0.00409267 -0.01335841 -0.00351223
v 0.00463326 -0.01391573 -0.00367274
v 0.00464972 -0.01388427 -0.00360305
v 0.00467536 -0.01383526 -0.00354774
v 0.00470767 -0.01377351 -0.00351223
v 0.00535833 -0.01419717 -0.00367274
v 0.00536741 -0.01416284 -0.00360305
v 0.00538154 -0.01410937 -0.00354774
v 0.00539936 -0.01404200 -0.00351223
v 0.00612773 -0.01431094 -0.00367274
v 0.00612898 -0.01427545 -0.00360305
v 0.00613092 -0.01422018 -0.00354774
v 0.00613336 -0.01415053 -0.00351223
v 0.00690322 -0.01425137 -0.00367274
v 0.00689657 -0.01421648 -0.00360305
v 0.00688621 -0.01416215 -0.00354774
v 0.00687316 -0.01409370 -0.00351223
v 0.00764622 -0.01402142 -0.00367274
v 0.00763201 -0.01398888 -0.00360305
v 0.00760987 -0.01393819 -0.00354774
v 0.00758197 -0.01387433 -0.00351223
v 0.00831979 -0.01363253 -0.00367274
v 0.00829872 -0.01360395 -0.00360305
v 0.00826590 -0.01355944 -0.00354774
v 0.00822454 -0.01350334 -0.00351223
v 0.00889043 -0.01310405 -0.00367274
v 0.00886355 -0.01308085 -0.00360305
v 0.00882168 -0.01304471 -0.00354774
v 0.00876892 -0.01299918 -0.00351223
v 0.00932977 -0.01246224 -0.00367274
v 0.00929841 -0.01244558 -0.00360305
v 0.00924957 -0.01241962 -0.00354774
v 0.00918804 -0.01238691 -0.00351223
v 0.00961595 -0.01173903 -0.00367274
v 0.00958168 -0.01172973 -0.00360305
v 0.00952830 -0.01171524 -0.00354774
v 0.00946105 -0.01169698 -0.00351223
v 0.00973475 -0.01097039 -0.00367274
v 0.00969927 -0.01096891 -0.00360305
v 0.00964401 -0.01096661 -0.00354774
v 0.00957437 -0.01096371 -0.00351223
v 0.00968025 -0.01019453 -0.00367274
v 0.00964532 -0.01020095 -0.00360305
v 0.00959093 -0.01021095 -0.00354774
v 0.00952239 -0.01022356 -0.00351223
v 0.00196448 -0.01209146 -0.00350000
v 0.00197687 -0.01216771 -0.00351223
v 0.00198805 -0.01223650 -0.00354774
v 0.00199692 -0.01229109 -0.00360305
v 0.00200261 -0.01232614 -0.00367274
v 0.00200458 -0.01233822 -0.00375000
v 0.00241193 -0.01232811 -0.00375000
v 0.00280698 -0.01242801 -0.00375000
v 0.00316056 -0.01263054 -0.00375000
v 0.00344659 -0.01292076 -0.00375000
v 0.00345639 -0.01291343 -0.00367274
v 0.00348483 -0.01289217 -0.00360305
v 0.00352913 -0.01285906 -0.00354774
v 0.00358495 -0.01281734 -0.00351223
v 0.00364683 -0.01277109 -0.00350000
v 0.00331313 -0.01243249 -0.00350000
v 0.00290062 -0.01219621 -0.00350000
v 0.00243973 -0.01207966 -0.00350000
v 0.00241329 -0.01231595 -0.00367274
v 0.00241724 -0.01228066 -0.00360305
v 0.00242339 -0.01222570 -0.00354774
v 0.00243114 -0.01215644 -0.00351223
v 0.00281156 -0.01241666 -0.00367274
v 0.00282486 -0.01238374 -0.00360305
v 0.00284558 -0.01233246 -0.00354774
v 0.00287168 -0.01226784 -0.00351223
v 0.00316803 -0.01262085 -0.00367274
v 0.00318970 -0.01259272 -0.00360305
v 0.00322345 -0.01254890 -0.00354774
v 0.00326598 -0.01249369 -0.00351223
v -0.00774702 -0.00948927 -0.00350000
v -0.00779588 -0.00954911 -0.00351223
v -0.00783995 -0.00960310 -0.00354774
v -0.00787493 -0.00964594 -0.00360305
v -0.00789738 -0.00967345 -0.00367274
v -0.00790512 -0.00968293 -0.00375000
v -0.00683927 -0.01046300 -0.00375000
v -0.00569704 -0.01112626 -0.00375000
v -0.00449121 -0.01166529 -0.00375000
v -0.00323524 -0.01207407 -0.00375000
v -0.00194314 -0.01234804 -0.00375000
v -0.00062935 -0.01248415 -0.00375000
v 0.00069148 -0.01248086 -0.00375000
v 0.00200458 -0.01233822 -0.00375000
v 0.00200261 -0.01232614 -0.00367274
v 0.00199692 -0.01229109 -0.00360305
v 0.00198805 -0.01223650 -0.00354774
v 0.00197687 -0.01216771 -0.00351223
v 0.00196448 -0.01209146 -0.00350000
v 0.00067765 -0.01223124 -0.00350000
v -0.00061676 -0.01223446 -0.00350000
v -0.00190428 -0.01210108 -0.00350000
v -0.00317053 -0.01183259 -0.00350000
v -0.00440139 -0.01143198 -0.00350000
v -0.00558310 -0.01090374 -0.00350000
v -0.00670248 -0.01025374 -0.00350000
v -0.00683257 -0.01045276 -0.00367274
v -0.00681314 -0.01042304 -0.00360305
v -0.00678288 -0.01037674 -0.00354774
v -0.00674475 -0.01031841 -0.00351223
v -0.00569147 -0.01111537 -0.00367274
v -0.00567528 -0.01108376 -0.00360305
v -0.00565008 -0.01103453 -0.00354774
v -0.00561831 -0.01097250 -0.00351223
v -0.00448682 -0.01165387 -0.00367274
v -0.00447406 -0.01162073 -0.00360305
v -0.00445419 -0.01156912 -0.00354774
v -0.00442915 -0.01150408 -0.00351223
v -0.00323207 -0.01206225 -0.00367274
v -0.00322288 -0.01202795 -0.00360305
v -0.00320857 -0.01197453 -0.00354774
v -0.00319053 -0.01190721 -0.00351223
v -0.00194124 -0.01233596 -0.00367274
v -0.00193572 -0.01230088 -0.00360305
v -0.00192712 -0.01224624 -0.00354774
v -0.00191629 -0.01217740 -0.00351223
v -0.00062873 -0.01247193 -0.00367274
v -0.00062694 -0.01243646 -0.00360305
v -0.00062416 -0.01238122 -0.00354774
v -0.00062065 -0.01231162 -0.00351223
v 0.00069080 -0.01246864 -0.00367274
v 0.00068883 -0.01243319 -0.00360305
v 0.00068577 -0.01237796 -0.00354774
v 0.00068192 -0.01230838 -0.00351223
v -0.00954379 -0.00923667 -0.00350000
v -0.00951333 -0.00930766 -0.00351223
v -0.00948585 -0.00937171 -0.00354774
v -0.00946404 -0.00942254 -0.00360305
v -0.00945004 -0.00945517 -0.00367274
v -0.00944521 -0.00946641 -0.00375000
v -0.00905239 -0.00935809 -0.00375000
v -0.00864492 -0.00935948 -0.00375000
v -0.00825285 -0.00947049 -0.00375000
v -0.00790512 -0.00968293 -0.00375000
v -0.00789738 -0.00967345 -0.00367274
v -0.00787493 -0.00964594 -0.00360305
v -0.00783995 -0.00960310 -0.00354774
v -0.00779588 -0.00954911 -0.00351223
v -0.00774702 -0.00948927 -0.00350000
v -0.00815270 -0.00924143 -0.00350000
v -0.00861011 -0.00911192 -0.00350000
v -0.00908550 -0.00911029 -0.00350000
v -0.00905402 -0.00934596 -0.00367274
v -0.00905872 -0.00931076 -0.00360305
v -0.00906604 -0.00925594 -0.00354774
v -0.00907527 -0.00918686 -0.00351223
v -0.00864321 -0.00934737 -0.00367274
v -0.00863827 -0.00931220 -0.00360305
v -0.00863057 -0.00925743 -0.00354774
v -0.00862087 -0.00918842 -0.00351223
v -0.00824795 -0.00945928 -0.00367274
v -0.00823372 -0.00942674 -0.00360305
v -0.00821157 -0.00937607 -0.00354774
v -0.00818365 -0.00931221 -0.00351223
v -0.00944521 -0.00946641 -0.00375000
v -0.00945004 -0.00945517 -0.00367274
v -0.00946404 -0.00942254 -0.00360305
v -0.00948585 -0.00937171 -0.00354774
v -0.00951333 -0.00930766 -0.00351223
v -0.00954379 -0.00923667 -0.00350000
v -0.01023753 -0.00944641 -0.00350000
v -0.01096050 -0.00949719 -0.00350000
v -0.01167675 -0.00938649 -0.00350000
v -0.01235065 -0.00911982 -0.00350000
v -0.01294870 -0.00871043 -0.00350000
v -0.01344116 -0.00817869 -0.00350000
v -0.01380354 -0.00755104 -0.00350000
v -0.01401781 -0.00685869 -0.00350000
v -0.01407332 -0.00613607 -0.00350000
v -0.01396731 -0.00541911 -0.00350000
v -0.01370505 -0.00474348 -0.00350000
v -0.01329959 -0.00414276 -0.00350000
v -0.01277109 -0.00364683 -0.00350000
v -0.01281734 -0.00358495 -0.00351223
v -0.01285906 -0.00352913 -0.00354774
v -0.01289217 -0.00348483 -0.00360305
v -0.01291343 -0.00345639 -0.00367274
v -0.01292076 -0.00344659 -0.00375000
v -0.01345336 -0.00393842 -0.00375000
v -0.01387321 -0.00452943 -0.00375000
v -0.01416229 -0.00519426 -0.00375000
v -0.01430821 -0.00590438 -0.00375000
v -0.01430470 -0.00662933 -0.00375000
v -0.01415191 -0.00733801 -0.00375000
v -0.01385641 -0.00800000 -0.00375000
v -0.01343086 -0.00858692 -0.00375000
v -0.01289352 -0.00907357 -0.00375000
v -0.01226745 -0.00943909 -0.00375000
v -0.01157950 -0.00966778 -0.00375000
v -0.01085921 -0.00974984 -0.00375000
v -0.01013745 -0.00968174 -0.00375000
v -0.01022356 -0.00952239 -0.00351223
v -0.01021095 -0.00959093 -0.00354774
v -0.01020095 -0.00964532 -0.00360305
v -0.01019453 -0.00968025 -0.00367274
v -0.01096371 -0.00957438 -0.00351223
v -0.01096661 -0.00964401 -0.00354774
v -0.01096891 -0.00969927 -0.00360305
v -0.01097039 -0.00973475 -0.00367274
v -0.01169698 -0.00946105 -0.00351223
v -0.01171524 -0.00952830 -0.00354774
v -0.01172973 -0.00958168 -0.00360305
v -0.01173903 -0.00961595 -0.00367274
v -0.01238691 -0.00918804 -0.00351223
v -0.01241962 -0.00924958 -0.00354774
v -0.01244558 -0.00929841 -0.00360305
v -0.01246224 -0.00932977 -0.00367274
v -0.01299918 -0.00876892 -0.00351223
v -0.01304471 -0.00882168 -0.00354774
v -0.01308085 -0.00886355 -0.00360305
v -0.01310405 -0.00889043 -0.00367274
v -0.01350334 -0.00822454 -0.00351223
v -0.01355944 -0.00826590 -0.00354774
v -0.01360395 -0.00829872 -0.00360305
v -0.01363253 -0.00831979 -0.00367274
v -0.01387433 -0.00758197 -0.00351223
v -0.01393819 -0.00760987 -0.00354774
v -0.01398888 -0.00763201 -0.00360305
v -0.01402142 -0.00764622 -0.00367274
v -0.01409370 -0.00687316 -0.00351223
v -0.01416215 -0.00688621 -0.00354774
v -0.01421648 -0.00689657 -0.00360305
v -0.01425137 -0.00690322 -0.00367274
v -0.01415053 -0.00613336 -0.00351223
v -0.01422018 -0.00613092 -0.00354774
v -0.01427545 -0.00612898 -0.00360305
v -0.01431094 -0.00612774 -0.00367274
v -0.01404200 -0.00539936 -0.00351223
v -0.01410937 -0.00538155 -0.00354774
v -0.01416284 -0.00536741 -0.00360305
v -0.01419717 -0.00535833 -0.00367274
v -0.01377351 -0.00470767 -0.00351223
v -0.01383526 -0.00467536 -0.00354774
v -0.01388427 -0.00464972 -0.00360305
v -0.01391573 -0.00463326 -0.00367274
v -0.01335841 -0.00409267 -0.00351223
v -0.01341146 -0.00404748 -0.00354774
v -0.01345357 -0.00401162 -0.00360305
v -0.01348060 -0.00398860 -0.00367274
v 0.00968292 -0.00790513 -0.00675000
v 0.01046300 -0.00683927 -0.00675000
v 0.01112626 -0.00569705 -0.00675000
v 0.01166529 -0.00449122 -0.00675000
v 0.01207407 -0.00323524 -0.00675000
v 0.01234804 -0.00194314 -0.00675000
v 0.01248415 -0.00062935 -0.00675000
v 0.01248086 0.00069147 -0.00675000
v 0.01233822 0.00200457 -0.00675000
v 0.01233822 0.00200457 -0.00375000
v 0.01248086 0.00069147 -0.00375000
v 0.01248415 -0.00062935 -0.00375000
v 0.01234804 -0.00194314 -0.00375000
v 0.01207407 -0.00323524 -0.00375000
v 0.01166529 -0.00449121 -0.00375000
v 0.01112626 -0.00569705 -0.00375000
v 0.01046300 -0.00683927 -0.00375000
v 0.00968292 -0.00790512 -0.00375000
v 0.00946641 -0.00944521 -0.00675000
v 0.00935809 -0.00905240 -0.00675000
v 0.00935948 -0.00864492 -0.00675000
v 0.00947049 -0.00825285 -0.00675000
v 0.00968292 -0.00790513 -0.00675000
v 0.00968292 -0.00790512 -0.00375000
v 0.00947049 -0.00825285 -0.00375000
v 0.00935948 -0.00864492 -0.00375000
v 0.00935809 -0.00905240 -0.00375000
v 0.00946641 -0.00944521 -0.00375000
v 0.00344659 -0.01292076 -0.00675000
v 0.00393842 -0.01345336 -0.00675000
v 0.00452943 -0.01387321 -0.00675000
v 0.00519426 -0.01416229 -0.00675000
v 0.00590438 -0.01430821 -0.00675000
v 0.00662933 -0.01430470 -0.00675000
v 0.00733800 -0.01415191 -0.00675000
v 0.00800000 -0.01385641 -0.00675000
v 0.00858692 -0.01343086 -0.00675000
v 0.00907357 -0.01289352 -0.00675000
v 0.00943908 -0.01226745 -0.00675000
v 0.00966778 -0.01157950 -0.00675000
v 0.00974984 -0.01085921 -0.00675000
v 0.00968174 -0.01013745 -0.00675000
v 0.00946641 -0.00944521 -0.00675000
v 0.00946641 -0.00944521 -0.00375000
v 0.00968174 -0.01013745 -0.00375000
v 0.00974984 -0.01085921 -0.00375000
v 0.00966778 -0.01157950 -0.00375000
v 0.00943908 -0.01226745 -0.00375000
v 0.00907357 -0.01289352 -0.00375000
v 0.00858692 -0.01343086 -0.00375000
v 0.00800000 -0.01385641 -0.00375000
v 0.00733800 -0.01415191 -0.00375000
v 0.00662933 -0.01430470 -0.00375000
v 0.00590438 -0.01430821 -0.00375000
v 0.00519426 -0.01416229 -0.00375000
v 0.00452943 -0.01387321 -0.00375000
v 0.00393842 -0.01345336 -0.00375000
v 0.00344659 -0.01292076 -0.00375000
v 0.00200458 -0.01233822 -0.00675000
v 0.00241193 -0.01232811 -0.00675000
v 0.00280698 -0.01242801 -0.00675000
v 0.00316056 -0.01263054 -0.00675000
v 0.00344659 -0.01292076 -0.00675000
v 0.00344659 -0.01292076 -0.00375000
v 0.00316056 -0.01263054 -0.00375000
v 0.00280698 -0.01242801 -0.00375000
v 0.00241193 -0.01232811 -0.00375000
v 0.00200458 -0.01233822 -0.00375000
v -0.00790512 -0.00968293 -0.00675000
v -0.00683927 -0.01046300 -0.00675000
v -0.00569704 -0.01112626 -0.00675000
v -0.00449121 -0.01166529 -0.00675000
v -0.00323524 -0.01207407 -0.00675000
v -0.00194314 -0.01234804 -0.00675000
v -0.00062935 -0.01248415 -0.00675000
v 0.00069148 -0.01248086 -0.00675000
v 0.00200458 -0.01233822 -0.00675000
v 0.00200458 -0.01233822 -0.00375000
v 0.00069148 -0.01248086 -0.00375000
v -0.00062935 -0.01248415 -0.00375000
v -0.00194314 -0.01234804 -0.00375000
v -0.00323524 -0.01207407 -0.00375000
v -0.00449121 -0.01166529 -0.00375000
v -0.00569704 -0.01112626 -0.00375000
v -0.00683927 -0.01046300 -0.00375000
v -0.00790512 -0.00968293 -0.00375000
v -0.00944521 -0.00946642 -0.00675000
v -0.00905239 -0.00935809 -0.00675000
v -0.00864492 -0.00935948 -0.00675000
v -0.00825285 -0.00947049 -0.00675000
v -0.00790512 -0.00968293 -0.00675000
v -0.00790512 -0.00968293 -0.00375000
v -0.00825285 -0.00947049 -0.00375000
v -0.00864492 -0.00935948 -0.00375000
v -0.00905239 -0.00935809 -0.00375000
v -0.00944521 -0.00946641 -0.00375000
v 0.01159111 -0.00310583 -0.00350000
v 0.01114242 -0.00445495 -0.00350000
v 0.01053731 -0.00574153 -0.00350000
v 0.00978428 -0.00694751 -0.00350000
v 0.00889390 -0.00805596 -0.00350000
v 0.00787867 -0.00905133 -0.00350000
v 0.00675284 -0.00991963 -0.00350000
v 0.00553222 -0.01064869 -0.00350000
v 0.00423393 -0.01122826 -0.00350000
v 0.00287621 -0.01165021 -0.00350000
v 0.00147812 -0.01190862 -0.00350000
v 0.00005928 -0.01199985 -0.00350000
v -0.00136040 -0.01192264 -0.00350000
v -0.00276098 -0.01167806 -0.00350000
v -0.00412280 -0.01126954 -0.00350000
v -0.00542675 -0.01070282 -0.00350000
v -0.00665452 -0.00998586 -0.00350000
v -0.00778887 -0.00912872 -0.00350000
v -0.00881388 -0.00814343 -0.00350000
v -0.00971517 -0.00704383 -0.00350000
v -0.01048007 -0.00584535 -0.00350000
v -0.01109786 -0.00456481 -0.00350000
v -0.01155986 -0.00322019 -0.00350000
v -0.01185959 -0.00183036 -0.00350000
v -0.01199283 -0.00041484 -0.00350000
v -0.01195772 0.00100650 -0.00350000
v -0.01175474 0.00241371 -0.00350000
v -0.01138676 0.00378704 -0.00350000
v -0.01085893 0.00510720 -0.00350000
v -0.01017867 0.00635568 -0.00350000
v -0.00935552 0.00751493 -0.00350000
v -0.00840104 0.00856869 -0.00350000
v -0.00732863 0.00950217 -0.00350000
v -0.00615334 0.01030225 -0.00350000
v -0.00489167 0.01095772 -0.00350000
v -0.00356133 0.01145936 -0.00350000
v -0.00218100 0.01180014 -0.00350000
v -0.00077005 0.01197527 -0.00350000
v 0.00065171 0.01198229 -0.00350000
v 0.00206432 0.01182111 -0.00350000
v 0.00344795 0.01149398 -0.00350000
v 0.00478318 0.01100551 -0.00350000
v 0.00605126 0.01036254 -0.00350000
v 0.00723440 0.00957410 -0.00350000
v 0.00831598 0.00865127 -0.00350000
v 0.00928082 0.00760699 -0.00350000
v 0.01011539 0.00645592 -0.00350000
v 0.01080795 0.00521423 -0.00350000
v 0.01134879 0.00389934 -0.00350000
v 0.01173032 0.00252972 -0.00350000
v 0.01194719 0.00112458 -0.00350000
v 0.01199634 -0.00029635 -0.00350000
v 0.01187709 -0.00171311 -0.00350000
v -0.01209146 -0.00196449 -0.00350000
v -0.01207966 -0.00243973 -0.00350000
v -0.01219621 -0.00290062 -0.00350000
v -0.01243249 -0.00331313 -0.00350000
v -0.01277109 -0.00364683 -0.00350000
v -0.01329959 -0.00414276 -0.00350000
v -0.01370505 -0.00474348 -0.00350000
v -0.01396731 -0.00541911 -0.00350000
v -0.01407332 -0.00613607 -0.00350000
v -0.01401781 -0.00685869 -0.00350000
v -0.01380354 -0.00755104 -0.00350000
v -0.01344116 -0.00817869 -0.00350000
v -0.01294870 -0.00871043 -0.00350000
v -0.01235065 -0.00911982 -0.00350000
v -0.01167675 -0.00938649 -0.00350000
v -0.01096050 -0.00949719 -0.00350000
v -0.01023753 -0.00944641 -0.00350000
v -0.00954379 -0.00923667 -0.00350000
v -0.00908550 -0.00911029 -0.00350000
v -0.00861011 -0.00911192 -0.00350000
v -0.00815270 -0.00924143 -0.00350000
v -0.00774702 -0.00948927 -0.00350000
v -0.00670248 -0.01025374 -0.00350000
v -0.00558310 -0.01090374 -0.00350000
v -0.00440139 -0.01143198 -0.00350000
v -0.00317053 -0.01183259 -0.00350000
v -0.00190428 -0.01210108 -0.00350000
v -0.00061676 -0.01223446 -0.00350000
v 0.00067765 -0.01223124 -0.00350000
v 0.00196448 -0.01209146 -0.00350000
v 0.00243973 -0.01207966 -0.00350000
v 0.00290062 -0.01219621 -0.00350000
v 0.00331313 -0.01243249 -0.00350000
v 0.00364683 -0.01277109 -0.00350000
v 0.00414276 -0.01329959 -0.00350000
v 0.00474348 -0.01370505 -0.00350000
v 0.00541911 -0.01396731 -0.00350000
v 0.00613607 -0.01407332 -0.00350000
v 0.00685869 -0.01401781 -0.00350000
v 0.00755104 -0.01380354 -0.00350000
v 0.00817869 -0.01344116 -0.00350000
v 0.00871043 -0.01294870 -0.00350000
v 0.00911982 -0.01235065 -0.00350000
v 0.00938649 -0.01167675 -0.00350000
v 0.00949719 -0.01096050 -0.00350000
v 0.00944640 -0.01023753 -0.00350000
v 0.00923667 -0.00954379 -0.00350000
v 0.00911029 -0.00908550 -0.00350000
v 0.00911192 -0.00861011 -0.00350000
v 0.00924143 -0.00815270 -0.00350000
v 0.00948927 -0.00774702 -0.00350000
v 0.01025374 -0.00670248 -0.00350000
v 0.01090374 -0.00558310 -0.00350000
v 0.01143198 -0.00440139 -0.00350000
v 0.01183259 -0.00317053 -0.00350000
v 0.01210108 -0.00190428 -0.00350000
v 0.01223446 -0.00061676 -0.00350000
v 0.01223124 0.00067764 -0.00350000
v 0.01209146 0.00196448 -0.00350000
v 0.01207966 0.00243973 -0.00350000
v 0.01219621 0.00290062 -0.00350000
v 0.01243249 0.00331313 -0.00350000
v 0.01277109 0.00364683 -0.00350000
v 0.01329959 0.00414276 -0.00350000
v 0.01370505 0.00474348 -0.00350000
v 0.01396731 0.00541911 -0.00350000
v 0.01407332 0.00613607 -0.00350000
v 0.01401781 0.00685869 -0.00350000
v 0.01380354 0.00755104 -0.00350000
v 0.01344116 0.00817869 -0.00350000
v 0.01294870 0.00871043 -0.00350000
v 0.01235065 0.00911982 -0.00350000
v 0.01167675 0.00938649 -0.00350000
v 0.01096050 0.00949719 -0.00350000
v 0.01023753 0.00944640 -0.00350000
v 0.00954379 0.00923667 -0.00350000
v 0.00908550 0.00911029 -0.00350000
v 0.00861011 0.00911192 -0.00350000
v 0.00815270 0.00924143 -0.00350000
v 0.00774702 0.00948926 -0.00350000
v 0.00670248 0.01025374 -0.00350000
v 0.00558310 0.01090374 -0.00350000
v 0.00440139 0.01143198 -0.00350000
v 0.00317053 0.01183259 -0.00350000
v 0.00190428 0.01210108 -0.00350000
v 0.00061676 0.01223446 -0.00350000
v -0.00067765 0.01223124 -0.00350000
v -0.00196448 0.01209146 -0.00350000
v -0.00243973 0.01207966 -0.00350000
v -0.00290062 0.01219621 -0.00350000
v -0.00331313 0.01243249 -0.00350000
v -0.00364683 0.01277109 -0.00350000
v -0.00414276 0.01329959 -0.00350000
v -0.00474348 0.01370505 -0.00350000
v -0.00541911 0.01396731 -0.00350000
v -0.00613607 0.01407332 -0.00350000
v -0.00685869 0.01401781 -0.00350000
v -0.00755104 0.01380354 -0.00350000
v -0.00817869 0.01344116 -0.00350000
v -0.00871043 0.01294870 -0.00350000
v -0.00911982 0.01235065 -0.00350000
v -0.00938649 0.01167675 -0.00350000
v -0.00949719 0.01096050 -0.00350000
v -0.00944640 0.01023753 -0.00350000
v -0.00923667 0.00954379 -0.00350000
v -0.00911029 0.00908550 -0.00350000
v -0.00911192 0.00861011 -0.00350000
v -0.00924143 0.00815270 -0.00350000
v -0.00948927 0.00774702 -0.00350000
v -0.01025374 0.00670248 -0.00350000
v -0.01090374 0.00558310 -0.00350000
v -0.01143198 0.00440139 -0.00350000
v -0.01183259 0.00317053 -0.00350000
v -0.01210108 0.00190428 -0.00350000
v -0.01223446 0.00061676 -0.00350000
v -0.01223124 -0.00067765 -0.00350000
v 0.01110815 -0.00297642 0.00100000
v 0.01138592 -0.00161578 0.00100000
v 0.01149767 -0.00023157 0.00100000
v 0.01144175 0.00115600 0.00100000
v 0.01121899 0.00252673 0.00100000
v 0.01083262 0.00386060 0.00100000
v 0.01028830 0.00513818 0.00100000
v 0.00959395 0.00634084 0.00100000
v 0.00875969 0.00745103 0.00100000
v 0.00779770 0.00845257 0.00100000
v 0.00672200 0.00933084 0.00100000
v 0.00554828 0.01007306 0.00100000
v 0.00429366 0.01066839 0.00100000
v 0.00297642 0.01110815 0.00100000
v 0.00161578 0.01138592 0.00100000
v 0.00023158 0.01149767 0.00100000
v -0.00115600 0.01144175 0.00100000
v -0.00252672 0.01121899 0.00100000
v -0.00386060 0.01083262 0.00100000
v -0.00513818 0.01028830 0.00100000
v -0.00634084 0.00959395 0.00100000
v -0.00745103 0.00875969 0.00100000
v -0.00845256 0.00779770 0.00100000
v -0.00933084 0.00672200 0.00100000
v -0.01007306 0.00554828 0.00100000
v -0.01066839 0.00429366 0.00100000
v -0.01110815 0.00297642 0.00100000
v -0.01138592 0.00161578 0.00100000
v -0.01149767 0.00023158 0.00100000
v -0.01144175 -0.00115600 0.00100000
v -0.01121899 -0.00252672 0.00100000
v -0.01083262 -0.00386060 0.00100000
v -0.01028830 -0.00513818 0.00100000
v -0.00959395 -0.00634084 0.00100000
v -0.00875969 -0.00745103 0.00100000
v -0.00779770 -0.00845256 0.00100000
v -0.00672200 -0.00933084 0.00100000
v -0.00554828 -0.01007306 0.00100000
v -0.00429366 -0.01066839 0.00100000
v -0.00297642 -0.01110815 0.00100000
v -0.00161578 -0.01138592 0.00100000
v -0.00023158 -0.01149767 0.00100000
v 0.00115600 -0.01144175 0.00100000
v 0.00252672 -0.01121899 0.00100000
v 0.00386060 -0.01083262 0.00100000
v 0.00513818 -0.01028830 0.00100000
v 0.00634084 -0.00959395 0.00100000
v 0.00745103 -0.00875969 0.00100000
v 0.00845256 -0.00779770 0.00100000
v 0.00933084 -0.00672200 0.00100000
v 0.01007306 -0.00554828 0.00100000
v 0.01066839 -0.00429366 0.00100000
v 0.01110815 -0.00297642 0.01100000
v 0.01066839 -0.00429365 0.01100000
v 0.01007306 -0.00554828 0.01100000
v 0.00933084 -0.00672200 0.01100000
v 0.00845256 -0.00779770 0.01100000
v 0.00745103 -0.00875969 0.01100000
v 0.00634084 -0.00959394 0.01100000
v 0.00513818 -0.01028830 0.01100000
v 0.00386060 -0.01083262 0.01100000
v 0.00252672 -0.01121899 0.01100000
v 0.00115600 -0.01144175 0.01100000
v -0.00023158 -0.01149767 0.01100000
v -0.00161578 -0.01138592 0.01100000
v -0.00297642 -0.01110815 0.01100000
v -0.00429366 -0.01066839 0.01100000
v -0.00554828 -0.01007306 0.01100000
v -0.00672200 -0.00933084 0.01100000
v -0.00779770 -0.00845256 0.01100000
v -0.00875969 -0.00745102 0.01100000
v -0.00959395 -0.00634083 0.01100000
v -0.01028830 -0.00513818 0.01100000
v -0.01083262 -0.00386060 0.01100000
v -0.01121899 -0.00252672 0.01100000
v -0.01144175 -0.00115600 0.01100000
v -0.01149767 0.00023158 0.01100000
v -0.01138592 0.00161578 0.01100000
v -0.01110815 0.00297642 0.01100000
v -0.01066839 0.00429366 0.01100000
v -0.01007306 0.00554829 0.01100000
v -0.00933084 0.00672201 0.01100000
v -0.00845256 0.00779770 0.01100000
v -0.00745103 0.00875969 0.01100000
v -0.00634084 0.00959395 0.01100000
v -0.00513818 0.01028830 0.01100000
v -0.00386060 0.01083262 0.01100000
v -0.00252672 0.01121899 0.01100000
v -0.00115600 0.01144175 0.01100000
v 0.00023158 0.01149767 0.01100000
v 0.00161578 0.01138592 0.01100000
v 0.00297642 0.01110815 0.01100000
v 0.00429366 0.01066839 0.01100000
v 0.00554828 0.01007306 0.01100000
v 0.00672200 0.00933085 0.01100000
v 0.00779770 0.00845257 0.01100000
v 0.00875969 0.00745103 0.01100000
v 0.00959395 0.00634084 0.01100000
v 0.01028830 0.00513819 0.01100000
v 0.01083262 0.00386061 0.01100000
v 0.01121899 0.00252673 0.01100000
v 0.01144175 0.00115601 0.01100000
v 0.01149767 -0.00023157 0.01100000
v 0.01138592 -0.00161577 0.01100000
v 0.01110815 -0.00297642 0.01100000
v 0.01110815 -0.00297642 0.00100000
v 0.01159111 -0.00310583 0.00100000
v 0.01187709 -0.00171311 0.00100000
v 0.01199634 -0.00029635 0.00100000
v 0.01194719 0.00112458 0.00100000
v 0.01173032 0.00252972 0.00100000
v 0.01134879 0.00389934 0.00100000
v 0.01080795 0.00521423 0.00100000
v 0.01011539 0.00645593 0.00100000
v 0.00928082 0.00760699 0.00100000
v 0.00831598 0.00865127 0.00100000
v 0.00723440 0.00957411 0.00100000
v 0.00605126 0.01036254 0.00100000
v 0.00478318 0.01100551 0.00100000
v 0.00344795 0.01149398 0.00100000
v 0.00206432 0.01182111 0.00100000
v 0.00065171 0.01198229 0.00100000
v -0.00077005 0.01197527 0.00100000
v -0.00218100 0.01180014 0.00100000
v -0.00356133 0.01145936 0.00100000
v -0.00489167 0.01095772 0.00100000
v -0.00615334 0.01030225 0.00100000
v -0.00732863 0.00950217 0.00100000
v -0.00840104 0.00856869 0.00100000
v -0.00935552 0.00751493 0.00100000
v -0.01017867 0.00635568 0.00100000
v -0.01085893 0.00510721 0.00100000
v -0.01138676 0.00378704 0.00100000
v -0.01175474 0.00241371 0.00100000
v -0.01195772 0.00100650 0.00100000
v -0.01199283 -0.00041484 0.00100000
v -0.01185959 -0.00183036 0.00100000
v -0.01155986 -0.00322019 0.00100000
v -0.01109786 -0.00456481 0.00100000
v -0.01048007 -0.00584534 0.00100000
v -0.00971517 -0.00704383 0.00100000
v -0.00881388 -0.00814343 0.00100000
v -0.00778887 -0.00912872 0.00100000
v -0.00665452 -0.00998586 0.00100000
v -0.00542675 -0.01070282 0.00100000
v -0.00412280 -0.01126954 0.00100000
v -0.00276098 -0.01167806 0.00100000
v -0.00136040 -0.01192264 0.00100000
v 0.00005928 -0.01199985 0.00100000
v 0.00147812 -0.01190862 0.00100000
v 0.00287621 -0.01165021 0.00100000
v 0.00423393 -0.01122826 0.00100000
v 0.00553222 -0.01064869 0.00100000
v 0.00675284 -0.00991963 0.00100000
v 0.00787867 -0.00905133 0.00100000
v 0.00889390 -0.00805596 0.00100000
v 0.00978428 -0.00694751 0.00100000
v 0.01053731 -0.00574153 0.00100000
v 0.01114242 -0.00445495 0.00100000
v 0.01110815 -0.00297642 0.00100000
v 0.01066839 -0.00429366 0.00100000
v 0.01007306 -0.00554828 0.00100000
v 0.00933084 -0.00672200 0.00100000
v 0.00845256 -0.00779770 0.00100000
v 0.00745103 -0.00875969 0.00100000
v 0.00634084 -0.00959395 0.00100000
v 0.00513818 -0.01028830 0.00100000
v 0.00386060 -0.01083262 0.00100000
v 0.00252672 -0.01121899 0.00100000
v 0.00115600 -0.01144175 0.00100000
v -0.00023158 -0.01149767 0.00100000
v -0.00161578 -0.01138592 0.00100000
v -0.00297642 -0.01110815 0.00100000
v -0.00429366 -0.01066839 0.00100000
v -0.00554828 -0.01007306 0.00100000
v -0.00672200 -0.00933084 0.00100000
v -0.00779770 -0.00845256 0.00100000
v -0.00875969 -0.00745103 0.00100000
v -0.00959395 -0.00634084 0.00100000
v -0.01028830 -0.00513818 0.00100000
v -0.01083262 -0.00386060 0.00100000
v -0.01121899 -0.00252672 0.00100000
v -0.01144175 -0.00115600 0.00100000
v -0.01149767 0.00023158 0.00100000
v -0.01138592 0.00161578 0.00100000
v -0.01110815 0.00297642 0.00100000
v -0.01066839 0.00429366 0.00100000
v -0.01007306 0.00554828 0.00100000
v -0.00933084 0.00672200 0.00100000
v -0.00845256 0.00779770 0.00100000
v -0.00745103 0.00875969 0.00100000
v -0.00634084 0.00959395 0.00100000
v -0.00513818 0.01028830 0.00100000
v -0.00386060 0.01083262 0.00100000
v -0.00252672 0.01121899 0.00100000
v -0.00115600 0.01144175 0.00100000
v 0.00023158 0.01149767 0.00100000
v 0.00161578 0.01138592 0.00100000
v 0.00297642 0.01110815 0.00100000
v 0.00429366 0.01066839 0.00100000
v 0.00554828 0.01007306 0.00100000
v 0.00672200 0.00933084 0.00100000
v 0.00779770 0.00845257 0.00100000
v 0.00875969 0.00745103 0.00100000
v 0.00959395 0.00634084 0.00100000
v 0.01028830 0.00513818 0.00100000
v 0.01083262 0.00386060 0.00100000
v 0.01121899 0.00252673 0.00100000
v 0.01144175 0.00115600 0.00100000
v 0.01149767 -0.00023157 0.00100000
v 0.01138592 -0.00161578 0.00100000
v 0.01159111 -0.00310583 0.00100000
v 0.01114242 -0.00445495 0.00100000
v 0.01053731 -0.00574153 0.00100000
v 0.00978428 -0.00694751 0.00100000
v 0.00889390 -0.00805596 0.00100000
v 0.00787867 -0.00905133 0.00100000
v 0.00675284 -0.00991963 0.00100000
v 0.00553222 -0.01064869 0.00100000
v 0.00423393 -0.01122826 0.00100000
v 0.00287621 -0.01165021 0.00100000
v 0.00147812 -0.01190862 0.00100000
v 0.00005928 -0.01199985 0.00100000
v -0.00136040 -0.01192264 0.00100000
v -0.00276098 -0.01167806 0.00100000
v -0.00412280 -0.01126954 0.00100000
v -0.00542675 -0.01070282 0.00100000
v -0.00665452 -0.00998586 0.00100000
v -0.00778887 -0.00912872 0.00100000
v -0.00881388 -0.00814343 0.00100000
v -0.00971517 -0.00704383 0.00100000
v -0.01048007 -0.00584534 0.00100000
v -0.01109786 -0.00456481 0.00100000
v -0.01155986 -0.00322019 0.00100000
v -0.01185959 -0.00183036 0.00100000
v -0.01199283 -0.00041484 0.00100000
v -0.01195772 0.00100650 0.00100000
v -0.01175474 0.00241371 0.00100000
v -0.01138676 0.00378704 0.00100000
v -0.01085893 0.00510721 0.00100000
v -0.01017867 0.00635568 0.00100000
v -0.00935552 0.00751493 0.00100000
v -0.00840104 0.00856869 0.00100000
v -0.00732863 0.00950217 0.00100000
v -0.00615334 0.01030225 0.00100000
v -0.00489167 0.01095772 0.00100000
v -0.00356133 0.01145936 0.00100000
v -0.00218100 0.01180014 0.00100000
v -0.00077005 0.01197527 0.00100000
v 0.00065171 0.01198229 0.00100000
v 0.00206432 0.01182111 0.00100000
v 0.00344795 0.01149398 0.00100000
v 0.00478318 0.01100551 0.00100000
v 0.00605126 0.01036254 0.00100000
v 0.00723440 0.00957411 0.00100000
v 0.00831598 0.00865127 0.00100000
v 0.00928082 0.00760699 0.00100000
v 0.01011539 0.00645593 0.00100000
v 0.01080795 0.00521423 0.00100000
v 0.01134879 0.00389934 0.00100000
v 0.01173032 0.00252972 0.00100000
v 0.01194719 0.00112458 0.00100000
v 0.01199634 -0.00029635 0.00100000
v 0.01187709 -0.00171311 0.00100000
v 0.01159111 -0.00310583 -0.00350000
v 0.01187709 -0.00171311 -0.00350000
v 0.01199634 -0.00029635 -0.00350000
v 0.01194719 0.00112458 -0.00350000
v 0.01173032 0.00252972 -0.00350000
v 0.01134879 0.00389934 -0.00350000
v 0.01080795 0.00521423 -0.00350000
v 0.01011539 0.00645592 -0.00350000
v 0.00928082 0.00760699 -0.00350000
v 0.00831598 0.00865127 -0.00350000
v 0.00723440 0.00957410 -0.00350000
v 0.00605126 0.01036254 -0.00350000
v 0.00478318 0.01100551 -0.00350000
v 0.00344795 0.01149398 -0.00350000
v 0.00206432 0.01182111 -0.00350000
v 0.00065171 0.01198229 -0.00350000
v -0.00077005 0.01197527 -0.00350000
v -0.00218100 0.01180014 -0.00350000
v -0.00356133 0.01145936 -0.00350000
v -0.00489167 0.01095772 -0.00350000
v -0.00615334 0.01030225 -0.00350000
v -0.00732863 0.00950217 -0.00350000
v -0.00840104 0.00856869 -0.00350000
v -0.00935552 0.00751493 -0.00350000
v -0.01017867 0.00635568 -0.00350000
v -0.01085893 0.00510720 -0.00350000
v -0.01138676 0.00378704 -0.00350000
v -0.01175474 0.00241371 -0.00350000
v -0.01195772 0.00100650 -0.00350000
v -0.01199283 -0.00041484 -0.00350000
v -0.01185959 -0.00183036 -0.00350000
v -0.01155986 -0.00322019 -0.00350000
v -0.01109786 -0.00456481 -0.00350000
v -0.01048007 -0.00584535 -0.00350000
v -0.00971517 -0.00704383 -0.00350000
v -0.00881388 -0.00814343 -0.00350000
v -0.00778887 -0.00912872 -0.00350000
v -0.00665452 -0.00998586 -0.00350000
v -0.00542675 -0.01070282 -0.00350000
v -0.00412280 -0.01126954 -0.00350000
v -0.00276098 -0.01167806 -0.00350000
v -0.00136040 -0.01192264 -0.00350000
v 0.00005928 -0.01199985 -0.00350000
v 0.00147812 -0.01190862 -0.00350000
v 0.00287621 -0.01165021 -0.00350000
v 0.00423393 -0.01122826 -0.00350000
v 0.00553222 -0.01064869 -0.00350000
v 0.00675284 -0.00991963 -0.00350000
v 0.00787867 -0.00905133 -0.00350000
v 0.00889390 -0.00805596 -0.00350000
v 0.00978428 -0.00694751 -0.00350000
v 0.01053731 -0.00574153 -0.00350000
v 0.01114242 -0.00445495 -0.00350000
v 0.01159111 -0.00310583 -0.00350000
v 0.01159111 -0.00310583 0.00100000
v 0.01110815 -0.00297642 0.01100000
v 0.01138592 -0.00161577 0.01100000
v 0.01149767 -0.00023157 0.01100000
v 0.01144175 0.00115601 0.01100000
v 0.01121899 0.00252673 0.01100000
v 0.01083262 0.00386061 0.01100000
v 0.01028830 0.00513819 0.01100000
v 0.00959395 0.00634084 0.01100000
v 0.00875969 0.00745103 0.01100000
v 0.00779770 0.00845257 0.01100000
v 0.00672200 0.00933085 0.01100000
v 0.00554828 0.01007306 0.01100000
v 0.00429366 0.01066839 0.01100000
v 0.00297642 0.01110815 0.01100000
v 0.00161578 0.01138592 0.01100000
v 0.00023158 0.01149767 0.01100000
v -0.00115600 0.01144175 0.01100000
v -0.00252672 0.01121899 0.01100000
v -0.00386060 0.01083262 0.01100000
v -0.00513818 0.01028830 0.01100000
v -0.00634084 0.00959395 0.01100000
v -0.00745103 0.00875969 0.01100000
v -0.00845256 0.00779770 0.01100000
v -0.00933084 0.00672201 0.01100000
v -0.01007306 0.00554829 0.01100000
v -0.01066839 0.00429366 0.01100000
v -0.01110815 0.00297642 0.01100000
v -0.01138592 0.00161578 0.01100000
v -0.01149767 0.00023158 0.01100000
v -0.01144175 -0.00115600 0.01100000
v -0.01121899 -0.00252672 0.01100000
v -0.01083262 -0.00386060 0.01100000
v -0.01028830 -0.00513818 0.01100000
v -0.00959395 -0.00634083 0.01100000
v -0.00875969 -0.00745102 0.01100000
v -0.00779770 -0.00845256 0.01100000
v -0.00672200 -0.00933084 0.01100000
v -0.00554828 -0.01007306 0.01100000
v -0.00429366 -0.01066839 0.01100000
v -0.00297642 -0.01110815 0.01100000
v -0.00161578 -0.01138592 0.01100000
v -0.00023158 -0.01149767 0.01100000
v 0.00115600 -0.01144175 0.01100000
v 0.00252672 -0.01121899 0.01100000
v 0.00386060 -0.01083262 0.01100000
v 0.00513818 -0.01028830 0.01100000
v 0.00634084 -0.00959394 0.01100000
v 0.00745103 -0.00875969 0.01100000
v 0.00845256 -0.00779770 0.01100000
v 0.00933084 -0.00672200 0.01100000
v 0.01007306 -0.00554828 0.01100000
v 0.01066839 -0.00429365 0.01100000
v 0.00627852 -0.00168232 0.01100000
v 0.00592735 -0.00266768 0.01100000
v 0.00542266 -0.00358395 0.01100000
v 0.00477754 -0.00440739 0.01100000
v 0.00400867 -0.00511669 0.01100000
v 0.00313599 -0.00569347 0.01100000
v 0.00218208 -0.00612278 0.01100000
v 0.00117166 -0.00639353 0.01100000
v 0.00013089 -0.00649868 0.01100000
v -0.00091327 -0.00643552 0.01100000
v -0.00193377 -0.00620568 0.01100000
v -0.00290419 -0.00581512 0.01100000
v -0.00379939 -0.00527395 0.01100000
v -0.00459619 -0.00459619 0.01100000
v -0.00527396 -0.00379939 0.01100000
v -0.00581512 -0.00290419 0.01100000
v -0.00620569 -0.00193377 0.01100000
v -0.00643552 -0.00091326 0.01100000
v -0.00649868 0.00013089 0.01100000
v -0.00639353 0.00117166 0.01100000
v -0.00612279 0.00218208 0.01100000
v -0.00569347 0.00313599 0.01100000
v -0.00511669 0.00400868 0.01100000
v -0.00440740 0.00477754 0.01100000
v -0.00358395 0.00542267 0.01100000
v -0.00266768 0.00592735 0.01100000
v -0.00168232 0.00627852 0.01100000
v -0.00065339 0.00646708 0.01100000
v 0.00039246 0.00648814 0.01100000
v 0.00142815 0.00634117 0.01100000
v 0.00242685 0.00602996 0.01100000
v 0.00336270 0.00556258 0.01100000
v 0.00421145 0.00495113 0.01100000
v 0.00495113 0.00421145 0.01100000
v 0.00556258 0.00336270 0.01100000
v 0.00602996 0.00242685 0.01100000
v 0.00634117 0.00142815 0.01100000
v 0.00648814 0.00039246 0.01100000
v 0.00646708 -0.00065339 0.01100000
v 0.01233822 0.00200457 -0.00675000
v 0.01232811 0.00241193 -0.00675000
v 0.01242801 0.00280697 -0.00675000
v 0.01263054 0.00316056 -0.00675000
v 0.01292076 0.00344658 -0.00675000
v 0.01292076 0.00344659 -0.00375000
v 0.01263054 0.00316056 -0.00375000
v 0.01242801 0.00280697 -0.00375000
v 0.01232811 0.00241193 -0.00375000
v 0.01233822 0.00200457 -0.00375000
v 0.01292076 0.00344658 -0.00675000
v 0.01345336 0.00393842 -0.00675000
v 0.01387321 0.00452943 -0.00675000
v 0.01416229 0.00519426 -0.00675000
v 0.01430821 0.00590438 -0.00675000
v 0.01430470 0.00662933 -0.00675000
v 0.01415191 0.00733800 -0.00675000
v 0.01385641 0.00800000 -0.00675000
v 0.01343086 0.00858691 -0.00675000
v 0.01289352 0.00907357 -0.00675000
v 0.01226745 0.00943908 -0.00675000
v 0.01157950 0.00966778 -0.00675000
v 0.01085921 0.00974983 -0.00675000
v 0.01013745 0.00968174 -0.00675000
v 0.00944521 0.00946641 -0.00675000
v 0.00944521 0.00946641 -0.00375000
v 0.01013745 0.00968174 -0.00375000
v 0.01085921 0.00974983 -0.00375000
v 0.01157950 0.00966778 -0.00375000
v 0.01226745 0.00943908 -0.00375000
v 0.01289352 0.00907357 -0.00375000
v 0.01343086 0.00858691 -0.00375000
v 0.01385641 0.00800000 -0.00375000
v 0.01415191 0.00733800 -0.00375000
v 0.01430470 0.00662933 -0.00375000
v 0.01430821 0.00590438 -0.00375000
v 0.01416229 0.00519426 -0.00375000
v 0.01387321 0.00452943 -0.00375000
v 0.01345336 0.00393842 -0.00375000
v 0.01292076 0.00344659 -0.00375000
vt 0.00000000 0.00000000
vt 0.00000000 0.00000000
vt 0.00000000 0.00000000
vt 0.00000000 0.00000000
vt 0.00000000 0.00000000
vt 0.00000000 0.00000000
vt 0.00000000 0.00000000
vt 0.00000000 0.00000000
vt 0.00000000 0.00000000
vt 0.00000000 0.00000000
vt 0.00000000 0.00000000
vt 0.00000000 0.00000000
vt 0.00000000 0.00000000
vt 0.00000000 0.00000000
vt 0.00000000 0.00000000
vt 0.00000000 0.00000000
vt 0.00000000 0.00000000
vt 0.00000000 0.00000000
vt 0.00000000 0.00000000
vt 0.00000000 0.00000000
vt 0.00000000 0.00000000
vt 0.00000000 0.00000000
vt 0.00000000 0.00000000
vt 0.00000000 0.00000000
vt 0.00000000 0.00000000
vt 0.00000000 0.00000000
vt 0.00000000 0.00000000
vt 0.00000000 0.00000000
vt 0.00000000 0.00000000
vt 0.00000000 0.00000000
vt 0.00000000 0.00000000
vt 0.00000000 0.00000000
vt 0.00000000 0.00000000
vt 0.00000000 0.00000000
vt 0.00000000 0.00000000
vt 0.00000000 0.00000000
vt 0.00000000 0.00000000
vt 0.00000000 0.00000000
vt 0.00000000 0.00000000
vt 0.00000000 0.00000000
vt 0.00000000 0.00000000
vt 0.00000000 0.00000000
vt 0.00000000 0.00000000
vt 0.00000000 0.00000000
vt 0.00000000 0.00000000
vt 0.00000000 0.00000000
vt 0.00000000 0.00000000
vt 0.00000000 0.00000000
vt 0.00000000 0.00000000
vt 0.00000000 0.00000000
vt 0.00000000 0.00000000
vt 0.00000000 0.00000000
vt 0.00000000 0.00000000
vt 0.00000000 0.00000000
vt 0.00000000 0.00000000
vt 0.00000000 0.00000000
vt 0.00000000 0.00000000
vt 0.00000000 0.00000000
vt 0.00000000 0.00000000
vt 0.00000000 0.00000000
vt 0.00000000 0.00000000
vt 0.00000000 0.00000000
vt 0.00000000 0.00000000
vt 0.00000000 0.00000000
vt 0.00000000 0.00000000
vt 0.00000000 0.00000000
vt 0.00000000 0.00000000
vt 0.00000000 0.00000000
vt 0.00000000 0.00000000
vt 0.00000000 0.00000000
vt 0.00000000 0.00000000
vt 0.00000000 0.00000000
vt 0.00000000 0.00000000
vt 0.00000000 0.00000000
vt 0.00000000 0.00000000
vt 0.00000000 0.00000000
vt 0.00000000 0.00000000
vt 0.00000000 0.00000000
vt 0.00000000 0.00000000
vt 0.00000000 0.00000000
vt 0.00000000 0.00000000
vt 0.00000000 0.00000000
vt 0.00000000 0.00000000
vt 0.00000000 0.00000000
vt 0.00000000 0.00000000
vt 0.00000000 0.00000000
vt 0.00000000 0.00000000
vt 0.00000000 0.00000000
vt 0.00000000 0.00000000
vt 0.00000000 0.00000000
vt 0.00000000 0.00000000
vt 0.00000000 0.00000000
vt 0.00000000 0.00000000
vt 0.00000000 0.00000000
vt 0.00000000 0.00000000
vt 0.00000000 0.00000000
vt 0.00000000 0.00000000
vt 0.00000000 0.00000000
vt 0.00000000 0.00000000
vt 0.00000000 0.00000000
vt 0.00000000 0.00000000
vt 0.00000000 0.00000000
vt 0.00000000 0.00000000
vt 0.00000000 0.00000000
vt 0.00000000 0.00000000
vt 0.00000000 0.00000000
vt 0.00000000 0.00000000
vt 0.00000000 0.00000000
vt 0.00000000 0.00000000
vt 0.00000000 0.00000000
vt 0.00000000 0.00000000
vt 0.00000000 0.00000000
vt 0.00000000 0.00000000
vt 0.00000000 0.00000000
vt 0.00000000 0.00000000
vt 0.00000000 0.00000000
vt 0.00000000 0.00000000
vt 0.00000000 0.00000000
vt 0.00000000 0.00000000
vt 0.00000000 0.00000000
vt 0.00000000 0.00000000
vt 0.00000000 0.00000000
vt 0.00000000 0.00000000
vt 0.00000000 0.00000000
vt 0.00000000 0.00000000
vt 0.00000000 0.00000000
vt 0.00000000 0.00000000
vt 0.00000000 0.00000000
vt 0.00000000 0.00000000
vt 0.00000000 0.00000000
vt 0.00000000 0.00000000
vt 0.00000000 0.00000000
vt 0.00000000 0.00000000
vt 0.00000000 0.00000000
vt 0.00000000 0.00000000
vt 0.00000000 0.00000000
vt 0.00000000 0.00000000
vt 0.00000000 0.00000000
vt 0.00000000 0.00000000
vt 0.00000000 0.00000000
vt 0.00000000 0.00000000
vt 0.00000000 0.00000000
vt 0.00000000 0.00000000
vt 0.00000000 0.00000000
vt 0.00000000 0.00000000
vt 0.00000000 0.00000000
vt 0.00000000 0.00000000
vt 0.00000000 0.00000000
vt 0.00000000 0.00000000
vt 0.00000000 0.00000000
vt 0.00000000 0.00000000
vt 0.00000000 0.00000000
vt 0.00000000 0.00000000
vt 0.00000000 0.00000000
vt 0.00000000 0.00000000
vt 0.00000000 0.00000000
vt 0.00000000 0.00000000
vt 0.00000000 0.00000000
vt 0.00000000 0.00000000
vt 0.00000000 0.00000000
vt 0.00000000 0.00000000
vt 0.00000000 0.00000000
vt 0.00000000 0.00000000
vt 0.00000000 0.00000000
vt 0.00000000 0.00000000
vt 0.00000000 0.00000000
vt 0.00000000 0.00000000
vt 0.00000000 0.00000000
vt 0.00000000 0.00000000
vt 0.00000000 0.00000000
vt 0.00000000 0.00000000
vt 0.00000000 0.00000000
vt 0.00000000 0.00000000
vt 0.00000000 0.00000000
vt 0.00000000 0.00000000
vt 0.00000000 0.00000000
vt 0.00000000 0.00000000
vt 0.00000000 0.00000000
vt 0.00000000 0.00000000
vt 0.00000000 0.00000000
vt 0.00000000 0.00000000
vt 0.00000000 0.00000000
vt 0.00000000 0.00000000
vt 0.00000000 0.00000000
vt 0.00000000 0.00000000
vt 0.00000000 0.00000000
vt 0.00000000 0.00000000
vt 0.00000000 0.00000000
vt 0.00000000 0.00000000
vt 0.00000000 0.00000000
vt 0.00000000 0.00000000
vt 0.00000000 0.00000000
vt 0.00000000 0.00000000
vt 0.00000000 0.00000000
vt 0.00000000 0.00000000
vt 0.00000000 0.00000000
vt 0.00000000 0.00000000
vt 0.00000000 0.00000000
vt 0.00000000 0.00000000
vt 0.00000000 0.00000000
vt 0.00000000 0.00000000
vt 0.00000000 0.00000000
vt 0.00000000 0.00000000
vt 0.00000000 0.00000000
vt 0.00000000 0.00000000
vt 0.00000000 0.00000000
vt 0.00000000 0.00000000
vt 0.00000000 0.00000000
vt 0.00000000 0.00000000
vt 0.00000000 0.00000000
vt 0.00000000 0.00000000
vt 0.00000000 0.00000000
vt 0.00000000 0.00000000
vt 0.00000000 0.00000000
vt 0.00000000 0.00000000
vt 0.00000000 0.00000000
vt 0.00000000 0.00000000
vt 0.00000000 0.00000000
vt 0.00000000 0.00000000
vt 0.00000000 0.00000000
vt 0.00000000 0.00000000
vt 0.00000000 0.00000000
vt 0.00000000 0.00000000
vt 0.00000000 0.00000000
vt 0.00000000 0.00000000
vt 0.00000000 0.00000000
vt 0.00000000 0.00000000
vt 0.00000000 0.00000000
vt 0.00000000 0.00000000
vt 0.00000000 0.00000000
vt 0.00000000 0.00000000
vt 0.00000000 0.00000000
vt 0.00000000 0.00000000
vt 0.00000000 0.00000000
vt 0.00000000 0.00000000
vt 0.00000000 0.00000000
vt 0.00000000 0.00000000
vt 0.00000000 0.00000000
vt 0.00000000 0.00000000
vt 0.00000000 0.00000000
vt 0.00000000 0.00000000
vt 0.00000000 0.00000000
vt 0.00000000 0.00000000
vt 0.00000000 0.00000000
vt 0.00000000 0.00000000
vt 0.00000000 0.00000000
vt 0.00000000 0.00000000
vt 0.00000000 0.00000000
vt 0.00000000 0.00000000
vt 0.00000000 0.00000000
vt 0.00000000 0.00000000
vt 0.00000000 0.00000000
vt 0.00000000 0.00000000
vt 0.00000000 0.00000000
vt 0.00000000 0.00000000
vt 0.00000000 0.00000000
vt 0.00000000 0.00000000
vt 0.00000000 0.00000000
vt 0.00000000 0.00000000
vt 0.00000000 0.00000000
vt 0.00000000 0.00000000
vt 0.00000000 0.00000000
vt 0.00000000 0.00000000
vt 0.00000000 0.00000000
vt 0.00000000 0.00000000
vt 0.00000000 0.00000000
vt 0.00000000 0.00000000
vt 0.00000000 0.00000000
vt 0.00000000 0.00000000
vt 0.00000000 0.00000000
vt 0.00000000 0.00000000
vt 0.00000000 0.00000000
vt 0.00000000 0.00000000
vt 0.00000000 0.00000000
vt 0.00000000 0.00000000
vt 0.00000000 0.00000000
vt 0.00000000 0.00000000
vt 0.00000000 0.00000000
vt 0.00000000 0.00000000
vt 0.00000000 0.00000000
vt 0.00000000 0.00000000
vt 0.00000000 0.00000000
vt 0.00000000 0.00000000
vt 0.00000000 0.00000000
vt 0.00000000 0.00000000
vt 0.00000000 0.00000000
vt 0.00000000 0.00000000
vt 0.00000000 0.00000000
vt 0.00000000 0.00000000
vt 0.00000000 0.00000000
vt 0.00000000 0.00000000
vt 0.00000000 0.00000000
vt 0.00000000 0.00000000
vt 0.00000000 0.00000000
vt 0.00000000 0.00000000
vt 0.00000000 0.00000000
vt 0.00000000 0.00000000
vt 0.00000000 0.00000000
vt 0.00000000 0.00000000
vt 0.00000000 0.00000000
vt 0.00000000 0.00000000
vt 0.00000000 0.00000000
vt 0.00000000 0.00000000
vt 0.00000000 0.00000000
vt 0.00000000 0.00000000
vt 0.00000000 0.00000000
vt 0.00000000 0.00000000
vt 0.00000000 0.00000000
vt 0.00000000 0.00000000
vt 0.00000000 0.00000000
vt 0.00000000 0.00000000
vt 0.00000000 0.00000000
vt 0.00000000 0.00000000
vt 0.00000000 0.00000000
vt 0.00000000 0.00000000
vt 0.00000000 0.00000000
vt 0.00000000 0.00000000
vt 0.00000000 0.00000000
vt 0.00000000 0.00000000
vt 0.00000000 0.00000000
vt 0.00000000 0.00000000
vt 0.00000000 0.00000000
vt 0.00000000 0.00000000
vt 0.00000000 0.00000000
vt 0.00000000 0.00000000
vt 0.00000000 0.00000000
vt 0.00000000 0.00000000
vt 0.00000000 0.00000000
vt 0.00000000 0.00000000
vt 0.00000000 0.00000000
vt 0.00000000 0.00000000
vt 0.00000000 0.00000000
vt 0.00000000 0.00000000
vt 0.00000000 0.00000000
vt 0.00000000 0.00000000
vt 0.00000000 0.00000000
vt 0.00000000 0.00000000
vt 0.00000000 0.00000000
vt 0.00000000 0.00000000
vt 0.00000000 0.00000000
vt 0.00000000 0.00000000
vt 0.00000000 0.00000000
vt 0.00000000 0.00000000
vt 0.00000000 0.00000000
vt 0.00000000 0.00000000
vt 0.00000000 0.00000000
vt 0.00000000 0.00000000
vt 0.00000000 0.00000000
vt 0.00000000 0.00000000
vt 0.00000000 0.00000000
vt 0.00000000 0.00000000
vt 0.00000000 0.00000000
vt 0.00000000 0.00000000
vt 0.00000000 0.00000000
vt 0.00000000 0.00000000
vt 0.00000000 0.00000000
vt 0.00000000 0.00000000
vt 0.00000000 0.00000000
vt 0.00000000 0.00000000
vt 0.00000000 0.00000000
vt 0.00000000 0.00000000
vt 0.00000000 0.00000000
vt 0.00000000 0.00000000
vt 0.00000000 0.00000000
vt 0.00000000 0.00000000
vt 0.00000000 0.00000000
vt 0.00000000 0.00000000
vt 0.00000000 0.00000000
vt 0.00000000 0.00000000
vt 0.00000000 0.00000000
vt 0.00000000 0.00000000
vt 0.00000000 0.00000000
vt 0.00000000 0.00000000
vt 0.00000000 0.00000000
vt 0.00000000 0.00000000
vt 0.00000000 0.00000000
vt 0.00000000 0.00000000
vt 0.00000000 0.00000000
vt 0.00000000 0.00000000
vt 0.00000000 0.00000000
vt 0.00000000 0.00000000
vt 0.00000000 0.00000000
vt 0.00000000 0.00000000
vt 0.00000000 0.00000000
vt 0.00000000 0.00000000
vt 0.00000000 0.00000000
vt 0.00000000 0.00000000
vt 0.00000000 0.00000000
vt 0.00000000 0.00000000
vt 0.00000000 0.00000000
vt 0.00000000 0.00000000
vt 0.00000000 0.00000000
vt 0.00000000 0.00000000
vt 0.00000000 0.00000000
vt 0.00000000 0.00000000
vt 0.00000000 0.00000000
vt 0.00000000 0.00000000
vt 0.00000000 0.00000000
vt 0.00000000 0.00000000
vt 0.00000000 0.00000000
vt 0.00000000 0.00000000
vt 0.00000000 0.00000000
vt 0.00000000 0.00000000
vt 0.00000000 0.00000000
vt 0.00000000 0.00000000
vt 0.00000000 0.00000000
vt 0.00000000 0.00000000
vt 0.00000000 0.00000000
vt 0.00000000 0.00000000
vt 0.00000000 0.00000000
vt 0.00000000 0.00000000
vt 0.00000000 0.00000000
vt 0.00000000 0.00000000
vt 0.00000000 0.00000000
vt 0.00000000 0.00000000
vt 0.00000000 0.00000000
vt 0.00000000 0.00000000
vt 0.00000000 0.00000000
vt 0.00000000 0.00000000
vt 0.00000000 0.00000000
vt 0.00000000 0.00000000
vt 0.00000000 0.00000000
vt 0.00000000 0.00000000
vt 0.00000000 0.00000000
vt 0.00000000 0.00000000
vt 0.00000000 0.00000000
vt 0.00000000 0.00000000
vt 0.00000000 0.00000000
vt 0.00000000 0.00000000
vt 0.00000000 0.00000000
vt 0.00000000 0.00000000
vt 0.00000000 0.00000000
vt 0.00000000 0.00000000
vt 0.00000000 0.00000000
vt 0.00000000 0.00000000
vt 0.00000000 0.00000000
vt 0.00000000 0.00000000
vt 0.00000000 0.00000000
vt 0.00000000 0.00000000
vt 0.00000000 0.00000000
vt 0.00000000 0.00000000
vt 0.00000000 0.00000000
vt 0.00000000 0.00000000
vt 0.00000000 0.00000000
vt 0.00000000 0.00000000
vt 0.00000000 0.00000000
vt 0.00000000 0.00000000
vt 0.00000000 0.00000000
vt 0.00000000 0.00000000
vt 0.00000000 0.00000000
vt 0.00000000 0.00000000
vt 0.00000000 0.00000000
vt 0.00000000 0.00000000
vt 0.00000000 0.00000000
vt 0.00000000 0.00000000
vt 0.00000000 0.00000000
vt 0.00000000 0.00000000
vt 0.00000000 0.00000000
vt 0.00000000 0.00000000
vt 0.00000000 0.00000000
vt 0.00000000 0.00000000
vt 0.00000000 0.00000000
vt 0.00000000 0.00000000
vt 0.00000000 0.00000000
vt 0.00000000 0.00000000
vt 0.00000000 0.00000000
vt 0.00000000 0.00000000
vt 0.00000000 0.00000000
vt 0.00000000 0.00000000
vt 0.00000000 0.00000000
vt 0.00000000 0.00000000
vt 0.00000000 0.00000000
vt 0.00000000 0.00000000
vt 0.00000000 0.00000000
vt 0.00000000 0.00000000
vt 0.00000000 0.00000000
vt 0.00000000 0.00000000
vt 0.00000000 0.00000000
vt 0.00000000 0.00000000
vt 0.00000000 0.00000000
vt 0.00000000 0.00000000
vt 0.00000000 0.00000000
vt 0.00000000 0.00000000
vt 0.00000000 0.00000000
vt 0.00000000 0.00000000
vt 0.00000000 0.00000000
vt 0.00000000 0.00000000
vt 0.00000000 0.00000000
vt 0.00000000 0.00000000
vt 0.00000000 0.00000000
vt 0.00000000 0.00000000
vt 0.00000000 0.00000000
vt 0.00000000 0.00000000
vt 0.00000000 0.00000000
vt 0.00000000 0.00000000
vt 0.00000000 0.00000000
vt 0.00000000 0.00000000
vt 0.00000000 0.00000000
vt 0.00000000 0.00000000
vt 0.00000000 0.00000000
vt 0.00000000 0.00000000
vt 0.00000000 0.00000000
vt 0.00000000 0.00000000
vt 0.00000000 0.00000000
vt 0.00000000 0.00000000
vt 0.00000000 0.00000000
vt 0.00000000 0.00000000
vt 0.00000000 0.00000000
vt 0.00000000 0.00000000
vt 0.00000000 0.00000000
vt 0.00000000 0.00000000
vt 0.00000000 0.00000000
vt 0.00000000 0.00000000
vt 0.00000000 0.00000000
vt 0.00000000 0.00000000
vt 0.00000000 0.00000000
vt 0.00000000 0.00000000
vt 0.00000000 0.00000000
vt 0.00000000 0.00000000
vt 0.00000000 0.00000000
vt 0.00000000 0.00000000
vt 0.00000000 0.00000000
vt 0.00000000 0.00000000
vt 0.00000000 0.00000000
vt 0.00000000 0.00000000
vt 0.00000000 0.00000000
vt 0.00000000 0.00000000
vt 0.00000000 0.00000000
vt 0.00000000 0.00000000
vt 0.00000000 0.00000000
vt 0.00000000 0.00000000
vt 0.00000000 0.00000000
vt 0.00000000 0.00000000
vt 0.00000000 0.00000000
vt 0.00000000 0.00000000
vt 0.00000000 0.00000000
vt 0.00000000 0.00000000
vt 0.00000000 0.00000000
vt 0.00000000 0.00000000
vt 0.00000000 0.00000000
vt 0.00000000 0.00000000
vt 0.00000000 0.00000000
vt 0.00000000 0.00000000
vt 0.00000000 0.00000000
vt 0.00000000 0.00000000
vt 0.00000000 0.00000000
vt 0.00000000 0.00000000
vt 0.00000000 0.00000000
vt 0.00000000 0.00000000
vt 0.00000000 0.00000000
vt 0.00000000 0.00000000
vt 0.00000000 0.00000000
vt 0.00000000 0.00000000
vt 0.00000000 0.00000000
vt 0.00000000 0.00000000
vt 0.00000000 0.00000000
vt 0.00000000 0.00000000
vt 0.00000000 0.00000000
vt 0.00000000 0.00000000
vt 0.00000000 0.00000000
vt 0.00000000 0.00000000
vt 0.00000000 0.00000000
vt 0.00000000 0.00000000
vt 0.00000000 0.00000000
vt 0.00000000 0.00000000
vt 0.00000000 0.00000000
vt 0.00000000 0.00000000
vt 0.00000000 0.00000000
vt 0.00000000 0.00000000
vt 0.00000000 0.00000000
vt 0.00000000 0.00000000
vt 0.00000000 0.00000000
vt 0.00000000 0.00000000
vt 0.00000000 0.00000000
vt 0.00000000 0.00000000
vt 0.00000000 0.00000000
vt 0.00000000 0.00000000
vt 0.00000000 0.00000000
vt 0.00000000 0.00000000
vt 0.00000000 0.00000000
vt 0.00000000 0.00000000
vt 0.00000000 0.00000000
vt 0.00000000 0.00000000
vt 0.00000000 0.00000000
vt 0.00000000 0.00000000
vt 0.00000000 0.00000000
vt 0.00000000 0.00000000
vt 0.00000000 0.00000000
vt 0.00000000 0.00000000
vt 0.00000000 0.00000000
vt 0.00000000 0.00000000
vt 0.00000000 0.00000000
vt 0.00000000 0.00000000
vt 0.00000000 0.00000000
vt 0.00000000 0.00000000
vt 0.00000000 0.00000000
vt 0.00000000 0.00000000
vt 0.00000000 0.00000000
vt 0.00000000 0.00000000
vt 0.00000000 0.00000000
vt 0.00000000 0.00000000
vt 0.00000000 0.00000000
vt 0.00000000 0.00000000
vt 0.00000000 0.00000000
vt 0.00000000 0.00000000
vt 0.00000000 0.00000000
vt 0.00000000 0.00000000
vt 0.00000000 0.00000000
vt 0.00000000 0.00000000
vt 0.00000000 0.00000000
vt 0.00000000 0.00000000
vt 0.00000000 0.00000000
vt 0.00000000 0.00000000
vt 0.00000000 0.00000000
vt 0.00000000 0.00000000
vt 0.00000000 0.00000000
vt 0.00000000 0.00000000
vt 0.00000000 0.00000000
vt 0.00000000 0.00000000
vt 0.00000000 0.00000000
vt 0.00000000 0.00000000
vt 0.00000000 0.00000000
vt 0.00000000 0.00000000
vt 0.00000000 0.00000000
vt 0.00000000 0.00000000
vt 0.00000000 0.00000000
vt 0.00000000 0.00000000
vt 0.00000000 0.00000000
vt 0.00000000 0.00000000
vt 0.00000000 0.00000000
vt 0.00000000 0.00000000
vt 0.00000000 0.00000000
vt 0.00000000 0.00000000
vt 0.00000000 0.00000000
vt 0.00000000 0.00000000
vt 0.00000000 0.00000000
vt 0.00000000 0.00000000
vt 0.00000000 0.00000000
vt 0.00000000 0.00000000
vt 0.00000000 0.00000000
vt 0.00000000 0.00000000
vt 0.00000000 0.00000000
vt 0.00000000 0.00000000
vt 0.00000000 0.00000000
vt 0.00000000 0.00000000
vt 0.00000000 0.00000000
vt 0.00000000 0.00000000
vt 0.00000000 0.00000000
vt 0.00000000 0.00000000
vt 0.00000000 0.00000000
vt 0.00000000 0.00000000
vt 0.00000000 0.00000000
vt 0.00000000 0.00000000
vt 0.00000000 0.00000000
vt 0.00000000 0.00000000
vt 0.00000000 0.00000000
vt 0.00000000 0.00000000
vt 0.00000000 0.00000000
vt 0.00000000 0.00000000
vt 0.00000000 0.00000000
vt 0.00000000 0.00000000
vt 0.00000000 0.00000000
vt 0.00000000 0.00000000
vt 0.00000000 0.00000000
vt 0.00000000 0.00000000
vt 0.00000000 0.00000000
vt 0.00000000 0.00000000
vt 0.00000000 0.00000000
vt 0.00000000 0.00000000
vt 0.00000000 0.00000000
vt 0.00000000 0.00000000
vt 0.00000000 0.00000000
vt 0.00000000 0.00000000
vt 0.00000000 0.00000000
vt 0.00000000 0.00000000
vt 0.00000000 0.00000000
vt 0.00000000 0.00000000
vt 0.00000000 0.00000000
vt 0.00000000 0.00000000
vt 0.00000000 0.00000000
vt 0.00000000 0.00000000
vt 0.00000000 0.00000000
vt 0.00000000 0.00000000
vt 0.00000000 0.00000000
vt 0.00000000 0.00000000
vt 0.00000000 0.00000000
vt 0.00000000 0.00000000
vt 0.00000000 0.00000000
vt 0.00000000 0.00000000
vt 0.00000000 0.00000000
vt 0.00000000 0.00000000
vt 0.00000000 0.00000000
vt 0.00000000 0.00000000
vt 0.00000000 0.00000000
vt 0.00000000 0.00000000
vt 0.00000000 0.00000000
vt 0.00000000 0.00000000
vt 0.00000000 0.00000000
vt 0.00000000 0.00000000
vt 0.00000000 0.00000000
vt 0.00000000 0.00000000
vt 0.00000000 0.00000000
vt 0.00000000 0.00000000
vt 0.00000000 0.00000000
vt 0.00000000 0.00000000
vt 0.00000000 0.00000000
vt 0.00000000 0.00000000
vt 0.00000000 0.00000000
vt 0.00000000 0.00000000
vt 0.00000000 0.00000000
vt 0.00000000 0.00000000
vt 0.00000000 0.00000000
vt 0.00000000 0.00000000
vt 0.00000000 0.00000000
vt 0.00000000 0.00000000
vt 0.00000000 0.00000000
vt 0.00000000 0.00000000
vt 0.00000000 0.00000000
vt 0.00000000 0.00000000
vt 0.00000000 0.00000000
vt 0.00000000 0.00000000
vt 0.00000000 0.00000000
vt 0.00000000 0.00000000
vt 0.00000000 0.00000000
vt 0.00000000 0.00000000
vt 0.00000000 0.00000000
vt 0.00000000 0.00000000
vt 0.00000000 0.00000000
vt 0.00000000 0.00000000
vt 0.00000000 0.00000000
vt 0.00000000 0.00000000
vt 0.00000000 0.00000000
vt 0.00000000 0.00000000
vt 0.00000000 0.00000000
vt 0.00000000 0.00000000
vt 0.00000000 0.00000000
vt 0.00000000 0.00000000
vt 0.00000000 0.00000000
vt 0.00000000 0.00000000
vt 0.00000000 0.00000000
vt 0.00000000 0.00000000
vt 0.00000000 0.00000000
vt 0.00000000 0.00000000
vt 0.00000000 0.00000000
vt 0.00000000 0.00000000
vt 0.00000000 0.00000000
vt 0.00000000 0.00000000
vt 0.00000000 0.00000000
vt 0.00000000 0.00000000
vt 0.00000000 0.00000000
vt 0.00000000 0.00000000
vt 0.00000000 0.00000000
vt 0.00000000 0.00000000
vt 0.00000000 0.00000000
vt 0.00000000 0.00000000
vt 0.00000000 0.00000000
vt 0.00000000 0.00000000
vt 0.00000000 0.00000000
vt 0.00000000 0.00000000
vt 0.00000000 0.00000000
vt 0.00000000 0.00000000
vt 0.00000000 0.00000000
vt 0.00000000 0.00000000
vt 0.00000000 0.00000000
vt 0.00000000 0.00000000
vt 0.00000000 0.00000000
vt 0.00000000 0.00000000
vt 0.00000000 0.00000000
vt 0.00000000 0.00000000
vt 0.00000000 0.00000000
vt 0.00000000 0.00000000
vt 0.00000000 0.00000000
vt 0.00000000 0.00000000
vt 0.00000000 0.00000000
vt 0.00000000 0.00000000
vt 0.00000000 0.00000000
vt 0.00000000 0.00000000
vt 0.00000000 0.00000000
vt 0.00000000 0.00000000
vt 0.00000000 0.00000000
vt 0.00000000 0.00000000
vt 0.00000000 0.00000000
vt 0.00000000 0.00000000
vt 0.00000000 0.00000000
vt 0.00000000 0.00000000
vt 0.00000000 0.00000000
vt 0.00000000 0.00000000
vt 0.00000000 0.00000000
vt 0.00000000 0.00000000
vt 0.00000000 0.00000000
vt 0.00000000 0.00000000
vt 0.00000000 0.00000000
vt 0.00000000 0.00000000
vt 0.00000000 0.00000000
vt 0.00000000 0.00000000
vt 0.00000000 0.00000000
vt 0.00000000 0.00000000
vt 0.00000000 0.00000000
vt 0.00000000 0.00000000
vt 0.00000000 0.00000000
vt 0.00000000 0.00000000
vt 0.00000000 0.00000000
vt 0.00000000 0.00000000
vt 0.00000000 0.00000000
vt 0.00000000 0.00000000
vt 0.00000000 0.00000000
vt 0.00000000 0.00000000
vt 0.00000000 0.00000000
vt 0.00000000 0.00000000
vt 0.00000000 0.00000000
vt 0.00000000 0.00000000
vt 0.00000000 0.00000000
vt 0.00000000 0.00000000
vt 0.00000000 0.00000000
vt 0.00000000 0.00000000
vt 0.00000000 0.00000000
vt 0.00000000 0.00000000
vt 0.00000000 0.00000000
vt 0.00000000 0.00000000
vt 0.00000000 0.00000000
vt 0.00000000 0.00000000
vt 0.00000000 0.00000000
vt 0.00000000 0.00000000
vt 0.00000000 0.00000000
vt 0.00000000 0.00000000
vt 0.00000000 0.00000000
vt 0.00000000 0.00000000
vt 0.00000000 0.00000000
vt 0.00000000 0.00000000
vt 0.00000000 0.00000000
vt 0.00000000 0.00000000
vt 0.00000000 0.00000000
vt 0.00000000 0.00000000
vt 0.00000000 0.00000000
vt 0.00000000 0.00000000
vt 0.00000000 0.00000000
vt 0.00000000 0.00000000
vt 0.00000000 0.00000000
vt 0.00000000 0.00000000
vt 0.00000000 0.00000000
vt 0.00000000 0.00000000
vt 0.00000000 0.00000000
vt 0.00000000 0.00000000
vt 0.00000000 0.00000000
vt 0.00000000 0.00000000
vt 0.00000000 0.00000000
vt 0.00000000 0.00000000
vt 0.00000000 0.00000000
vt 0.00000000 0.00000000
vt 0.00000000 0.00000000
vt 0.00000000 0.00000000
vt 0.00000000 0.00000000
vt 0.00000000 0.00000000
vt 0.00000000 0.00000000
vt 0.00000000 0.00000000
vt 0.00000000 0.00000000
vt 0.00000000 0.00000000
vt 0.00000000 0.00000000
vt 0.00000000 0.00000000
vt 0.00000000 0.00000000
vt 0.00000000 0.00000000
vt 0.00000000 0.00000000
vt 0.00000000 0.00000000
vt 0.00000000 0.00000000
vt 0.00000000 0.00000000
vt 0.00000000 0.00000000
vt 0.00000000 0.00000000
vt 0.00000000 0.00000000
vt 0.00000000 0.00000000
vt 0.00000000 0.00000000
vt 0.00000000 0.00000000
vt 0.00000000 0.00000000
vt 0.00000000 0.00000000
vt 0.00000000 0.00000000
vt 0.00000000 0.00000000
vt 0.00000000 0.00000000
vt 0.00000000 0.00000000
vt 0.00000000 0.00000000
vt 0.00000000 0.00000000
vt 0.00000000 0.00000000
vt 0.00000000 0.00000000
vt 0.00000000 0.00000000
vt 0.00000000 0.00000000
vt 0.00000000 0.00000000
vt 0.00000000 0.00000000
vt 0.00000000 0.00000000
vt 0.00000000 0.00000000
vt 0.00000000 0.00000000
vt 0.00000000 0.00000000
vt 0.00000000 0.00000000
vt 0.00000000 0.00000000
vt 0.00000000 0.00000000
vt 0.00000000 0.00000000
vt 0.00000000 0.00000000
vt 0.00000000 0.00000000
vt 0.00000000 0.00000000
vt 0.00000000 0.00000000
vt 0.00000000 0.00000000
vt 0.00000000 0.00000000
vt 0.00000000 0.00000000
vt 0.00000000 0.00000000
vt 0.00000000 0.00000000
vt 0.00000000 0.00000000
vt 0.00000000 0.00000000
vt 0.00000000 0.00000000
vt 0.00000000 0.00000000
vt 0.00000000 0.00000000
vt 0.00000000 0.00000000
vt 0.00000000 0.00000000
vt 0.00000000 0.00000000
vt 0.00000000 0.00000000
vt 0.00000000 0.00000000
vt 0.00000000 0.00000000
vt 0.00000000 0.00000000
vt 0.00000000 0.00000000
vt 0.00000000 0.00000000
vt 0.00000000 0.00000000
vt 0.00000000 0.00000000
vt 0.00000000 0.00000000
vt 0.00000000 0.00000000
vt 0.00000000 0.00000000
vt 0.00000000 0.00000000
vt 0.00000000 0.00000000
vt 0.00000000 0.00000000
vt 0.00000000 0.00000000
vt 0.00000000 0.00000000
vt 0.00000000 0.00000000
vt 0.00000000 0.00000000
vt 0.00000000 0.00000000
vt 0.00000000 0.00000000
vt 0.00000000 0.00000000
vt 0.00000000 0.00000000
vt 0.00000000 0.00000000
vt 0.00000000 0.00000000
vt 0.00000000 0.00000000
vt 0.00000000 0.00000000
vt 0.00000000 0.00000000
vt 0.00000000 0.00000000
vt 0.00000000 0.00000000
vt 0.00000000 0.00000000
vt 0.00000000 0.00000000
vt 0.00000000 0.00000000
vt 0.00000000 0.00000000
vt 0.00000000 0.00000000
vt 0.00000000 0.00000000
vt 0.00000000 0.00000000
vt 0.00000000 0.00000000
vt 0.00000000 0.00000000
vt 0.00000000 0.00000000
vt 0.00000000 0.00000000
vt 0.00000000 0.00000000
vt 0.00000000 0.00000000
vt 0.00000000 0.00000000
vt 0.00000000 0.00000000
vt 0.00000000 0.00000000
vt 0.00000000 0.00000000
vt 0.00000000 0.00000000
vt 0.00000000 0.00000000
vt 0.00000000 0.00000000
vt 0.00000000 0.00000000
vt 0.00000000 0.00000000
vt 0.00000000 0.00000000
vt 0.00000000 0.00000000
vt 0.00000000 0.00000000
vt 0.00000000 0.00000000
vt 0.00000000 0.00000000
vt 0.00000000 0.00000000
vt 0.00000000 0.00000000
vt 0.00000000 0.00000000
vt 0.00000000 0.00000000
vt 0.00000000 0.00000000
vt 0.00000000 0.00000000
vt 0.00000000 0.00000000
vt 0.00000000 0.00000000
vt 0.00000000 0.00000000
vt 0.00000000 0.00000000
vt 0.00000000 0.00000000
vt 0.00000000 0.00000000
vt 0.00000000 0.00000000
vt 0.00000000 0.00000000
vt 0.00000000 0.00000000
vt 0.00000000 0.00000000
vt 0.00000000 0.00000000
vt 0.00000000 0.00000000
vt 0.00000000 0.00000000
vt 0.00000000 0.00000000
vt 0.00000000 0.00000000
vt 0.00000000 0.00000000
vt 0.00000000 0.00000000
vt 0.00000000 0.00000000
vt 0.00000000 0.00000000
vt 0.00000000 0.00000000
vt 0.00000000 0.00000000
vt 0.00000000 0.00000000
vt 0.00000000 0.00000000
vt 0.00000000 0.00000000
vt 0.00000000 0.00000000
vt 0.00000000 0.00000000
vt 0.00000000 0.00000000
vt 0.00000000 0.00000000
vt 0.00000000 0.00000000
vt 0.00000000 0.00000000
vt 0.00000000 0.00000000
vt 0.00000000 0.00000000
vt 0.00000000 0.00000000
vt 0.00000000 0.00000000
vt 0.00000000 0.00000000
vt 0.00000000 0.00000000
vt 0.00000000 0.00000000
vt 0.00000000 0.00000000
vt 0.00000000 0.00000000
vt 0.00000000 0.00000000
vt 0.00000000 0.00000000
vt 0.00000000 0.00000000
vt 0.00000000 0.00000000
vt 0.00000000 0.00000000
vt 0.00000000 0.00000000
vt 0.00000000 0.00000000
vt 0.00000000 0.00000000
vt 0.00000000 0.00000000
vt 0.00000000 0.00000000
vt 0.00000000 0.00000000
vt 0.00000000 0.00000000
vt 0.00000000 0.00000000
vt 0.00000000 0.00000000
vt 0.00000000 0.00000000
vt 0.00000000 0.00000000
vt 0.00000000 0.00000000
vt 0.00000000 0.00000000
vt 0.00000000 0.00000000
vt 0.00000000 0.00000000
vt 0.00000000 0.00000000
vt 0.00000000 0.00000000
vt 0.00000000 0.00000000
vt 0.00000000 0.00000000
vt 0.00000000 0.00000000
vt 0.00000000 0.00000000
vt 0.00000000 0.00000000
vt 0.00000000 0.00000000
vt 0.00000000 0.00000000
vt 0.00000000 0.00000000
vt 0.00000000 0.00000000
vt 0.00000000 0.00000000
vt 0.00000000 0.00000000
vt 0.00000000 0.00000000
vt 0.00000000 0.00000000
vt 0.00000000 0.00000000
vt 0.00000000 0.00000000
vt 0.00000000 0.00000000
vt 0.00000000 0.00000000
vt 0.00000000 0.00000000
vt 0.00000000 0.00000000
vt 0.00000000 0.00000000
vt 0.00000000 0.00000000
vt 0.00000000 0.00000000
vt 0.00000000 0.00000000
vt 0.00000000 0.00000000
vt 0.00000000 0.00000000
vt 0.00000000 0.00000000
vt 0.00000000 0.00000000
vt 0.00000000 0.00000000
vt 0.00000000 0.00000000
vt 0.00000000 0.00000000
vt 0.00000000 0.00000000
vt 0.00000000 0.00000000
vt 0.00000000 0.00000000
vt 0.00000000 0.00000000
vt 0.00000000 0.00000000
vt 0.00000000 0.00000000
vt 0.00000000 0.00000000
vt 0.00000000 0.00000000
vt 0.00000000 0.00000000
vt 0.00000000 0.00000000
vt 0.00000000 0.00000000
vt 0.00000000 0.00000000
vt 0.00000000 0.00000000
vt 0.00000000 0.00000000
vt 0.00000000 0.00000000
vt 0.00000000 0.00000000
vt 0.00000000 0.00000000
vt 0.00000000 0.00000000
vt 0.00000000 0.00000000
vt 0.00000000 0.00000000
vt 0.00000000 0.00000000
vt 0.00000000 0.00000000
vt 0.00000000 0.00000000
vt 0.00000000 0.00000000
vt 0.00000000 0.00000000
vt 0.00000000 0.00000000
vt 0.00000000 0.00000000
vt 0.00000000 0.00000000
vt 0.00000000 0.00000000
vt 0.00000000 0.00000000
vt 0.00000000 0.00000000
vt 0.00000000 0.00000000
vt 0.00000000 0.00000000
vt 0.00000000 0.00000000
vt 0.00000000 0.00000000
vt 0.00000000 0.00000000
vt 0.00000000 0.00000000
vt 0.00000000 0.00000000
vt 0.00000000 0.00000000
vt 0.00000000 0.00000000
vt 0.00000000 0.00000000
vt 0.00000000 0.00000000
vt 0.00000000 0.00000000
vt 0.00000000 0.00000000
vt 0.00000000 0.00000000
vt 0.00000000 0.00000000
vt 0.00000000 0.00000000
vt 0.00000000 0.00000000
vt 0.00000000 0.00000000
vt 0.00000000 0.00000000
vt 0.00000000 0.00000000
vt 0.00000000 0.00000000
vt 0.00000000 0.00000000
vt 0.00000000 0.00000000
vt 0.00000000 0.00000000
vt 0.00000000 0.00000000
vt 0.00000000 0.00000000
vt 0.00000000 0.00000000
vt 0.00000000 0.00000000
vt 0.00000000 0.00000000
vt 0.00000000 0.00000000
vt 0.00000000 0.00000000
vt 0.00000000 0.00000000
vt 0.00000000 0.00000000
vt 0.00000000 0.00000000
vt 0.00000000 0.00000000
vt 0.00000000 0.00000000
vt 0.00000000 0.00000000
vt 0.00000000 0.00000000
vt 0.00000000 0.00000000
vt 0.00000000 0.00000000
vt 0.00000000 0.00000000
vt 0.00000000 0.00000000
vt 0.00000000 0.00000000
vt 0.00000000 0.00000000
vt 0.00000000 0.00000000
vt 0.00000000 0.00000000
vt 0.00000000 0.00000000
vt 0.00000000 0.00000000
vt 0.00000000 0.00000000
vt 0.00000000 0.00000000
vt 0.00000000 0.00000000
vt 0.00000000 0.00000000
vt 0.00000000 0.00000000
vt 0.00000000 0.00000000
vt 0.00000000 0.00000000
vt 0.00000000 0.00000000
vt 0.00000000 0.00000000
vt 0.00000000 0.00000000
vt 0.00000000 0.00000000
vt 0.00000000 0.00000000
vt 0.00000000 0.00000000
vt 0.00000000 0.00000000
vt 0.00000000 0.00000000
vt 0.00000000 0.00000000
vt 0.00000000 0.00000000
vt 0.00000000 0.00000000
vt 0.00000000 0.00000000
vt 0.00000000 0.00000000
vt 0.00000000 0.00000000
vt 0.00000000 0.00000000
vt 0.00000000 0.00000000
vt 0.00000000 0.00000000
vt 0.00000000 0.00000000
vt 0.00000000 0.00000000
vt 0.00000000 0.00000000
vt 0.00000000 0.00000000
vt 0.00000000 0.00000000
vt 0.00000000 0.00000000
vt 0.00000000 0.00000000
vt 0.00000000 0.00000000
vt 0.00000000 0.00000000
vt 0.00000000 0.00000000
vt 0.00000000 0.00000000
vt 0.00000000 0.00000000
vt 0.00000000 0.00000000
vt 0.00000000 0.00000000
vt 0.00000000 0.00000000
vt 0.00000000 0.00000000
vt 0.00000000 0.00000000
vt 0.00000000 0.00000000
vt 0.00000000 0.00000000
vt 0.00000000 0.00000000
vt 0.00000000 0.00000000
vt 0.00000000 0.00000000
vt 0.00000000 0.00000000
vt 0.00000000 0.00000000
vt 0.00000000 0.00000000
vt 0.00000000 0.00000000
vt 0.00000000 0.00000000
vt 0.00000000 0.00000000
vt 0.00000000 0.00000000
vt 0.00000000 0.00000000
vt 0.00000000 0.00000000
vt 0.00000000 0.00000000
vt 0.00000000 0.00000000
vt 0.00000000 0.00000000
vt 0.00000000 0.00000000
vt 0.00000000 0.00000000
vt 0.00000000 0.00000000
vt 0.00000000 0.00000000
vt 0.00000000 0.00000000
vt 0.00000000 0.00000000
vt 0.00000000 0.00000000
vt 0.00000000 0.00000000
vt 0.00000000 0.00000000
vt 0.00000000 0.00000000
vt 0.00000000 0.00000000
vt 0.00000000 0.00000000
vt 0.00000000 0.00000000
vt 0.00000000 0.00000000
vt 0.00000000 0.00000000
vt 0.00000000 0.00000000
vt 0.00000000 0.00000000
vt 0.00000000 0.00000000
vt 0.00000000 0.00000000
vt 0.00000000 0.00000000
vt 0.00000000 0.00000000
vt 0.00000000 0.00000000
vt 0.00000000 0.00000000
vt 0.00000000 0.00000000
vt 0.00000000 0.00000000
vt 0.00000000 0.00000000
vt 0.00000000 0.00000000
vt 0.00000000 0.00000000
vt 0.00000000 0.00000000
vt 0.00000000 0.00000000
vt 0.00000000 0.00000000
vt 0.00000000 0.00000000
vt 0.00000000 0.00000000
vt 0.00000000 0.00000000
vt 0.00000000 0.00000000
vt 0.00000000 0.00000000
vt 0.00000000 0.00000000
vt 0.00000000 0.00000000
vt 0.00000000 0.00000000
vt 0.00000000 0.00000000
vt 0.00000000 0.00000000
vt 0.00000000 0.00000000
vt 0.00000000 0.00000000
vt 0.00000000 0.00000000
vt 0.00000000 0.00000000
vt 0.00000000 0.00000000
vt 0.00000000 0.00000000
vt 0.00000000 0.00000000
vt 0.00000000 0.00000000
vt 0.00000000 0.00000000
vt 0.00000000 0.00000000
vt 0.00000000 0.00000000
vt 0.00000000 0.00000000
vt 0.00000000 0.00000000
vt 0.00000000 0.00000000
vt 0.00000000 0.00000000
vt 0.00000000 0.00000000
vt 0.00000000 0.00000000
vt 0.00000000 0.00000000
vt 0.00000000 0.00000000
vt 0.00000000 0.00000000
vt 0.00000000 0.00000000
vt 0.00000000 0.00000000
vt 0.00000000 0.00000000
vt 0.00000000 0.00000000
vt 0.00000000 0.00000000
vt 0.00000000 0.00000000
vt 0.00000000 0.00000000
vt 0.00000000 0.00000000
vt 0.00000000 0.00000000
vt 0.00000000 0.00000000
vt 0.00000000 0.00000000
vt 0.00000000 0.00000000
vt 0.00000000 0.00000000
vt 0.00000000 0.00000000
vt 0.00000000 0.00000000
vt 0.00000000 0.00000000
vt 0.00000000 0.00000000
vt 0.00000000 0.00000000
vt 0.00000000 0.00000000
vt 0.00000000 0.00000000
vt 0.00000000 0.00000000
vt 0.00000000 0.00000000
vt 0.00000000 0.00000000
vt 0.00000000 0.00000000
vt 0.00000000 0.00000000
vt 0.00000000 0.00000000
vt 0.00000000 0.00000000
vt 0.00000000 0.00000000
vt 0.00000000 0.00000000
vt 0.00000000 0.00000000
vt 0.00000000 0.00000000
vt 0.00000000 0.00000000
vt 0.00000000 0.00000000
vt 0.00000000 0.00000000
vt 0.00000000 0.00000000
vt 0.00000000 0.00000000
vt 0.00000000 0.00000000
vt 0.00000000 0.00000000
vt 0.00000000 0.00000000
vt 0.00000000 0.00000000
vt 0.00000000 0.00000000
vt 0.00000000 0.00000000
vt 0.00000000 0.00000000
vt 0.00000000 0.00000000
vt 0.00000000 0.00000000
vt 0.00000000 0.00000000
vt 0.00000000 0.00000000
vt 0.00000000 0.00000000
vt 0.00000000 0.00000000
vt 0.00000000 0.00000000
vt 0.00000000 0.00000000
vt 0.00000000 0.00000000
vt 0.00000000 0.00000000
vt 0.00000000 0.00000000
vt 0.00000000 0.00000000
vt 0.00000000 0.00000000
vt 0.00000000 0.00000000
vt 0.00000000 0.00000000
vt 0.00000000 0.00000000
vt 0.00000000 0.00000000
vt 0.00000000 0.00000000
vt 0.00000000 0.00000000
vt 0.00000000 0.00000000
vt 0.00000000 0.00000000
vt 0.00000000 0.00000000
vt 0.00000000 0.00000000
vt 0.00000000 0.00000000
vt 0.00000000 0.00000000
vt 0.00000000 0.00000000
vt 0.00000000 0.00000000
vt 0.00000000 0.00000000
vt 0.00000000 0.00000000
vt 0.00000000 0.00000000
vt 0.00000000 0.00000000
vt 0.00000000 0.00000000
vt 0.00000000 0.00000000
vt 0.00000000 0.00000000
vt 0.00000000 0.00000000
vt 0.00000000 0.00000000
vt 0.00000000 0.00000000
vt 0.00000000 0.00000000
vt 0.00000000 0.00000000
vt 0.00000000 0.00000000
vt 0.00000000 0.00000000
vt 0.00000000 0.00000000
vt 0.00000000 0.00000000
vt 0.00000000 0.00000000
vt 0.00000000 0.00000000
vt 0.00000000 0.00000000
vt 0.00000000 0.00000000
vt 0.00000000 0.00000000
vt 0.00000000 0.00000000
vt 0.00000000 0.00000000
vt 0.00000000 0.00000000
vt 0.00000000 0.00000000
vt 0.00000000 0.00000000
vt 0.00000000 0.00000000
vt 0.00000000 0.00000000
vt 0.00000000 0.00000000
vt 0.00000000 0.00000000
vt 0.00000000 0.00000000
vt 0.00000000 0.00000000
vt 0.00000000 0.00000000
vt 0.00000000 0.00000000
vt 0.00000000 0.00000000
vt 0.00000000 0.00000000
vt 0.00000000 0.00000000
vt 0.00000000 0.00000000
vt 0.00000000 0.00000000
vt 0.00000000 0.00000000
vt 0.00000000 0.00000000
vt 0.00000000 0.00000000
vt 0.00000000 0.00000000
vt 0.00000000 0.00000000
vt 0.00000000 0.00000000
vt 0.00000000 0.00000000
vt 0.00000000 0.00000000
vt 0.00000000 0.00000000
vt 0.00000000 0.00000000
vt 0.00000000 0.00000000
vt 0.00000000 0.00000000
vt 0.00000000 0.00000000
vt 0.00000000 0.00000000
vt 0.00000000 0.00000000
vt 0.00000000 0.00000000
vt 0.00000000 0.00000000
vt 0.00000000 0.00000000
vt 0.00000000 0.00000000
vt 0.00000000 0.00000000
vt 0.00000000 0.00000000
vt 0.00000000 0.00000000
vt 0.00000000 0.00000000
vt 0.00000000 0.00000000
vt 0.00000000 0.00000000
vt 0.00000000 0.00000000
vt 0.00000000 0.00000000
vt 0.00000000 0.00000000
vt 0.00000000 0.00000000
vt 0.00000000 0.00000000
vt 0.00000000 0.00000000
vt 0.00000000 0.00000000
vt 0.00000000 0.00000000
vt 0.00000000 0.00000000
vt 0.00000000 0.00000000
vt 0.00000000 0.00000000
vt 0.00000000 0.00000000
vt 0.00000000 0.00000000
vt 0.00000000 0.00000000
vt 0.00000000 0.00000000
vt 0.00000000 0.00000000
vt 0.00000000 0.00000000
vt 0.00000000 0.00000000
vt 0.00000000 0.00000000
vt 0.00000000 0.00000000
vt 0.00000000 0.00000000
vt 0.00000000 0.00000000
vt 0.00000000 0.00000000
vt 0.00000000 0.00000000
vt 0.00000000 0.00000000
vt 0.00000000 0.00000000
vt 0.00000000 0.00000000
vt 0.00000000 0.00000000
vt 0.00000000 0.00000000
vt 0.00000000 0.00000000
vt 0.00000000 0.00000000
vt 0.00000000 0.00000000
vt 0.00000000 0.00000000
vt 0.00000000 0.00000000
vt 0.00000000 0.00000000
vt 0.00000000 0.00000000
vt 0.00000000 0.00000000
vt 0.00000000 0.00000000
vt 0.00000000 0.00000000
vt 0.00000000 0.00000000
vt 0.00000000 0.00000000
vt 0.00000000 0.00000000
vt 0.00000000 0.00000000
vt 0.00000000 0.00000000
vt 0.00000000 0.00000000
vt 0.00000000 0.00000000
vt 0.00000000 0.00000000
vt 0.00000000 0.00000000
vt 0.00000000 0.00000000
vt 0.00000000 0.00000000
vt 0.00000000 0.00000000
vt 0.00000000 0.00000000
vt 0.00000000 0.00000000
vt 0.00000000 0.00000000
vt 0.00000000 0.00000000
vt 0.00000000 0.00000000
vt 0.00000000 0.00000000
vt 0.00000000 0.00000000
vt 0.00000000 0.00000000
vt 0.00000000 0.00000000
vt 0.00000000 0.00000000
vt 0.00000000 0.00000000
vt 0.00000000 0.00000000
vt 0.00000000 0.00000000
vt 0.00000000 0.00000000
vt 0.00000000 0.00000000
vt 0.00000000 0.00000000
vt 0.00000000 0.00000000
vt 0.00000000 0.00000000
vt 0.00000000 0.00000000
vt 0.00000000 0.00000000
vt 0.00000000 0.00000000
vt 0.00000000 0.00000000
vt 0.00000000 0.00000000
vt 0.00000000 0.00000000
vt 0.00000000 0.00000000
vt 0.00000000 0.00000000
vt 0.00000000 0.00000000
vt 0.00000000 0.00000000
vt 0.00000000 0.00000000
vt 0.00000000 0.00000000
vt 0.00000000 0.00000000
vt 0.00000000 0.00000000
vt 0.00000000 0.00000000
vt 0.00000000 0.00000000
vt 0.00000000 0.00000000
vt 0.00000000 0.00000000
vt 0.00000000 0.00000000
vt 0.00000000 0.00000000
vt 0.00000000 0.00000000
vt 0.00000000 0.00000000
vt 0.00000000 0.00000000
vt 0.00000000 0.00000000
vt 0.00000000 0.00000000
vt 0.00000000 0.00000000
vt 0.00000000 0.00000000
vt 0.00000000 0.00000000
vt 0.00000000 0.00000000
vt 0.00000000 0.00000000
vt 0.00000000 0.00000000
vt 0.00000000 0.00000000
vt 0.00000000 0.00000000
vt 0.00000000 0.00000000
vt 0.00000000 0.00000000
vt 0.00000000 0.00000000
vt 0.00000000 0.00000000
vt 0.00000000 0.00000000
vt 0.00000000 0.00000000
vt 0.00000000 0.00000000
vt 0.00000000 0.00000000
vt 0.00000000 0.00000000
vt 0.00000000 0.00000000
vt 0.00000000 0.00000000
vt 0.00000000 0.00000000
vt 0.00000000 0.00000000
vt 0.00000000 0.00000000
vt 0.00000000 0.00000000
vt 0.00000000 0.00000000
vt 0.00000000 0.00000000
vt 0.00000000 0.00000000
vt 0.00000000 0.00000000
vt 0.00000000 0.00000000
vt 0.00000000 0.00000000
vt 0.00000000 0.00000000
vt 0.00000000 0.00000000
vt 0.00000000 0.00000000
vt 0.00000000 0.00000000
vt 0.00000000 0.00000000
vt 0.00000000 0.00000000
vt 0.00000000 0.00000000
vt 0.00000000 0.00000000
vt 0.00000000 0.00000000
vt 0.00000000 0.00000000
vt 0.00000000 0.00000000
vt 0.00000000 0.00000000
vt 0.00000000 0.00000000
vt 0.00000000 0.00000000
vt 0.00000000 0.00000000
vt 0.00000000 0.00000000
vt 0.00000000 0.00000000
vt 0.00000000 0.00000000
vt 0.00000000 0.00000000
vt 0.00000000 0.00000000
vt 0.00000000 0.00000000
vt 0.00000000 0.00000000
vt 0.00000000 0.00000000
vt 0.00000000 0.00000000
vt 0.00000000 0.00000000
vt 0.00000000 0.00000000
vt 0.00000000 0.00000000
vt 0.00000000 0.00000000
vt 0.00000000 0.00000000
vt 0.00000000 0.00000000
vt 0.00000000 0.00000000
vt 0.00000000 0.00000000
vt 0.00000000 0.00000000
vt 0.00000000 0.00000000
vt 0.00000000 0.00000000
vt 0.00000000 0.00000000
vt 0.00000000 0.00000000
vt 0.00000000 0.00000000
vt 0.00000000 0.00000000
vt 0.00000000 0.00000000
vt 0.00000000 0.00000000
vt 0.00000000 0.00000000
vt 0.00000000 0.00000000
vt 0.00000000 0.00000000
vt 0.00000000 0.00000000
vt 0.00000000 0.00000000
vt 0.00000000 0.00000000
vt 0.00000000 0.00000000
vt 0.00000000 0.00000000
vt 0.00000000 0.00000000
vt 0.00000000 0.00000000
vt 0.00000000 0.00000000
vt 0.00000000 0.00000000
vt 0.00000000 0.00000000
vt 0.00000000 0.00000000
vt 0.00000000 0.00000000
vt 0.00000000 0.00000000
vt 0.00000000 0.00000000
vt 0.00000000 0.00000000
vt 0.00000000 0.00000000
vt 0.00000000 0.00000000
vt 0.00000000 0.00000000
vt 0.00000000 0.00000000
vt 0.00000000 0.00000000
vt 0.00000000 0.00000000
vt 0.00000000 0.00000000
vt 0.00000000 0.00000000
vt 0.00000000 0.00000000
vt 0.00000000 0.00000000
vt 0.00000000 0.00000000
vt 0.00000000 0.00000000
vt 0.00000000 0.00000000
vt 0.00000000 0.00000000
vt 0.00000000 0.00000000
vt 0.00000000 0.00000000
vt 0.00000000 0.00000000
vt 0.00000000 0.00000000
vt 0.00000000 0.00000000
vt 0.00000000 0.00000000
vt 0.00000000 0.00000000
vt 0.00000000 0.00000000
vt 0.00000000 0.00000000
vt 0.00000000 0.00000000
vt 0.00000000 0.00000000
vt 0.00000000 0.00000000
vt 0.00000000 0.00000000
vt 0.00000000 0.00000000
vt 0.00000000 0.00000000
vt 0.00000000 0.00000000
vt 0.00000000 0.00000000
vt 0.00000000 0.00000000
vt 0.00000000 0.00000000
vt 0.00000000 0.00000000
vt 0.00000000 0.00000000
vt 0.00000000 0.00000000
vt 0.00000000 0.00000000
vt 0.00000000 0.00000000
vt 0.00000000 0.00000000
vt 0.00000000 0.00000000
vt 0.00000000 0.00000000
vt 0.00000000 0.00000000
vt 0.00000000 0.00000000
vt 0.00000000 0.00000000
vt 0.00000000 0.00000000
vt 0.00000000 0.00000000
vt 0.00000000 0.00000000
vt 0.00000000 0.00000000
vt 0.00000000 0.00000000
vt 0.00000000 0.00000000
vt 0.00000000 0.00000000
vt 0.00000000 0.00000000
vt 0.00000000 0.00000000
vt 0.00000000 0.00000000
vt 0.00000000 0.00000000
vt 0.00000000 0.00000000
vt 0.00000000 0.00000000
vt 0.00000000 0.00000000
vt 0.00000000 0.00000000
vt 0.00000000 0.00000000
vt 0.00000000 0.00000000
vt 0.00000000 0.00000000
vt 0.00000000 0.00000000
vt 0.00000000 0.00000000
vt 0.00000000 0.00000000
vt 0.00000000 0.00000000
vt 0.00000000 0.00000000
vt 0.00000000 0.00000000
vt 0.00000000 0.00000000
vt 0.00000000 0.00000000
vt 0.00000000 0.00000000
vt 0.00000000 0.00000000
vt 0.00000000 0.00000000
vt 0.00000000 0.00000000
vt 0.00000000 0.00000000
vt 0.00000000 0.00000000
vt 0.00000000 0.00000000
vt 0.00000000 0.00000000
vt 0.00000000 0.00000000
vt 0.00000000 0.00000000
vt 0.00000000 0.00000000
vt 0.00000000 0.00000000
vt 0.00000000 0.00000000
vt 0.00000000 0.00000000
vt 0.00000000 0.00000000
vt 0.00000000 0.00000000
vt 0.00000000 0.00000000
vt 0.00000000 0.00000000
vt 0.00000000 0.00000000
vt 0.00000000 0.00000000
vt 0.00000000 0.00000000
vt 0.00000000 0.00000000
vt 0.00000000 0.00000000
vt 0.00000000 0.00000000
vt 0.00000000 0.00000000
vt 0.00000000 0.00000000
vt 0.00000000 0.00000000
vt 0.00000000 0.00000000
vt 0.00000000 0.00000000
vt 0.00000000 0.00000000
vt 0.00000000 0.00000000
vt 0.00000000 0.00000000
vt 0.00000000 0.00000000
vt 0.00000000 0.00000000
vt 0.00000000 0.00000000
vt 0.00000000 0.00000000
vt 0.00000000 0.00000000
vt 0.00000000 0.00000000
vt 0.00000000 0.00000000
vt 0.00000000 0.00000000
vt 0.00000000 0.00000000
vt 0.00000000 0.00000000
vt 0.00000000 0.00000000
vt 0.00000000 0.00000000
vt 0.00000000 0.00000000
vt 0.00000000 0.00000000
vt 0.00000000 0.00000000
vt 0.00000000 0.00000000
vt 0.00000000 0.00000000
vt 0.00000000 0.00000000
vt 0.00000000 0.00000000
vt 0.00000000 0.00000000
vt 0.00000000 0.00000000
vt 0.00000000 0.00000000
vt 0.00000000 0.00000000
vt 0.00000000 0.00000000
vt 0.00000000 0.00000000
vt 0.00000000 0.00000000
vt 0.00000000 0.00000000
vt 0.00000000 0.00000000
vt 0.00000000 0.00000000
vt 0.00000000 0.00000000
vt 0.00000000 0.00000000
vt 0.00000000 0.00000000
vt 0.00000000 0.00000000
vt 0.00000000 0.00000000
vt 0.00000000 0.00000000
vt 0.00000000 0.00000000
vt 0.00000000 0.00000000
vt 0.00000000 0.00000000
vt 0.00000000 0.00000000
vt 0.00000000 0.00000000
vt 0.00000000 0.00000000
vt 0.00000000 0.00000000
vt 0.00000000 0.00000000
vt 0.00000000 0.00000000
vt 0.00000000 0.00000000
vt 0.00000000 0.00000000
vt 0.00000000 0.00000000
vt 0.00000000 0.00000000
vt 0.00000000 0.00000000
vt 0.00000000 0.00000000
vt 0.00000000 0.00000000
vt 0.00000000 0.00000000
vt 0.00000000 0.00000000
vt 0.00000000 0.00000000
vt 0.00000000 0.00000000
vt 0.00000000 0.00000000
vt 0.00000000 0.00000000
vt 0.00000000 0.00000000
vt 0.00000000 0.00000000
vt 0.00000000 0.00000000
vt 0.00000000 0.00000000
vt 0.00000000 0.00000000
vt 0.00000000 0.00000000
vt 0.00000000 0.00000000
vt 0.00000000 0.00000000
vt 0.00000000 0.00000000
vt 0.00000000 0.00000000
vt 0.00000000 0.00000000
vt 0.00000000 0.00000000
vt 0.00000000 0.00000000
vt 0.00000000 0.00000000
vt 0.00000000 0.00000000
vt 0.00000000 0.00000000
vt 0.00000000 0.00000000
vt 0.00000000 0.00000000
vt 0.00000000 0.00000000
vt 0.00000000 0.00000000
vt 0.00000000 0.00000000
vt 0.00000000 0.00000000
vt 0.00000000 0.00000000
vt 0.00000000 0.00000000
vt 0.00000000 0.00000000
vt 0.00000000 0.00000000
vt 0.00000000 0.00000000
vt 0.00000000 0.00000000
vt 0.00000000 0.00000000
vt 0.00000000 0.00000000
vt 0.00000000 0.00000000
vt 0.00000000 0.00000000
vt 0.00000000 0.00000000
vt 0.00000000 0.00000000
vt 0.00000000 0.00000000
vt 0.00000000 0.00000000
vt 0.00000000 0.00000000
vt 0.00000000 0.00000000
vt 0.00000000 0.00000000
vt 0.00000000 0.00000000
vt 0.00000000 0.00000000
vt 0.00000000 0.00000000
vt 0.00000000 0.00000000
vt 0.00000000 0.00000000
vt 0.00000000 0.00000000
vt 0.00000000 0.00000000
vt 0.00000000 0.00000000
vt 0.00000000 0.00000000
vt 0.00000000 0.00000000
vt 0.00000000 0.00000000
vt 0.00000000 0.00000000
vt 0.00000000 0.00000000
vt 0.00000000 0.00000000
vt 0.00000000 0.00000000
vt 0.00000000 0.00000000
vt 0.00000000 0.00000000
vt 0.00000000 0.00000000
vt 0.00000000 0.00000000
vt 0.00000000 0.00000000
vt 0.00000000 0.00000000
vt 0.00000000 0.00000000
vt 0.00000000 0.00000000
vt 0.00000000 0.00000000
vt 0.00000000 0.00000000
vt 0.00000000 0.00000000
vt 0.00000000 0.00000000
vt 0.00000000 0.00000000
vt 0.00000000 0.00000000
vt 0.00000000 0.00000000
vt 0.00000000 0.00000000
vt 0.00000000 0.00000000
vt 0.00000000 0.00000000
vt 0.00000000 0.00000000
vt 0.00000000 0.00000000
vt 0.00000000 0.00000000
vt 0.00000000 0.00000000
vt 0.00000000 0.00000000
vt 0.00000000 0.00000000
vt 0.00000000 0.00000000
vt 0.00000000 0.00000000
vt 0.00000000 0.00000000
vt 0.00000000 0.00000000
vt 0.00000000 0.00000000
vt 0.00000000 0.00000000
vt 0.00000000 0.00000000
vt 0.00000000 0.00000000
vt 0.00000000 0.00000000
vt 0.00000000 0.00000000
vt 0.00000000 0.00000000
vt 0.00000000 0.00000000
vt 0.00000000 0.00000000
vt 0.00000000 0.00000000
vt 0.00000000 0.00000000
vt 0.00000000 0.00000000
vt 0.00000000 0.00000000
vt 0.00000000 0.00000000
vt 0.00000000 0.00000000
vt 0.00000000 0.00000000
vt 0.00000000 0.00000000
vt 0.00000000 0.00000000
vt 0.00000000 0.00000000
vt 0.00000000 0.00000000
vt 0.00000000 0.00000000
vt 0.00000000 0.00000000
vt 0.00000000 0.00000000
vt 0.00000000 0.00000000
vt 0.00000000 0.00000000
vt 0.00000000 0.00000000
vt 0.00000000 0.00000000
vt 0.00000000 0.00000000
vt 0.00000000 0.00000000
vt 0.00000000 0.00000000
vt 0.00000000 0.00000000
vt 0.00000000 0.00000000
vt 0.00000000 0.00000000
vt 0.00000000 0.00000000
vt 0.00000000 0.00000000
vt 0.00000000 0.00000000
vt 0.00000000 0.00000000
vt 0.00000000 0.00000000
vt 0.00000000 0.00000000
vt 0.00000000 0.00000000
vt 0.00000000 0.00000000
vt 0.00000000 0.00000000
vt 0.00000000 0.00000000
vt 0.00000000 0.00000000
vt 0.00000000 0.00000000
vt 0.00000000 0.00000000
vt 0.00000000 0.00000000
vt 0.00000000 0.00000000
vt 0.00000000 0.00000000
vt 0.00000000 0.00000000
vt 0.00000000 0.00000000
vt 0.00000000 0.00000000
vt 0.00000000 0.00000000
vt 0.00000000 0.00000000
vt 0.00000000 0.00000000
vt 0.00000000 0.00000000
vt 0.00000000 0.00000000
vt 0.00000000 0.00000000
vt 0.00000000 0.00000000
vt 0.00000000 0.00000000
vt 0.00000000 0.00000000
vt 0.00000000 0.00000000
vt 0.00000000 0.00000000
vt 0.00000000 0.00000000
vt 0.00000000 0.00000000
vt 0.00000000 0.00000000
vt 0.00000000 0.00000000
vt 0.00000000 0.00000000
vt 0.00000000 0.00000000
vt 0.00000000 0.00000000
vt 0.00000000 0.00000000
vt 0.00000000 0.00000000
vt 0.00000000 0.00000000
vt 0.00000000 0.00000000
vt 0.00000000 0.00000000
vt 0.00000000 0.00000000
vt 0.00000000 0.00000000
vt 0.00000000 0.00000000
vt 0.00000000 0.00000000
vt 0.00000000 0.00000000
vt 0.00000000 0.00000000
vt 0.00000000 0.00000000
vt 0.00000000 0.00000000
vt 0.00000000 0.00000000
vt 0.00000000 0.00000000
vt 0.00000000 0.00000000
vt 0.00000000 0.00000000
vt 0.00000000 0.00000000
vt 0.00000000 0.00000000
vt 0.00000000 0.00000000
vt 0.00000000 0.00000000
vt 0.00000000 0.00000000
vt 0.00000000 0.00000000
vt 0.00000000 0.00000000
vt 0.00000000 0.00000000
vt 0.00000000 0.00000000
vt 0.00000000 0.00000000
vt 0.00000000 0.00000000
vt 0.00000000 0.00000000
vt 0.00000000 0.00000000
vt 0.00000000 0.00000000
vt 0.00000000 0.00000000
vt 0.00000000 0.00000000
vt 0.00000000 0.00000000
vt 0.00000000 0.00000000
vt 0.00000000 0.00000000
vt 0.00000000 0.00000000
vt 0.00000000 0.00000000
vt 0.00000000 0.00000000
vt 0.00000000 0.00000000
vt 0.00000000 0.00000000
vt 0.00000000 0.00000000
vt 0.00000000 0.00000000
vt 0.00000000 0.00000000
vt 0.00000000 0.00000000
vt 0.00000000 0.00000000
vt 0.00000000 0.00000000
vt 0.00000000 0.00000000
vt 0.00000000 0.00000000
vt 0.00000000 0.00000000
vt 0.00000000 0.00000000
vt 0.00000000 0.00000000
vt 0.00000000 0.00000000
vt 0.00000000 0.00000000
vt 0.00000000 0.00000000
vt 0.00000000 0.00000000
vt 0.00000000 0.00000000
vt 0.00000000 0.00000000
vt 0.00000000 0.00000000
vt 0.00000000 0.00000000
vt 0.00000000 0.00000000
vt 0.00000000 0.00000000
vt 0.00000000 0.00000000
vt 0.00000000 0.00000000
vt 0.00000000 0.00000000
vt 0.00000000 0.00000000
vt 0.00000000 0.00000000
vt 0.00000000 0.00000000
vt 0.00000000 0.00000000
vt 0.00000000 0.00000000
vt 0.00000000 0.00000000
vt 0.00000000 0.00000000
vt 0.00000000 0.00000000
vt 0.00000000 0.00000000
vt 0.00000000 0.00000000
vt 0.00000000 0.00000000
vt 0.00000000 0.00000000
vt 0.00000000 0.00000000
vt 0.00000000 0.00000000
vt 0.00000000 0.00000000
vt 0.00000000 0.00000000
vt 0.00000000 0.00000000
vt 0.00000000 0.00000000
vt 0.00000000 0.00000000
vt 0.00000000 0.00000000
vt 0.00000000 0.00000000
vt 0.00000000 0.00000000
vt 0.00000000 0.00000000
vt 0.00000000 0.00000000
vt 0.00000000 0.00000000
vt 0.00000000 0.00000000
vt 0.00000000 0.00000000
vt 0.00000000 0.00000000
vt 0.00000000 0.00000000
vt 0.00000000 0.00000000
vt 0.00000000 0.00000000
vt 0.00000000 0.00000000
vt 0.00000000 0.00000000
vt 0.00000000 0.00000000
vt 0.00000000 0.00000000
vt 0.00000000 0.00000000
vt 0.00000000 0.00000000
vt 0.00000000 0.00000000
vt 0.00000000 0.00000000
vt 0.00000000 0.00000000
vt 0.00000000 0.00000000
vt 0.00000000 0.00000000
vt 0.00000000 0.00000000
vt 0.00000000 0.00000000
vt 0.00000000 0.00000000
vt 0.00000000 0.00000000
vt 0.00000000 0.00000000
vt 0.00000000 0.00000000
vt 0.00000000 0.00000000
vt 0.00000000 0.00000000
vt 0.00000000 0.00000000
vt 0.00000000 0.00000000
vt 0.00000000 0.00000000
vt 0.00000000 0.00000000
vt 0.00000000 0.00000000
vt 0.00000000 0.00000000
vt 0.00000000 0.00000000
vt 0.00000000 0.00000000
vt 0.00000000 0.00000000
vt 0.00000000 0.00000000
vt 0.00000000 0.00000000
vt 0.00000000 0.00000000
vt 0.00000000 0.00000000
vt 0.00000000 0.00000000
vt 0.00000000 0.00000000
vt 0.00000000 0.00000000
vt 0.00000000 0.00000000
vt 0.00000000 0.00000000
vt 0.00000000 0.00000000
vt 0.00000000 0.00000000
vt 0.00000000 0.00000000
vt 0.00000000 0.00000000
vt 0.00000000 0.00000000
vt 0.00000000 0.00000000
vt 0.00000000 0.00000000
vt 0.00000000 0.00000000
vt 0.00000000 0.00000000
vt 0.00000000 0.00000000
vt 0.00000000 0.00000000
vt 0.00000000 0.00000000
vt 0.00000000 0.00000000
vt 0.00000000 0.00000000
vt 0.00000000 0.00000000
vt 0.00000000 0.00000000
vt 0.00000000 0.00000000
vt 0.00000000 0.00000000
vt 0.00000000 0.00000000
vt 0.00000000 0.00000000
vt 0.00000000 0.00000000
vt 0.00000000 0.00000000
vt 0.00000000 0.00000000
vt 0.00000000 0.00000000
vt 0.00000000 0.00000000
vt 0.00000000 0.00000000
vt 0.00000000 0.00000000
vt 0.00000000 0.00000000
vt 0.00000000 0.00000000
vt 0.00000000 0.00000000
vt 0.00000000 0.00000000
vt 0.00000000 0.00000000
vt 0.00000000 0.00000000
vt 0.00000000 0.00000000
vt 0.00000000 0.00000000
vt 0.00000000 0.00000000
vt 0.00000000 0.00000000
vt 0.00000000 0.00000000
vt 0.00000000 0.00000000
vt 0.00000000 0.00000000
vt 0.00000000 0.00000000
vt 0.00000000 0.00000000
vt 0.00000000 0.00000000
vt 0.00000000 0.00000000
vt 0.00000000 0.00000000
vt 0.00000000 0.00000000
vt 0.00000000 0.00000000
vt 0.00000000 0.00000000
vt 0.00000000 0.00000000
vt 0.00000000 0.00000000
vt 0.00000000 0.00000000
vt 0.00000000 0.00000000
vt 0.00000000 0.00000000
vt 0.00000000 0.00000000
vt 0.00000000 0.00000000
vt 0.00000000 0.00000000
vt 0.00000000 0.00000000
vt 0.00000000 0.00000000
vt 0.00000000 0.00000000
vt 0.00000000 0.00000000
vt 0.00000000 0.00000000
vt 0.00000000 0.00000000
vt 0.00000000 0.00000000
vt 0.00000000 0.00000000
vt 0.00000000 0.00000000
vt 0.00000000 0.00000000
vt 0.00000000 0.00000000
vt 0.00000000 0.00000000
vt 0.00000000 0.00000000
vt 0.00000000 0.00000000
vt 0.00000000 0.00000000
vt 0.00000000 0.00000000
vt 0.00000000 0.00000000
vt 0.00000000 0.00000000
vt 0.00000000 0.00000000
vt 0.00000000 0.00000000
vt 0.00000000 0.00000000
vt 0.00000000 0.00000000
vt 0.00000000 0.00000000
vt 0.00000000 0.00000000
vt 0.00000000 0.00000000
vt 0.00000000 0.00000000
vt 0.00000000 0.00000000
vt 0.00000000 0.00000000
vt 0.00000000 0.00000000
vt 0.00000000 0.00000000
vt 0.00000000 0.00000000
vt 0.00000000 0.00000000
vt 0.00000000 0.00000000
vt 0.00000000 0.00000000
vt 0.00000000 0.00000000
vt 0.00000000 0.00000000
vt 0.00000000 0.00000000
vt 0.00000000 0.00000000
vt 0.00000000 0.00000000
vt 0.00000000 0.00000000
vt 0.00000000 0.00000000
vt 0.00000000 0.00000000
vt 0.00000000 0.00000000
vt 0.00000000 0.00000000
vt 0.00000000 0.00000000
vt 0.00000000 0.00000000
vt 0.00000000 0.00000000
vt 0.00000000 0.00000000
vt 0.00000000 0.00000000
vt 0.00000000 0.00000000
vt 0.00000000 0.00000000
vt 0.00000000 0.00000000
vt 0.00000000 0.00000000
vt 0.00000000 0.00000000
vt 0.00000000 0.00000000
vt 0.00000000 0.00000000
vt 0.00000000 0.00000000
vt 0.00000000 0.00000000
vt 0.00000000 0.00000000
vt 0.00000000 0.00000000
vt 0.00000000 0.00000000
vt 0.00000000 0.00000000
vt 0.00000000 0.00000000
vt 0.00000000 0.00000000
vt 0.00000000 0.00000000
vt 0.00000000 0.00000000
vt 0.00000000 0.00000000
vt 0.00000000 0.00000000
vt 0.00000000 0.00000000
vt 0.00000000 0.00000000
vt 0.00000000 0.00000000
vt 0.00000000 0.00000000
vt 0.00000000 0.00000000
vt 0.00000000 0.00000000
vt 0.00000000 0.00000000
vt 0.00000000 0.00000000
vt 0.00000000 0.00000000
vt 0.00000000 0.00000000
vt 0.00000000 0.00000000
vt 0.00000000 0.00000000
vt 0.00000000 0.00000000
vt 0.00000000 0.00000000
vt 0.00000000 0.00000000
vt 0.00000000 0.00000000
vt 0.00000000 0.00000000
vt 0.00000000 0.00000000
vt 0.00000000 0.00000000
vt 0.00000000 0.00000000
vt 0.00000000 0.00000000
vt 0.00000000 0.00000000
vt 0.00000000 0.00000000
vt 0.00000000 0.00000000
vt 0.00000000 0.00000000
vt 0.00000000 0.00000000
vt 0.00000000 0.00000000
vt 0.00000000 0.00000000
vt 0.00000000 0.00000000
vt 0.00000000 0.00000000
vt 0.00000000 0.00000000
vt 0.00000000 0.00000000
vt 0.00000000 0.00000000
vt 0.00000000 0.00000000
vt 0.00000000 0.00000000
vt 0.00000000 0.00000000
vt 0.00000000 0.00000000
vt 0.00000000 0.00000000
vt 0.00000000 0.00000000
vt 0.00000000 0.00000000
vt 0.00000000 0.00000000
vt 0.00000000 0.00000000
vt 0.00000000 0.00000000
vt 0.00000000 0.00000000
vt 0.00000000 0.00000000
vt 0.00000000 0.00000000
vt 0.00000000 0.00000000
vt 0.00000000 0.00000000
vt 0.00000000 0.00000000
vt 0.00000000 0.00000000
vt 0.00000000 0.00000000
vt 0.00000000 0.00000000
vt 0.00000000 0.00000000
vt 0.00000000 0.00000000
vt 0.00000000 0.00000000
vt 0.00000000 0.00000000
vt 0.00000000 0.00000000
vt 0.00000000 0.00000000
vt 0.00000000 0.00000000
vt 0.00000000 0.00000000
vt 0.00000000 0.00000000
vt 0.00000000 0.00000000
vt 0.00000000 0.00000000
vt 0.00000000 0.00000000
vt 0.00000000 0.00000000
vt 0.00000000 0.00000000
vt 0.00000000 0.00000000
vt 0.00000000 0.00000000
vt 0.00000000 0.00000000
vt 0.00000000 0.00000000
vt 0.00000000 0.00000000
vt 0.00000000 0.00000000
vt 0.00000000 0.00000000
vt 0.00000000 0.00000000
vt 0.00000000 0.00000000
vt 0.00000000 0.00000000
vt 0.00000000 0.00000000
vt 0.00000000 0.00000000
vt 0.00000000 0.00000000
vt 0.00000000 0.00000000
vt 0.00000000 0.00000000
vt 0.00000000 0.00000000
vt 0.00000000 0.00000000
vt 0.00000000 0.00000000
vt 0.00000000 0.00000000
vt 0.00000000 0.00000000
vt 0.00000000 0.00000000
vt 0.00000000 0.00000000
vt 0.00000000 0.00000000
vt 0.00000000 0.00000000
vt 0.00000000 0.00000000
vt 0.00000000 0.00000000
vt 0.00000000 0.00000000
vt 0.00000000 0.00000000
vt 0.00000000 0.00000000
vt 0.00000000 0.00000000
vt 0.00000000 0.00000000
vt 0.00000000 0.00000000
vt 0.00000000 0.00000000
vt 0.00000000 0.00000000
vt 0.00000000 0.00000000
vt 0.00000000 0.00000000
vt 0.00000000 0.00000000
vt 0.00000000 0.00000000
vt 0.00000000 0.00000000
vt 0.00000000 0.00000000
vt 0.00000000 0.00000000
vt 0.00000000 0.00000000
vt 0.00000000 0.00000000
vt 0.00000000 0.00000000
vt 0.00000000 0.00000000
vt 0.00000000 0.00000000
vt 0.00000000 0.00000000
vt 0.00000000 0.00000000
vt 0.00000000 0.00000000
vt 0.00000000 0.00000000
vt 0.00000000 0.00000000
vt 0.00000000 0.00000000
vt 0.00000000 0.00000000
vt 0.00000000 0.00000000
vt 0.00000000 0.00000000
vt 0.00000000 0.00000000
vt 0.00000000 0.00000000
vt 0.00000000 0.00000000
vt 0.00000000 0.00000000
vt 0.00000000 0.00000000
vt 0.00000000 0.00000000
vt 0.00000000 0.00000000
vt 0.00000000 0.00000000
vt 0.00000000 0.00000000
vt 0.00000000 0.00000000
vt 0.00000000 0.00000000
vt 0.00000000 0.00000000
vt 0.00000000 0.00000000
vt 0.00000000 0.00000000
vt 0.00000000 0.00000000
vt 0.00000000 0.00000000
vt 0.00000000 0.00000000
vt 0.00000000 0.00000000
vt 0.00000000 0.00000000
vt 0.00000000 0.00000000
vt 0.00000000 0.00000000
vt 0.00000000 0.00000000
vt 0.00000000 0.00000000
vt 0.00000000 0.00000000
vt 0.00000000 0.00000000
vt 0.00000000 0.00000000
vt 0.00000000 0.00000000
vt 0.00000000 0.00000000
vt 0.00000000 0.00000000
vt 0.00000000 0.00000000
vt 0.00000000 0.00000000
vt 0.00000000 0.00000000
vt 0.00000000 0.00000000
vt 0.00000000 0.00000000
vt 0.00000000 0.00000000
vt 0.00000000 0.00000000
vt 0.00000000 0.00000000
vt 0.00000000 0.00000000
vt 0.00000000 0.00000000
vt 0.00000000 0.00000000
vt 0.00000000 0.00000000
vt 0.00000000 0.00000000
vt 0.00000000 0.00000000
vt 0.00000000 0.00000000
vt 0.00000000 0.00000000
vt 0.00000000 0.00000000
vt 0.00000000 0.00000000
vt 0.00000000 0.00000000
vt 0.00000000 0.00000000
vt 0.00000000 0.00000000
vt 0.00000000 0.00000000
vt 0.00000000 0.00000000
vt 0.00000000 0.00000000
vt 0.00000000 0.00000000
vt 0.00000000 0.00000000
vt 0.00000000 0.00000000
vt 0.00000000 0.00000000
vt 0.00000000 0.00000000
vt 0.00000000 0.00000000
vt 0.00000000 0.00000000
vt 0.00000000 0.00000000
vt 0.00000000 0.00000000
vt 0.00000000 0.00000000
vt 0.00000000 0.00000000
vt 0.00000000 0.00000000
vt 0.00000000 0.00000000
vt 0.00000000 0.00000000
vt 0.00000000 0.00000000
vt 0.00000000 0.00000000
vt 0.00000000 0.00000000
vt 0.00000000 0.00000000
vt 0.00000000 0.00000000
vt 0.00000000 0.00000000
vt 0.00000000 0.00000000
vt 0.00000000 0.00000000
vt 0.00000000 0.00000000
vt 0.00000000 0.00000000
vt 0.00000000 0.00000000
vt 0.00000000 0.00000000
vt 0.00000000 0.00000000
vt 0.00000000 0.00000000
vt 0.00000000 0.00000000
vt 0.00000000 0.00000000
vt 0.00000000 0.00000000
vt 0.00000000 0.00000000
vt 0.00000000 0.00000000
vt 0.00000000 0.00000000
vt 0.00000000 0.00000000
vt 0.00000000 0.00000000
vt 0.00000000 0.00000000
vt 0.00000000 0.00000000
vt 0.00000000 0.00000000
vt 0.00000000 0.00000000
vt 0.00000000 0.00000000
vt 0.00000000 0.00000000
vt 0.00000000 0.00000000
vt 0.00000000 0.00000000
vt 0.00000000 0.00000000
vt 0.00000000 0.00000000
vt 0.00000000 0.00000000
vt 0.00000000 0.00000000
vt 0.00000000 0.00000000
vt 0.00000000 0.00000000
vt 0.00000000 0.00000000
vt 0.00000000 0.00000000
vt 0.00000000 0.00000000
vt 0.00000000 0.00000000
vt 0.00000000 0.00000000
vt 0.00000000 0.00000000
vt 0.00000000 0.00000000
vt 0.00000000 0.00000000
vt 0.00000000 0.00000000
vt 0.00000000 0.00000000
vt 0.00000000 0.00000000
vt 0.00000000 0.00000000
vt 0.00000000 0.00000000
vt 0.00000000 0.00000000
vt 0.00000000 0.00000000
vt 0.00000000 0.00000000
vt 0.00000000 0.00000000
vt 0.00000000 0.00000000
vt 0.00000000 0.00000000
vt 0.00000000 0.00000000
vt 0.00000000 0.00000000
vt 0.00000000 0.00000000
vt 0.00000000 0.00000000
vt 0.00000000 0.00000000
vt 0.00000000 0.00000000
vt 0.00000000 0.00000000
vt 0.00000000 0.00000000
vt 0.00000000 0.00000000
vt 0.00000000 0.00000000
vt 0.00000000 0.00000000
vt 0.00000000 0.00000000
vt 0.00000000 0.00000000
vt 0.00000000 0.00000000
vt 0.00000000 0.00000000
vt 0.00000000 0.00000000
vt 0.00000000 0.00000000
vt 0.00000000 0.00000000
vt 0.00000000 0.00000000
vt 0.00000000 0.00000000
vt 0.00000000 0.00000000
vt 0.00000000 0.00000000
vt 0.00000000 0.00000000
vt 0.00000000 0.00000000
vt 0.00000000 0.00000000
vt 0.00000000 0.00000000
vt 0.00000000 0.00000000
vt 0.00000000 0.00000000
vt 0.00000000 0.00000000
vt 0.00000000 0.00000000
vt 0.00000000 0.00000000
vt 0.00000000 0.00000000
vt 0.00000000 0.00000000
vt 0.00000000 0.00000000
vt 0.00000000 0.00000000
vt 0.00000000 0.00000000
vt 0.00000000 0.00000000
vt 0.00000000 0.00000000
vt 0.00000000 0.00000000
vt 0.00000000 0.00000000
vt 0.00000000 0.00000000
vt 0.00000000 0.00000000
vt 0.00000000 0.00000000
vt 0.00000000 0.00000000
vt 0.00000000 0.00000000
vt 0.00000000 0.00000000
vt 0.00000000 0.00000000
vt 0.00000000 0.00000000
vt 0.00000000 0.00000000
vt 0.00000000 0.00000000
vt 0.00000000 0.00000000
vt 0.00000000 0.00000000
vt 0.00000000 0.00000000
vt 0.00000000 0.00000000
vt 0.00000000 0.00000000
vt 0.00000000 0.00000000
vt 0.00000000 0.00000000
vt 0.00000000 0.00000000
vt 0.00000000 0.00000000
vt 0.00000000 0.00000000
vt 0.00000000 0.00000000
vt 0.00000000 0.00000000
vt 0.00000000 0.00000000
vt 0.00000000 0.00000000
vt 0.00000000 0.00000000
vt 0.00000000 0.00000000
vt 0.00000000 0.00000000
vt 0.00000000 0.00000000
vt 0.00000000 0.00000000
vt 0.00000000 0.00000000
vt 0.00000000 0.00000000
vt 0.00000000 0.00000000
vt 0.00000000 0.00000000
vt 0.00000000 0.00000000
vt 0.00000000 0.00000000
vt 0.00000000 0.00000000
vt 0.00000000 0.00000000
vt 0.00000000 0.00000000
vt 0.00000000 0.00000000
vt 0.00000000 0.00000000
vt 0.00000000 0.00000000
vt 0.00000000 0.00000000
vt 0.00000000 0.00000000
vt 0.00000000 0.00000000
vt 0.00000000 0.00000000
vt 0.00000000 0.00000000
vt 0.00000000 0.00000000
vt 0.00000000 0.00000000
vt 0.00000000 0.00000000
vt 0.00000000 0.00000000
vt 0.00000000 0.00000000
vt 0.00000000 0.00000000
vt 0.00000000 0.00000000
vt 0.00000000 0.00000000
vt 0.00000000 0.00000000
vt 0.00000000 0.00000000
vt 0.00000000 0.00000000
vt 0.00000000 0.00000000
vt 0.00000000 0.00000000
vt 0.00000000 0.00000000
vt 0.00000000 0.00000000
vt 0.00000000 0.00000000
vt 0.00000000 0.00000000
vt 0.00000000 0.00000000
vt 0.00000000 0.00000000
vt 0.00000000 0.00000000
vt 0.00000000 0.00000000
vt 0.00000000 0.00000000
vt 0.00000000 0.00000000
vt 0.00000000 0.00000000
vt 0.00000000 0.00000000
vt 0.00000000 0.00000000
vt 0.00000000 0.00000000
vt 0.00000000 0.00000000
vt 0.00000000 0.00000000
vt 0.00000000 0.00000000
vt 0.00000000 0.00000000
vt 0.00000000 0.00000000
vt 0.00000000 0.00000000
vt 0.00000000 0.00000000
vt 0.00000000 0.00000000
vt 0.00000000 0.00000000
vt 0.00000000 0.00000000
vt 0.00000000 0.00000000
vt 0.00000000 0.00000000
vt 0.00000000 0.00000000
vt 0.00000000 0.00000000
vt 0.00000000 0.00000000
vt 0.00000000 0.00000000
vt 0.00000000 0.00000000
vt 0.00000000 0.00000000
vt 0.00000000 0.00000000
vt 0.00000000 0.00000000
vt 0.00000000 0.00000000
vt 0.00000000 0.00000000
vt 0.00000000 0.00000000
vt 0.00000000 0.00000000
vt 0.00000000 0.00000000
vt 0.00000000 0.00000000
vt 0.00000000 0.00000000
vt 0.00000000 0.00000000
vt 0.00000000 0.00000000
vt 0.00000000 0.00000000
vt 0.00000000 0.00000000
vt 0.00000000 0.00000000
vt 0.00000000 0.00000000
vt 0.00000000 0.00000000
vt 0.00000000 0.00000000
vt 0.00000000 0.00000000
vt 0.00000000 0.00000000
vt 0.00000000 0.00000000
vt 0.00000000 0.00000000
vt 0.00000000 0.00000000
vt 0.00000000 0.00000000
vt 0.00000000 0.00000000
vt 0.00000000 0.00000000
vt 0.00000000 0.00000000
vt 0.00000000 0.00000000
vt 0.00000000 0.00000000
vt 0.00000000 0.00000000
vt 0.00000000 0.00000000
vt 0.00000000 0.00000000
vt 0.00000000 0.00000000
vt 0.00000000 0.00000000
vt 0.00000000 0.00000000
vt 0.00000000 0.00000000
vt 0.00000000 0.00000000
vt 0.00000000 0.00000000
vt 0.00000000 0.00000000
vt 0.00000000 0.00000000
vt 0.00000000 0.00000000
vt 0.00000000 0.00000000
vt 0.00000000 0.00000000
vt 0.00000000 0.00000000
vt 0.00000000 0.00000000
vt 0.00000000 0.00000000
vt 0.00000000 0.00000000
vt 0.00000000 0.00000000
vt 0.00000000 0.00000000
vt 0.00000000 0.00000000
vt 0.00000000 0.00000000
vt 0.00000000 0.00000000
vt 0.00000000 0.00000000
vt 0.00000000 0.00000000
vt 0.00000000 0.00000000
vt 0.00000000 0.00000000
vt 0.00000000 0.00000000
vt 0.00000000 0.00000000
vt 0.00000000 0.00000000
vt 0.00000000 0.00000000
vt 0.00000000 0.00000000
vt 0.00000000 0.00000000
vt 0.00000000 0.00000000
vt 0.00000000 0.00000000
vt 0.00000000 0.00000000
vt 0.00000000 0.00000000
vt 0.00000000 0.00000000
vt 0.00000000 0.00000000
vt 0.00000000 0.00000000
vt 0.00000000 0.00000000
vt 0.00000000 0.00000000
vt 0.00000000 0.00000000
vt 0.00000000 0.00000000
vt 0.00000000 0.00000000
vt 0.00000000 0.00000000
vt 0.00000000 0.00000000
vt 0.00000000 0.00000000
vt 0.00000000 0.00000000
vt 0.00000000 0.00000000
vt 0.00000000 0.00000000
vt 0.00000000 0.00000000
vt 0.00000000 0.00000000
vt 0.00000000 0.00000000
vt 0.00000000 0.00000000
vt 0.00000000 0.00000000
vt 0.00000000 0.00000000
vt 0.00000000 0.00000000
vt 0.00000000 0.00000000
vt 0.00000000 0.00000000
vt 0.00000000 0.00000000
vt 0.00000000 0.00000000
vt 0.00000000 0.00000000
vt 0.00000000 0.00000000
vt 0.00000000 0.00000000
vt 0.00000000 0.00000000
vt 0.00000000 0.00000000
vt 0.00000000 0.00000000
vt 0.00000000 0.00000000
vt 0.00000000 0.00000000
vt 0.00000000 0.00000000
vt 0.00000000 0.00000000
vt 0.00000000 0.00000000
vt 0.00000000 0.00000000
vt 0.00000000 0.00000000
vt 0.00000000 0.00000000
vt 0.00000000 0.00000000
vt 0.00000000 0.00000000
vt 0.00000000 0.00000000
vt 0.00000000 0.00000000
vt 0.00000000 0.00000000
vt 0.00000000 0.00000000
vt 0.00000000 0.00000000
vt 0.00000000 0.00000000
vt 0.00000000 0.00000000
vt 0.00000000 0.00000000
vt 0.00000000 0.00000000
vt 0.00000000 0.00000000
vt 0.00000000 0.00000000
vt 0.00000000 0.00000000
vt 0.00000000 0.00000000
vt 0.00000000 0.00000000
vt 0.00000000 0.00000000
vt 0.00000000 0.00000000
vt 0.00000000 0.00000000
vt 0.00000000 0.00000000
vt 0.00000000 0.00000000
vt 0.00000000 0.00000000
vt 0.00000000 0.00000000
vt 0.00000000 0.00000000
vt 0.00000000 0.00000000
vt 0.00000000 0.00000000
vt 0.00000000 0.00000000
vt 0.00000000 0.00000000
vt 0.00000000 0.00000000
vt 0.00000000 0.00000000
vt 0.00000000 0.00000000
vt 0.00000000 0.00000000
vt 0.00000000 0.00000000
vt 0.00000000 0.00000000
vt 0.00000000 0.00000000
vt 0.00000000 0.00000000
vt 0.00000000 0.00000000
vt 0.00000000 0.00000000
vt 0.00000000 0.00000000
vt 0.00000000 0.00000000
vt 0.00000000 0.00000000
vt 0.00000000 0.00000000
vt 0.00000000 0.00000000
vt 0.00000000 0.00000000
vt 0.00000000 0.00000000
vt 0.00000000 0.00000000
vt 0.00000000 0.00000000
vt 0.00000000 0.00000000
vt 0.00000000 0.00000000
vt 0.00000000 0.00000000
vt 0.00000000 0.00000000
vt 0.00000000 0.00000000
vt 0.00000000 0.00000000
vt 0.00000000 0.00000000
vt 0.00000000 0.00000000
vt 0.00000000 0.00000000
vt 0.00000000 0.00000000
vt 0.00000000 0.00000000
vt 0.00000000 0.00000000
vt 0.00000000 0.00000000
vt 0.00000000 0.00000000
vt 0.00000000 0.00000000
vt 0.00000000 0.00000000
vt 0.00000000 0.00000000
vt 0.00000000 0.00000000
vt 0.00000000 0.00000000
vt 0.00000000 0.00000000
vt 0.00000000 0.00000000
vt 0.00000000 0.00000000
vt 0.00000000 0.00000000
vt 0.00000000 0.00000000
vt 0.00000000 0.00000000
vt 0.00000000 0.00000000
vt 0.00000000 0.00000000
vt 0.00000000 0.00000000
vt 0.00000000 0.00000000
vt 0.00000000 0.00000000
vt 0.00000000 0.00000000
vt 0.00000000 0.00000000
vt 0.00000000 0.00000000
vt 0.00000000 0.00000000
vt 0.00000000 0.00000000
vt 0.00000000 0.00000000
vt 0.00000000 0.00000000
vt 0.00000000 0.00000000
vt 0.00000000 0.00000000
vt 0.00000000 0.00000000
vt 0.00000000 0.00000000
vt 0.00000000 0.00000000
vt 0.00000000 0.00000000
vt 0.00000000 0.00000000
vt 0.00000000 0.00000000
vt 0.00000000 0.00000000
vt 0.00000000 0.00000000
vt 0.00000000 0.00000000
vt 0.00000000 0.00000000
vt 0.00000000 0.00000000
vt 0.00000000 0.00000000
vt 0.00000000 0.00000000
vt 0.00000000 0.00000000
vt 0.00000000 0.00000000
vt 0.00000000 0.00000000
vt 0.00000000 0.00000000
vt 0.00000000 0.00000000
vt 0.00000000 0.00000000
vt 0.00000000 0.00000000
vt 0.00000000 0.00000000
vt 0.00000000 0.00000000
vt 0.00000000 0.00000000
vt 0.00000000 0.00000000
vt 0.00000000 0.00000000
vt 0.00000000 0.00000000
vt 0.00000000 0.00000000
vt 0.00000000 0.00000000
vt 0.00000000 0.00000000
vt 0.00000000 0.00000000
vt 0.00000000 0.00000000
vt 0.00000000 0.00000000
vt 0.00000000 0.00000000
vt 0.00000000 0.00000000
vt 0.00000000 0.00000000
vt 0.00000000 0.00000000
vt 0.00000000 0.00000000
vt 0.00000000 0.00000000
vt 0.00000000 0.00000000
vt 0.00000000 0.00000000
vt 0.00000000 0.00000000
vt 0.00000000 0.00000000
vt 0.00000000 0.00000000
vt 0.00000000 0.00000000
vt 0.00000000 0.00000000
vt 0.00000000 0.00000000
vt 0.00000000 0.00000000
vt 0.00000000 0.00000000
vt 0.00000000 0.00000000
vt 0.00000000 0.00000000
vt 0.00000000 0.00000000
vt 0.00000000 0.00000000
vt 0.00000000 0.00000000
vt 0.00000000 0.00000000
vt 0.00000000 0.00000000
vt 0.00000000 0.00000000
vt 0.00000000 0.00000000
vt 0.00000000 0.00000000
vt 0.00000000 0.00000000
vt 0.00000000 0.00000000
vt 0.00000000 0.00000000
vt 0.00000000 0.00000000
vt 0.00000000 0.00000000
vt 0.00000000 0.00000000
vt 0.00000000 0.00000000
vt 0.00000000 0.00000000
vt 0.00000000 0.00000000
vt 0.00000000 0.00000000
vt 0.00000000 0.00000000
vt 0.00000000 0.00000000
vt 0.00000000 0.00000000
vt 0.00000000 0.00000000
vt 0.00000000 0.00000000
vt 0.00000000 0.00000000
vt 0.00000000 0.00000000
vt 0.00000000 0.00000000
vt 0.00000000 0.00000000
vt 0.00000000 0.00000000
vt 0.00000000 0.00000000
vt 0.00000000 0.00000000
vt 0.00000000 0.00000000
vt 0.00000000 0.00000000
vt 0.00000000 0.00000000
vt 0.00000000 0.00000000
vt 0.00000000 0.00000000
vt 0.00000000 0.00000000
vt 0.00000000 0.00000000
vt 0.00000000 0.00000000
vt 0.00000000 0.00000000
vt 0.00000000 0.00000000
vt 0.00000000 0.00000000
vt 0.00000000 0.00000000
vt 0.00000000 0.00000000
vt 0.00000000 0.00000000
vt 0.00000000 0.00000000
vt 0.00000000 0.00000000
vt 0.00000000 0.00000000
vt 0.00000000 0.00000000
vt 0.00000000 0.00000000
vt 0.00000000 0.00000000
vt 0.00000000 0.00000000
vt 0.00000000 0.00000000
vt 0.00000000 0.00000000
vt 0.00000000 0.00000000
vt 0.00000000 0.00000000
vt 0.00000000 0.00000000
vt 0.00000000 0.00000000
vt 0.00000000 0.00000000
vt 0.00000000 0.00000000
vt 0.00000000 0.00000000
vt 0.00000000 0.00000000
vt 0.00000000 0.00000000
vt 0.00000000 0.00000000
vt 0.00000000 0.00000000
vt 0.00000000 0.00000000
vt 0.00000000 0.00000000
vt 0.00000000 0.00000000
vt 0.00000000 0.00000000
vt 0.00000000 0.00000000
vt 0.00000000 0.00000000
vt 0.00000000 0.00000000
vt 0.00000000 0.00000000
vt 0.00000000 0.00000000
vt 0.00000000 0.00000000
vt 0.00000000 0.00000000
vt 0.00000000 0.00000000
vt 0.00000000 0.00000000
vt 0.00000000 0.00000000
vt 0.00000000 0.00000000
vt 0.00000000 0.00000000
vt 0.00000000 0.00000000
vt 0.00000000 0.00000000
vt 0.00000000 0.00000000
vt 0.00000000 0.00000000
vt 0.00000000 0.00000000
vt 0.00000000 0.00000000
vt 0.00000000 0.00000000
vt 0.00000000 0.00000000
vt 0.00000000 0.00000000
vt 0.00000000 0.00000000
vt 0.00000000 0.00000000
vt 0.00000000 0.00000000
vt 0.00000000 0.00000000
vt 0.00000000 0.00000000
vt 0.00000000 0.00000000
vt 0.00000000 0.00000000
vt 0.00000000 0.00000000
vt 0.00000000 0.00000000
vt 0.00000000 0.00000000
vt 0.00000000 0.00000000
vt 0.00000000 0.00000000
vt 0.00000000 0.00000000
vt 0.00000000 0.00000000
vt 0.00000000 0.00000000
vt 0.00000000 0.00000000
vt 0.00000000 0.00000000
vt 0.00000000 0.00000000
vt 0.00000000 0.00000000
vt 0.00000000 0.00000000
vt 0.00000000 0.00000000
vt 0.00000000 0.00000000
vt 0.00000000 0.00000000
vt 0.00000000 0.00000000
vt 0.00000000 0.00000000
vt 0.00000000 0.00000000
vt 0.00000000 0.00000000
vt 0.00000000 0.00000000
vt 0.00000000 0.00000000
vt 0.00000000 0.00000000
vt 0.00000000 0.00000000
vt 0.00000000 0.00000000
vt 0.00000000 0.00000000
vt 0.00000000 0.00000000
vt 0.00000000 0.00000000
vt 0.00000000 0.00000000
vt 0.00000000 0.00000000
vt 0.00000000 0.00000000
vt 0.00000000 0.00000000
vt 0.00000000 0.00000000
vt 0.00000000 0.00000000
vt 0.00000000 0.00000000
vt 0.00000000 0.00000000
vt 0.00000000 0.00000000
vt 0.00000000 0.00000000
vt 0.00000000 0.00000000
vt 0.00000000 0.00000000
vt 0.00000000 0.00000000
vt 0.00000000 0.00000000
vt 0.00000000 0.00000000
vt 0.00000000 0.00000000
vt 0.00000000 0.00000000
vt 0.00000000 0.00000000
vt 0.00000000 0.00000000
vt 0.00000000 0.00000000
vt 0.00000000 0.00000000
vt 0.00000000 0.00000000
vt 0.00000000 0.00000000
vt 0.00000000 0.00000000
vt 0.00000000 0.00000000
vt 0.00000000 0.00000000
vt 0.00000000 0.00000000
vt 0.00000000 0.00000000
vt 0.00000000 0.00000000
vt 0.00000000 0.00000000
vt 0.00000000 0.00000000
vt 0.00000000 0.00000000
vt 0.00000000 0.00000000
vt 0.00000000 0.00000000
vt 0.00000000 0.00000000
vt 0.00000000 0.00000000
vt 0.00000000 0.00000000
vt 0.00000000 0.00000000
vt 0.00000000 0.00000000
vt 0.00000000 0.00000000
vt 0.00000000 0.00000000
vt 0.00000000 0.00000000
vt 0.00000000 0.00000000
vt 0.00000000 0.00000000
vt 0.00000000 0.00000000
vt 0.00000000 0.00000000
vt 0.00000000 0.00000000
vt 0.00000000 0.00000000
vt 0.00000000 0.00000000
vt 0.00000000 0.00000000
vt 0.00000000 0.00000000
vt 0.00000000 0.00000000
vt 0.00000000 0.00000000
vt 0.00000000 0.00000000
vt 0.00000000 0.00000000
vt 0.00000000 0.00000000
vt 0.00000000 0.00000000
vt 0.00000000 0.00000000
vt 0.00000000 0.00000000
vt 0.00000000 0.00000000
vt 0.00000000 0.00000000
vt 0.00000000 0.00000000
vt 0.00000000 0.00000000
vt 0.00000000 0.00000000
vt 0.00000000 0.00000000
vt 0.00000000 0.00000000
vt 0.00000000 0.00000000
vt 0.00000000 0.00000000
vt 0.00000000 0.00000000
vt 0.00000000 0.00000000
vt 0.00000000 0.00000000
vt 0.00000000 0.00000000
vt 0.00000000 0.00000000
vt 0.00000000 0.00000000
vt 0.00000000 0.00000000
vt 0.00000000 0.00000000
vt 0.00000000 0.00000000
vt 0.00000000 0.00000000
vt 0.00000000 0.00000000
vt 0.00000000 0.00000000
vt 0.00000000 0.00000000
vt 0.00000000 0.00000000
vt 0.00000000 0.00000000
vt 0.00000000 0.00000000
vt 0.00000000 0.00000000
vt 0.00000000 0.00000000
vt 0.00000000 0.00000000
vt 0.00000000 0.00000000
vt 0.00000000 0.00000000
vt 0.00000000 0.00000000
vt 0.00000000 0.00000000
vt 0.00000000 0.00000000
vt 0.00000000 0.00000000
vt 0.00000000 0.00000000
vt 0.00000000 0.00000000
vt 0.00000000 0.00000000
vt 0.00000000 0.00000000
vt 0.00000000 0.00000000
vt 0.00000000 0.00000000
vt 0.00000000 0.00000000
vt 0.00000000 0.00000000
vt 0.00000000 0.00000000
vt 0.00000000 0.00000000
vt 0.00000000 0.00000000
vt 0.00000000 0.00000000
vt 0.00000000 0.00000000
vt 0.00000000 0.00000000
vt 0.00000000 0.00000000
vt 0.00000000 0.00000000
vt 0.00000000 0.00000000
vt 0.00000000 0.00000000
vt 0.00000000 0.00000000
vt 0.00000000 0.00000000
vt 0.00000000 0.00000000
vt 0.00000000 0.00000000
vt 0.00000000 0.00000000
vt 0.00000000 0.00000000
vt 0.00000000 0.00000000
vt 0.00000000 0.00000000
vt 0.00000000 0.00000000
vt 0.00000000 0.00000000
vt 0.00000000 0.00000000
vt 0.00000000 0.00000000
vt 0.00000000 0.00000000
vt 0.00000000 0.00000000
vt 0.00000000 0.00000000
vt 0.00000000 0.00000000
vt 0.00000000 0.00000000
vt 0.00000000 0.00000000
vt 0.00000000 0.00000000
vt 0.00000000 0.00000000
vt 0.00000000 0.00000000
vt 0.00000000 0.00000000
vt 0.00000000 0.00000000
vt 0.00000000 0.00000000
vt 0.00000000 0.00000000
vt 0.00000000 0.00000000
vt 0.00000000 0.00000000
vt 0.00000000 0.00000000
vt 0.00000000 0.00000000
vt 0.00000000 0.00000000
vt 0.00000000 0.00000000
vt 0.00000000 0.00000000
vt 0.00000000 0.00000000
vt 0.00000000 0.00000000
vt 0.00000000 0.00000000
vt 0.00000000 0.00000000
vt 0.00000000 0.00000000
vt 0.00000000 0.00000000
vt 0.00000000 0.00000000
vt 0.00000000 0.00000000
vt 0.00000000 0.00000000
vt 0.00000000 0.00000000
vt 0.00000000 0.00000000
vt 0.00000000 0.00000000
vt 0.00000000 0.00000000
vt 0.00000000 0.00000000
vt 0.00000000 0.00000000
vt 0.00000000 0.00000000
vt 0.00000000 0.00000000
vt 0.00000000 0.00000000
vt 0.00000000 0.00000000
vt 0.00000000 0.00000000
vt 0.00000000 0.00000000
vt 0.00000000 0.00000000
vt 0.00000000 0.00000000
vt 0.00000000 0.00000000
vt 0.00000000 0.00000000
vt 0.00000000 0.00000000
vt 0.00000000 0.00000000
vt 0.00000000 0.00000000
vt 0.00000000 0.00000000
vt 0.00000000 0.00000000
vt 0.00000000 0.00000000
vt 0.00000000 0.00000000
vt 0.00000000 0.00000000
vt 0.00000000 0.00000000
vt 0.00000000 0.00000000
vt 0.00000000 0.00000000
vt 0.00000000 0.00000000
vt 0.00000000 0.00000000
vt 0.00000000 0.00000000
vt 0.00000000 0.00000000
vt 0.00000000 0.00000000
vt 0.00000000 0.00000000
vt 0.00000000 0.00000000
vt 0.00000000 0.00000000
vt 0.00000000 0.00000000
vt 0.00000000 0.00000000
vt 0.00000000 0.00000000
vt 0.00000000 0.00000000
vt 0.00000000 0.00000000
vt 0.00000000 0.00000000
vt 0.00000000 0.00000000
vt 0.00000000 0.00000000
vt 0.00000000 0.00000000
vt 0.00000000 0.00000000
vt 0.00000000 0.00000000
vt 0.00000000 0.00000000
vt 0.00000000 0.00000000
vt 0.00000000 0.00000000
vt 0.00000000 0.00000000
vt 0.00000000 0.00000000
vt 0.00000000 0.00000000
vt 0.00000000 0.00000000
vt 0.00000000 0.00000000
vt 0.00000000 0.00000000
vt 0.00000000 0.00000000
vt 0.00000000 0.00000000
vt 0.00000000 0.00000000
vt 0.00000000 0.00000000
vt 0.00000000 0.00000000
vt 0.00000000 0.00000000
vt 0.00000000 0.00000000
vt 0.00000000 0.00000000
vt 0.00000000 0.00000000
vt 0.00000000 0.00000000
vt 0.00000000 0.00000000
vt 0.00000000 0.00000000
vt 0.00000000 0.00000000
vt 0.00000000 0.00000000
vt 0.00000000 0.00000000
vt 0.00000000 0.00000000
vt 0.00000000 0.00000000
vt 0.00000000 0.00000000
vt 0.00000000 0.00000000
vt 0.00000000 0.00000000
vt 0.00000000 0.00000000
vt 0.00000000 0.00000000
vt 0.00000000 0.00000000
vt 0.00000000 0.00000000
vt 0.00000000 0.00000000
vt 0.00000000 0.00000000
vt 0.00000000 0.00000000
vt 0.00000000 0.00000000
vt 0.00000000 0.00000000
vt 0.00000000 0.00000000
vt 0.00000000 0.00000000
vt 0.00000000 0.00000000
vt 0.00000000 0.00000000
vt 0.00000000 0.00000000
vt 0.00000000 0.00000000
vt 0.00000000 0.00000000
vt 0.00000000 0.00000000
vt 0.00000000 0.00000000
vt 0.00000000 0.00000000
vt 0.00000000 0.00000000
vt 0.00000000 0.00000000
vt 0.00000000 0.00000000
vt 0.00000000 0.00000000
vt 0.00000000 0.00000000
vt 0.00000000 0.00000000
vt 0.00000000 0.00000000
vt 0.00000000 0.00000000
vt 0.00000000 0.00000000
vt 0.00000000 0.00000000
vt 0.00000000 0.00000000
vt 0.00000000 0.00000000
vt 0.00000000 0.00000000
vt 0.00000000 0.00000000
vt 0.00000000 0.00000000
vt 0.00000000 0.00000000
vt 0.00000000 0.00000000
vt 0.00000000 0.00000000
vt 0.00000000 0.00000000
vt 0.00000000 0.00000000
vt 0.00000000 0.00000000
vt 0.00000000 0.00000000
vt 0.00000000 0.00000000
vt 0.00000000 0.00000000
vt 0.00000000 0.00000000
vt 0.00000000 0.00000000
vt 0.00000000 0.00000000
vt 0.00000000 0.00000000
vt 0.00000000 0.00000000
vt 0.00000000 0.00000000
vt 0.00000000 0.00000000
vt 0.00000000 0.00000000
vt 0.00000000 0.00000000
vt 0.00000000 0.00000000
vt 0.00000000 0.00000000
vt 0.00000000 0.00000000
vt 0.00000000 0.00000000
vt 0.00000000 0.00000000
vt 0.00000000 0.00000000
vt 0.00000000 0.00000000
vt 0.00000000 0.00000000
vt 0.00000000 0.00000000
vt 0.00000000 0.00000000
vt 0.00000000 0.00000000
vt 0.00000000 0.00000000
vt 0.00000000 0.00000000
vt 0.00000000 0.00000000
vt 0.00000000 0.00000000
vt 0.00000000 0.00000000
vt 0.00000000 0.00000000
vt 0.00000000 0.00000000
vt 0.00000000 0.00000000
vt 0.00000000 0.00000000
vt 0.00000000 0.00000000
vt 0.00000000 0.00000000
vt 0.00000000 0.00000000
vt 0.00000000 0.00000000
vt 0.00000000 0.00000000
vt 0.00000000 0.00000000
vt 0.00000000 0.00000000
vt 0.00000000 0.00000000
vt 0.00000000 0.00000000
vt 0.00000000 0.00000000
vt 0.00000000 0.00000000
vt 0.00000000 0.00000000
vt 0.00000000 0.00000000
vt 0.00000000 0.00000000
vt 0.00000000 0.00000000
vt 0.00000000 0.00000000
vt 0.00000000 0.00000000
vt 0.00000000 0.00000000
vt 0.00000000 0.00000000
vt 0.00000000 0.00000000
vt 0.00000000 0.00000000
vt 0.00000000 0.00000000
vt 0.00000000 0.00000000
vt 0.00000000 0.00000000
vt 0.00000000 0.00000000
vt 0.00000000 0.00000000
vt 0.00000000 0.00000000
vt 0.00000000 0.00000000
vt 0.00000000 0.00000000
vt 0.00000000 0.00000000
vt 0.00000000 0.00000000
vt 0.00000000 0.00000000
vt 0.00000000 0.00000000
vt 0.00000000 0.00000000
vt 0.00000000 0.00000000
vt 0.00000000 0.00000000
vt 0.00000000 0.00000000
vt 0.00000000 0.00000000
vt 0.00000000 0.00000000
vt 0.00000000 0.00000000
vt 0.00000000 0.00000000
vt 0.00000000 0.00000000
vt 0.00000000 0.00000000
vt 0.00000000 0.00000000
vt 0.00000000 0.00000000
vt 0.00000000 0.00000000
vt 0.00000000 0.00000000
vt 0.00000000 0.00000000
vt 0.00000000 0.00000000
vt 0.00000000 0.00000000
vt 0.00000000 0.00000000
vt 0.00000000 0.00000000
vt 0.00000000 0.00000000
vt 0.00000000 0.00000000
vt 0.00000000 0.00000000
vt 0.00000000 0.00000000
vt 0.00000000 0.00000000
vt 0.00000000 0.00000000
vt 0.00000000 0.00000000
vt 0.00000000 0.00000000
vt 0.00000000 0.00000000
vt 0.00000000 0.00000000
vt 0.00000000 0.00000000
vt 0.00000000 0.00000000
vt 0.00000000 0.00000000
vt 0.00000000 0.00000000
vt 0.00000000 0.00000000
vt 0.00000000 0.00000000
vt 0.00000000 0.00000000
vt 0.00000000 0.00000000
vt 0.00000000 0.00000000
vt 0.00000000 0.00000000
vt 0.00000000 0.00000000
vt 0.00000000 0.00000000
vt 0.00000000 0.00000000
vt 0.00000000 0.00000000
vt 0.00000000 0.00000000
vt 0.00000000 0.00000000
vt 0.00000000 0.00000000
vt 0.00000000 0.00000000
vt 0.00000000 0.00000000
vt 0.00000000 0.00000000
vt 0.00000000 0.00000000
vt 0.00000000 0.00000000
vt 0.00000000 0.00000000
vt 0.00000000 0.00000000
vt 0.00000000 0.00000000
vt 0.00000000 0.00000000
vt 0.00000000 0.00000000
vt 0.00000000 0.00000000
vt 0.00000000 0.00000000
vt 0.00000000 0.00000000
vt 0.00000000 0.00000000
vt 0.00000000 0.00000000
vt 0.00000000 0.00000000
vt 0.00000000 0.00000000
vt 0.00000000 0.00000000
vt 0.00000000 0.00000000
vt 0.00000000 0.00000000
vt 0.00000000 0.00000000
vt 0.00000000 0.00000000
vt 0.00000000 0.00000000
vt 0.00000000 0.00000000
vt 0.00000000 0.00000000
vt 0.00000000 0.00000000
vt 0.00000000 0.00000000
vt 0.00000000 0.00000000
vt 0.00000000 0.00000000
vt 0.00000000 0.00000000
vt 0.00000000 0.00000000
vt 0.00000000 0.00000000
vt 0.00000000 0.00000000
vt 0.00000000 0.00000000
vt 0.00000000 0.00000000
vt 0.00000000 0.00000000
vt 0.00000000 0.00000000
vt 0.00000000 0.00000000
vt 0.00000000 0.00000000
vt 0.00000000 0.00000000
vt 0.00000000 0.00000000
vt 0.00000000 0.00000000
vt 0.00000000 0.00000000
vt 0.00000000 0.00000000
vt 0.00000000 0.00000000
vt 0.00000000 0.00000000
vt 0.00000000 0.00000000
vt 0.00000000 0.00000000
vt 0.00000000 0.00000000
vt 0.00000000 0.00000000
vt 0.00000000 0.00000000
vt 0.00000000 0.00000000
vt 0.00000000 0.00000000
vt 0.00000000 0.00000000
vt 0.00000000 0.00000000
vt 0.00000000 0.00000000
vt 0.00000000 0.00000000
vt 0.00000000 0.00000000
vt 0.00000000 0.00000000
vt 0.00000000 0.00000000
vt 0.00000000 0.00000000
vt 0.00000000 0.00000000
vt 0.00000000 0.00000000
vt 0.00000000 0.00000000
vt 0.00000000 0.00000000
vt 0.00000000 0.00000000
vt 0.00000000 0.00000000
vt 0.00000000 0.00000000
vt 0.00000000 0.00000000
vt 0.00000000 0.00000000
vt 0.00000000 0.00000000
vt 0.00000000 0.00000000
vt 0.00000000 0.00000000
vt 0.00000000 0.00000000
vt 0.00000000 0.00000000
vt 0.00000000 0.00000000
vt 0.00000000 0.00000000
vt 0.00000000 0.00000000
vt 0.00000000 0.00000000
vt 0.00000000 0.00000000
vt 0.00000000 0.00000000
vt 0.00000000 0.00000000
vt 0.00000000 0.00000000
vt 0.00000000 0.00000000
vt 0.00000000 0.00000000
vt 0.00000000 0.00000000
vt 0.00000000 0.00000000
vt 0.00000000 0.00000000
vt 0.00000000 0.00000000
vt 0.00000000 0.00000000
vt 0.00000000 0.00000000
vt 0.00000000 0.00000000
vt 0.00000000 0.00000000
vt 0.00000000 0.00000000
vt 0.00000000 0.00000000
vt 0.00000000 0.00000000
vt 0.00000000 0.00000000
vt 0.00000000 0.00000000
vt 0.00000000 0.00000000
vt 0.00000000 0.00000000
vt 0.00000000 0.00000000
vt 0.00000000 0.00000000
vt 0.00000000 0.00000000
vt 0.00000000 0.00000000
vt 0.00000000 0.00000000
vt 0.00000000 0.00000000
vt 0.00000000 0.00000000
vt 0.00000000 0.00000000
vt 0.00000000 0.00000000
vt 0.00000000 0.00000000
vt 0.00000000 0.00000000
vt 0.00000000 0.00000000
vt 0.00000000 0.00000000
vt 0.00000000 0.00000000
vt 0.00000000 0.00000000
vt 0.00000000 0.00000000
vt 0.00000000 0.00000000
vt 0.00000000 0.00000000
vt 0.00000000 0.00000000
vt 0.00000000 0.00000000
vt 0.00000000 0.00000000
vt 0.00000000 0.00000000
vt 0.00000000 0.00000000
vt 0.00000000 0.00000000
vt 0.00000000 0.00000000
vt 0.00000000 0.00000000
vt 0.00000000 0.00000000
vt 0.00000000 0.00000000
vt 0.00000000 0.00000000
vt 0.00000000 0.00000000
vt 0.00000000 0.00000000
vt 0.00000000 0.00000000
vt 0.00000000 0.00000000
vt 0.00000000 0.00000000
vt 0.00000000 0.00000000
vt 0.00000000 0.00000000
vt 0.00000000 0.00000000
vt 0.00000000 0.00000000
vt 0.00000000 0.00000000
vt 0.00000000 0.00000000
vt 0.00000000 0.00000000
vt 0.00000000 0.00000000
vt 0.00000000 0.00000000
vt 0.00000000 0.00000000
vt 0.00000000 0.00000000
vt 0.00000000 0.00000000
vt 0.00000000 0.00000000
vt 0.00000000 0.00000000
vt 0.00000000 0.00000000
vt 0.00000000 0.00000000
vt 0.00000000 0.00000000
vt 0.00000000 0.00000000
vt 0.00000000 0.00000000
vt 0.00000000 0.00000000
vt 0.00000000 0.00000000
vt 0.00000000 0.00000000
vt 0.00000000 0.00000000
vt 0.00000000 0.00000000
vt 0.00000000 0.00000000
vt 0.00000000 0.00000000
vt 0.00000000 0.00000000
vt 0.00000000 0.00000000
vt 0.00000000 0.00000000
vt 0.00000000 0.00000000
vt 0.00000000 0.00000000
vt 0.00000000 0.00000000
vt 0.00000000 0.00000000
vt 0.00000000 0.00000000
vt 0.00000000 0.00000000
vt 0.00000000 0.00000000
vt 0.00000000 0.00000000
vt 0.00000000 0.00000000
vt 0.00000000 0.00000000
vt 0.00000000 0.00000000
vt 0.00000000 0.00000000
vt 0.00000000 0.00000000
vt 0.00000000 0.00000000
vt 0.00000000 0.00000000
vt 0.00000000 0.00000000
vt 0.00000000 0.00000000
vt 0.00000000 0.00000000
vt 0.00000000 0.00000000
vt 0.00000000 0.00000000
vt 0.00000000 0.00000000
vt 0.00000000 0.00000000
vt 0.00000000 0.00000000
vt 0.00000000 0.00000000
vt 0.00000000 0.00000000
vt 0.00000000 0.00000000
vt 0.00000000 0.00000000
vt 0.00000000 0.00000000
vt 0.00000000 0.00000000
vt 0.00000000 0.00000000
vt 0.00000000 0.00000000
vt 0.00000000 0.00000000
vt 0.00000000 0.00000000
vt 0.00000000 0.00000000
vt 0.00000000 0.00000000
vt 0.00000000 0.00000000
vt 0.00000000 0.00000000
vt 0.00000000 0.00000000
vt 0.00000000 0.00000000
vt 0.00000000 0.00000000
vt 0.00000000 0.00000000
vt 0.00000000 0.00000000
vt 0.00000000 0.00000000
vt 0.00000000 0.00000000
vt 0.00000000 0.00000000
vt 0.00000000 0.00000000
vt 0.00000000 0.00000000
vt 0.00000000 0.00000000
vt 0.00000000 0.00000000
vt 0.00000000 0.00000000
vt 0.00000000 0.00000000
vt 0.00000000 0.00000000
vt 0.00000000 0.00000000
vt 0.00000000 0.00000000
vt 0.00000000 0.00000000
vt 0.00000000 0.00000000
vt 0.00000000 0.00000000
vt 0.00000000 0.00000000
vt 0.00000000 0.00000000
vt 0.00000000 0.00000000
vt 0.00000000 0.00000000
vt 0.00000000 0.00000000
vt 0.00000000 0.00000000
vt 0.00000000 0.00000000
vt 0.00000000 0.00000000
vt 0.00000000 0.00000000
vt 0.00000000 0.00000000
vt 0.00000000 0.00000000
vt 0.00000000 0.00000000
vt 0.00000000 0.00000000
vt 0.00000000 0.00000000
vt 0.00000000 0.00000000
vt 0.00000000 0.00000000
vt 0.00000000 0.00000000
vt 0.00000000 0.00000000
vt 0.00000000 0.00000000
vt 0.00000000 0.00000000
vt 0.00000000 0.00000000
vt 0.00000000 0.00000000
vt 0.00000000 0.00000000
vt 0.00000000 0.00000000
vt 0.00000000 0.00000000
vt 0.00000000 0.00000000
vt 0.00000000 0.00000000
vt 0.00000000 0.00000000
vt 0.00000000 0.00000000
vt 0.00000000 0.00000000
vt 0.00000000 0.00000000
vt 0.00000000 0.00000000
vt 0.00000000 0.00000000
vt 0.00000000 0.00000000
vt 0.00000000 0.00000000
vt 0.00000000 0.00000000
vt 0.00000000 0.00000000
vt 0.00000000 0.00000000
vt 0.00000000 0.00000000
vt 0.00000000 0.00000000
vt 0.00000000 0.00000000
vt 0.00000000 0.00000000
vt 0.00000000 0.00000000
vt 0.00000000 0.00000000
vt 0.00000000 0.00000000
vt 0.00000000 0.00000000
vt 0.00000000 0.00000000
vt 0.00000000 0.00000000
vt 0.00000000 0.00000000
vt 0.00000000 0.00000000
vt 0.00000000 0.00000000
vt 0.00000000 0.00000000
vt 0.00000000 0.00000000
vt 0.00000000 0.00000000
vt 0.00000000 0.00000000
vt 0.00000000 0.00000000
vt 0.00000000 0.00000000
vt 0.00000000 0.00000000
vt 0.00000000 0.00000000
vt 0.00000000 0.00000000
vt 0.00000000 0.00000000
vt 0.00000000 0.00000000
vt 0.00000000 0.00000000
vt 0.00000000 0.00000000
vt 0.00000000 0.00000000
vt 0.00000000 0.00000000
vt 0.00000000 0.00000000
vt 0.00000000 0.00000000
vt 0.00000000 0.00000000
vt 0.00000000 0.00000000
vt 0.00000000 0.00000000
vt 0.00000000 0.00000000
vt 0.00000000 0.00000000
vt 0.00000000 0.00000000
vt 0.00000000 0.00000000
vt 0.00000000 0.00000000
vt 0.00000000 0.00000000
vt 0.00000000 0.00000000
vt 0.00000000 0.00000000
vt 0.00000000 0.00000000
vt 0.00000000 0.00000000
vt 0.00000000 0.00000000
vt 0.00000000 0.00000000
vt 0.00000000 0.00000000
vt 0.00000000 0.00000000
vt 0.00000000 0.00000000
vt 0.00000000 0.00000000
vt 0.00000000 0.00000000
vt 0.00000000 0.00000000
vt 0.00000000 0.00000000
vt 0.00000000 0.00000000
vt 0.00000000 0.00000000
vt 0.00000000 0.00000000
vt 0.00000000 0.00000000
vt 0.00000000 0.00000000
vt 0.00000000 0.00000000
vt 0.00000000 0.00000000
vt 0.00000000 0.00000000
vt 0.00000000 0.00000000
vt 0.00000000 0.00000000
vt 0.00000000 0.00000000
vt 0.00000000 0.00000000
vt 0.00000000 0.00000000
vt 0.00000000 0.00000000
vt 0.00000000 0.00000000
vt 0.00000000 0.00000000
vt 0.00000000 0.00000000
vt 0.00000000 0.00000000
vt 0.00000000 0.00000000
vt 0.00000000 0.00000000
vt 0.00000000 0.00000000
vt 0.00000000 0.00000000
vt 0.00000000 0.00000000
vt 0.00000000 0.00000000
vt 0.00000000 0.00000000
vt 0.00000000 0.00000000
vt 0.00000000 0.00000000
vt 0.00000000 0.00000000
vt 0.00000000 0.00000000
vt 0.00000000 0.00000000
vt 0.00000000 0.00000000
vt 0.00000000 0.00000000
vt 0.00000000 0.00000000
vt 0.00000000 0.00000000
vt 0.00000000 0.00000000
vt 0.00000000 0.00000000
vt 0.00000000 0.00000000
vt 0.00000000 0.00000000
vt 0.00000000 0.00000000
vt 0.00000000 0.00000000
vt 0.00000000 0.00000000
vt 0.00000000 0.00000000
vt 0.00000000 0.00000000
vt 0.00000000 0.00000000
vt 0.00000000 0.00000000
vt 0.00000000 0.00000000
vt 0.00000000 0.00000000
vt 0.00000000 0.00000000
vt 0.00000000 0.00000000
vt 0.00000000 0.00000000
vt 0.00000000 0.00000000
vt 0.00000000 0.00000000
vt 0.00000000 0.00000000
vt 0.00000000 0.00000000
vt 0.00000000 0.00000000
vt 0.00000000 0.00000000
vt 0.00000000 0.00000000
vt 0.00000000 0.00000000
vt 0.00000000 0.00000000
vt 0.00000000 0.00000000
vt 0.00000000 0.00000000
vt 0.00000000 0.00000000
vt 0.00000000 0.00000000
vt 0.00000000 0.00000000
vt 0.00000000 0.00000000
vt 0.00000000 0.00000000
vt 0.00000000 0.00000000
vt 0.00000000 0.00000000
vt 0.00000000 0.00000000
vt 0.00000000 0.00000000
vt 0.00000000 0.00000000
vt 0.00000000 0.00000000
vt 0.00000000 0.00000000
vt 0.00000000 0.00000000
vt 0.00000000 0.00000000
vt 0.00000000 0.00000000
vt 0.00000000 0.00000000
vt 0.00000000 0.00000000
vt 0.00000000 0.00000000
vt 0.00000000 0.00000000
vt 0.00000000 0.00000000
vt 0.00000000 0.00000000
vt 0.00000000 0.00000000
vt 0.00000000 0.00000000
vt 0.00000000 0.00000000
vt 0.00000000 0.00000000
vt 0.00000000 0.00000000
vt 0.00000000 0.00000000
vt 0.00000000 0.00000000
vt 0.00000000 0.00000000
vt 0.00000000 0.00000000
vt 0.00000000 0.00000000
vt 0.00000000 0.00000000
vt 0.00000000 0.00000000
vt 0.00000000 0.00000000
vt 0.00000000 0.00000000
vt 0.00000000 0.00000000
vt 0.00000000 0.00000000
vt 0.00000000 0.00000000
vt 0.00000000 0.00000000
vt 0.00000000 0.00000000
vt 0.00000000 0.00000000
vt 0.00000000 0.00000000
vt 0.00000000 0.00000000
vt 0.00000000 0.00000000
vt 0.00000000 0.00000000
vt 0.00000000 0.00000000
vt 0.00000000 0.00000000
vt 0.00000000 0.00000000
vt 0.00000000 0.00000000
vt 0.00000000 0.00000000
vt 0.00000000 0.00000000
vt 0.00000000 0.00000000
vt 0.00000000 0.00000000
vt 0.00000000 0.00000000
vt 0.00000000 0.00000000
vt 0.00000000 0.00000000
vt 0.00000000 0.00000000
vt 0.00000000 0.00000000
vt 0.00000000 0.00000000
vt 0.00000000 0.00000000
vt 0.00000000 0.00000000
vt 0.00000000 0.00000000
vt 0.00000000 0.00000000
vt 0.00000000 0.00000000
vt 0.00000000 0.00000000
vt 0.00000000 0.00000000
vt 0.00000000 0.00000000
vt 0.00000000 0.00000000
vt 0.00000000 0.00000000
vt 0.00000000 0.00000000
vt 0.00000000 0.00000000
vt 0.00000000 0.00000000
vt 0.00000000 0.00000000
vt 0.00000000 0.00000000
vt 0.00000000 0.00000000
vt 0.00000000 0.00000000
vt 0.00000000 0.00000000
vt 0.00000000 0.00000000
vt 0.00000000 0.00000000
vt 0.00000000 0.00000000
vt 0.00000000 0.00000000
vt 0.00000000 0.00000000
vt 0.00000000 0.00000000
vt 0.00000000 0.00000000
vt 0.00000000 0.00000000
vt 0.00000000 0.00000000
vt 0.00000000 0.00000000
vt 0.00000000 0.00000000
vt 0.00000000 0.00000000
vt 0.00000000 0.00000000
vt 0.00000000 0.00000000
vt 0.00000000 0.00000000
vt 0.00000000 0.00000000
vt 0.00000000 0.00000000
vt 0.00000000 0.00000000
vt 0.00000000 0.00000000
vt 0.00000000 0.00000000
vt 0.00000000 0.00000000
vt 0.00000000 0.00000000
vt 0.00000000 0.00000000
vt 0.00000000 0.00000000
vt 0.00000000 0.00000000
vt 0.00000000 0.00000000
vt 0.00000000 0.00000000
vt 0.00000000 0.00000000
vt 0.00000000 0.00000000
vt 0.00000000 0.00000000
vt 0.00000000 0.00000000
vt 0.00000000 0.00000000
vt 0.00000000 0.00000000
vt 0.00000000 0.00000000
vt 0.00000000 0.00000000
vt 0.00000000 0.00000000
vt 0.00000000 0.00000000
vt 0.00000000 0.00000000
vt 0.00000000 0.00000000
vt 0.00000000 0.00000000
vt 0.00000000 0.00000000
vt 0.00000000 0.00000000
vt 0.00000000 0.00000000
vt 0.00000000 0.00000000
vt 0.00000000 0.00000000
vt 0.00000000 0.00000000
vt 0.00000000 0.00000000
vt 0.00000000 0.00000000
vt 0.00000000 0.00000000
vt 0.00000000 0.00000000
vt 0.00000000 0.00000000
vt 0.00000000 0.00000000
vt 0.00000000 0.00000000
vt 0.00000000 0.00000000
vt 0.00000000 0.00000000
vt 0.00000000 0.00000000
vt 0.00000000 0.00000000
vt 0.00000000 0.00000000
vt 0.00000000 0.00000000
vt 0.00000000 0.00000000
vt 0.00000000 0.00000000
vt 0.00000000 0.00000000
vt 0.00000000 0.00000000
vt 0.00000000 0.00000000
vt 0.00000000 0.00000000
vt 0.00000000 0.00000000
vt 0.00000000 0.00000000
vt 0.00000000 0.00000000
vt 0.00000000 0.00000000
vt 0.00000000 0.00000000
vt 0.00000000 0.00000000
vt 0.00000000 0.00000000
vt 0.00000000 0.00000000
vt 0.00000000 0.00000000
vt 0.00000000 0.00000000
vt 0.00000000 0.00000000
vt 0.00000000 0.00000000
vt 0.00000000 0.00000000
vt 0.00000000 0.00000000
vt 0.00000000 0.00000000
vt 0.00000000 0.00000000
vt 0.00000000 0.00000000
vt 0.00000000 0.00000000
vt 0.00000000 0.00000000
vt 0.00000000 0.00000000
vt 0.00000000 0.00000000
vt 0.00000000 0.00000000
vt 0.00000000 0.00000000
vt 0.00000000 0.00000000
vt 0.00000000 0.00000000
vt 0.00000000 0.00000000
vt 0.00000000 0.00000000
vt 0.00000000 0.00000000
vt 0.00000000 0.00000000
vt 0.00000000 0.00000000
vt 0.00000000 0.00000000
vt 0.00000000 0.00000000
vt 0.00000000 0.00000000
vt 0.00000000 0.00000000
vt 0.00000000 0.00000000
vt 0.00000000 0.00000000
vt 0.00000000 0.00000000
vt 0.00000000 0.00000000
vt 0.00000000 0.00000000
vt 0.00000000 0.00000000
vt 0.00000000 0.00000000
vt 0.00000000 0.00000000
vt 0.00000000 0.00000000
vt 0.00000000 0.00000000
vt 0.00000000 0.00000000
vt 0.00000000 0.00000000
vt 0.00000000 0.00000000
vt 0.00000000 0.00000000
vt 0.00000000 0.00000000
vt 0.00000000 0.00000000
vt 0.00000000 0.00000000
vt 0.00000000 0.00000000
vt 0.00000000 0.00000000
vt 0.00000000 0.00000000
vt 0.00000000 0.00000000
vt 0.00000000 0.00000000
vt 0.00000000 0.00000000
vt 0.00000000 0.00000000
vt 0.00000000 0.00000000
vt 0.00000000 0.00000000
vt 0.00000000 0.00000000
vt 0.00000000 0.00000000
vt 0.00000000 0.00000000
vt 0.00000000 0.00000000
vt 0.00000000 0.00000000
vt 0.00000000 0.00000000
vt 0.00000000 0.00000000
vt 0.00000000 0.00000000
vt 0.00000000 0.00000000
vt 0.00000000 0.00000000
vt 0.00000000 0.00000000
vt 0.00000000 0.00000000
vt 0.00000000 0.00000000
vt 0.00000000 0.00000000
vt 0.00000000 0.00000000
vt 0.00000000 0.00000000
vt 0.00000000 0.00000000
vt 0.00000000 0.00000000
vt 0.00000000 0.00000000
vt 0.00000000 0.00000000
vt 0.00000000 0.00000000
vt 0.00000000 0.00000000
vt 0.00000000 0.00000000
vt 0.00000000 0.00000000
vt 0.00000000 0.00000000
vt 0.00000000 0.00000000
vt 0.00000000 0.00000000
vt 0.00000000 0.00000000
vt 0.00000000 0.00000000
vt 0.00000000 0.00000000
vt 0.00000000 0.00000000
vt 0.00000000 0.00000000
vt 0.00000000 0.00000000
vt 0.00000000 0.00000000
vt 0.00000000 0.00000000
vt 0.00000000 0.00000000
vt 0.00000000 0.00000000
vt 0.00000000 0.00000000
vt 0.00000000 0.00000000
vt 0.00000000 0.00000000
vt 0.00000000 0.00000000
vt 0.00000000 0.00000000
vt 0.00000000 0.00000000
vt 0.00000000 0.00000000
vt 0.00000000 0.00000000
vt 0.00000000 0.00000000
vt 0.00000000 0.00000000
vt 0.00000000 0.00000000
vt 0.00000000 0.00000000
vt 0.00000000 0.00000000
vt 0.00000000 0.00000000
vt 0.00000000 0.00000000
vt 0.00000000 0.00000000
vt 0.00000000 0.00000000
vt 0.00000000 0.00000000
vt 0.00000000 0.00000000
vt 0.00000000 0.00000000
vt 0.00000000 0.00000000
vt 0.00000000 0.00000000
vt 0.00000000 0.00000000
vt 0.00000000 0.00000000
vt 0.00000000 0.00000000
vt 0.00000000 0.00000000
vt 0.00000000 0.00000000
vt 0.00000000 0.00000000
vt 0.00000000 0.00000000
vt 0.00000000 0.00000000
vt 0.00000000 0.00000000
vt 0.00000000 0.00000000
vt 0.00000000 0.00000000
vt 0.00000000 0.00000000
vt 0.00000000 0.00000000
vt 0.00000000 0.00000000
vt 0.00000000 0.00000000
vt 0.00000000 0.00000000
vt 0.00000000 0.00000000
vt 0.00000000 0.00000000
vt 0.00000000 0.00000000
vt 0.00000000 0.00000000
vt 0.00000000 0.00000000
vt 0.00000000 0.00000000
vt 0.00000000 0.00000000
vt 0.00000000 0.00000000
vt 0.00000000 0.00000000
vt 0.00000000 0.00000000
vt 0.00000000 0.00000000
vt 0.00000000 0.00000000
vt 0.00000000 0.00000000
vt 0.00000000 0.00000000
vt 0.00000000 0.00000000
vt 0.00000000 0.00000000
vt 0.00000000 0.00000000
vt 0.00000000 0.00000000
vt 0.00000000 0.00000000
vt 0.00000000 0.00000000
vt 0.00000000 0.00000000
vt 0.00000000 0.00000000
vt 0.00000000 0.00000000
vt 0.00000000 0.00000000
vt 0.00000000 0.00000000
vt 0.00000000 0.00000000
vt 0.00000000 0.00000000
vt 0.00000000 0.00000000
vt 0.00000000 0.00000000
vt 0.00000000 0.00000000
vt 0.00000000 0.00000000
vt 0.00000000 0.00000000
vt 0.00000000 0.00000000
vt 0.00000000 0.00000000
vt 0.00000000 0.00000000
vt 0.00000000 0.00000000
vt 0.00000000 0.00000000
vt 0.00000000 0.00000000
vt 0.00000000 0.00000000
vt 0.00000000 0.00000000
vt 0.00000000 0.00000000
vt 0.00000000 0.00000000
vt 0.00000000 0.00000000
vt 0.00000000 0.00000000
vt 0.00000000 0.00000000
vt 0.00000000 0.00000000
vt 0.00000000 0.00000000
vt 0.00000000 0.00000000
vt 0.00000000 0.00000000
vt 0.00000000 0.00000000
vt 0.00000000 0.00000000
vt 0.00000000 0.00000000
vt 0.00000000 0.00000000
vt 0.00000000 0.00000000
vt 0.00000000 0.00000000
vt 0.00000000 0.00000000
vt 0.00000000 0.00000000
vt 0.00000000 0.00000000
vt 0.00000000 0.00000000
vt 0.00000000 0.00000000
vt 0.00000000 0.00000000
vt 0.00000000 0.00000000
vt 0.00000000 0.00000000
vt 0.00000000 0.00000000
vt 0.00000000 0.00000000
vt 0.00000000 0.00000000
vt 0.00000000 0.00000000
vt 0.00000000 0.00000000
vt 0.00000000 0.00000000
vt 0.00000000 0.00000000
vt 0.00000000 0.00000000
vt 0.00000000 0.00000000
vt 0.00000000 0.00000000
vt 0.00000000 0.00000000
vt 0.00000000 0.00000000
vt 0.00000000 0.00000000
vt 0.00000000 0.00000000
vt 0.00000000 0.00000000
vt 0.00000000 0.00000000
vt 0.00000000 0.00000000
vt 0.00000000 0.00000000
vt 0.00000000 0.00000000
vt 0.00000000 0.00000000
vt 0.00000000 0.00000000
vt 0.00000000 0.00000000
vt 0.00000000 0.00000000
vt 0.00000000 0.00000000
vt 0.00000000 0.00000000
vt 0.00000000 0.00000000
vt 0.00000000 0.00000000
vt 0.00000000 0.00000000
vt 0.00000000 0.00000000
vt 0.00000000 0.00000000
vt 0.00000000 0.00000000
vt 0.00000000 0.00000000
vt 0.00000000 0.00000000
vt 0.00000000 0.00000000
vt 0.00000000 0.00000000
vt 0.00000000 0.00000000
vt 0.00000000 0.00000000
vt 0.00000000 0.00000000
vt 0.00000000 0.00000000
vt 0.00000000 0.00000000
vt 0.00000000 0.00000000
vt 0.00000000 0.00000000
vt 0.00000000 0.00000000
vt 0.00000000 0.00000000
vt 0.00000000 0.00000000
vt 0.00000000 0.00000000
vt 0.00000000 0.00000000
vt 0.00000000 0.00000000
vt 0.00000000 0.00000000
vt 0.00000000 0.00000000
vt 0.00000000 0.00000000
vt 0.00000000 0.00000000
vt 0.00000000 0.00000000
vt 0.00000000 0.00000000
vt 0.00000000 0.00000000
vt 0.00000000 0.00000000
vt 0.00000000 0.00000000
vt 0.00000000 0.00000000
vt 0.00000000 0.00000000
vt 0.00000000 0.00000000
vt 0.00000000 0.00000000
vt 0.00000000 0.00000000
vt 0.00000000 0.00000000
vt 0.00000000 0.00000000
vt 0.00000000 0.00000000
vt 0.00000000 0.00000000
vt 0.00000000 0.00000000
vt 0.00000000 0.00000000
vt 0.00000000 0.00000000
vt 0.00000000 0.00000000
vt 0.00000000 0.00000000
vt 0.00000000 0.00000000
vt 0.00000000 0.00000000
vt 0.00000000 0.00000000
vt 0.00000000 0.00000000
vt 0.00000000 0.00000000
vt 0.00000000 0.00000000
vt 0.00000000 0.00000000
vt 0.00000000 0.00000000
vt 0.00000000 0.00000000
vt 0.00000000 0.00000000
vt 0.00000000 0.00000000
vt 0.00000000 0.00000000
vt 0.00000000 0.00000000
vt 0.00000000 0.00000000
vt 0.00000000 0.00000000
vt 0.00000000 0.00000000
vt 0.00000000 0.00000000
vt 0.00000000 0.00000000
vt 0.00000000 0.00000000
vt 0.00000000 0.00000000
vt 0.00000000 0.00000000
vt 0.00000000 0.00000000
vt 0.00000000 0.00000000
vt 0.00000000 0.00000000
vt 0.00000000 0.00000000
vt 0.00000000 0.00000000
vt 0.00000000 0.00000000
vt 0.00000000 0.00000000
vt 0.00000000 0.00000000
vt 0.00000000 0.00000000
vt 0.00000000 0.00000000
vt 0.00000000 0.00000000
vt 0.00000000 0.00000000
vt 0.00000000 0.00000000
vt 0.00000000 0.00000000
vt 0.00000000 0.00000000
vt 0.00000000 0.00000000
vt 0.00000000 0.00000000
vt 0.00000000 0.00000000
vt 0.00000000 0.00000000
vt 0.00000000 0.00000000
vt 0.00000000 0.00000000
vt 0.00000000 0.00000000
vt 0.00000000 0.00000000
vt 0.00000000 0.00000000
vt 0.00000000 0.00000000
vt 0.00000000 0.00000000
vt 0.00000000 0.00000000
vt 0.00000000 0.00000000
vt 0.00000000 0.00000000
vt 0.00000000 0.00000000
vt 0.00000000 0.00000000
vt 0.00000000 0.00000000
vt 0.00000000 0.00000000
vt 0.00000000 0.00000000
vt 0.00000000 0.00000000
vt 0.00000000 0.00000000
vt 0.00000000 0.00000000
vt 0.00000000 0.00000000
vt 0.00000000 0.00000000
vt 0.00000000 0.00000000
vt 0.00000000 0.00000000
vt 0.00000000 0.00000000
vt 0.00000000 0.00000000
vt 0.00000000 0.00000000
vt 0.00000000 0.00000000
vt 0.00000000 0.00000000
vt 0.00000000 0.00000000
vt 0.00000000 0.00000000
vt 0.00000000 0.00000000
vt 0.00000000 0.00000000
vt 0.00000000 0.00000000
vt 0.00000000 0.00000000
vt 0.00000000 0.00000000
vt 0.00000000 0.00000000
vt 0.00000000 0.00000000
vt 0.00000000 0.00000000
vt 0.00000000 0.00000000
vt 0.00000000 0.00000000
vt 0.00000000 0.00000000
vt 0.00000000 0.00000000
vt 0.00000000 0.00000000
vt 0.00000000 0.00000000
vt 0.00000000 0.00000000
vt 0.00000000 0.00000000
vt 0.00000000 0.00000000
vt 0.00000000 0.00000000
vt 0.00000000 0.00000000
vt 0.00000000 0.00000000
vt 0.00000000 0.00000000
vt 0.00000000 0.00000000
vt 0.00000000 0.00000000
vt 0.00000000 0.00000000
vt 0.00000000 0.00000000
vt 0.00000000 0.00000000
vt 0.00000000 0.00000000
vt 0.00000000 0.00000000
vt 0.00000000 0.00000000
vt 0.00000000 0.00000000
vt 0.00000000 0.00000000
vt 0.00000000 0.00000000
vt 0.00000000 0.00000000
vt 0.00000000 0.00000000
vt 0.00000000 0.00000000
vt 0.00000000 0.00000000
vt 0.00000000 0.00000000
vt 0.00000000 0.00000000
vt 0.00000000 0.00000000
vt 0.00000000 0.00000000
vt 0.00000000 0.00000000
vt 0.00000000 0.00000000
vt 0.00000000 0.00000000
vt 0.00000000 0.00000000
vt 0.00000000 0.00000000
vt 0.00000000 0.00000000
vt 0.00000000 0.00000000
vt 0.00000000 0.00000000
vt 0.00000000 0.00000000
vt 0.00000000 0.00000000
vt 0.00000000 0.00000000
vt 0.00000000 0.00000000
vt 0.00000000 0.00000000
vt 0.00000000 0.00000000
vt 0.00000000 0.00000000
vt 0.00000000 0.00000000
vt 0.00000000 0.00000000
vt 0.00000000 0.00000000
vt 0.00000000 0.00000000
vt 0.00000000 0.00000000
vt 0.00000000 0.00000000
vt 0.00000000 0.00000000
vt 0.00000000 0.00000000
vt 0.00000000 0.00000000
vt 0.00000000 0.00000000
vt 0.00000000 0.00000000
vt 0.00000000 0.00000000
vt 0.00000000 0.00000000
vt 0.00000000 0.00000000
vt 0.00000000 0.00000000
vt 0.00000000 0.00000000
vt 0.00000000 0.00000000
vt 0.00000000 0.00000000
vt 0.00000000 0.00000000
vt 0.00000000 0.00000000
vt 0.00000000 0.00000000
vt 0.00000000 0.00000000
vt 0.00000000 0.00000000
vt 0.00000000 0.00000000
vt 0.00000000 0.00000000
vt 0.00000000 0.00000000
vt 0.00000000 0.00000000
vt 0.00000000 0.00000000
vt 0.00000000 0.00000000
vt 0.00000000 0.00000000
vt 0.00000000 0.00000000
vt 0.00000000 0.00000000
vt 0.00000000 0.00000000
vt 0.00000000 0.00000000
vt 0.00000000 0.00000000
vt 0.00000000 0.00000000
vt 0.00000000 0.00000000
vt 0.00000000 0.00000000
vt 0.00000000 0.00000000
vt 0.00000000 0.00000000
vt 0.00000000 0.00000000
vt 0.00000000 0.00000000
vt 0.00000000 0.00000000
vt 0.00000000 0.00000000
vt 0.00000000 0.00000000
vt 0.00000000 0.00000000
vt 0.00000000 0.00000000
vt 0.00000000 0.00000000
vt 0.00000000 0.00000000
vt 0.00000000 0.00000000
vt 0.00000000 0.00000000
vt 0.00000000 0.00000000
vt 0.00000000 0.00000000
vt 0.00000000 0.00000000
vt 0.00000000 0.00000000
vt 0.00000000 0.00000000
vt 0.00000000 0.00000000
vt 0.00000000 0.00000000
vt 0.00000000 0.00000000
vt 0.00000000 0.00000000
vt 0.00000000 0.00000000
vt 0.00000000 0.00000000
vt 0.00000000 0.00000000
vt 0.00000000 0.00000000
vt 0.00000000 0.00000000
vt 0.00000000 0.00000000
vt 0.00000000 0.00000000
vt 0.00000000 0.00000000
vt 0.00000000 0.00000000
vt 0.00000000 0.00000000
vt 0.00000000 0.00000000
vt 0.00000000 0.00000000
vt 0.00000000 0.00000000
vt 0.00000000 0.00000000
vt 0.00000000 0.00000000
vt 0.00000000 0.00000000
vt 0.00000000 0.00000000
vt 0.00000000 0.00000000
vt 0.00000000 0.00000000
vt 0.00000000 0.00000000
vt 0.00000000 0.00000000
vt 0.00000000 0.00000000
vt 0.00000000 0.00000000
vt 0.00000000 0.00000000
vt 0.00000000 0.00000000
vt 0.00000000 0.00000000
vt 0.00000000 0.00000000
vt 0.00000000 0.00000000
vt 0.00000000 0.00000000
vt 0.00000000 0.00000000
vt 0.00000000 0.00000000
vt 0.00000000 0.00000000
vt 0.00000000 0.00000000
vt 0.00000000 0.00000000
vt 0.00000000 0.00000000
vt 0.00000000 0.00000000
vt 0.00000000 0.00000000
vt 0.00000000 0.00000000
vt 0.00000000 0.00000000
vt 0.00000000 0.00000000
vt 0.00000000 0.00000000
vt 0.00000000 0.00000000
vt 0.00000000 0.00000000
vt 0.00000000 0.00000000
vt 0.00000000 0.00000000
vt 0.00000000 0.00000000
vt 0.00000000 0.00000000
vt 0.00000000 0.00000000
vt 0.00000000 0.00000000
vt 0.00000000 0.00000000
vt 0.00000000 0.00000000
vt 0.00000000 0.00000000
vt 0.00000000 0.00000000
vt 0.00000000 0.00000000
vt 0.00000000 0.00000000
vt 0.00000000 0.00000000
vt 0.00000000 0.00000000
vt 0.00000000 0.00000000
vt 0.00000000 0.00000000
vt 0.00000000 0.00000000
vt 0.00000000 0.00000000
vt 0.00000000 0.00000000
vt 0.00000000 0.00000000
vt 0.00000000 0.00000000
vt 0.00000000 0.00000000
vt 0.00000000 0.00000000
vt 0.00000000 0.00000000
vt 0.00000000 0.00000000
vt 0.00000000 0.00000000
vt 0.00000000 0.00000000
vt 0.00000000 0.00000000
vt 0.00000000 0.00000000
vt 0.00000000 0.00000000
vt 0.00000000 0.00000000
vt 0.00000000 0.00000000
vt 0.00000000 0.00000000
vt 0.00000000 0.00000000
vt 0.00000000 0.00000000
vt 0.00000000 0.00000000
vt 0.00000000 0.00000000
vt 0.00000000 0.00000000
vt 0.00000000 0.00000000
vt 0.00000000 0.00000000
vt 0.00000000 0.00000000
vt 0.00000000 0.00000000
vt 0.00000000 0.00000000
vt 0.00000000 0.00000000
vt 0.00000000 0.00000000
vt 0.00000000 0.00000000
vt 0.00000000 0.00000000
vt 0.00000000 0.00000000
vt 0.00000000 0.00000000
vt 0.00000000 0.00000000
vt 0.00000000 0.00000000
vt 0.00000000 0.00000000
vt 0.00000000 0.00000000
vt 0.00000000 0.00000000
vt 0.00000000 0.00000000
vt 0.00000000 0.00000000
vt 0.00000000 0.00000000
vt 0.00000000 0.00000000
vt 0.00000000 0.00000000
vt 0.00000000 0.00000000
vt 0.00000000 0.00000000
vt 0.00000000 0.00000000
vt 0.00000000 0.00000000
vt 0.00000000 0.00000000
vt 0.00000000 0.00000000
vt 0.00000000 0.00000000
vt 0.00000000 0.00000000
vt 0.00000000 0.00000000
vt 0.00000000 0.00000000
vt 0.00000000 0.00000000
vt 0.00000000 0.00000000
vt 0.00000000 0.00000000
vt 0.00000000 0.00000000
vt 0.00000000 0.00000000
vt 0.00000000 0.00000000
vt 0.00000000 0.00000000
vt 0.00000000 0.00000000
vt 0.00000000 0.00000000
vt 0.00000000 0.00000000
vt 0.00000000 0.00000000
vt 0.00000000 0.00000000
vt 0.00000000 0.00000000
vt 0.00000000 0.00000000
vt 0.00000000 0.00000000
vt 0.00000000 0.00000000
vt 0.00000000 0.00000000
vt 0.00000000 0.00000000
vt 0.00000000 0.00000000
vt 0.00000000 0.00000000
vt 0.00000000 0.00000000
vt 0.00000000 0.00000000
vt 0.00000000 0.00000000
vt 0.00000000 0.00000000
vt 0.00000000 0.00000000
vt 0.00000000 0.00000000
vt 0.00000000 0.00000000
vt 0.00000000 0.00000000
vt 0.00000000 0.00000000
vt 0.00000000 0.00000000
vt 0.00000000 0.00000000
vt 0.00000000 0.00000000
vt 0.00000000 0.00000000
vt 0.00000000 0.00000000
vt 0.00000000 0.00000000
vt 0.00000000 0.00000000
vt 0.00000000 0.00000000
vt 0.00000000 0.00000000
vt 0.00000000 0.00000000
vt 0.00000000 0.00000000
vt 0.00000000 0.00000000
vt 0.00000000 0.00000000
vt 0.00000000 0.00000000
vt 0.00000000 0.00000000
vt 0.00000000 0.00000000
vt 0.00000000 0.00000000
vt 0.00000000 0.00000000
vt 0.00000000 0.00000000
vt 0.00000000 0.00000000
vt 0.00000000 0.00000000
vt 0.00000000 0.00000000
vt 0.00000000 0.00000000
vt 0.00000000 0.00000000
vt 0.00000000 0.00000000
vt 0.00000000 0.00000000
vt 0.00000000 0.00000000
vt 0.00000000 0.00000000
vt 0.00000000 0.00000000
vt 0.00000000 0.00000000
vt 0.00000000 0.00000000
vt 0.00000000 0.00000000
vt 0.00000000 0.00000000
vt 0.00000000 0.00000000
vt 0.00000000 0.00000000
vt 0.00000000 0.00000000
vt 0.00000000 0.00000000
vt 0.00000000 0.00000000
vt 0.00000000 0.00000000
vt 0.00000000 0.00000000
vt 0.00000000 0.00000000
vt 0.00000000 0.00000000
vt 0.00000000 0.00000000
vt 0.00000000 0.00000000
vt 0.00000000 0.00000000
vt 0.00000000 0.00000000
vt 0.00000000 0.00000000
vt 0.00000000 0.00000000
vt 0.00000000 0.00000000
vt 0.00000000 0.00000000
vt 0.00000000 0.00000000
vt 0.00000000 0.00000000
vt 0.00000000 0.00000000
vt 0.00000000 0.00000000
vt 0.00000000 0.00000000
vt 0.00000000 0.00000000
vt 0.00000000 0.00000000
vt 0.00000000 0.00000000
vt 0.00000000 0.00000000
vt 0.00000000 0.00000000
vt 0.00000000 0.00000000
vt 0.00000000 0.00000000
vt 0.00000000 0.00000000
vt 0.00000000 0.00000000
vt 0.00000000 0.00000000
vt 0.00000000 0.00000000
vt 0.00000000 0.00000000
vt 0.00000000 0.00000000
vt 0.00000000 0.00000000
vt 0.00000000 0.00000000
vt 0.00000000 0.00000000
vt 0.00000000 0.00000000
vt 0.00000000 0.00000000
vt 0.00000000 0.00000000
vt 0.00000000 0.00000000
vt 0.00000000 0.00000000
vt 0.00000000 0.00000000
vt 0.00000000 0.00000000
vt 0.00000000 0.00000000
vt 0.00000000 0.00000000
vt 0.00000000 0.00000000
vt 0.00000000 0.00000000
vt 0.00000000 0.00000000
vt 0.00000000 0.00000000
vt 0.00000000 0.00000000
vt 0.00000000 0.00000000
vt 0.00000000 0.00000000
vt 0.00000000 0.00000000
vt 0.00000000 0.00000000
vt 0.00000000 0.00000000
vt 0.00000000 0.00000000
vt 0.00000000 0.00000000
vt 0.00000000 0.00000000
vt 0.00000000 0.00000000
vt 0.00000000 0.00000000
vt 0.00000000 0.00000000
vt 0.00000000 0.00000000
vt 0.00000000 0.00000000
vt 0.00000000 0.00000000
vt 0.00000000 0.00000000
vt 0.00000000 0.00000000
vt 0.00000000 0.00000000
vt 0.00000000 0.00000000
vt 0.00000000 0.00000000
vt 0.00000000 0.00000000
vt 0.00000000 0.00000000
vt 0.00000000 0.00000000
vt 0.00000000 0.00000000
vt 0.00000000 0.00000000
vt 0.00000000 0.00000000
vt 0.00000000 0.00000000
vt 0.00000000 0.00000000
vt 0.00000000 0.00000000
vt 0.00000000 0.00000000
vt 0.00000000 0.00000000
vt 0.00000000 0.00000000
vt 0.00000000 0.00000000
vt 0.00000000 0.00000000
vt 0.00000000 0.00000000
vt 0.00000000 0.00000000
vt 0.00000000 0.00000000
vt 0.00000000 0.00000000
vt 0.00000000 0.00000000
vt 0.00000000 0.00000000
vt 0.00000000 0.00000000
vt 0.00000000 0.00000000
vt 0.00000000 0.00000000
vt 0.00000000 0.00000000
vt 0.00000000 0.00000000
vt 0.00000000 0.00000000
vt 0.00000000 0.00000000
vt 0.00000000 0.00000000
vt 0.00000000 0.00000000
vt 0.00000000 0.00000000
vt 0.00000000 0.00000000
vt 0.00000000 0.00000000
vt 0.00000000 0.00000000
vt 0.00000000 0.00000000
vt 0.00000000 0.00000000
vt 0.00000000 0.00000000
vt 0.00000000 0.00000000
vt 0.00000000 0.00000000
vt 0.00000000 0.00000000
vt 0.00000000 0.00000000
vt 0.00000000 0.00000000
vt 0.00000000 0.00000000
vt 0.00000000 0.00000000
vt 0.00000000 0.00000000
vt 0.00000000 0.00000000
vt 0.00000000 0.00000000
vt 0.00000000 0.00000000
vt 0.00000000 0.00000000
vt 0.00000000 0.00000000
vt 0.00000000 0.00000000
vt 0.00000000 0.00000000
vt 0.00000000 0.00000000
vt 0.00000000 0.00000000
vt 0.00000000 0.00000000
vt 0.00000000 0.00000000
vt 0.00000000 0.00000000
vt 0.00000000 0.00000000
vt 0.00000000 0.00000000
vt 0.00000000 0.00000000
vt 0.00000000 0.00000000
vt 0.00000000 0.00000000
vt 0.00000000 0.00000000
vt 0.00000000 0.00000000
vt 0.00000000 0.00000000
vt 0.00000000 0.00000000
vt 0.00000000 0.00000000
vt 0.00000000 0.00000000
vt 0.00000000 0.00000000
vt 0.00000000 0.00000000
vt 0.00000000 0.00000000
vt 0.00000000 0.00000000
vt 0.00000000 0.00000000
vt 0.00000000 0.00000000
vt 0.00000000 0.00000000
vt 0.00000000 0.00000000
vt 0.00000000 0.00000000
vt 0.00000000 0.00000000
vt 0.00000000 0.00000000
vt 0.00000000 0.00000000
vt 0.00000000 0.00000000
vt 0.00000000 0.00000000
vt 0.00000000 0.00000000
vt 0.00000000 0.00000000
vt 0.00000000 0.00000000
vt 0.00000000 0.00000000
vt 0.00000000 0.00000000
vt 0.00000000 0.00000000
vt 0.00000000 0.00000000
vt 0.00000000 0.00000000
vt 0.00000000 0.00000000
vt 0.00000000 0.00000000
vt 0.00000000 0.00000000
vt 0.00000000 0.00000000
vt 0.00000000 0.00000000
vt 0.00000000 0.00000000
vt 0.00000000 0.00000000
vt 0.00000000 0.00000000
vt 0.00000000 0.00000000
vt 0.00000000 0.00000000
vt 0.00000000 0.00000000
vt 0.00000000 0.00000000
vt 0.00000000 0.00000000
vt 0.00000000 0.00000000
vt 0.00000000 0.00000000
vt 0.00000000 0.00000000
vt 0.00000000 0.00000000
vt 0.00000000 0.00000000
vt 0.00000000 0.00000000
vt 0.00000000 0.00000000
vt 0.00000000 0.00000000
vt 0.00000000 0.00000000
vt 0.00000000 0.00000000
vt 0.00000000 0.00000000
vt 0.00000000 0.00000000
vt 0.00000000 0.00000000
vt 0.00000000 0.00000000
vt 0.00000000 0.00000000
vt 0.00000000 0.00000000
vt 0.00000000 0.00000000
vt 0.00000000 0.00000000
vt 0.00000000 0.00000000
vt 0.00000000 0.00000000
vt 0.00000000 0.00000000
vt 0.00000000 0.00000000
vt 0.00000000 0.00000000
vt 0.00000000 0.00000000
vt 0.00000000 0.00000000
vt 0.00000000 0.00000000
vt 0.00000000 0.00000000
vt 0.00000000 0.00000000
vt 0.00000000 0.00000000
vt 0.00000000 0.00000000
vt 0.00000000 0.00000000
vt 0.00000000 0.00000000
vt 0.00000000 0.00000000
vt 0.00000000 0.00000000
vt 0.00000000 0.00000000
vt 0.00000000 0.00000000
vt 0.00000000 0.00000000
vt 0.00000000 0.00000000
vt 0.00000000 0.00000000
vt 0.00000000 0.00000000
vt 0.00000000 0.00000000
vt 0.00000000 0.00000000
vt 0.00000000 0.00000000
vt 0.00000000 0.00000000
vt 0.00000000 0.00000000
vt 0.00000000 0.00000000
vt 0.00000000 0.00000000
vt 0.00000000 0.00000000
vt 0.00000000 0.00000000
vt 0.00000000 0.00000000
vt 0.00000000 0.00000000
vt 0.00000000 0.00000000
vt 0.00000000 0.00000000
vt 0.00000000 0.00000000
vt 0.00000000 0.00000000
vt 0.00000000 0.00000000
vt 0.00000000 0.00000000
vt 0.00000000 0.00000000
vt 0.00000000 0.00000000
vt 0.00000000 0.00000000
vt 0.00000000 0.00000000
vt 0.00000000 0.00000000
vt 0.00000000 0.00000000
vt 0.00000000 0.00000000
vt 0.00000000 0.00000000
vt 0.00000000 0.00000000
vt 0.00000000 0.00000000
vt 0.00000000 0.00000000
vt 0.00000000 0.00000000
vt 0.00000000 0.00000000
vt 0.00000000 0.00000000
vt 0.00000000 0.00000000
vt 0.00000000 0.00000000
vt 0.00000000 0.00000000
vt 0.00000000 0.00000000
vt 0.00000000 0.00000000
vt 0.00000000 0.00000000
vt 0.00000000 0.00000000
vt 0.00000000 0.00000000
vt 0.00000000 0.00000000
vt 0.00000000 0.00000000
vt 0.00000000 0.00000000
vt 0.00000000 0.00000000
vt 0.00000000 0.00000000
vt 0.00000000 0.00000000
vt 0.00000000 0.00000000
vt 0.00000000 0.00000000
vt 0.00000000 0.00000000
vt 0.00000000 0.00000000
vt 0.00000000 0.00000000
vt 0.00000000 0.00000000
vt 0.00000000 0.00000000
vt 0.00000000 0.00000000
vt 0.00000000 0.00000000
vt 0.00000000 0.00000000
vt 0.00000000 0.00000000
vt 0.00000000 0.00000000
vt 0.00000000 0.00000000
vt 0.00000000 0.00000000
vt 0.00000000 0.00000000
vt 0.00000000 0.00000000
vt 0.00000000 0.00000000
vt 0.00000000 0.00000000
vt 0.00000000 0.00000000
vt 0.00000000 0.00000000
vt 0.00000000 0.00000000
vt 0.00000000 0.00000000
vt 0.00000000 0.00000000
vt 0.00000000 0.00000000
vt 0.00000000 0.00000000
vt 0.00000000 0.00000000
vt 0.00000000 0.00000000
vt 0.00000000 0.00000000
vt 0.00000000 0.00000000
vt 0.00000000 0.00000000
vt 0.00000000 0.00000000
vt 0.00000000 0.00000000
vt 0.00000000 0.00000000
vt 0.00000000 0.00000000
vt 0.00000000 0.00000000
vt 0.00000000 0.00000000
vt 0.00000000 0.00000000
vt 0.00000000 0.00000000
vt 0.00000000 0.00000000
vt 0.00000000 0.00000000
vt 0.00000000 0.00000000
vt 0.00000000 0.00000000
vt 0.00000000 0.00000000
vt 0.00000000 0.00000000
vt 0.00000000 0.00000000
vt 0.00000000 0.00000000
vt 0.00000000 0.00000000
vt 0.00000000 0.00000000
vt 0.00000000 0.00000000
vt 0.00000000 0.00000000
vt 0.00000000 0.00000000
vt 0.00000000 0.00000000
vt 0.00000000 0.00000000
vt 0.00000000 0.00000000
vt 0.00000000 0.00000000
vt 0.00000000 0.00000000
vt 0.00000000 0.00000000
vt 0.00000000 0.00000000
vt 0.00000000 0.00000000
vt 0.00000000 0.00000000
vt 0.00000000 0.00000000
vt 0.00000000 0.00000000
vt 0.00000000 0.00000000
vt 0.00000000 0.00000000
vt 0.00000000 0.00000000
vt 0.00000000 0.00000000
vt 0.00000000 0.00000000
vt 0.00000000 0.00000000
vt 0.00000000 0.00000000
vt 0.00000000 0.00000000
vt 0.00000000 0.00000000
vt 0.00000000 0.00000000
vt 0.00000000 0.00000000
vt 0.00000000 0.00000000
vt 0.00000000 0.00000000
vt 0.00000000 0.00000000
vt 0.00000000 0.00000000
vt 0.00000000 0.00000000
vt 0.00000000 0.00000000
vt 0.00000000 0.00000000
vt 0.00000000 0.00000000
vt 0.00000000 0.00000000
vt 0.00000000 0.00000000
vt 0.00000000 0.00000000
vt 0.00000000 0.00000000
vt 0.00000000 0.00000000
vt 0.00000000 0.00000000
vt 0.00000000 0.00000000
vt 0.00000000 0.00000000
vt 0.00000000 0.00000000
vt 0.00000000 0.00000000
vt 0.00000000 0.00000000
vt 0.00000000 0.00000000
vt 0.00000000 0.00000000
vt 0.00000000 0.00000000
vt 0.00000000 0.00000000
vt 0.00000000 0.00000000
vt 0.00000000 0.00000000
vt 0.00000000 0.00000000
vt 0.00000000 0.00000000
vt 0.00000000 0.00000000
vt 0.00000000 0.00000000
vt 0.00000000 0.00000000
vt 0.00000000 0.00000000
vt 0.00000000 0.00000000
vt 0.00000000 0.00000000
vt 0.00000000 0.00000000
vt 0.00000000 0.00000000
vt 0.00000000 0.00000000
vt 0.00000000 0.00000000
vt 0.00000000 0.00000000
vt 0.00000000 0.00000000
vt 0.00000000 0.00000000
vt 0.00000000 0.00000000
vt 0.00000000 0.00000000
vt 0.00000000 0.00000000
vt 0.00000000 0.00000000
vt 0.00000000 0.00000000
vt 0.00000000 0.00000000
vt 0.00000000 0.00000000
vt 0.00000000 0.00000000
vt 0.00000000 0.00000000
vt 0.00000000 0.00000000
vt 0.00000000 0.00000000
vt 0.00000000 0.00000000
vt 0.00000000 0.00000000
vt 0.00000000 0.00000000
vt 0.00000000 0.00000000
vt 0.00000000 0.00000000
vt 0.00000000 0.00000000
vt 0.00000000 0.00000000
vt 0.00000000 0.00000000
vt 0.00000000 0.00000000
vt 0.00000000 0.00000000
vt 0.00000000 0.00000000
vt 0.00000000 0.00000000
vt 0.00000000 0.00000000
vt 0.00000000 0.00000000
vt 0.00000000 0.00000000
vt 0.00000000 0.00000000
vt 0.00000000 0.00000000
vt 0.00000000 0.00000000
vt 0.00000000 0.00000000
vt 0.00000000 0.00000000
vt 0.00000000 0.00000000
vt 0.00000000 0.00000000
vt 0.00000000 0.00000000
vt 0.00000000 0.00000000
vt 0.00000000 0.00000000
vt 0.00000000 0.00000000
vt 0.00000000 0.00000000
vt 0.00000000 0.00000000
vt 0.00000000 0.00000000
vt 0.00000000 0.00000000
vt 0.00000000 0.00000000
vt 0.00000000 0.00000000
vt 0.00000000 0.00000000
vt 0.00000000 0.00000000
vt 0.00000000 0.00000000
vt 0.00000000 0.00000000
vt 0.00000000 0.00000000
vt 0.00000000 0.00000000
vt 0.00000000 0.00000000
vt 0.00000000 0.00000000
vt 0.00000000 0.00000000
vt 0.00000000 0.00000000
vt 0.00000000 0.00000000
vt 0.00000000 0.00000000
vt 0.00000000 0.00000000
vt 0.00000000 0.00000000
vt 0.00000000 0.00000000
vt 0.00000000 0.00000000
vt 0.00000000 0.00000000
vt 0.00000000 0.00000000
vt 0.00000000 0.00000000
vt 0.00000000 0.00000000
vt 0.00000000 0.00000000
vt 0.00000000 0.00000000
vt 0.00000000 0.00000000
vt 0.00000000 0.00000000
vt 0.00000000 0.00000000
vt 0.00000000 0.00000000
vt 0.00000000 0.00000000
vt 0.00000000 0.00000000
vt 0.00000000 0.00000000
vt 0.00000000 0.00000000
vt 0.00000000 0.00000000
vt 0.00000000 0.00000000
vt 0.00000000 0.00000000
vt 0.00000000 0.00000000
vt 0.00000000 0.00000000
vt 0.00000000 0.00000000
vt 0.00000000 0.00000000
vt 0.00000000 0.00000000
vt 0.00000000 0.00000000
vt 0.00000000 0.00000000
vt 0.00000000 0.00000000
vt 0.00000000 0.00000000
vt 0.00000000 0.00000000
vt 0.00000000 0.00000000
vt 0.00000000 0.00000000
vt 0.00000000 0.00000000
vt 0.00000000 0.00000000
vt 0.00000000 0.00000000
vt 0.00000000 0.00000000
vt 0.00000000 0.00000000
vt 0.00000000 0.00000000
vt 0.00000000 0.00000000
vt 0.00000000 0.00000000
vt 0.00000000 0.00000000
vt 0.00000000 0.00000000
vt 0.00000000 0.00000000
vt 0.00000000 0.00000000
vt 0.00000000 0.00000000
vt 0.00000000 0.00000000
vt 0.00000000 0.00000000
vt 0.00000000 0.00000000
vt 0.00000000 0.00000000
vt 0.00000000 0.00000000
vt 0.00000000 0.00000000
vt 0.00000000 0.00000000
vt 0.00000000 0.00000000
vt 0.00000000 0.00000000
vt 0.00000000 0.00000000
vt 0.00000000 0.00000000
vt 0.00000000 0.00000000
vt 0.00000000 0.00000000
vt 0.00000000 0.00000000
vt 0.00000000 0.00000000
vt 0.00000000 0.00000000
vt 0.00000000 0.00000000
vt 0.00000000 0.00000000
vt 0.00000000 0.00000000
vt 0.00000000 0.00000000
vt 0.00000000 0.00000000
vt 0.00000000 0.00000000
vt 0.00000000 0.00000000
vt 0.00000000 0.00000000
vt 0.00000000 0.00000000
vt 0.00000000 0.00000000
vt 0.00000000 0.00000000
vt 0.00000000 0.00000000
vt 0.00000000 0.00000000
vt 0.00000000 0.00000000
vt 0.00000000 0.00000000
vt 0.00000000 0.00000000
vt 0.00000000 0.00000000
vt 0.00000000 0.00000000
vt 0.00000000 0.00000000
vt 0.00000000 0.00000000
vt 0.00000000 0.00000000
vt 0.00000000 0.00000000
vt 0.00000000 0.00000000
vt 0.00000000 0.00000000
vt 0.00000000 0.00000000
vt 0.00000000 0.00000000
vt 0.00000000 0.00000000
vt 0.00000000 0.00000000
vt 0.00000000 0.00000000
vt 0.00000000 0.00000000
vt 0.00000000 0.00000000
vt 0.00000000 0.00000000
vt 0.00000000 0.00000000
vt 0.00000000 0.00000000
vt 0.00000000 0.00000000
vt 0.00000000 0.00000000
vt 0.00000000 0.00000000
vt 0.00000000 0.00000000
vt 0.00000000 0.00000000
vt 0.00000000 0.00000000
vt 0.00000000 0.00000000
vt 0.00000000 0.00000000
vt 0.00000000 0.00000000
vt 0.00000000 0.00000000
vt 0.00000000 0.00000000
vt 0.00000000 0.00000000
vt 0.00000000 0.00000000
vt 0.00000000 0.00000000
vt 0.00000000 0.00000000
vt 0.00000000 0.00000000
vt 0.00000000 0.00000000
vt 0.00000000 0.00000000
vt 0.00000000 0.00000000
vt 0.00000000 0.00000000
vt 0.00000000 0.00000000
vt 0.00000000 0.00000000
vt 0.00000000 0.00000000
vt 0.00000000 0.00000000
vt 0.00000000 0.00000000
vt 0.00000000 0.00000000
vt 0.00000000 0.00000000
vt 0.00000000 0.00000000
vt 0.00000000 0.00000000
vt 0.00000000 0.00000000
vt 0.00000000 0.00000000
vt 0.00000000 0.00000000
vt 0.00000000 0.00000000
vt 0.00000000 0.00000000
vt 0.00000000 0.00000000
vt 0.00000000 0.00000000
vt 0.00000000 0.00000000
vt 0.00000000 0.00000000
vt 0.00000000 0.00000000
vt 0.00000000 0.00000000
vt 0.00000000 0.00000000
vt 0.00000000 0.00000000
vt 0.00000000 0.00000000
vt 0.00000000 0.00000000
vt 0.00000000 0.00000000
vt 0.00000000 0.00000000
vt 0.00000000 0.00000000
vt 0.00000000 0.00000000
vt 0.00000000 0.00000000
vt 0.00000000 0.00000000
vt 0.00000000 0.00000000
vt 0.00000000 0.00000000
vt 0.00000000 0.00000000
vt 0.00000000 0.00000000
vt 0.00000000 0.00000000
vt 0.00000000 0.00000000
vt 0.00000000 0.00000000
vt 0.00000000 0.00000000
vt 0.00000000 0.00000000
vt 0.00000000 0.00000000
vt 0.00000000 0.00000000
vt 0.00000000 0.00000000
vt 0.00000000 0.00000000
vt 0.00000000 0.00000000
vt 0.00000000 0.00000000
vt 0.00000000 0.00000000
vt 0.00000000 0.00000000
vt 0.00000000 0.00000000
vt 0.00000000 0.00000000
vt 0.00000000 0.00000000
vt 0.00000000 0.00000000
vt 0.00000000 0.00000000
vt 0.00000000 0.00000000
vt 0.00000000 0.00000000
vt 0.00000000 0.00000000
vt 0.00000000 0.00000000
vt 0.00000000 0.00000000
vt 0.00000000 0.00000000
vt 0.00000000 0.00000000
vt 0.00000000 0.00000000
vt 0.00000000 0.00000000
vt 0.00000000 0.00000000
vt 0.00000000 0.00000000
vt 0.00000000 0.00000000
vt 0.00000000 0.00000000
vt 0.00000000 0.00000000
vt 0.00000000 0.00000000
vt 0.00000000 0.00000000
vt 0.00000000 0.00000000
vt 0.00000000 0.00000000
vt 0.00000000 0.00000000
vt 0.00000000 0.00000000
vt 0.00000000 0.00000000
vt 0.00000000 0.00000000
vt 0.00000000 0.00000000
vt 0.00000000 0.00000000
vt 0.00000000 0.00000000
vt 0.00000000 0.00000000
vt 0.00000000 0.00000000
vt 0.00000000 0.00000000
vt 0.00000000 0.00000000
vt 0.00000000 0.00000000
vt 0.00000000 0.00000000
vt 0.00000000 0.00000000
vt 0.00000000 0.00000000
vt 0.00000000 0.00000000
vt 0.00000000 0.00000000
vt 0.00000000 0.00000000
vt 0.00000000 0.00000000
vt 0.00000000 0.00000000
vt 0.00000000 0.00000000
vt 0.00000000 0.00000000
vt 0.00000000 0.00000000
vt 0.00000000 0.00000000
vt 0.00000000 0.00000000
vt 0.00000000 0.00000000
vt 0.00000000 0.00000000
vt 0.00000000 0.00000000
vt 0.00000000 0.00000000
vt 0.00000000 0.00000000
vt 0.00000000 0.00000000
vt 0.00000000 0.00000000
vt 0.00000000 0.00000000
vt 0.00000000 0.00000000
vt 0.00000000 0.00000000
vt 0.00000000 0.00000000
vt 0.00000000 0.00000000
vt 0.00000000 0.00000000
vt 0.00000000 0.00000000
vt 0.00000000 0.00000000
vt 0.00000000 0.00000000
vt 0.00000000 0.00000000
vt 0.00000000 0.00000000
vt 0.00000000 0.00000000
vt 0.00000000 0.00000000
vt 0.00000000 0.00000000
vt 0.00000000 0.00000000
vt 0.00000000 0.00000000
vt 0.00000000 0.00000000
vt 0.00000000 0.00000000
vt 0.00000000 0.00000000
vt 0.00000000 0.00000000
vt 0.00000000 0.00000000
vt 0.00000000 0.00000000
vt 0.00000000 0.00000000
vt 0.00000000 0.00000000
vt 0.00000000 0.00000000
vt 0.00000000 0.00000000
vt 0.00000000 0.00000000
vt 0.00000000 0.00000000
vt 0.00000000 0.00000000
vt 0.00000000 0.00000000
vt 0.00000000 0.00000000
vt 0.00000000 0.00000000
vt 0.00000000 0.00000000
vt 0.00000000 0.00000000
vt 0.00000000 0.00000000
vt 0.00000000 0.00000000
vt 0.00000000 0.00000000
vt 0.00000000 0.00000000
vt 0.00000000 0.00000000
vt 0.00000000 0.00000000
vt 0.00000000 0.00000000
vt 0.00000000 0.00000000
vt 0.00000000 0.00000000
vt 0.00000000 0.00000000
vt 0.00000000 0.00000000
vt 0.00000000 0.00000000
vt 0.00000000 0.00000000
vt 0.00000000 0.00000000
vt 0.00000000 0.00000000
vt 0.00000000 0.00000000
vt 0.00000000 0.00000000
vt 0.00000000 0.00000000
vt 0.00000000 0.00000000
vt 0.00000000 0.00000000
vt 0.00000000 0.00000000
vt 0.00000000 0.00000000
vt 0.00000000 0.00000000
vt 0.00000000 0.00000000
vt 0.00000000 0.00000000
vt 0.00000000 0.00000000
vt 0.00000000 0.00000000
vt 0.00000000 0.00000000
vt 0.00000000 0.00000000
vt 0.00000000 0.00000000
vt 0.00000000 0.00000000
vt 0.00000000 0.00000000
vt 0.00000000 0.00000000
vt 0.00000000 0.00000000
vt 0.00000000 0.00000000
vt 0.00000000 0.00000000
vt 0.00000000 0.00000000
vt 0.00000000 0.00000000
vt 0.00000000 0.00000000
vt 0.00000000 0.00000000
vt 0.00000000 0.00000000
vt 0.00000000 0.00000000
vt 0.00000000 0.00000000
vt 0.00000000 0.00000000
vt 0.00000000 0.00000000
vt 0.00000000 0.00000000
vt 0.00000000 0.00000000
vt 0.00000000 0.00000000
vt 0.00000000 0.00000000
vt 0.00000000 0.00000000
vt 0.00000000 0.00000000
vt 0.00000000 0.00000000
vt 0.00000000 0.00000000
vt 0.00000000 0.00000000
vt 0.00000000 0.00000000
vt 0.00000000 0.00000000
vt 0.00000000 0.00000000
vt 0.00000000 0.00000000
vt 0.00000000 0.00000000
vt 0.00000000 0.00000000
vt 0.00000000 0.00000000
vt 0.00000000 0.00000000
vt 0.00000000 0.00000000
vt 0.00000000 0.00000000
vt 0.00000000 0.00000000
vt 0.00000000 0.00000000
vt 0.00000000 0.00000000
vt 0.00000000 0.00000000
vt 0.00000000 0.00000000
vt 0.00000000 0.00000000
vt 0.00000000 0.00000000
vt 0.00000000 0.00000000
vt 0.00000000 0.00000000
vt 0.00000000 0.00000000
vt 0.00000000 0.00000000
vt 0.00000000 0.00000000
vt 0.00000000 0.00000000
vt 0.00000000 0.00000000
vt 0.00000000 0.00000000
vt 0.00000000 0.00000000
vt 0.00000000 0.00000000
vt 0.00000000 0.00000000
vt 0.00000000 0.00000000
vt 0.00000000 0.00000000
vt 0.00000000 0.00000000
vt 0.00000000 0.00000000
vt 0.00000000 0.00000000
vt 0.00000000 0.00000000
vt 0.00000000 0.00000000
vt 0.00000000 0.00000000
vt 0.00000000 0.00000000
vt 0.00000000 0.00000000
vt 0.00000000 0.00000000
vt 0.00000000 0.00000000
vt 0.00000000 0.00000000
vt 0.00000000 0.00000000
vt 0.00000000 0.00000000
vt 0.00000000 0.00000000
vt 0.00000000 0.00000000
vt 0.00000000 0.00000000
vt 0.00000000 0.00000000
vt 0.00000000 0.00000000
vt 0.00000000 0.00000000
vt 0.00000000 0.00000000
vt 0.00000000 0.00000000
vt 0.00000000 0.00000000
vt 0.00000000 0.00000000
vt 0.00000000 0.00000000
vt 0.00000000 0.00000000
vt 0.00000000 0.00000000
vt 0.00000000 0.00000000
vt 0.00000000 0.00000000
vt 0.00000000 0.00000000
vt 0.00000000 0.00000000
vt 0.00000000 0.00000000
vt 0.00000000 0.00000000
vt 0.00000000 0.00000000
vt 0.00000000 0.00000000
vt 0.00000000 0.00000000
vt 0.00000000 0.00000000
vt 0.00000000 0.00000000
vt 0.00000000 0.00000000
vt 0.00000000 0.00000000
vt 0.00000000 0.00000000
vt 0.00000000 0.00000000
vt 0.00000000 0.00000000
vt 0.00000000 0.00000000
vt 0.00000000 0.00000000
vt 0.00000000 0.00000000
vt 0.00000000 0.00000000
vt 0.00000000 0.00000000
vt 0.00000000 0.00000000
vt 0.00000000 0.00000000
vt 0.00000000 0.00000000
vt 0.00000000 0.00000000
vt 0.00000000 0.00000000
vt 0.00000000 0.00000000
vt 0.00000000 0.00000000
vt 0.00000000 0.00000000
vt 0.00000000 0.00000000
vt 0.00000000 0.00000000
vt 0.00000000 0.00000000
vt 0.00000000 0.00000000
vt 0.00000000 0.00000000
vt 0.00000000 0.00000000
vt 0.00000000 0.00000000
vt 0.00000000 0.00000000
vt 0.00000000 0.00000000
vt 0.00000000 0.00000000
vt 0.00000000 0.00000000
vt 0.00000000 0.00000000
vt 0.00000000 0.00000000
vt 0.00000000 0.00000000
vt 0.00000000 0.00000000
vt 0.00000000 0.00000000
vt 0.00000000 0.00000000
vt 0.00000000 0.00000000
vt 0.00000000 0.00000000
vt 0.00000000 0.00000000
vt 0.00000000 0.00000000
vt 0.00000000 0.00000000
vt 0.00000000 0.00000000
vt 0.00000000 0.00000000
vt 0.00000000 0.00000000
vt 0.00000000 0.00000000
vt 0.00000000 0.00000000
vt 0.00000000 0.00000000
vt 0.00000000 0.00000000
vt 0.00000000 0.00000000
vt 0.00000000 0.00000000
vt 0.00000000 0.00000000
vt 0.00000000 0.00000000
vt 0.00000000 0.00000000
vt 0.00000000 0.00000000
vt 0.00000000 0.00000000
vt 0.00000000 0.00000000
vt 0.00000000 0.00000000
vt 0.00000000 0.00000000
vt 0.00000000 0.00000000
vt 0.00000000 0.00000000
vt 0.00000000 0.00000000
vt 0.00000000 0.00000000
vt 0.00000000 0.00000000
vt 0.00000000 0.00000000
vt 0.00000000 0.00000000
vt 0.00000000 0.00000000
vt 0.00000000 0.00000000
vt 0.00000000 0.00000000
vt 0.00000000 0.00000000
vt 0.00000000 0.00000000
vt 0.00000000 0.00000000
vt 0.00000000 0.00000000
vt 0.00000000 0.00000000
vt 0.00000000 0.00000000
vt 0.00000000 0.00000000
vt 0.00000000 0.00000000
vt 0.00000000 0.00000000
vt 0.00000000 0.00000000
vt 0.00000000 0.00000000
vt 0.00000000 0.00000000
vt 0.00000000 0.00000000
vt 0.00000000 0.00000000
vt 0.00000000 0.00000000
vt 0.00000000 0.00000000
vt 0.00000000 0.00000000
vt 0.00000000 0.00000000
vt 0.00000000 0.00000000
vt 0.00000000 0.00000000
vt 0.00000000 0.00000000
vt 0.00000000 0.00000000
vt 0.00000000 0.00000000
vt 0.00000000 0.00000000
vt 0.00000000 0.00000000
vt 0.00000000 0.00000000
vt 0.00000000 0.00000000
vt 0.00000000 0.00000000
vt 0.00000000 0.00000000
vt 0.00000000 0.00000000
vt 0.00000000 0.00000000
vt 0.00000000 0.00000000
vt 0.00000000 0.00000000
vt 0.00000000 0.00000000
vt 0.00000000 0.00000000
vt 0.00000000 0.00000000
vt 0.00000000 0.00000000
vt 0.00000000 0.00000000
vt 0.00000000 0.00000000
vt 0.00000000 0.00000000
vt 0.00000000 0.00000000
vt 0.00000000 0.00000000
vt 0.00000000 0.00000000
vt 0.00000000 0.00000000
vt 0.00000000 0.00000000
vt 0.00000000 0.00000000
vt 0.00000000 0.00000000
vt 0.00000000 0.00000000
vt 0.00000000 0.00000000
vt 0.00000000 0.00000000
vt 0.00000000 0.00000000
vt 0.00000000 0.00000000
vt 0.00000000 0.00000000
vt 0.00000000 0.00000000
vt 0.00000000 0.00000000
vt 0.00000000 0.00000000
vt 0.00000000 0.00000000
vt 0.00000000 0.00000000
vt 0.00000000 0.00000000
vt 0.00000000 0.00000000
vt 0.00000000 0.00000000
vt 0.00000000 0.00000000
vt 0.00000000 0.00000000
vt 0.00000000 0.00000000
vt 0.00000000 0.00000000
vt 0.00000000 0.00000000
vt 0.00000000 0.00000000
vt 0.00000000 0.00000000
vt 0.00000000 0.00000000
vt 0.00000000 0.00000000
vt 0.00000000 0.00000000
vt 0.00000000 0.00000000
vt 0.00000000 0.00000000
vt 0.00000000 0.00000000
vt 0.00000000 0.00000000
vt 0.00000000 0.00000000
vt 0.00000000 0.00000000
vt 0.00000000 0.00000000
vt 0.00000000 0.00000000
vt 0.00000000 0.00000000
vt 0.00000000 0.00000000
vt 0.00000000 0.00000000
vt 0.00000000 0.00000000
vt 0.00000000 0.00000000
vt 0.00000000 0.00000000
vt 0.00000000 0.00000000
vt 0.00000000 0.00000000
vt 0.00000000 0.00000000
vt 0.00000000 0.00000000
vt 0.00000000 0.00000000
vt 0.00000000 0.00000000
vt 0.00000000 0.00000000
vt 0.00000000 0.00000000
vt 0.00000000 0.00000000
vt 0.00000000 0.00000000
vt 0.00000000 0.00000000
vt 0.00000000 0.00000000
vt 0.00000000 0.00000000
vt 0.00000000 0.00000000
vt 0.00000000 0.00000000
vt 0.00000000 0.00000000
vt 0.00000000 0.00000000
vt 0.00000000 0.00000000
vt 0.00000000 0.00000000
vt 0.00000000 0.00000000
vt 0.00000000 0.00000000
vt 0.00000000 0.00000000
vt 0.00000000 0.00000000
vt 0.00000000 0.00000000
vt 0.00000000 0.00000000
vt 0.00000000 0.00000000
vt 0.00000000 0.00000000
vt 0.00000000 0.00000000
vt 0.00000000 0.00000000
vt 0.00000000 0.00000000
vt 0.00000000 0.00000000
vt 0.00000000 0.00000000
vt 0.00000000 0.00000000
vt 0.00000000 0.00000000
vt 0.00000000 0.00000000
vt 0.00000000 0.00000000
vt 0.00000000 0.00000000
vt 0.00000000 0.00000000
vt 0.00000000 0.00000000
vt 0.00000000 0.00000000
vt 0.00000000 0.00000000
vt 0.00000000 0.00000000
vt 0.00000000 0.00000000
vt 0.00000000 0.00000000
vt 0.00000000 0.00000000
vt 0.00000000 0.00000000
vt 0.00000000 0.00000000
vt 0.00000000 0.00000000
vt 0.00000000 0.00000000
vt 0.00000000 0.00000000
vt 0.00000000 0.00000000
vt 0.00000000 0.00000000
vt 0.00000000 0.00000000
vt 0.00000000 0.00000000
vt 0.00000000 0.00000000
vt 0.00000000 0.00000000
vt 0.00000000 0.00000000
vt 0.00000000 0.00000000
vt 0.00000000 0.00000000
vt 0.00000000 0.00000000
vt 0.00000000 0.00000000
vt 0.00000000 0.00000000
vt 0.00000000 0.00000000
vt 0.00000000 0.00000000
vt 0.00000000 0.00000000
vt 0.00000000 0.00000000
vt 0.00000000 0.00000000
vt 0.00000000 0.00000000
vt 0.00000000 0.00000000
vt 0.00000000 0.00000000
vt 0.00000000 0.00000000
vt 0.00000000 0.00000000
vt 0.00000000 0.00000000
vt 0.00000000 0.00000000
vt 0.00000000 0.00000000
vt 0.00000000 0.00000000
vt 0.00000000 0.00000000
vt 0.00000000 0.00000000
vt 0.00000000 0.00000000
vt 0.00000000 0.00000000
vt 0.00000000 0.00000000
vt 0.00000000 0.00000000
vt 0.00000000 0.00000000
vt 0.00000000 0.00000000
vt 0.00000000 0.00000000
vt 0.00000000 0.00000000
vt 0.00000000 0.00000000
vt 0.00000000 0.00000000
vt 0.00000000 0.00000000
vt 0.00000000 0.00000000
vt 0.00000000 0.00000000
vt 0.00000000 0.00000000
vt 0.00000000 0.00000000
vt 0.00000000 0.00000000
vt 0.00000000 0.00000000
vt 0.00000000 0.00000000
vt 0.00000000 0.00000000
vt 0.00000000 0.00000000
vt 0.00000000 0.00000000
vt 0.00000000 0.00000000
vt 0.00000000 0.00000000
vt 0.00000000 0.00000000
vt 0.00000000 0.00000000
vt 0.00000000 0.00000000
vt 0.00000000 0.00000000
vt 0.00000000 0.00000000
vt 0.00000000 0.00000000
vt 0.00000000 0.00000000
vt 0.00000000 0.00000000
vt 0.00000000 0.00000000
vt 0.00000000 0.00000000
vt 0.00000000 0.00000000
vt 0.00000000 0.00000000
vt 0.00000000 0.00000000
vt 0.00000000 0.00000000
vt 0.00000000 0.00000000
vt 0.00000000 0.00000000
vt 0.00000000 0.00000000
vt 0.00000000 0.00000000
vt 0.00000000 0.00000000
vt 0.00000000 0.00000000
vt 0.00000000 0.00000000
vt 0.00000000 0.00000000
vt 0.00000000 0.00000000
vt 0.00000000 0.00000000
vt 0.00000000 0.00000000
vt 0.00000000 0.00000000
vt 0.00000000 0.00000000
vt 0.00000000 0.00000000
vt 0.00000000 0.00000000
vt 0.00000000 0.00000000
vt 0.00000000 0.00000000
vt 0.00000000 0.00000000
vt 0.00000000 0.00000000
vt 0.00000000 0.00000000
vt 0.00000000 0.00000000
vt 0.00000000 0.00000000
vt 0.00000000 0.00000000
vt 0.00000000 0.00000000
vt 0.00000000 0.00000000
vt 0.00000000 0.00000000
vt 0.00000000 0.00000000
vt 0.00000000 0.00000000
vt 0.00000000 0.00000000
vt 0.00000000 0.00000000
vt 0.00000000 0.00000000
vt 0.00000000 0.00000000
vt 0.00000000 0.00000000
vt 0.00000000 0.00000000
vt 0.00000000 0.00000000
vt 0.00000000 0.00000000
vt 0.00000000 0.00000000
vt 0.00000000 0.00000000
vt 0.00000000 0.00000000
vt 0.00000000 0.00000000
vt 0.00000000 0.00000000
vt 0.00000000 0.00000000
vt 0.00000000 0.00000000
vt 0.00000000 0.00000000
vt 0.00000000 0.00000000
vt 0.00000000 0.00000000
vt 0.00000000 0.00000000
vt 0.00000000 0.00000000
vt 0.00000000 0.00000000
vt 0.00000000 0.00000000
vt 0.00000000 0.00000000
vt 0.00000000 0.00000000
vt 0.00000000 0.00000000
vt 0.00000000 0.00000000
vt 0.00000000 0.00000000
vt 0.00000000 0.00000000
vt 0.00000000 0.00000000
vt 0.00000000 0.00000000
vt 0.00000000 0.00000000
vt 0.00000000 0.00000000
vt 0.00000000 0.00000000
vt 0.00000000 0.00000000
vt 0.00000000 0.00000000
vt 0.00000000 0.00000000
vt 0.00000000 0.00000000
vt 0.00000000 0.00000000
vt 0.00000000 0.00000000
vt 0.00000000 0.00000000
vt 0.00000000 0.00000000
vt 0.00000000 0.00000000
vt 0.00000000 0.00000000
vt 0.00000000 0.00000000
vt 0.00000000 0.00000000
vt 0.00000000 0.00000000
vt 0.00000000 0.00000000
vt 0.00000000 0.00000000
vt 0.00000000 0.00000000
vt 0.00000000 0.00000000
vt 0.00000000 0.00000000
vt 0.00000000 0.00000000
vt 0.00000000 0.00000000
vt 0.00000000 0.00000000
vt 0.00000000 0.00000000
vt 0.00000000 0.00000000
vt 0.00000000 0.00000000
vt 0.00000000 0.00000000
vt 0.00000000 0.00000000
vt 0.00000000 0.00000000
vt 0.00000000 0.00000000
vt 0.00000000 0.00000000
vt 0.00000000 0.00000000
vt 0.00000000 0.00000000
vt 0.00000000 0.00000000
vt 0.00000000 0.00000000
vt 0.00000000 0.00000000
vt 0.00000000 0.00000000
vt 0.00000000 0.00000000
vt 0.00000000 0.00000000
vt 0.00000000 0.00000000
vt 0.00000000 0.00000000
vt 0.00000000 0.00000000
vt 0.00000000 0.00000000
vt 0.00000000 0.00000000
vt 0.00000000 0.00000000
vt 0.00000000 0.00000000
vt 0.00000000 0.00000000
vt 0.00000000 0.00000000
vt 0.00000000 0.00000000
vt 0.00000000 0.00000000
vt 0.00000000 0.00000000
vt 0.00000000 0.00000000
vt 0.00000000 0.00000000
vt 0.00000000 0.00000000
vt 0.00000000 0.00000000
vt 0.00000000 0.00000000
vt 0.00000000 0.00000000
vt 0.00000000 0.00000000
vt 0.00000000 0.00000000
vt 0.00000000 0.00000000
vt 0.00000000 0.00000000
vt 0.00000000 0.00000000
vt 0.00000000 0.00000000
vt 0.00000000 0.00000000
vt 0.00000000 0.00000000
vt 0.00000000 0.00000000
vt 0.00000000 0.00000000
vt 0.00000000 0.00000000
vt 0.00000000 0.00000000
vt 0.00000000 0.00000000
vt 0.00000000 0.00000000
vt 0.00000000 0.00000000
vt 0.00000000 0.00000000
vt 0.00000000 0.00000000
vt 0.00000000 0.00000000
vt 0.00000000 0.00000000
vt 0.00000000 0.00000000
vt 0.00000000 0.00000000
vt 0.00000000 0.00000000
vt 0.00000000 0.00000000
vt 0.00000000 0.00000000
vt 0.00000000 0.00000000
vt 0.00000000 0.00000000
vt 0.00000000 0.00000000
vt 0.00000000 0.00000000
vt 0.00000000 0.00000000
vt 0.00000000 0.00000000
vt 0.00000000 0.00000000
vt 0.00000000 0.00000000
vt 0.00000000 0.00000000
vt 0.00000000 0.00000000
vt 0.00000000 0.00000000
vt 0.00000000 0.00000000
vt 0.00000000 0.00000000
vt 0.00000000 0.00000000
vt 0.00000000 0.00000000
vt 0.00000000 0.00000000
vt 0.00000000 0.00000000
vt 0.00000000 0.00000000
vt 0.00000000 0.00000000
vt 0.00000000 0.00000000
vt 0.00000000 0.00000000
vt 0.00000000 0.00000000
vt 0.00000000 0.00000000
vt 0.00000000 0.00000000
vt 0.00000000 0.00000000
vt 0.00000000 0.00000000
vt 0.00000000 0.00000000
vt 0.00000000 0.00000000
vt 0.00000000 0.00000000
vt 0.00000000 0.00000000
vt 0.00000000 0.00000000
vt 0.00000000 0.00000000
vt 0.00000000 0.00000000
vt 0.00000000 0.00000000
vt 0.00000000 0.00000000
vt 0.00000000 0.00000000
vt 0.00000000 0.00000000
vt 0.00000000 0.00000000
vt 0.00000000 0.00000000
vt 0.00000000 0.00000000
vt 0.00000000 0.00000000
vt 0.00000000 0.00000000
vt 0.00000000 0.00000000
vt 0.00000000 0.00000000
vt 0.00000000 0.00000000
vt 0.00000000 0.00000000
vt 0.00000000 0.00000000
vt 0.00000000 0.00000000
vt 0.00000000 0.00000000
vt 0.00000000 0.00000000
vt 0.00000000 0.00000000
vt 0.00000000 0.00000000
vt 0.00000000 0.00000000
vt 0.00000000 0.00000000
vt 0.00000000 0.00000000
vt 0.00000000 0.00000000
vt 0.00000000 0.00000000
vt 0.00000000 0.00000000
vt 0.00000000 0.00000000
vt 0.00000000 0.00000000
vt 0.00000000 0.00000000
vt 0.00000000 0.00000000
vt 0.00000000 0.00000000
vt 0.00000000 0.00000000
vt 0.00000000 0.00000000
vt 0.00000000 0.00000000
vt 0.00000000 0.00000000
vt 0.00000000 0.00000000
vt 0.00000000 0.00000000
vt 0.00000000 0.00000000
vt 0.00000000 0.00000000
vt 0.00000000 0.00000000
vt 0.00000000 0.00000000
vt 0.00000000 0.00000000
vt 0.00000000 0.00000000
vt 0.00000000 0.00000000
vt 0.00000000 0.00000000
vt 0.00000000 0.00000000
vt 0.00000000 0.00000000
vt 0.00000000 0.00000000
vt 0.00000000 0.00000000
vt 0.00000000 0.00000000
vt 0.00000000 0.00000000
vt 0.00000000 0.00000000
vt 0.00000000 0.00000000
vt 0.00000000 0.00000000
vt 0.00000000 0.00000000
vt 0.00000000 0.00000000
vt 0.00000000 0.00000000
vt 0.00000000 0.00000000
vt 0.00000000 0.00000000
vt 0.00000000 0.00000000
vt 0.00000000 0.00000000
vt 0.00000000 0.00000000
vt 0.00000000 0.00000000
vt 0.00000000 0.00000000
vt 0.00000000 0.00000000
vt 0.00000000 0.00000000
vt 0.00000000 0.00000000
vt 0.00000000 0.00000000
vt 0.00000000 0.00000000
vt 0.00000000 0.00000000
vt 0.00000000 0.00000000
vt 0.00000000 0.00000000
vt 0.00000000 0.00000000
vt 0.00000000 0.00000000
vt 0.00000000 0.00000000
vt 0.00000000 0.00000000
vt 0.00000000 0.00000000
vt 0.00000000 0.00000000
vt 0.00000000 0.00000000
vt 0.00000000 0.00000000
vt 0.00000000 0.00000000
vt 0.00000000 0.00000000
vt 0.00000000 0.00000000
vt 0.00000000 0.00000000
vt 0.00000000 0.00000000
vt 0.00000000 0.00000000
vt 0.00000000 0.00000000
vt 0.00000000 0.00000000
vt 0.00000000 0.00000000
vt 0.00000000 0.00000000
vt 0.00000000 0.00000000
vt 0.00000000 0.00000000
vt 0.00000000 0.00000000
vt 0.00000000 0.00000000
vt 0.00000000 0.00000000
vt 0.00000000 0.00000000
vt 0.00000000 0.00000000
vt 0.00000000 0.00000000
vt 0.00000000 0.00000000
vt 0.00000000 0.00000000
vt 0.00000000 0.00000000
vt 0.00000000 0.00000000
vt 0.00000000 0.00000000
vt 0.00000000 0.00000000
vt 0.00000000 0.00000000
vt 0.00000000 0.00000000
vt 0.00000000 0.00000000
vt 0.00000000 0.00000000
vt 0.00000000 0.00000000
vt 0.00000000 0.00000000
vt 0.00000000 0.00000000
vt 0.00000000 0.00000000
vt 0.00000000 0.00000000
vt 0.00000000 0.00000000
vt 0.00000000 0.00000000
vt 0.00000000 0.00000000
vt 0.00000000 0.00000000
vt 0.00000000 0.00000000
vt 0.00000000 0.00000000
vt 0.00000000 0.00000000
vt 0.00000000 0.00000000
vt 0.00000000 0.00000000
vt 0.00000000 0.00000000
vt 0.00000000 0.00000000
vt 0.00000000 0.00000000
vt 0.00000000 0.00000000
vt 0.00000000 0.00000000
vt 0.00000000 0.00000000
vt 0.00000000 0.00000000
vt 0.00000000 0.00000000
vt 0.00000000 0.00000000
vt 0.00000000 0.00000000
vt 0.00000000 0.00000000
vt 0.00000000 0.00000000
vt 0.00000000 0.00000000
vt 0.00000000 0.00000000
vt 0.00000000 0.00000000
vt 0.00000000 0.00000000
vt 0.00000000 0.00000000
vt 0.00000000 0.00000000
vt 0.00000000 0.00000000
vt 0.00000000 0.00000000
vt 0.00000000 0.00000000
vt 0.00000000 0.00000000
vt 0.00000000 0.00000000
vt 0.00000000 0.00000000
vt 0.00000000 0.00000000
vt 0.00000000 0.00000000
vt 0.00000000 0.00000000
vt 0.00000000 0.00000000
vt 0.00000000 0.00000000
vt 0.00000000 0.00000000
vt 0.00000000 0.00000000
vt 0.00000000 0.00000000
vt 0.00000000 0.00000000
vt 0.00000000 0.00000000
vt 0.00000000 0.00000000
vt 0.00000000 0.00000000
vt 0.00000000 0.00000000
vt 0.00000000 0.00000000
vt 0.00000000 0.00000000
vt 0.00000000 0.00000000
vt 0.00000000 0.00000000
vt 0.00000000 0.00000000
vt 0.00000000 0.00000000
vt 0.00000000 0.00000000
vt 0.00000000 0.00000000
vt 0.00000000 0.00000000
vt 0.00000000 0.00000000
vt 0.00000000 0.00000000
vt 0.00000000 0.00000000
vt 0.00000000 0.00000000
vt 0.00000000 0.00000000
vt 0.00000000 0.00000000
vt 0.00000000 0.00000000
vt 0.00000000 0.00000000
vt 0.00000000 0.00000000
vt 0.00000000 0.00000000
vt 0.00000000 0.00000000
vt 0.00000000 0.00000000
vt 0.00000000 0.00000000
vt 0.00000000 0.00000000
vt 0.00000000 0.00000000
vt 0.00000000 0.00000000
vt 0.00000000 0.00000000
vt 0.00000000 0.00000000
vt 0.00000000 0.00000000
vt 0.00000000 0.00000000
vt 0.00000000 0.00000000
vt 0.00000000 0.00000000
vt 0.00000000 0.00000000
vt 0.00000000 0.00000000
vt 0.00000000 0.00000000
vt 0.00000000 0.00000000
vt 0.00000000 0.00000000
vt 0.00000000 0.00000000
vt 0.00000000 0.00000000
vt 0.00000000 0.00000000
vt 0.00000000 0.00000000
vt 0.00000000 0.00000000
vt 0.00000000 0.00000000
vt 0.00000000 0.00000000
vt 0.00000000 0.00000000
vt 0.00000000 0.00000000
vt 0.00000000 0.00000000
vt 0.00000000 0.00000000
vt 0.00000000 0.00000000
vt 0.00000000 0.00000000
vt 0.00000000 0.00000000
vt 0.00000000 0.00000000
vt 0.00000000 0.00000000
vt 0.00000000 0.00000000
vt 0.00000000 0.00000000
vt 0.00000000 0.00000000
vt 0.00000000 0.00000000
vt 0.00000000 0.00000000
vt 0.00000000 0.00000000
vt 0.00000000 0.00000000
vt 0.00000000 0.00000000
vt 0.00000000 0.00000000
vt 0.00000000 0.00000000
vt 0.00000000 0.00000000
vt 0.00000000 0.00000000
vt 0.00000000 0.00000000
vt 0.00000000 0.00000000
vt 0.00000000 0.00000000
vt 0.00000000 0.00000000
vt 0.00000000 0.00000000
vt 0.00000000 0.00000000
vt 0.00000000 0.00000000
vt 0.00000000 0.00000000
vt 0.00000000 0.00000000
vt 0.00000000 0.00000000
vt 0.00000000 0.00000000
vt 0.00000000 0.00000000
vt 0.00000000 0.00000000
vt 0.00000000 0.00000000
vt 0.00000000 0.00000000
vt 0.00000000 0.00000000
vt 0.00000000 0.00000000
vt 0.00000000 0.00000000
vt 0.00000000 0.00000000
vt 0.00000000 0.00000000
vt 0.00000000 0.00000000
vt 0.00000000 0.00000000
vt 0.00000000 0.00000000
vt 0.00000000 0.00000000
vt 0.00000000 0.00000000
vt 0.00000000 0.00000000
vt 0.00000000 0.00000000
vt 0.00000000 0.00000000
vt 0.00000000 0.00000000
vt 0.00000000 0.00000000
vt 0.00000000 0.00000000
vt 0.00000000 0.00000000
vt 0.00000000 0.00000000
vt 0.00000000 0.00000000
vt 0.00000000 0.00000000
vt 0.00000000 0.00000000
vt 0.00000000 0.00000000
vt 0.00000000 0.00000000
vt 0.00000000 0.00000000
vt 0.00000000 0.00000000
vt 0.00000000 0.00000000
vt 0.00000000 0.00000000
vt 0.00000000 0.00000000
vt 0.00000000 0.00000000
vt 0.00000000 0.00000000
vt 0.00000000 0.00000000
vt 0.00000000 0.00000000
vt 0.00000000 0.00000000
vt 0.00000000 0.00000000
vt 0.00000000 0.00000000
vt 0.00000000 0.00000000
vt 0.00000000 0.00000000
vt 0.00000000 0.00000000
vt 0.00000000 0.00000000
vt 0.00000000 0.00000000
vt 0.00000000 0.00000000
vt 0.00000000 0.00000000
vt 0.00000000 0.00000000
vt 0.00000000 0.00000000
vt 0.00000000 0.00000000
vt 0.00000000 0.00000000
vt 0.00000000 0.00000000
vt 0.00000000 0.00000000
vt 0.00000000 0.00000000
vt 0.00000000 0.00000000
vt 0.00000000 0.00000000
vt 0.00000000 0.00000000
vt 0.00000000 0.00000000
vt 0.00000000 0.00000000
vt 0.00000000 0.00000000
vt 0.00000000 0.00000000
vt 0.00000000 0.00000000
vt 0.00000000 0.00000000
vt 0.00000000 0.00000000
vt 0.00000000 0.00000000
vt 0.00000000 0.00000000
vt 0.00000000 0.00000000
vt 0.00000000 0.00000000
vt 0.00000000 0.00000000
vt 0.00000000 0.00000000
vt 0.00000000 0.00000000
vt 0.00000000 0.00000000
vt 0.00000000 0.00000000
vt 0.00000000 0.00000000
vt 0.00000000 0.00000000
vt 0.00000000 0.00000000
vt 0.00000000 0.00000000
vt 0.00000000 0.00000000
vt 0.00000000 0.00000000
vt 0.00000000 0.00000000
vt 0.00000000 0.00000000
vt 0.00000000 0.00000000
vt 0.00000000 0.00000000
vt 0.00000000 0.00000000
vt 0.00000000 0.00000000
vt 0.00000000 0.00000000
vt 0.00000000 0.00000000
vt 0.00000000 0.00000000
vt 0.00000000 0.00000000
vt 0.00000000 0.00000000
vt 0.00000000 0.00000000
vt 0.00000000 0.00000000
vt 0.00000000 0.00000000
vt 0.00000000 0.00000000
vt 0.00000000 0.00000000
vt 0.00000000 0.00000000
vt 0.00000000 0.00000000
vt 0.00000000 0.00000000
vt 0.00000000 0.00000000
vt 0.00000000 0.00000000
vt 0.00000000 0.00000000
vt 0.00000000 0.00000000
vt 0.00000000 0.00000000
vt 0.00000000 0.00000000
vt 0.00000000 0.00000000
vt 0.00000000 0.00000000
vt 0.00000000 0.00000000
vt 0.00000000 0.00000000
vt 0.00000000 0.00000000
vt 0.00000000 0.00000000
vt 0.00000000 0.00000000
vt 0.00000000 0.00000000
vt 0.00000000 0.00000000
vt 0.00000000 0.00000000
vt 0.00000000 0.00000000
vt 0.00000000 0.00000000
vt 0.00000000 0.00000000
vt 0.00000000 0.00000000
vt 0.00000000 0.00000000
vt 0.00000000 0.00000000
vt 0.00000000 0.00000000
vt 0.00000000 0.00000000
vt 0.00000000 0.00000000
vt 0.00000000 0.00000000
vt 0.00000000 0.00000000
vt 0.00000000 0.00000000
vt 0.00000000 0.00000000
vt 0.00000000 0.00000000
vt 0.00000000 0.00000000
vt 0.00000000 0.00000000
vt 0.00000000 0.00000000
vt 0.00000000 0.00000000
vt 0.00000000 0.00000000
vt 0.00000000 0.00000000
vt 0.00000000 0.00000000
vt 0.00000000 0.00000000
vt 0.00000000 0.00000000
vt 0.00000000 0.00000000
vt 0.00000000 0.00000000
vt 0.00000000 0.00000000
vt 0.00000000 0.00000000
vt 0.00000000 0.00000000
vt 0.00000000 0.00000000
vt 0.00000000 0.00000000
vt 0.00000000 0.00000000
vt 0.00000000 0.00000000
vt 0.00000000 0.00000000
vt 0.00000000 0.00000000
vt 0.00000000 0.00000000
vt 0.00000000 0.00000000
vt 0.00000000 0.00000000
vt 0.00000000 0.00000000
vt 0.00000000 0.00000000
vt 0.00000000 0.00000000
vt 0.00000000 0.00000000
vt 0.00000000 0.00000000
vt 0.00000000 0.00000000
vt 0.00000000 0.00000000
vt 0.00000000 0.00000000
vt 0.00000000 0.00000000
vt 0.00000000 0.00000000
vt 0.00000000 0.00000000
vt 0.00000000 0.00000000
vt 0.00000000 0.00000000
vt 0.00000000 0.00000000
vt 0.00000000 0.00000000
vt 0.00000000 0.00000000
vt 0.00000000 0.00000000
vt 0.00000000 0.00000000
vt 0.00000000 0.00000000
vt 0.00000000 0.00000000
vt 0.00000000 0.00000000
vt 0.00000000 0.00000000
vt 0.00000000 0.00000000
vt 0.00000000 0.00000000
vt 0.00000000 0.00000000
vt 0.00000000 0.00000000
vt 0.00000000 0.00000000
vt 0.00000000 0.00000000
vt 0.00000000 0.00000000
vt 0.00000000 0.00000000
vt 0.00000000 0.00000000
vt 0.00000000 0.00000000
vt 0.00000000 0.00000000
vt 0.00000000 0.00000000
vt 0.00000000 0.00000000
vt 0.00000000 0.00000000
vt 0.00000000 0.00000000
vt 0.00000000 0.00000000
vt 0.00000000 0.00000000
vt 0.00000000 0.00000000
vt 0.00000000 0.00000000
vt 0.00000000 0.00000000
vt 0.00000000 0.00000000
vt 0.00000000 0.00000000
vt 0.00000000 0.00000000
vt 0.00000000 0.00000000
vt 0.00000000 0.00000000
vt 0.00000000 0.00000000
vt 0.00000000 0.00000000
vt 0.00000000 0.00000000
vt 0.00000000 0.00000000
vt 0.00000000 0.00000000
vt 0.00000000 0.00000000
vt 0.00000000 0.00000000
vt 0.00000000 0.00000000
vt 0.00000000 0.00000000
vt 0.00000000 0.00000000
vt 0.00000000 0.00000000
vt 0.00000000 0.00000000
vt 0.00000000 0.00000000
vt 0.00000000 0.00000000
vt 0.00000000 0.00000000
vt 0.00000000 0.00000000
vt 0.00000000 0.00000000
vt 0.00000000 0.00000000
vt 0.00000000 0.00000000
vt 0.00000000 0.00000000
vt 0.00000000 0.00000000
vt 0.00000000 0.00000000
vt 0.00000000 0.00000000
vt 0.00000000 0.00000000
vt 0.00000000 0.00000000
vt 0.00000000 0.00000000
vt 0.00000000 0.00000000
vt 0.00000000 0.00000000
vt 0.00000000 0.00000000
vt 0.00000000 0.00000000
vt 0.00000000 0.00000000
vt 0.00000000 0.00000000
vt 0.00000000 0.00000000
vt 0.00000000 0.00000000
vt 0.00000000 0.00000000
vt 0.00000000 0.00000000
vt 0.00000000 0.00000000
vt 0.00000000 0.00000000
vt 0.00000000 0.00000000
vt 0.00000000 0.00000000
vt 0.00000000 0.00000000
vt 0.00000000 0.00000000
vt 0.00000000 0.00000000
vt 0.00000000 0.00000000
vt 0.00000000 0.00000000
vt 0.00000000 0.00000000
vt 0.00000000 0.00000000
vt 0.00000000 0.00000000
vt 0.00000000 0.00000000
vt 0.00000000 0.00000000
vt 0.00000000 0.00000000
vt 0.00000000 0.00000000
vt 0.00000000 0.00000000
vt 0.00000000 0.00000000
vt 0.00000000 0.00000000
vt 0.00000000 0.00000000
vt 0.00000000 0.00000000
vt 0.00000000 0.00000000
vt 0.00000000 0.00000000
vt 0.00000000 0.00000000
vt 0.00000000 0.00000000
vt 0.00000000 0.00000000
vt 0.00000000 0.00000000
vt 0.00000000 0.00000000
vt 0.00000000 0.00000000
vt 0.00000000 0.00000000
vt 0.00000000 0.00000000
vt 0.00000000 0.00000000
vt 0.00000000 0.00000000
vt 0.00000000 0.00000000
vt 0.00000000 0.00000000
vt 0.00000000 0.00000000
vt 0.00000000 0.00000000
vt 0.00000000 0.00000000
vt 0.00000000 0.00000000
vt 0.00000000 0.00000000
vt 0.00000000 0.00000000
vt 0.00000000 0.00000000
vt 0.00000000 0.00000000
vt 0.00000000 0.00000000
vt 0.00000000 0.00000000
vt 0.00000000 0.00000000
vt 0.00000000 0.00000000
vt 0.00000000 0.00000000
vt 0.00000000 0.00000000
vt 0.00000000 0.00000000
vt 0.00000000 0.00000000
vt 0.00000000 0.00000000
vt 0.00000000 0.00000000
vt 0.00000000 0.00000000
vt 0.00000000 0.00000000
vt 0.00000000 0.00000000
vt 0.00000000 0.00000000
vt 0.00000000 0.00000000
vt 0.00000000 0.00000000
vt 0.00000000 0.00000000
vt 0.00000000 0.00000000
vt 0.00000000 0.00000000
vt 0.00000000 0.00000000
vt 0.00000000 0.00000000
vt 0.00000000 0.00000000
vt 0.00000000 0.00000000
vt 0.00000000 0.00000000
vt 0.00000000 0.00000000
vt 0.00000000 0.00000000
vt 0.00000000 0.00000000
vt 0.00000000 0.00000000
vt 0.00000000 0.00000000
vt 0.00000000 0.00000000
vt 0.00000000 0.00000000
vt 0.00000000 0.00000000
vt 0.00000000 0.00000000
vt 0.00000000 0.00000000
vt 0.00000000 0.00000000
vt 0.00000000 0.00000000
vt 0.00000000 0.00000000
vt 0.00000000 0.00000000
vt 0.00000000 0.00000000
vt 0.00000000 0.00000000
vt 0.00000000 0.00000000
vt 0.00000000 0.00000000
vt 0.00000000 0.00000000
vt 0.00000000 0.00000000
vt 0.00000000 0.00000000
vt 0.00000000 0.00000000
vt 0.00000000 0.00000000
vt 0.00000000 0.00000000
vt 0.00000000 0.00000000
vt 0.00000000 0.00000000
vt 0.00000000 0.00000000
vt 0.00000000 0.00000000
vt 0.00000000 0.00000000
vt 0.00000000 0.00000000
vt 0.00000000 0.00000000
vt 0.00000000 0.00000000
vt 0.00000000 0.00000000
vt 0.00000000 0.00000000
vt 0.00000000 0.00000000
vt 0.00000000 0.00000000
vt 0.00000000 0.00000000
vt 0.00000000 0.00000000
vt 0.00000000 0.00000000
vt 0.00000000 0.00000000
vt 0.00000000 0.00000000
vt 0.00000000 0.00000000
vt 0.00000000 0.00000000
vt 0.00000000 0.00000000
vt 0.00000000 0.00000000
vt 0.00000000 0.00000000
vt 0.00000000 0.00000000
vt 0.00000000 0.00000000
vt 0.00000000 0.00000000
vt 0.00000000 0.00000000
vt 0.00000000 0.00000000
vt 0.00000000 0.00000000
vt 0.00000000 0.00000000
vt 0.00000000 0.00000000
vt 0.00000000 0.00000000
vt 0.00000000 0.00000000
vt 0.00000000 0.00000000
vt 0.00000000 0.00000000
vt 0.00000000 0.00000000
vt 0.00000000 0.00000000
vt 0.00000000 0.00000000
vt 0.00000000 0.00000000
vt 0.00000000 0.00000000
vt 0.00000000 0.00000000
vt 0.00000000 0.00000000
vt 0.00000000 0.00000000
vt 0.00000000 0.00000000
vt 0.00000000 0.00000000
vt 0.00000000 0.00000000
vt 0.00000000 0.00000000
vt 0.00000000 0.00000000
vt 0.00000000 0.00000000
vt 0.00000000 0.00000000
vt 0.00000000 0.00000000
vt 0.00000000 0.00000000
vt 0.00000000 0.00000000
vt 0.00000000 0.00000000
vt 0.00000000 0.00000000
vt 0.00000000 0.00000000
vt 0.00000000 0.00000000
vt 0.00000000 0.00000000
vt 0.00000000 0.00000000
vt 0.00000000 0.00000000
vt 0.00000000 0.00000000
vt 0.00000000 0.00000000
vt 0.00000000 0.00000000
vt 0.00000000 0.00000000
vt 0.00000000 0.00000000
vt 0.00000000 0.00000000
vt 0.00000000 0.00000000
vt 0.00000000 0.00000000
vt 0.00000000 0.00000000
vt 0.00000000 0.00000000
vt 0.00000000 0.00000000
vt 0.00000000 0.00000000
vt 0.00000000 0.00000000
vt 0.00000000 0.00000000
vt 0.00000000 0.00000000
vt 0.00000000 0.00000000
vt 0.00000000 0.00000000
vt 0.00000000 0.00000000
vt 0.00000000 0.00000000
vt 0.00000000 0.00000000
vt 0.00000000 0.00000000
vt 0.00000000 0.00000000
vt 0.00000000 0.00000000
vt 0.00000000 0.00000000
vt 0.00000000 0.00000000
vt 0.00000000 0.00000000
vt 0.00000000 0.00000000
vt 0.00000000 0.00000000
vt 0.00000000 0.00000000
vt 0.00000000 0.00000000
vt 0.00000000 0.00000000
vt 0.00000000 0.00000000
vt 0.00000000 0.00000000
vt 0.00000000 0.00000000
vt 0.00000000 0.00000000
vt 0.00000000 0.00000000
vt 0.00000000 0.00000000
vt 0.00000000 0.00000000
vt 0.00000000 0.00000000
vt 0.00000000 0.00000000
vt 0.00000000 0.00000000
vt 0.00000000 0.00000000
vt 0.00000000 0.00000000
vt 0.00000000 0.00000000
vt 0.00000000 0.00000000
vt 0.00000000 0.00000000
vt 0.00000000 0.00000000
vt 0.00000000 0.00000000
vt 0.00000000 0.00000000
vt 0.00000000 0.00000000
vt 0.00000000 0.00000000
vt 0.00000000 0.00000000
vt 0.00000000 0.00000000
vt 0.00000000 0.00000000
vt 0.00000000 0.00000000
vt 0.00000000 0.00000000
vt 0.00000000 0.00000000
vt 0.00000000 0.00000000
vt 0.00000000 0.00000000
vt 0.00000000 0.00000000
vt 0.00000000 0.00000000
vt 0.00000000 0.00000000
vt 0.00000000 0.00000000
vt 0.00000000 0.00000000
vt 0.00000000 0.00000000
vt 0.00000000 0.00000000
vt 0.00000000 0.00000000
vt 0.00000000 0.00000000
vt 0.00000000 0.00000000
vt 0.00000000 0.00000000
vt 0.00000000 0.00000000
vt 0.00000000 0.00000000
vt 0.00000000 0.00000000
vt 0.00000000 0.00000000
vt 0.00000000 0.00000000
vt 0.00000000 0.00000000
vt 0.00000000 0.00000000
vt 0.00000000 0.00000000
vt 0.00000000 0.00000000
vt 0.00000000 0.00000000
vt 0.00000000 0.00000000
vt 0.00000000 0.00000000
vt 0.00000000 0.00000000
vt 0.00000000 0.00000000
vt 0.00000000 0.00000000
vt 0.00000000 0.00000000
vt 0.00000000 0.00000000
vt 0.00000000 0.00000000
vt 0.00000000 0.00000000
vt 0.00000000 0.00000000
vt 0.00000000 0.00000000
vt 0.00000000 0.00000000
vt 0.00000000 0.00000000
vt 0.00000000 0.00000000
vt 0.00000000 0.00000000
vt 0.00000000 0.00000000
vt 0.00000000 0.00000000
vt 0.00000000 0.00000000
vt 0.00000000 0.00000000
vt 0.00000000 0.00000000
vt 0.00000000 0.00000000
vt 0.00000000 0.00000000
vt 0.00000000 0.00000000
vt 0.00000000 0.00000000
vt 0.00000000 0.00000000
vt 0.00000000 0.00000000
vt 0.00000000 0.00000000
vt 0.00000000 0.00000000
vt 0.00000000 0.00000000
vt 0.00000000 0.00000000
vt 0.00000000 0.00000000
vt 0.00000000 0.00000000
vt 0.00000000 0.00000000
vt 0.00000000 0.00000000
vt 0.00000000 0.00000000
vt 0.00000000 0.00000000
vt 0.00000000 0.00000000
vt 0.00000000 0.00000000
vt 0.00000000 0.00000000
vt 0.00000000 0.00000000
vt 0.00000000 0.00000000
vt 0.00000000 0.00000000
vt 0.00000000 0.00000000
vt 0.00000000 0.00000000
vt 0.00000000 0.00000000
vt 0.00000000 0.00000000
vt 0.00000000 0.00000000
vt 0.00000000 0.00000000
vt 0.00000000 0.00000000
vt 0.00000000 0.00000000
vt 0.00000000 0.00000000
vt 0.00000000 0.00000000
vt 0.00000000 0.00000000
vt 0.00000000 0.00000000
vt 0.00000000 0.00000000
vt 0.00000000 0.00000000
vt 0.00000000 0.00000000
vt 0.00000000 0.00000000
vt 0.00000000 0.00000000
vt 0.00000000 0.00000000
vt 0.00000000 0.00000000
vt 0.00000000 0.00000000
vt 0.00000000 0.00000000
vt 0.00000000 0.00000000
vt 0.00000000 0.00000000
vt 0.00000000 0.00000000
vt 0.00000000 0.00000000
vt 0.00000000 0.00000000
vt 0.00000000 0.00000000
vt 0.00000000 0.00000000
vt 0.00000000 0.00000000
vt 0.00000000 0.00000000
vt 0.00000000 0.00000000
vt 0.00000000 0.00000000
vt 0.00000000 0.00000000
vt 0.00000000 0.00000000
vt 0.00000000 0.00000000
vt 0.00000000 0.00000000
vt 0.00000000 0.00000000
vt 0.00000000 0.00000000
vt 0.00000000 0.00000000
vt 0.00000000 0.00000000
vt 0.00000000 0.00000000
vt 0.00000000 0.00000000
vt 0.00000000 0.00000000
vt 0.00000000 0.00000000
vt 0.00000000 0.00000000
vt 0.00000000 0.00000000
vt 0.00000000 0.00000000
vt 0.00000000 0.00000000
vt 0.00000000 0.00000000
vt 0.00000000 0.00000000
vt 0.00000000 0.00000000
vt 0.00000000 0.00000000
vt 0.00000000 0.00000000
vt 0.00000000 0.00000000
vt 0.00000000 0.00000000
vt 0.00000000 0.00000000
vt 0.00000000 0.00000000
vt 0.00000000 0.00000000
vt 0.00000000 0.00000000
vt 0.00000000 0.00000000
vt 0.00000000 0.00000000
vt 0.00000000 0.00000000
vt 0.00000000 0.00000000
vt 0.00000000 0.00000000
vt 0.00000000 0.00000000
vt 0.00000000 0.00000000
vt 0.00000000 0.00000000
vt 0.00000000 0.00000000
vt 0.00000000 0.00000000
vt 0.00000000 0.00000000
vt 0.00000000 0.00000000
vt 0.00000000 0.00000000
vt 0.00000000 0.00000000
vt 0.00000000 0.00000000
vt 0.00000000 0.00000000
vt 0.00000000 0.00000000
vt 0.00000000 0.00000000
vt 0.00000000 0.00000000
vt 0.00000000 0.00000000
vt 0.00000000 0.00000000
vt 0.00000000 0.00000000
vt 0.00000000 0.00000000
vt 0.00000000 0.00000000
vt 0.00000000 0.00000000
vt 0.00000000 0.00000000
vt 0.00000000 0.00000000
vt 0.00000000 0.00000000
vt 0.00000000 0.00000000
vt 0.00000000 0.00000000
vt 0.00000000 0.00000000
vt 0.00000000 0.00000000
vt 0.00000000 0.00000000
vt 0.00000000 0.00000000
vt 0.00000000 0.00000000
vt 0.00000000 0.00000000
vt 0.00000000 0.00000000
vt 0.00000000 0.00000000
vt 0.00000000 0.00000000
vt 0.00000000 0.00000000
vt 0.00000000 0.00000000
vt 0.00000000 0.00000000
vt 0.00000000 0.00000000
vt 0.00000000 0.00000000
vt 0.00000000 0.00000000
vt 0.00000000 0.00000000
vt 0.00000000 0.00000000
vt 0.00000000 0.00000000
vt 0.00000000 0.00000000
vt 0.00000000 0.00000000
vt 0.00000000 0.00000000
vt 0.00000000 0.00000000
vt 0.00000000 0.00000000
vt 0.00000000 0.00000000
vt 0.00000000 0.00000000
vt 0.00000000 0.00000000
vt 0.00000000 0.00000000
vt 0.00000000 0.00000000
vt 0.00000000 0.00000000
vt 0.00000000 0.00000000
vt 0.00000000 0.00000000
vt 0.00000000 0.00000000
vt 0.00000000 0.00000000
vt 0.00000000 0.00000000
vt 0.00000000 0.00000000
vt 0.00000000 0.00000000
vt 0.00000000 0.00000000
vt 0.00000000 0.00000000
vt 0.00000000 0.00000000
vt 0.00000000 0.00000000
vt 0.00000000 0.00000000
vt 0.00000000 0.00000000
vt 0.00000000 0.00000000
vt 0.00000000 0.00000000
vt 0.00000000 0.00000000
vt 0.00000000 0.00000000
vt 0.00000000 0.00000000
vt 0.00000000 0.00000000
vt 0.00000000 0.00000000
vt 0.00000000 0.00000000
vt 0.00000000 0.00000000
vt 0.00000000 0.00000000
vt 0.00000000 0.00000000
vt 0.00000000 0.00000000
vt 0.00000000 0.00000000
vt 0.00000000 0.00000000
vt 0.00000000 0.00000000
vt 0.00000000 0.00000000
vt 0.00000000 0.00000000
vt 0.00000000 0.00000000
vt 0.00000000 0.00000000
vt 0.00000000 0.00000000
vt 0.00000000 0.00000000
vt 0.00000000 0.00000000
vt 0.00000000 0.00000000
vt 0.00000000 0.00000000
vt 0.00000000 0.00000000
vt 0.00000000 0.00000000
vt 0.00000000 0.00000000
vt 0.00000000 0.00000000
vt 0.00000000 0.00000000
vt 0.00000000 0.00000000
vt 0.00000000 0.00000000
vt 0.00000000 0.00000000
vt 0.00000000 0.00000000
vt 0.00000000 0.00000000
vt 0.00000000 0.00000000
vt 0.00000000 0.00000000
vt 0.00000000 0.00000000
vt 0.00000000 0.00000000
vt 0.00000000 0.00000000
vt 0.00000000 0.00000000
vt 0.00000000 0.00000000
vt 0.00000000 0.00000000
vt 0.00000000 0.00000000
vt 0.00000000 0.00000000
vt 0.00000000 0.00000000
vt 0.00000000 0.00000000
vt 0.00000000 0.00000000
vt 0.00000000 0.00000000
vt 0.00000000 0.00000000
vt 0.00000000 0.00000000
vt 0.00000000 0.00000000
vt 0.00000000 0.00000000
vt 0.00000000 0.00000000
vt 0.00000000 0.00000000
vt 0.00000000 0.00000000
vt 0.00000000 0.00000000
vt 0.00000000 0.00000000
vt 0.00000000 0.00000000
vt 0.00000000 0.00000000
vt 0.00000000 0.00000000
vt 0.00000000 0.00000000
vt 0.00000000 0.00000000
vt 0.00000000 0.00000000
vt 0.00000000 0.00000000
vt 0.00000000 0.00000000
vt 0.00000000 0.00000000
vt 0.00000000 0.00000000
vt 0.00000000 0.00000000
vt 0.00000000 0.00000000
vt 0.00000000 0.00000000
vt 0.00000000 0.00000000
vt 0.00000000 0.00000000
vt 0.00000000 0.00000000
vt 0.00000000 0.00000000
vt 0.00000000 0.00000000
vt 0.00000000 0.00000000
vt 0.00000000 0.00000000
vt 0.00000000 0.00000000
vt 0.00000000 0.00000000
vt 0.00000000 0.00000000
vt 0.00000000 0.00000000
vt 0.00000000 0.00000000
vt 0.00000000 0.00000000
vt 0.00000000 0.00000000
vt 0.00000000 0.00000000
vt 0.00000000 0.00000000
vt 0.00000000 0.00000000
vt 0.00000000 0.00000000
vt 0.00000000 0.00000000
vt 0.00000000 0.00000000
vt 0.00000000 0.00000000
vt 0.00000000 0.00000000
vt 0.00000000 0.00000000
vt 0.00000000 0.00000000
vt 0.00000000 0.00000000
vt 0.00000000 0.00000000
vt 0.00000000 0.00000000
vt 0.00000000 0.00000000
vt 0.00000000 0.00000000
vt 0.00000000 0.00000000
vt 0.00000000 0.00000000
vt 0.00000000 0.00000000
vt 0.00000000 0.00000000
vt 0.00000000 0.00000000
vt 0.00000000 0.00000000
vt 0.00000000 0.00000000
vt 0.00000000 0.00000000
vt 0.00000000 0.00000000
vt 0.00000000 0.00000000
vt 0.00000000 0.00000000
vt 0.00000000 0.00000000
vt 0.00000000 0.00000000
vt 0.00000000 0.00000000
vt 0.00000000 0.00000000
vt 0.00000000 0.00000000
vt 0.00000000 0.00000000
vt 0.00000000 0.00000000
vt 0.00000000 0.00000000
vt 0.00000000 0.00000000
vt 0.00000000 0.00000000
vt 0.00000000 0.00000000
vt 0.00000000 0.00000000
vt 0.00000000 0.00000000
vt 0.00000000 0.00000000
vt 0.00000000 0.00000000
vt 0.00000000 0.00000000
vt 0.00000000 0.00000000
vt 0.00000000 0.00000000
vt 0.00000000 0.00000000
vt 0.00000000 0.00000000
vt 0.00000000 0.00000000
vt 0.00000000 0.00000000
vt 0.00000000 0.00000000
vt 0.00000000 0.00000000
vt 0.00000000 0.00000000
vt 0.00000000 0.00000000
vt 0.00000000 0.00000000
vt 0.00000000 0.00000000
vt 0.00000000 0.00000000
vt 0.00000000 0.00000000
vt 0.00000000 0.00000000
vt 0.00000000 0.00000000
vt 0.00000000 0.00000000
vt 0.00000000 0.00000000
vt 0.00000000 0.00000000
vt 0.00000000 0.00000000
vt 0.00000000 0.00000000
vt 0.00000000 0.00000000
vt 0.00000000 0.00000000
vt 0.00000000 0.00000000
vt 0.00000000 0.00000000
vt 0.00000000 0.00000000
vt 0.00000000 0.00000000
vt 0.00000000 0.00000000
vt 0.00000000 0.00000000
vt 0.00000000 0.00000000
vt 0.00000000 0.00000000
vt 0.00000000 0.00000000
vt 0.00000000 0.00000000
vt 0.00000000 0.00000000
vt 0.00000000 0.00000000
vt 0.00000000 0.00000000
vt 0.00000000 0.00000000
vt 0.00000000 0.00000000
vt 0.00000000 0.00000000
vt 0.00000000 0.00000000
vt 0.00000000 0.00000000
vt 0.00000000 0.00000000
vt 0.00000000 0.00000000
vt 0.00000000 0.00000000
vt 0.00000000 0.00000000
vt 0.00000000 0.00000000
vt 0.00000000 0.00000000
vt 0.00000000 0.00000000
vt 0.00000000 0.00000000
vt 0.00000000 0.00000000
vt 0.00000000 0.00000000
vt 0.00000000 0.00000000
vt 0.00000000 0.00000000
vt 0.00000000 0.00000000
vt 0.00000000 0.00000000
vt 0.00000000 0.00000000
vt 0.00000000 0.00000000
vt 0.00000000 0.00000000
vt 0.00000000 0.00000000
vt 0.00000000 0.00000000
vt 0.00000000 0.00000000
vt 0.00000000 0.00000000
vt 0.00000000 0.00000000
vt 0.00000000 0.00000000
vt 0.00000000 0.00000000
vt 0.00000000 0.00000000
vt 0.00000000 0.00000000
vt 0.00000000 0.00000000
vt 0.00000000 0.00000000
vt 0.00000000 0.00000000
vt 0.00000000 0.00000000
vt 0.00000000 0.00000000
vt 0.00000000 0.00000000
vt 0.00000000 0.00000000
vt 0.00000000 0.00000000
vt 0.00000000 0.00000000
vt 0.00000000 0.00000000
vt 0.00000000 0.00000000
vt 0.00000000 0.00000000
vt 0.00000000 0.00000000
vt 0.00000000 0.00000000
vt 0.00000000 0.00000000
vt 0.00000000 0.00000000
vt 0.00000000 0.00000000
vt 0.00000000 0.00000000
vt 0.00000000 0.00000000
vt 0.00000000 0.00000000
vt 0.00000000 0.00000000
vt 0.00000000 0.00000000
vt 0.00000000 0.00000000
vt 0.00000000 0.00000000
vt 0.00000000 0.00000000
vt 0.00000000 0.00000000
vt 0.00000000 0.00000000
vt 0.00000000 0.00000000
vt 0.00000000 0.00000000
vt 0.00000000 0.00000000
vt 0.00000000 0.00000000
vt 0.00000000 0.00000000
vt 0.00000000 0.00000000
vt 0.00000000 0.00000000
vt 0.00000000 0.00000000
vt 0.00000000 0.00000000
vt 0.00000000 0.00000000
vt 0.00000000 0.00000000
vt 0.00000000 0.00000000
vt 0.00000000 0.00000000
vt 0.00000000 0.00000000
vt 0.00000000 0.00000000
vt 0.00000000 0.00000000
vt 0.00000000 0.00000000
vt 0.00000000 0.00000000
vt 0.00000000 0.00000000
vt 0.00000000 0.00000000
vt 0.00000000 0.00000000
vt 0.00000000 0.00000000
vt 0.00000000 0.00000000
vt 0.00000000 0.00000000
vt 0.00000000 0.00000000
vt 0.00000000 0.00000000
vt 0.00000000 0.00000000
vt 0.00000000 0.00000000
vt 0.00000000 0.00000000
vt 0.00000000 0.00000000
vt 0.00000000 0.00000000
vt 0.00000000 0.00000000
vt 0.00000000 0.00000000
vt 0.00000000 0.00000000
vt 0.00000000 0.00000000
vt 0.00000000 0.00000000
vt 0.00000000 0.00000000
vt 0.00000000 0.00000000
vt 0.00000000 0.00000000
vt 0.00000000 0.00000000
vt 0.00000000 0.00000000
vt 0.00000000 0.00000000
vt 0.00000000 0.00000000
vt 0.00000000 0.00000000
vt 0.00000000 0.00000000
vt 0.00000000 0.00000000
vt 0.00000000 0.00000000
vt 0.00000000 0.00000000
vt 0.00000000 0.00000000
vt 0.00000000 0.00000000
vt 0.00000000 0.00000000
vt 0.00000000 0.00000000
vt 0.00000000 0.00000000
vt 0.00000000 0.00000000
vt 0.00000000 0.00000000
vt 0.00000000 0.00000000
vt 0.00000000 0.00000000
vt 0.00000000 0.00000000
vt 0.00000000 0.00000000
vt 0.00000000 0.00000000
vt 0.00000000 0.00000000
vt 0.00000000 0.00000000
vt 0.00000000 0.00000000
vt 0.00000000 0.00000000
vt 0.00000000 0.00000000
vt 0.00000000 0.00000000
vt 0.00000000 0.00000000
vt 0.00000000 0.00000000
vt 0.00000000 0.00000000
vt 0.00000000 0.00000000
vt 0.00000000 0.00000000
vt 0.00000000 0.00000000
vt 0.00000000 0.00000000
vt 0.00000000 0.00000000
vt 0.00000000 0.00000000
vt 0.00000000 0.00000000
vt 0.00000000 0.00000000
vt 0.00000000 0.00000000
vt 0.00000000 0.00000000
vt 0.00000000 0.00000000
vt 0.00000000 0.00000000
vt 0.00000000 0.00000000
vt 0.00000000 0.00000000
vt 0.00000000 0.00000000
vt 0.00000000 0.00000000
vt 0.00000000 0.00000000
vt 0.00000000 0.00000000
vt 0.00000000 0.00000000
vt 0.00000000 0.00000000
vt 0.00000000 0.00000000
vt 0.00000000 0.00000000
vt 0.00000000 0.00000000
vt 0.00000000 0.00000000
vt 0.00000000 0.00000000
vt 0.00000000 0.00000000
vt 0.00000000 0.00000000
vt 0.00000000 0.00000000
vt 0.00000000 0.00000000
vt 0.00000000 0.00000000
vt 0.00000000 0.00000000
vt 0.00000000 0.00000000
vt 0.00000000 0.00000000
vt 0.00000000 0.00000000
vt 0.00000000 0.00000000
vt 0.00000000 0.00000000
vt 0.00000000 0.00000000
vt 0.00000000 0.00000000
vt 0.00000000 0.00000000
vt 0.00000000 0.00000000
vt 0.00000000 0.00000000
vt 0.00000000 0.00000000
vt 0.00000000 0.00000000
vt 0.00000000 0.00000000
vt 0.00000000 0.00000000
vt 0.00000000 0.00000000
vt 0.00000000 0.00000000
vt 0.00000000 0.00000000
vt 0.00000000 0.00000000
vt 0.00000000 0.00000000
vt 0.00000000 0.00000000
vt 0.00000000 0.00000000
vt 0.00000000 0.00000000
vt 0.00000000 0.00000000
vt 0.00000000 0.00000000
vt 0.00000000 0.00000000
vt 0.00000000 0.00000000
vt 0.00000000 0.00000000
vt 0.00000000 0.00000000
vt 0.00000000 0.00000000
vt 0.00000000 0.00000000
vt 0.00000000 0.00000000
vt 0.00000000 0.00000000
vt 0.00000000 0.00000000
vt 0.00000000 0.00000000
vt 0.00000000 0.00000000
vt 0.00000000 0.00000000
vt 0.00000000 0.00000000
vt 0.00000000 0.00000000
vt 0.00000000 0.00000000
vt 0.00000000 0.00000000
vt 0.00000000 0.00000000
vt 0.00000000 0.00000000
vt 0.00000000 0.00000000
vt 0.00000000 0.00000000
vt 0.00000000 0.00000000
vt 0.00000000 0.00000000
vt 0.00000000 0.00000000
vt 0.00000000 0.00000000
vt 0.00000000 0.00000000
vt 0.00000000 0.00000000
vt 0.00000000 0.00000000
vt 0.00000000 0.00000000
vt 0.00000000 0.00000000
vt 0.00000000 0.00000000
vt 0.00000000 0.00000000
vt 0.00000000 0.00000000
vt 0.00000000 0.00000000
vt 0.00000000 0.00000000
vt 0.00000000 0.00000000
vt 0.00000000 0.00000000
vt 0.00000000 0.00000000
vt 0.00000000 0.00000000
vt 0.00000000 0.00000000
vt 0.00000000 0.00000000
vt 0.00000000 0.00000000
vt 0.00000000 0.00000000
vt 0.00000000 0.00000000
vt 0.00000000 0.00000000
vt 0.00000000 0.00000000
vt 0.00000000 0.00000000
vt 0.00000000 0.00000000
vt 0.00000000 0.00000000
vt 0.00000000 0.00000000
vt 0.00000000 0.00000000
vt 0.00000000 0.00000000
vt 0.00000000 0.00000000
vt 0.00000000 0.00000000
vt 0.00000000 0.00000000
vt 0.00000000 0.00000000
vt 0.00000000 0.00000000
vt 0.00000000 0.00000000
vt 0.00000000 0.00000000
vt 0.00000000 0.00000000
vt 0.00000000 0.00000000
vt 0.00000000 0.00000000
vt 0.00000000 0.00000000
vt 0.00000000 0.00000000
vt 0.00000000 0.00000000
vt 0.00000000 0.00000000
vt 0.00000000 0.00000000
vt 0.00000000 0.00000000
vt 0.00000000 0.00000000
vt 0.00000000 0.00000000
vt 0.00000000 0.00000000
vt 0.00000000 0.00000000
vt 0.00000000 0.00000000
vt 0.00000000 0.00000000
vt 0.00000000 0.00000000
vt 0.00000000 0.00000000
vt 0.00000000 0.00000000
vt 0.00000000 0.00000000
vt 0.00000000 0.00000000
vt 0.00000000 0.00000000
vt 0.00000000 0.00000000
vt 0.00000000 0.00000000
vt 0.00000000 0.00000000
vt 0.00000000 0.00000000
vt 0.00000000 0.00000000
vt 0.00000000 0.00000000
vt 0.00000000 0.00000000
vt 0.00000000 0.00000000
vt 0.00000000 0.00000000
vt 0.00000000 0.00000000
vt 0.00000000 0.00000000
vt 0.00000000 0.00000000
vt 0.00000000 0.00000000
vt 0.00000000 0.00000000
vt 0.00000000 0.00000000
vt 0.00000000 0.00000000
vt 0.00000000 0.00000000
vt 0.00000000 0.00000000
vt 0.00000000 0.00000000
vt 0.00000000 0.00000000
vt 0.00000000 0.00000000
vt 0.00000000 0.00000000
vt 0.00000000 0.00000000
vt 0.00000000 0.00000000
vt 0.00000000 0.00000000
vt 0.00000000 0.00000000
vt 0.00000000 0.00000000
vt 0.00000000 0.00000000
vt 0.00000000 0.00000000
vt 0.00000000 0.00000000
vt 0.00000000 0.00000000
vt 0.00000000 0.00000000
vt 0.00000000 0.00000000
vt 0.00000000 0.00000000
vt 0.00000000 0.00000000
vt 0.00000000 0.00000000
vt 0.00000000 0.00000000
vt 0.00000000 0.00000000
vt 0.00000000 0.00000000
vt 0.00000000 0.00000000
vt 0.00000000 0.00000000
vt 0.00000000 0.00000000
vt 0.00000000 0.00000000
vt 0.00000000 0.00000000
vt 0.00000000 0.00000000
vt 0.00000000 0.00000000
vt 0.00000000 0.00000000
vt 0.00000000 0.00000000
vt 0.00000000 0.00000000
vt 0.00000000 0.00000000
vt 0.00000000 0.00000000
vt 0.00000000 0.00000000
vt 0.00000000 0.00000000
vt 0.00000000 0.00000000
vt 0.00000000 0.00000000
vt 0.00000000 0.00000000
vt 0.00000000 0.00000000
vt 0.00000000 0.00000000
vt 0.00000000 0.00000000
vt 0.00000000 0.00000000
vt 0.00000000 0.00000000
vt 0.00000000 0.00000000
vt 0.00000000 0.00000000
vt 0.00000000 0.00000000
vt 0.00000000 0.00000000
vt 0.00000000 0.00000000
vt 0.00000000 0.00000000
vt 0.00000000 0.00000000
vt 0.00000000 0.00000000
vt 0.00000000 0.00000000
vt 0.00000000 0.00000000
vt 0.00000000 0.00000000
vt 0.00000000 0.00000000
vt 0.00000000 0.00000000
vt 0.00000000 0.00000000
vt 0.00000000 0.00000000
vt 0.00000000 0.00000000
vt 0.00000000 0.00000000
vt 0.00000000 0.00000000
vt 0.00000000 0.00000000
vt 0.00000000 0.00000000
vt 0.00000000 0.00000000
vt 0.00000000 0.00000000
vt 0.00000000 0.00000000
vt 0.00000000 0.00000000
vt 0.00000000 0.00000000
vt 0.00000000 0.00000000
vt 0.00000000 0.00000000
vt 0.00000000 0.00000000
vt 0.00000000 0.00000000
vt 0.00000000 0.00000000
vt 0.00000000 0.00000000
vt 0.00000000 0.00000000
vt 0.00000000 0.00000000
vt 0.00000000 0.00000000
vt 0.00000000 0.00000000
vt 0.00000000 0.00000000
vt 0.00000000 0.00000000
vt 0.00000000 0.00000000
vt 0.00000000 0.00000000
vt 0.00000000 0.00000000
vt 0.00000000 0.00000000
vt 0.00000000 0.00000000
vt 0.00000000 0.00000000
vt 0.00000000 0.00000000
vt 0.00000000 0.00000000
vt 0.00000000 0.00000000
vt 0.00000000 0.00000000
vt 0.00000000 0.00000000
vt 0.00000000 0.00000000
vt 0.00000000 0.00000000
vt 0.00000000 0.00000000
vt 0.00000000 0.00000000
vt 0.00000000 0.00000000
vt 0.00000000 0.00000000
vt 0.00000000 0.00000000
vt 0.00000000 0.00000000
vt 0.00000000 0.00000000
vt 0.00000000 0.00000000
vt 0.00000000 0.00000000
vt 0.00000000 0.00000000
vt 0.00000000 0.00000000
vt 0.00000000 0.00000000
vt 0.00000000 0.00000000
vt 0.00000000 0.00000000
vt 0.00000000 0.00000000
vt 0.00000000 0.00000000
vt 0.00000000 0.00000000
vt 0.00000000 0.00000000
vt 0.00000000 0.00000000
vt 0.00000000 0.00000000
vt 0.00000000 0.00000000
vt 0.00000000 0.00000000
vt 0.00000000 0.00000000
vt 0.00000000 0.00000000
vt 0.00000000 0.00000000
vt 0.00000000 0.00000000
vt 0.00000000 0.00000000
vt 0.00000000 0.00000000
vt 0.00000000 0.00000000
vt 0.00000000 0.00000000
vt 0.00000000 0.00000000
vt 0.00000000 0.00000000
vt 0.00000000 0.00000000
vt 0.00000000 0.00000000
vt 0.00000000 0.00000000
vt 0.00000000 0.00000000
vt 0.00000000 0.00000000
vt 0.00000000 0.00000000
vt 0.00000000 0.00000000
vt 0.00000000 0.00000000
vt 0.00000000 0.00000000
vt 0.00000000 0.00000000
vt 0.00000000 0.00000000
vt 0.00000000 0.00000000
vt 0.00000000 0.00000000
vt 0.00000000 0.00000000
vt 0.00000000 0.00000000
vt 0.00000000 0.00000000
vt 0.00000000 0.00000000
vt 0.00000000 0.00000000
vt 0.00000000 0.00000000
vt 0.00000000 0.00000000
vt 0.00000000 0.00000000
vt 0.00000000 0.00000000
vt 0.00000000 0.00000000
vt 0.00000000 0.00000000
vt 0.00000000 0.00000000
vt 0.00000000 0.00000000
vt 0.00000000 0.00000000
vt 0.00000000 0.00000000
vt 0.00000000 0.00000000
vt 0.00000000 0.00000000
vt 0.00000000 0.00000000
vt 0.00000000 0.00000000
vt 0.00000000 0.00000000
vt 0.00000000 0.00000000
vt 0.00000000 0.00000000
vt 0.00000000 0.00000000
vt 0.00000000 0.00000000
vt 0.00000000 0.00000000
vt 0.00000000 0.00000000
vt 0.00000000 0.00000000
vt 0.00000000 0.00000000
vt 0.00000000 0.00000000
vt 0.00000000 0.00000000
vt 0.00000000 0.00000000
vt 0.00000000 0.00000000
vt 0.00000000 0.00000000
vt 0.00000000 0.00000000
vt 0.00000000 0.00000000
vt 0.00000000 0.00000000
vt 0.00000000 0.00000000
vt 0.00000000 0.00000000
vt 0.00000000 0.00000000
vt 0.00000000 0.00000000
vt 0.00000000 0.00000000
vt 0.00000000 0.00000000
vt 0.00000000 0.00000000
vt 0.00000000 0.00000000
vt 0.00000000 0.00000000
vt 0.00000000 0.00000000
vt 0.00000000 0.00000000
vt 0.00000000 0.00000000
vt 0.00000000 0.00000000
vt 0.00000000 0.00000000
vt 0.00000000 0.00000000
vt 0.00000000 0.00000000
vt 0.00000000 0.00000000
vt 0.00000000 0.00000000
vt 0.00000000 0.00000000
vt 0.00000000 0.00000000
vt 0.00000000 0.00000000
vt 0.00000000 0.00000000
vt 0.00000000 0.00000000
vt 0.00000000 0.00000000
vt 0.00000000 0.00000000
vt 0.00000000 0.00000000
vt 0.00000000 0.00000000
vt 0.00000000 0.00000000
vt 0.00000000 0.00000000
vt 0.00000000 0.00000000
vt 0.00000000 0.00000000
vt 0.00000000 0.00000000
vt 0.00000000 0.00000000
vt 0.00000000 0.00000000
vt 0.00000000 0.00000000
vt 0.00000000 0.00000000
vt 0.00000000 0.00000000
vt 0.00000000 0.00000000
vt 0.00000000 0.00000000
vt 0.00000000 0.00000000
vt 0.00000000 0.00000000
vt 0.00000000 0.00000000
vt 0.00000000 0.00000000
vt 0.00000000 0.00000000
vt 0.00000000 0.00000000
vt 0.00000000 0.00000000
vt 0.00000000 0.00000000
vt 0.00000000 0.00000000
vt 0.00000000 0.00000000
vt 0.00000000 0.00000000
vt 0.00000000 0.00000000
vt 0.00000000 0.00000000
vt 0.00000000 0.00000000
vt 0.00000000 0.00000000
vt 0.00000000 0.00000000
vt 0.00000000 0.00000000
vt 0.00000000 0.00000000
vt 0.00000000 0.00000000
vt 0.00000000 0.00000000
vt 0.00000000 0.00000000
vt 0.00000000 0.00000000
vt 0.00000000 0.00000000
vt 0.00000000 0.00000000
vt 0.00000000 0.00000000
vt 0.00000000 0.00000000
vt 0.00000000 0.00000000
vt 0.00000000 0.00000000
vt 0.00000000 0.00000000
vt 0.00000000 0.00000000
vt 0.00000000 0.00000000
vt 0.00000000 0.00000000
vt 0.00000000 0.00000000
vt 0.00000000 0.00000000
vt 0.00000000 0.00000000
vt 0.00000000 0.00000000
vt 0.00000000 0.00000000
vt 0.00000000 0.00000000
vt 0.00000000 0.00000000
vt 0.00000000 0.00000000
vt 0.00000000 0.00000000
vt 0.00000000 0.00000000
vt 0.00000000 0.00000000
vt 0.00000000 0.00000000
vt 0.00000000 0.00000000
vt 0.00000000 0.00000000
vt 0.00000000 0.00000000
vt 0.00000000 0.00000000
vt 0.00000000 0.00000000
vt 0.00000000 0.00000000
vt 0.00000000 0.00000000
vt 0.00000000 0.00000000
vt 0.00000000 0.00000000
vt 0.00000000 0.00000000
vt 0.00000000 0.00000000
vt 0.00000000 0.00000000
vt 0.00000000 0.00000000
vt 0.00000000 0.00000000
vt 0.00000000 0.00000000
vt 0.00000000 0.00000000
vt 0.00000000 0.00000000
vt 0.00000000 0.00000000
vt 0.00000000 0.00000000
vt 0.00000000 0.00000000
vt 0.00000000 0.00000000
vt 0.00000000 0.00000000
vt 0.00000000 0.00000000
vt 0.00000000 0.00000000
vt 0.00000000 0.00000000
vt 0.00000000 0.00000000
vt 0.00000000 0.00000000
vt 0.00000000 0.00000000
vt 0.00000000 0.00000000
vt 0.00000000 0.00000000
vt 0.00000000 0.00000000
vt 0.00000000 0.00000000
vt 0.00000000 0.00000000
vt 0.00000000 0.00000000
vt 0.00000000 0.00000000
vt 0.00000000 0.00000000
vt 0.00000000 0.00000000
vt 0.00000000 0.00000000
vt 0.00000000 0.00000000
vt 0.00000000 0.00000000
vt 0.00000000 0.00000000
vt 0.00000000 0.00000000
vt 0.00000000 0.00000000
vt 0.00000000 0.00000000
vt 0.00000000 0.00000000
vt 0.00000000 0.00000000
vt 0.00000000 0.00000000
vt 0.00000000 0.00000000
vt 0.00000000 0.00000000
vt 0.00000000 0.00000000
vt 0.00000000 0.00000000
vt 0.00000000 0.00000000
vt 0.00000000 0.00000000
vt 0.00000000 0.00000000
vt 0.00000000 0.00000000
vt 0.00000000 0.00000000
vt 0.00000000 0.00000000
vt 0.00000000 0.00000000
vt 0.00000000 0.00000000
vt 0.00000000 0.00000000
vt 0.00000000 0.00000000
vt 0.00000000 0.00000000
vt 0.00000000 0.00000000
vt 0.00000000 0.00000000
vt 0.00000000 0.00000000
vt 0.00000000 0.00000000
vt 0.00000000 0.00000000
vt 0.00000000 0.00000000
vt 0.00000000 0.00000000
vt 0.00000000 0.00000000
vt 0.00000000 0.00000000
vt 0.00000000 0.00000000
vt 0.00000000 0.00000000
vt 0.00000000 0.00000000
vt 0.00000000 0.00000000
vt 0.00000000 0.00000000
vt 0.00000000 0.00000000
vt 0.00000000 0.00000000
vt 0.00000000 0.00000000
vt 0.00000000 0.00000000
vt 0.00000000 0.00000000
vt 0.00000000 0.00000000
vt 0.00000000 0.00000000
vt 0.00000000 0.00000000
vt 0.00000000 0.00000000
vt 0.00000000 0.00000000
vt 0.00000000 0.00000000
vt 0.00000000 0.00000000
vt 0.00000000 0.00000000
vt 0.00000000 0.00000000
vt 0.00000000 0.00000000
vt 0.00000000 0.00000000
vt 0.00000000 0.00000000
vt 0.00000000 0.00000000
vt 0.00000000 0.00000000
vt 0.00000000 0.00000000
vt 0.00000000 0.00000000
vt 0.00000000 0.00000000
vt 0.00000000 0.00000000
vt 0.00000000 0.00000000
vt 0.00000000 0.00000000
vt 0.00000000 0.00000000
vt 0.00000000 0.00000000
vt 0.00000000 0.00000000
vt 0.00000000 0.00000000
vt 0.00000000 0.00000000
vt 0.00000000 0.00000000
vt 0.00000000 0.00000000
vt 0.00000000 0.00000000
vt 0.00000000 0.00000000
vt 0.00000000 0.00000000
vt 0.00000000 0.00000000
vt 0.00000000 0.00000000
vt 0.00000000 0.00000000
vt 0.00000000 0.00000000
vt 0.00000000 0.00000000
vt 0.00000000 0.00000000
vt 0.00000000 0.00000000
vt 0.00000000 0.00000000
vt 0.00000000 0.00000000
vt 0.00000000 0.00000000
vt 0.00000000 0.00000000
vt 0.00000000 0.00000000
vt 0.00000000 0.00000000
vt 0.00000000 0.00000000
vt 0.00000000 0.00000000
vt 0.00000000 0.00000000
vt 0.00000000 0.00000000
vt 0.00000000 0.00000000
vt 0.00000000 0.00000000
vt 0.00000000 0.00000000
vt 0.00000000 0.00000000
vt 0.00000000 0.00000000
vt 0.00000000 0.00000000
vt 0.00000000 0.00000000
vt 0.00000000 0.00000000
vt 0.00000000 0.00000000
vt 0.00000000 0.00000000
vt 0.00000000 0.00000000
vt 0.00000000 0.00000000
vt 0.00000000 0.00000000
vt 0.00000000 0.00000000
vt 0.00000000 0.00000000
vt 0.00000000 0.00000000
vt 0.00000000 0.00000000
vt 0.00000000 0.00000000
vt 0.00000000 0.00000000
vt 0.00000000 0.00000000
vt 0.00000000 0.00000000
vt 0.00000000 0.00000000
vt 0.00000000 0.00000000
vt 0.00000000 0.00000000
vt 0.00000000 0.00000000
vt 0.00000000 0.00000000
vt 0.00000000 0.00000000
vt 0.00000000 0.00000000
vt 0.00000000 0.00000000
vt 0.00000000 0.00000000
vt 0.00000000 0.00000000
vt 0.00000000 0.00000000
vt 0.00000000 0.00000000
vt 0.00000000 0.00000000
vt 0.00000000 0.00000000
vt 0.00000000 0.00000000
vt 0.00000000 0.00000000
vt 0.00000000 0.00000000
vt 0.00000000 0.00000000
vt 0.00000000 0.00000000
vt 0.00000000 0.00000000
vt 0.00000000 0.00000000
vt 0.00000000 0.00000000
vt 0.00000000 0.00000000
vt 0.00000000 0.00000000
vt 0.00000000 0.00000000
vt 0.00000000 0.00000000
vt 0.00000000 0.00000000
vt 0.00000000 0.00000000
vt 0.00000000 0.00000000
vt 0.00000000 0.00000000
vt 0.00000000 0.00000000
vt 0.00000000 0.00000000
vt 0.00000000 0.00000000
vt 0.00000000 0.00000000
vt 0.00000000 0.00000000
vt 0.00000000 0.00000000
vt 0.00000000 0.00000000
vt 0.00000000 0.00000000
vt 0.00000000 0.00000000
vt 0.00000000 0.00000000
vt 0.00000000 0.00000000
vt 0.00000000 0.00000000
vt 0.00000000 0.00000000
vt 0.00000000 0.00000000
vt 0.00000000 0.00000000
vt 0.00000000 0.00000000
vt 0.00000000 0.00000000
vt 0.00000000 0.00000000
vt 0.00000000 0.00000000
vt 0.00000000 0.00000000
vt 0.00000000 0.00000000
vt 0.00000000 0.00000000
vt 0.00000000 0.00000000
vt 0.00000000 0.00000000
vt 0.00000000 0.00000000
vt 0.00000000 0.00000000
vt 0.00000000 0.00000000
vt 0.00000000 0.00000000
vt 0.00000000 0.00000000
vt 0.00000000 0.00000000
vt 0.00000000 0.00000000
vt 0.00000000 0.00000000
vt 0.00000000 0.00000000
vt 0.00000000 0.00000000
vt 0.00000000 0.00000000
vt 0.00000000 0.00000000
vt 0.00000000 0.00000000
vt 0.00000000 0.00000000
vt 0.00000000 0.00000000
vt 0.00000000 0.00000000
vt 0.00000000 0.00000000
vt 0.00000000 0.00000000
vt 0.00000000 0.00000000
vt 0.00000000 0.00000000
vt 0.00000000 0.00000000
vt 0.00000000 0.00000000
vt 0.00000000 0.00000000
vt 0.00000000 0.00000000
vt 0.00000000 0.00000000
vt 0.00000000 0.00000000
vt 0.00000000 0.00000000
vt 0.00000000 0.00000000
vt 0.00000000 0.00000000
vt 0.00000000 0.00000000
vt 0.00000000 0.00000000
vt 0.00000000 0.00000000
vt 0.00000000 0.00000000
vt 0.00000000 0.00000000
vt 0.00000000 0.00000000
vt 0.00000000 0.00000000
vt 0.00000000 0.00000000
vt 0.00000000 0.00000000
vt 0.00000000 0.00000000
vt 0.00000000 0.00000000
vt 0.00000000 0.00000000
vt 0.00000000 0.00000000
vt 0.00000000 0.00000000
vt 0.00000000 0.00000000
vt 0.00000000 0.00000000
vt 0.00000000 0.00000000
vt 0.00000000 0.00000000
vt 0.00000000 0.00000000
vt 0.00000000 0.00000000
vt 0.00000000 0.00000000
vt 0.00000000 0.00000000
vt 0.00000000 0.00000000
vt 0.00000000 0.00000000
vt 0.00000000 0.00000000
vt 0.00000000 0.00000000
vt 0.00000000 0.00000000
vt 0.00000000 0.00000000
vt 0.00000000 0.00000000
vt 0.00000000 0.00000000
vt 0.00000000 0.00000000
vt 0.00000000 0.00000000
vt 0.00000000 0.00000000
vt 0.00000000 0.00000000
vt 0.00000000 0.00000000
vt 0.00000000 0.00000000
vt 0.00000000 0.00000000
vt 0.00000000 0.00000000
vt 0.00000000 0.00000000
vt 0.00000000 0.00000000
vt 0.00000000 0.00000000
vt 0.00000000 0.00000000
vt 0.00000000 0.00000000
vt 0.00000000 0.00000000
vt 0.00000000 0.00000000
vt 0.00000000 0.00000000
vt 0.00000000 0.00000000
vt 0.00000000 0.00000000
vt 0.00000000 0.00000000
vt 0.00000000 0.00000000
vt 0.00000000 0.00000000
vt 0.00000000 0.00000000
vt 0.00000000 0.00000000
vt 0.00000000 0.00000000
vt 0.00000000 0.00000000
vt 0.00000000 0.00000000
vt 0.00000000 0.00000000
vt 0.00000000 0.00000000
vt 0.00000000 0.00000000
vt 0.00000000 0.00000000
vt 0.00000000 0.00000000
vt 0.00000000 0.00000000
vt 0.00000000 0.00000000
vt 0.00000000 0.00000000
vt 0.00000000 0.00000000
vt 0.00000000 0.00000000
vt 0.00000000 0.00000000
vt 0.00000000 0.00000000
vt 0.00000000 0.00000000
vt 0.00000000 0.00000000
vt 0.00000000 0.00000000
vt 0.00000000 0.00000000
vt 0.00000000 0.00000000
vt 0.00000000 0.00000000
vt 0.00000000 0.00000000
vt 0.00000000 0.00000000
vt 0.00000000 0.00000000
vt 0.00000000 0.00000000
vt 0.00000000 0.00000000
vt 0.00000000 0.00000000
vt 0.00000000 0.00000000
vt 0.00000000 0.00000000
vt 0.00000000 0.00000000
vt 0.00000000 0.00000000
vt 0.00000000 0.00000000
vt 0.00000000 0.00000000
vt 0.00000000 0.00000000
vt 0.00000000 0.00000000
vt 0.00000000 0.00000000
vt 0.00000000 0.00000000
vt 0.00000000 0.00000000
vt 0.00000000 0.00000000
vt 0.00000000 0.00000000
vt 0.00000000 0.00000000
vt 0.00000000 0.00000000
vt 0.00000000 0.00000000
vt 0.00000000 0.00000000
vt 0.00000000 0.00000000
vt 0.00000000 0.00000000
vt 0.00000000 0.00000000
vt 0.00000000 0.00000000
vt 0.00000000 0.00000000
vt 0.00000000 0.00000000
vt 0.00000000 0.00000000
vt 0.00000000 0.00000000
vt 0.00000000 0.00000000
vt 0.00000000 0.00000000
vt 0.00000000 0.00000000
vt 0.00000000 0.00000000
vt 0.00000000 0.00000000
vt 0.00000000 0.00000000
vt 0.00000000 0.00000000
vt 0.00000000 0.00000000
vt 0.00000000 0.00000000
vt 0.00000000 0.00000000
vt 0.00000000 0.00000000
vt 0.00000000 0.00000000
vt 0.00000000 0.00000000
vt 0.00000000 0.00000000
vt 0.00000000 0.00000000
vt 0.00000000 0.00000000
vt 0.00000000 0.00000000
vt 0.00000000 0.00000000
vt 0.00000000 0.00000000
vt 0.00000000 0.00000000
vt 0.00000000 0.00000000
vt 0.00000000 0.00000000
vt 0.00000000 0.00000000
vt 0.00000000 0.00000000
vt 0.00000000 0.00000000
vt 0.00000000 0.00000000
vt 0.00000000 0.00000000
vt 0.00000000 0.00000000
vt 0.00000000 0.00000000
vt 0.00000000 0.00000000
vt 0.00000000 0.00000000
vt 0.00000000 0.00000000
vt 0.00000000 0.00000000
vt 0.00000000 0.00000000
vt 0.00000000 0.00000000
vt 0.00000000 0.00000000
vt 0.00000000 0.00000000
vt 0.00000000 0.00000000
vt 0.00000000 0.00000000
vt 0.00000000 0.00000000
vt 0.00000000 0.00000000
vt 0.00000000 0.00000000
vt 0.00000000 0.00000000
vt 0.00000000 0.00000000
vt 0.00000000 0.00000000
vt 0.00000000 0.00000000
vt 0.00000000 0.00000000
vt 0.00000000 0.00000000
vt 0.00000000 0.00000000
vt 0.00000000 0.00000000
vt 0.00000000 0.00000000
vt 0.00000000 0.00000000
vt 0.00000000 0.00000000
vt 0.00000000 0.00000000
vt 0.00000000 0.00000000
vt 0.00000000 0.00000000
vt 0.00000000 0.00000000
vt 0.00000000 0.00000000
vt 0.00000000 0.00000000
vt 0.00000000 0.00000000
vt 0.00000000 0.00000000
vt 0.00000000 0.00000000
vt 0.00000000 0.00000000
vt 0.00000000 0.00000000
vt 0.00000000 0.00000000
vt 0.00000000 0.00000000
vt 0.00000000 0.00000000
vt 0.00000000 0.00000000
vt 0.00000000 0.00000000
vt 0.00000000 0.00000000
vt 0.00000000 0.00000000
vt 0.00000000 0.00000000
vt 0.00000000 0.00000000
vt 0.00000000 0.00000000
vt 0.00000000 0.00000000
vt 0.00000000 0.00000000
vt 0.00000000 0.00000000
vt 0.00000000 0.00000000
vt 0.00000000 0.00000000
vt 0.00000000 0.00000000
vt 0.00000000 0.00000000
vt 0.00000000 0.00000000
vt 0.00000000 0.00000000
vt 0.00000000 0.00000000
vt 0.00000000 0.00000000
vt 0.00000000 0.00000000
vt 0.00000000 0.00000000
vt 0.00000000 0.00000000
vt 0.00000000 0.00000000
vt 0.00000000 0.00000000
vt 0.00000000 0.00000000
vt 0.00000000 0.00000000
vt 0.00000000 0.00000000
vt 0.00000000 0.00000000
vt 0.00000000 0.00000000
vt 0.00000000 0.00000000
vt 0.00000000 0.00000000
vt 0.00000000 0.00000000
vt 0.00000000 0.00000000
vt 0.00000000 0.00000000
vt 0.00000000 0.00000000
vt 0.00000000 0.00000000
vt 0.00000000 0.00000000
vt 0.00000000 0.00000000
vt 0.00000000 0.00000000
vt 0.00000000 0.00000000
vt 0.00000000 0.00000000
vt 0.00000000 0.00000000
vt 0.00000000 0.00000000
vt 0.00000000 0.00000000
vt 0.00000000 0.00000000
vt 0.00000000 0.00000000
vt 0.00000000 0.00000000
vt 0.00000000 0.00000000
vt 0.00000000 0.00000000
vt 0.00000000 0.00000000
vt 0.00000000 0.00000000
vt 0.00000000 0.00000000
vt 0.00000000 0.00000000
vt 0.00000000 0.00000000
vt 0.00000000 0.00000000
vt 0.00000000 0.00000000
vt 0.00000000 0.00000000
vt 0.00000000 0.00000000
vt 0.00000000 0.00000000
vt 0.00000000 0.00000000
vt 0.00000000 0.00000000
vt 0.00000000 0.00000000
vt 0.00000000 0.00000000
vt 0.00000000 0.00000000
vt 0.00000000 0.00000000
vt 0.00000000 0.00000000
vt 0.00000000 0.00000000
vt 0.00000000 0.00000000
vt 0.00000000 0.00000000
vt 0.00000000 0.00000000
vt 0.00000000 0.00000000
vt 0.00000000 0.00000000
vt 0.00000000 0.00000000
vt 0.00000000 0.00000000
vt 0.00000000 0.00000000
vt 0.00000000 0.00000000
vt 0.00000000 0.00000000
vt 0.00000000 0.00000000
vt 0.00000000 0.00000000
vt 0.00000000 0.00000000
vt 0.00000000 0.00000000
vt 0.00000000 0.00000000
vt 0.00000000 0.00000000
vt 0.00000000 0.00000000
vt 0.00000000 0.00000000
vt 0.00000000 0.00000000
vt 0.00000000 0.00000000
vt 0.00000000 0.00000000
vt 0.00000000 0.00000000
vt 0.00000000 0.00000000
vt 0.00000000 0.00000000
vt 0.00000000 0.00000000
vt 0.00000000 0.00000000
vt 0.00000000 0.00000000
vt 0.00000000 0.00000000
vt 0.00000000 0.00000000
vt 0.00000000 0.00000000
vt 0.00000000 0.00000000
vt 0.00000000 0.00000000
vt 0.00000000 0.00000000
vt 0.00000000 0.00000000
vt 0.00000000 0.00000000
vt 0.00000000 0.00000000
vt 0.00000000 0.00000000
vt 0.00000000 0.00000000
vt 0.00000000 0.00000000
vt 0.00000000 0.00000000
vt 0.00000000 0.00000000
vt 0.00000000 0.00000000
vt 0.00000000 0.00000000
vt 0.00000000 0.00000000
vt 0.00000000 0.00000000
vt 0.00000000 0.00000000
vt 0.00000000 0.00000000
vt 0.00000000 0.00000000
vt 0.00000000 0.00000000
vt 0.00000000 0.00000000
vt 0.00000000 0.00000000
vt 0.00000000 0.00000000
vt 0.00000000 0.00000000
vt 0.00000000 0.00000000
vt 0.00000000 0.00000000
vt 0.00000000 0.00000000
vt 0.00000000 0.00000000
vt 0.00000000 0.00000000
vt 0.00000000 0.00000000
vt 0.00000000 0.00000000
vt 0.00000000 0.00000000
vt 0.00000000 0.00000000
vt 0.00000000 0.00000000
vt 0.00000000 0.00000000
vt 0.00000000 0.00000000
vt 0.00000000 0.00000000
vt 0.00000000 0.00000000
vt 0.00000000 0.00000000
vt 0.00000000 0.00000000
vt 0.00000000 0.00000000
vt 0.00000000 0.00000000
vt 0.00000000 0.00000000
vt 0.00000000 0.00000000
vt 0.00000000 0.00000000
vt 0.00000000 0.00000000
vt 0.00000000 0.00000000
vt 0.00000000 0.00000000
vt 0.00000000 0.00000000
vt 0.00000000 0.00000000
vt 0.00000000 0.00000000
vt 0.00000000 0.00000000
vt 0.00000000 0.00000000
vt 0.00000000 0.00000000
vt 0.00000000 0.00000000
vt 0.00000000 0.00000000
vt 0.00000000 0.00000000
vt 0.00000000 0.00000000
vt 0.00000000 0.00000000
vt 0.00000000 0.00000000
vt 0.00000000 0.00000000
vt 0.00000000 0.00000000
vt 0.00000000 0.00000000
vt 0.00000000 0.00000000
vt 0.00000000 0.00000000
vt 0.00000000 0.00000000
vt 0.00000000 0.00000000
vt 0.00000000 0.00000000
vt 0.00000000 0.00000000
vt 0.00000000 0.00000000
vt 0.00000000 0.00000000
vt 0.00000000 0.00000000
vt 0.00000000 0.00000000
vt 0.00000000 0.00000000
vt 0.00000000 0.00000000
vt 0.00000000 0.00000000
vt 0.00000000 0.00000000
vt 0.00000000 0.00000000
vt 0.00000000 0.00000000
vt 0.00000000 0.00000000
vt 0.00000000 0.00000000
vt 0.00000000 0.00000000
vt 0.00000000 0.00000000
vt 0.00000000 0.00000000
vt 0.00000000 0.00000000
vt 0.00000000 0.00000000
vt 0.00000000 0.00000000
vt 0.00000000 0.00000000
vt 0.00000000 0.00000000
vt 0.00000000 0.00000000
vt 0.00000000 0.00000000
vt 0.00000000 0.00000000
vt 0.00000000 0.00000000
vt 0.00000000 0.00000000
vt 0.00000000 0.00000000
vt 0.00000000 0.00000000
vt 0.00000000 0.00000000
vt 0.00000000 0.00000000
vt 0.00000000 0.00000000
vt 0.00000000 0.00000000
vt 0.00000000 0.00000000
vt 0.00000000 0.00000000
vt 0.00000000 0.00000000
vt 0.00000000 0.00000000
vt 0.00000000 0.00000000
vt 0.00000000 0.00000000
vt 0.00000000 0.00000000
vt 0.00000000 0.00000000
vt 0.00000000 0.00000000
vt 0.00000000 0.00000000
vt 0.00000000 0.00000000
vt 0.00000000 0.00000000
vt 0.00000000 0.00000000
vt 0.00000000 0.00000000
vt 0.00000000 0.00000000
vt 0.00000000 0.00000000
vt 0.00000000 0.00000000
vt 0.00000000 0.00000000
vt 0.00000000 0.00000000
vt 0.00000000 0.00000000
vt 0.00000000 0.00000000
vt 0.00000000 0.00000000
vt 0.00000000 0.00000000
vt 0.00000000 0.00000000
vt 0.00000000 0.00000000
vt 0.00000000 0.00000000
vt 0.00000000 0.00000000
vt 0.00000000 0.00000000
vt 0.00000000 0.00000000
vt 0.00000000 0.00000000
vt 0.00000000 0.00000000
vt 0.00000000 0.00000000
vt 0.00000000 0.00000000
vt 0.00000000 0.00000000
vt 0.00000000 0.00000000
vt 0.00000000 0.00000000
vt 0.00000000 0.00000000
vt 0.00000000 0.00000000
vt 0.00000000 0.00000000
vt 0.00000000 0.00000000
vt 0.00000000 0.00000000
vt 0.00000000 0.00000000
vt 0.00000000 0.00000000
vt 0.00000000 0.00000000
vt 0.00000000 0.00000000
vt 0.00000000 0.00000000
vt 0.00000000 0.00000000
vt 0.00000000 0.00000000
vt 0.00000000 0.00000000
vt 0.00000000 0.00000000
vt 0.00000000 0.00000000
vt 0.00000000 0.00000000
vt 0.00000000 0.00000000
vt 0.00000000 0.00000000
vt 0.00000000 0.00000000
vt 0.00000000 0.00000000
vt 0.00000000 0.00000000
vt 0.00000000 0.00000000
vt 0.00000000 0.00000000
vt 0.00000000 0.00000000
vt 0.00000000 0.00000000
vt 0.00000000 0.00000000
vt 0.00000000 0.00000000
vt 0.00000000 0.00000000
vt 0.00000000 0.00000000
vt 0.00000000 0.00000000
vt 0.00000000 0.00000000
vt 0.00000000 0.00000000
vt 0.00000000 0.00000000
vt 0.00000000 0.00000000
vt 0.00000000 0.00000000
vt 0.00000000 0.00000000
vt 0.00000000 0.00000000
vt 0.00000000 0.00000000
vt 0.00000000 0.00000000
vt 0.00000000 0.00000000
vt 0.00000000 0.00000000
vt 0.00000000 0.00000000
vt 0.00000000 0.00000000
vt 0.00000000 0.00000000
vt 0.00000000 0.00000000
vt 0.00000000 0.00000000
vt 0.00000000 0.00000000
vt 0.00000000 0.00000000
vt 0.00000000 0.00000000
vt 0.00000000 0.00000000
vt 0.00000000 0.00000000
vt 0.00000000 0.00000000
vt 0.00000000 0.00000000
vt 0.00000000 0.00000000
vt 0.00000000 0.00000000
vt 0.00000000 0.00000000
vt 0.00000000 0.00000000
vt 0.00000000 0.00000000
vt 0.00000000 0.00000000
vt 0.00000000 0.00000000
vt 0.00000000 0.00000000
vt 0.00000000 0.00000000
vt 0.00000000 0.00000000
vt 0.00000000 0.00000000
vt 0.00000000 0.00000000
vt 0.00000000 0.00000000
vt 0.00000000 0.00000000
vt 0.00000000 0.00000000
vt 0.00000000 0.00000000
vt 0.00000000 0.00000000
vt 0.00000000 0.00000000
vt 0.00000000 0.00000000
vt 0.00000000 0.00000000
vt 0.00000000 0.00000000
vt 0.00000000 0.00000000
vt 0.00000000 0.00000000
vt 0.00000000 0.00000000
vt 0.00000000 0.00000000
vt 0.00000000 0.00000000
vt 0.00000000 0.00000000
vt 0.00000000 0.00000000
vt 0.00000000 0.00000000
vt 0.00000000 0.00000000
vt 0.00000000 0.00000000
vt 0.00000000 0.00000000
vt 0.00000000 0.00000000
vt 0.00000000 0.00000000
vt 0.00000000 0.00000000
vt 0.00000000 0.00000000
vt 0.00000000 0.00000000
vt 0.00000000 0.00000000
vt 0.00000000 0.00000000
vt 0.00000000 0.00000000
vt 0.00000000 0.00000000
vt 0.00000000 0.00000000
vt 0.00000000 0.00000000
vt 0.00000000 0.00000000
vt 0.00000000 0.00000000
vt 0.00000000 0.00000000
vt 0.00000000 0.00000000
vt 0.00000000 0.00000000
vt 0.00000000 0.00000000
vt 0.00000000 0.00000000
vt 0.00000000 0.00000000
vt 0.00000000 0.00000000
vt 0.00000000 0.00000000
vt 0.00000000 0.00000000
vt 0.00000000 0.00000000
vt 0.00000000 0.00000000
vt 0.00000000 0.00000000
vt 0.00000000 0.00000000
vt 0.00000000 0.00000000
vt 0.00000000 0.00000000
vt 0.00000000 0.00000000
vt 0.00000000 0.00000000
vt 0.00000000 0.00000000
vt 0.00000000 0.00000000
vt 0.00000000 0.00000000
vt 0.00000000 0.00000000
vt 0.00000000 0.00000000
vt 0.00000000 0.00000000
vt 0.00000000 0.00000000
vt 0.00000000 0.00000000
vt 0.00000000 0.00000000
vt 0.00000000 0.00000000
vt 0.00000000 0.00000000
vt 0.00000000 0.00000000
vt 0.00000000 0.00000000
vt 0.00000000 0.00000000
vt 0.00000000 0.00000000
vt 0.00000000 0.00000000
vt 0.00000000 0.00000000
vt 0.00000000 0.00000000
vt 0.00000000 0.00000000
vt 0.00000000 0.00000000
vt 0.00000000 0.00000000
vt 0.00000000 0.00000000
vt 0.00000000 0.00000000
vt 0.00000000 0.00000000
vt 0.00000000 0.00000000
vt 0.00000000 0.00000000
vt 0.00000000 0.00000000
vt 0.00000000 0.00000000
vt 0.00000000 0.00000000
vt 0.00000000 0.00000000
vt 0.00000000 0.00000000
vt 0.00000000 0.00000000
vt 0.00000000 0.00000000
vt 0.00000000 0.00000000
vt 0.00000000 0.00000000
vt 0.00000000 0.00000000
vt 0.00000000 0.00000000
vt 0.00000000 0.00000000
vt 0.00000000 0.00000000
vt 0.00000000 0.00000000
vt 0.00000000 0.00000000
vt 0.00000000 0.00000000
vt 0.00000000 0.00000000
vt 0.00000000 0.00000000
vt 0.00000000 0.00000000
vt 0.00000000 0.00000000
vt 0.00000000 0.00000000
vt 0.00000000 0.00000000
vt 0.00000000 0.00000000
vt 0.00000000 0.00000000
vt 0.00000000 0.00000000
vt 0.00000000 0.00000000
vt 0.00000000 0.00000000
vt 0.00000000 0.00000000
vt 0.00000000 0.00000000
vt 0.00000000 0.00000000
vt 0.00000000 0.00000000
vt 0.00000000 0.00000000
vt 0.00000000 0.00000000
vt 0.00000000 0.00000000
vt 0.00000000 0.00000000
vt 0.00000000 0.00000000
vt 0.00000000 0.00000000
vt 0.00000000 0.00000000
vt 0.00000000 0.00000000
vt 0.00000000 0.00000000
vt 0.00000000 0.00000000
vt 0.00000000 0.00000000
vt 0.00000000 0.00000000
vt 0.00000000 0.00000000
vt 0.00000000 0.00000000
vt 0.00000000 0.00000000
vt 0.00000000 0.00000000
vt 0.00000000 0.00000000
vt 0.00000000 0.00000000
vt 0.00000000 0.00000000
vt 0.00000000 0.00000000
vt 0.00000000 0.00000000
vt 0.00000000 0.00000000
vt 0.00000000 0.00000000
vt 0.00000000 0.00000000
vt 0.00000000 0.00000000
vt 0.00000000 0.00000000
vt 0.00000000 0.00000000
vt 0.00000000 0.00000000
vt 0.00000000 0.00000000
vt 0.00000000 0.00000000
vt 0.00000000 0.00000000
vt 0.00000000 0.00000000
vt 0.00000000 0.00000000
vt 0.00000000 0.00000000
vt 0.00000000 0.00000000
vt 0.00000000 0.00000000
vt 0.00000000 0.00000000
vt 0.00000000 0.00000000
vt 0.00000000 0.00000000
vt 0.00000000 0.00000000
vt 0.00000000 0.00000000
vt 0.00000000 0.00000000
vt 0.00000000 0.00000000
vt 0.00000000 0.00000000
vt 0.00000000 0.00000000
vt 0.00000000 0.00000000
vt 0.00000000 0.00000000
vt 0.00000000 0.00000000
vt 0.00000000 0.00000000
vt 0.00000000 0.00000000
vt 0.00000000 0.00000000
vt 0.00000000 0.00000000
vt 0.00000000 0.00000000
vt 0.00000000 0.00000000
vt 0.00000000 0.00000000
vt 0.00000000 0.00000000
vt 0.00000000 0.00000000
vt 0.00000000 0.00000000
vt 0.00000000 0.00000000
vt 0.00000000 0.00000000
vt 0.00000000 0.00000000
vt 0.00000000 0.00000000
vt 0.00000000 0.00000000
vt 0.00000000 0.00000000
vt 0.00000000 0.00000000
vt 0.00000000 0.00000000
vt 0.00000000 0.00000000
vt 0.00000000 0.00000000
vt 0.00000000 0.00000000
vt 0.00000000 0.00000000
vt 0.00000000 0.00000000
vt 0.00000000 0.00000000
vt 0.00000000 0.00000000
vt 0.00000000 0.00000000
vt 0.00000000 0.00000000
vt 0.00000000 0.00000000
vt 0.00000000 0.00000000
vt 0.00000000 0.00000000
vt 0.00000000 0.00000000
vt 0.00000000 0.00000000
vt 0.00000000 0.00000000
vt 0.00000000 0.00000000
vt 0.00000000 0.00000000
vt 0.00000000 0.00000000
vt 0.00000000 0.00000000
vt 0.00000000 0.00000000
vt 0.00000000 0.00000000
vt 0.00000000 0.00000000
vt 0.00000000 0.00000000
vt 0.00000000 0.00000000
vt 0.00000000 0.00000000
vt 0.00000000 0.00000000
vt 0.00000000 0.00000000
vt 0.00000000 0.00000000
vt 0.00000000 0.00000000
vt 0.00000000 0.00000000
vt 0.00000000 0.00000000
vt 0.00000000 0.00000000
vt 0.00000000 0.00000000
vt 0.00000000 0.00000000
vt 0.00000000 0.00000000
vt 0.00000000 0.00000000
vt 0.00000000 0.00000000
vt 0.00000000 0.00000000
vt 0.00000000 0.00000000
vt 0.00000000 0.00000000
vt 0.00000000 0.00000000
vt 0.00000000 0.00000000
vt 0.00000000 0.00000000
vt 0.00000000 0.00000000
vt 0.00000000 0.00000000
vt 0.00000000 0.00000000
vt 0.00000000 0.00000000
vt 0.00000000 0.00000000
vt 0.00000000 0.00000000
vt 0.00000000 0.00000000
vt 0.00000000 0.00000000
vt 0.00000000 0.00000000
vt 0.00000000 0.00000000
vt 0.00000000 0.00000000
vt 0.00000000 0.00000000
vt 0.00000000 0.00000000
vt 0.00000000 0.00000000
vt 0.00000000 0.00000000
vt 0.00000000 0.00000000
vt 0.00000000 0.00000000
vt 0.00000000 0.00000000
vt 0.00000000 0.00000000
vt 0.00000000 0.00000000
vt 0.00000000 0.00000000
vt 0.00000000 0.00000000
vt 0.00000000 0.00000000
vt 0.00000000 0.00000000
vt 0.00000000 0.00000000
vt 0.00000000 0.00000000
vt 0.00000000 0.00000000
vt 0.00000000 0.00000000
vt 0.00000000 0.00000000
vt 0.00000000 0.00000000
vt 0.00000000 0.00000000
vt 0.00000000 0.00000000
vt 0.00000000 0.00000000
vt 0.00000000 0.00000000
vt 0.00000000 0.00000000
vt 0.00000000 0.00000000
vt 0.00000000 0.00000000
vt 0.00000000 0.00000000
vt 0.00000000 0.00000000
vt 0.00000000 0.00000000
vt 0.00000000 0.00000000
vt 0.00000000 0.00000000
vt 0.00000000 0.00000000
vt 0.00000000 0.00000000
vt 0.00000000 0.00000000
vt 0.00000000 0.00000000
vt 0.00000000 0.00000000
vt 0.00000000 0.00000000
vt 0.00000000 0.00000000
vt 0.00000000 0.00000000
vt 0.00000000 0.00000000
vt 0.00000000 0.00000000
vt 0.00000000 0.00000000
vt 0.00000000 0.00000000
vt 0.00000000 0.00000000
vt 0.00000000 0.00000000
vt 0.00000000 0.00000000
vt 0.00000000 0.00000000
vt 0.00000000 0.00000000
vt 0.00000000 0.00000000
vt 0.00000000 0.00000000
vt 0.00000000 0.00000000
vt 0.00000000 0.00000000
vt 0.00000000 0.00000000
vt 0.00000000 0.00000000
vt 0.00000000 0.00000000
vt 0.00000000 0.00000000
vt 0.00000000 0.00000000
vt 0.00000000 0.00000000
vt 0.00000000 0.00000000
vt 0.00000000 0.00000000
vt 0.00000000 0.00000000
vt 0.00000000 0.00000000
vt 0.00000000 0.00000000
vt 0.00000000 0.00000000
vt 0.00000000 0.00000000
vt 0.00000000 0.00000000
vt 0.00000000 0.00000000
vt 0.00000000 0.00000000
vt 0.00000000 0.00000000
vt 0.00000000 0.00000000
vt 0.00000000 0.00000000
vt 0.00000000 0.00000000
vt 0.00000000 0.00000000
vt 0.00000000 0.00000000
vt 0.00000000 0.00000000
vt 0.00000000 0.00000000
vt 0.00000000 0.00000000
vt 0.00000000 0.00000000
vt 0.00000000 0.00000000
vt 0.00000000 0.00000000
vt 0.00000000 0.00000000
vt 0.00000000 0.00000000
vt 0.00000000 0.00000000
vt 0.00000000 0.00000000
vt 0.00000000 0.00000000
vt 0.00000000 0.00000000
vt 0.00000000 0.00000000
vt 0.00000000 0.00000000
vt 0.00000000 0.00000000
vt 0.00000000 0.00000000
vt 0.00000000 0.00000000
vt 0.00000000 0.00000000
vt 0.00000000 0.00000000
vt 0.00000000 0.00000000
vt 0.00000000 0.00000000
vt 0.00000000 0.00000000
vt 0.00000000 0.00000000
vt 0.00000000 0.00000000
vt 0.00000000 0.00000000
vt 0.00000000 0.00000000
vt 0.00000000 0.00000000
vt 0.00000000 0.00000000
vt 0.00000000 0.00000000
vt 0.00000000 0.00000000
vt 0.00000000 0.00000000
vt 0.00000000 0.00000000
vt 0.00000000 0.00000000
vt 0.00000000 0.00000000
vt 0.00000000 0.00000000
vt 0.00000000 0.00000000
vt 0.00000000 0.00000000
vt 0.00000000 0.00000000
vt 0.00000000 0.00000000
vt 0.00000000 0.00000000
vt 0.00000000 0.00000000
vt 0.00000000 0.00000000
vt 0.00000000 0.00000000
vt 0.00000000 0.00000000
vt 0.00000000 0.00000000
vt 0.00000000 0.00000000
vt 0.00000000 0.00000000
vt 0.00000000 0.00000000
vt 0.00000000 0.00000000
vt 0.00000000 0.00000000
vt 0.00000000 0.00000000
vt 0.00000000 0.00000000
vt 0.00000000 0.00000000
vt 0.00000000 0.00000000
vt 0.00000000 0.00000000
vt 0.00000000 0.00000000
vt 0.00000000 0.00000000
vt 0.00000000 0.00000000
vt 0.00000000 0.00000000
vt 0.00000000 0.00000000
vt 0.00000000 0.00000000
vt 0.00000000 0.00000000
vt 0.00000000 0.00000000
vt 0.00000000 0.00000000
vt 0.00000000 0.00000000
vt 0.00000000 0.00000000
vt 0.00000000 0.00000000
vt 0.00000000 0.00000000
vt 0.00000000 0.00000000
vt 0.00000000 0.00000000
vt 0.00000000 0.00000000
vt 0.00000000 0.00000000
vt 0.00000000 0.00000000
vt 0.00000000 0.00000000
vt 0.00000000 0.00000000
vt 0.00000000 0.00000000
vt 0.00000000 0.00000000
vt 0.00000000 0.00000000
vt 0.00000000 0.00000000
vt 0.00000000 0.00000000
vt 0.00000000 0.00000000
vt 0.00000000 0.00000000
vt 0.00000000 0.00000000
vt 0.00000000 0.00000000
vt 0.00000000 0.00000000
vt 0.00000000 0.00000000
vt 0.00000000 0.00000000
vt 0.00000000 0.00000000
vt 0.00000000 0.00000000
vt 0.00000000 0.00000000
vt 0.00000000 0.00000000
vt 0.00000000 0.00000000
vt 0.00000000 0.00000000
vt 0.00000000 0.00000000
vt 0.00000000 0.00000000
vt 0.00000000 0.00000000
vt 0.00000000 0.00000000
vt 0.00000000 0.00000000
vt 0.00000000 0.00000000
vt 0.00000000 0.00000000
vt 0.00000000 0.00000000
vt 0.00000000 0.00000000
vt 0.00000000 0.00000000
vt 0.00000000 0.00000000
vt 0.00000000 0.00000000
vt 0.00000000 0.00000000
vt 0.00000000 0.00000000
vt 0.00000000 0.00000000
vt 0.00000000 0.00000000
vt 0.00000000 0.00000000
vt 0.00000000 0.00000000
vt 0.00000000 0.00000000
vt 0.00000000 0.00000000
vt 0.00000000 0.00000000
vt 0.00000000 0.00000000
vt 0.00000000 0.00000000
vt 0.00000000 0.00000000
vt 0.00000000 0.00000000
vt 0.00000000 0.00000000
vt 0.00000000 0.00000000
vt 0.00000000 0.00000000
vt 0.00000000 0.00000000
vt 0.00000000 0.00000000
vt 0.00000000 0.00000000
vt 0.00000000 0.00000000
vt 0.00000000 0.00000000
vt 0.00000000 0.00000000
vt 0.00000000 0.00000000
vt 0.00000000 0.00000000
vt 0.00000000 0.00000000
vt 0.00000000 0.00000000
vt 0.00000000 0.00000000
vt 0.00000000 0.00000000
vt 0.00000000 0.00000000
vt 0.00000000 0.00000000
vt 0.00000000 0.00000000
vt 0.00000000 0.00000000
vt 0.00000000 0.00000000
vt 0.00000000 0.00000000
vt 0.00000000 0.00000000
vt 0.00000000 0.00000000
vt 0.00000000 0.00000000
vt 0.00000000 0.00000000
vt 0.00000000 0.00000000
vt 0.00000000 0.00000000
vt 0.00000000 0.00000000
vt 0.00000000 0.00000000
vt 0.00000000 0.00000000
vt 0.00000000 0.00000000
vt 0.00000000 0.00000000
vt 0.00000000 0.00000000
vt 0.00000000 0.00000000
vt 0.00000000 0.00000000
vt 0.00000000 0.00000000
vt 0.00000000 0.00000000
vt 0.00000000 0.00000000
vt 0.00000000 0.00000000
vt 0.00000000 0.00000000
vt 0.00000000 0.00000000
vt 0.00000000 0.00000000
vt 0.00000000 0.00000000
vt 0.00000000 0.00000000
vt 0.00000000 0.00000000
vt 0.00000000 0.00000000
vt 0.00000000 0.00000000
vt 0.00000000 0.00000000
vt 0.00000000 0.00000000
vt 0.00000000 0.00000000
vt 0.00000000 0.00000000
vt 0.00000000 0.00000000
vt 0.00000000 0.00000000
vt 0.00000000 0.00000000
vt 0.00000000 0.00000000
vt 0.00000000 0.00000000
vt 0.00000000 0.00000000
vt 0.00000000 0.00000000
vt 0.00000000 0.00000000
vt 0.00000000 0.00000000
vt 0.00000000 0.00000000
vt 0.00000000 0.00000000
vt 0.00000000 0.00000000
vt 0.00000000 0.00000000
vt 0.00000000 0.00000000
vt 0.00000000 0.00000000
vt 0.00000000 0.00000000
vt 0.00000000 0.00000000
vt 0.00000000 0.00000000
vt 0.00000000 0.00000000
vt 0.00000000 0.00000000
vt 0.00000000 0.00000000
vt 0.00000000 0.00000000
vt 0.00000000 0.00000000
vt 0.00000000 0.00000000
vt 0.00000000 0.00000000
vt 0.00000000 0.00000000
vt 0.00000000 0.00000000
vt 0.00000000 0.00000000
vt 0.00000000 0.00000000
vt 0.00000000 0.00000000
vt 0.00000000 0.00000000
vt 0.00000000 0.00000000
vt 0.00000000 0.00000000
vt 0.00000000 0.00000000
vt 0.00000000 0.00000000
vt 0.00000000 0.00000000
vt 0.00000000 0.00000000
vt 0.00000000 0.00000000
vt 0.00000000 0.00000000
vt 0.00000000 0.00000000
vt 0.00000000 0.00000000
vt 0.00000000 0.00000000
vt 0.00000000 0.00000000
vt 0.00000000 0.00000000
vt 0.00000000 0.00000000
vt 0.00000000 0.00000000
vt 0.00000000 0.00000000
vt 0.00000000 0.00000000
vt 0.00000000 0.00000000
vt 0.00000000 0.00000000
vt 0.00000000 0.00000000
vt 0.00000000 0.00000000
vt 0.00000000 0.00000000
vt 0.00000000 0.00000000
vt 0.00000000 0.00000000
vt 0.00000000 0.00000000
vt 0.00000000 0.00000000
vt 0.00000000 0.00000000
vt 0.00000000 0.00000000
vt 0.00000000 0.00000000
vt 0.00000000 0.00000000
vt 0.00000000 0.00000000
vt 0.00000000 0.00000000
vt 0.00000000 0.00000000
vt 0.00000000 0.00000000
vt 0.00000000 0.00000000
vt 0.00000000 0.00000000
vt 0.00000000 0.00000000
vt 0.00000000 0.00000000
vt 0.00000000 0.00000000
vt 0.00000000 0.00000000
vt 0.00000000 0.00000000
vt 0.00000000 0.00000000
vt 0.00000000 0.00000000
vt 0.00000000 0.00000000
vt 0.00000000 0.00000000
vt 0.00000000 0.00000000
vt 0.00000000 0.00000000
vt 0.00000000 0.00000000
vt 0.00000000 0.00000000
vt 0.00000000 0.00000000
vt 0.00000000 0.00000000
vt 0.00000000 0.00000000
vt 0.00000000 0.00000000
vt 0.00000000 0.00000000
vt 0.00000000 0.00000000
vt 0.00000000 0.00000000
vt 0.00000000 0.00000000
vt 0.00000000 0.00000000
vt 0.00000000 0.00000000
vt 0.00000000 0.00000000
vt 0.00000000 0.00000000
vt 0.00000000 0.00000000
vt 0.00000000 0.00000000
vt 0.00000000 0.00000000
vt 0.00000000 0.00000000
vt 0.00000000 0.00000000
vt 0.00000000 0.00000000
vt 0.00000000 0.00000000
vt 0.00000000 0.00000000
vt 0.00000000 0.00000000
vt 0.00000000 0.00000000
vt 0.00000000 0.00000000
vt 0.00000000 0.00000000
vt 0.00000000 0.00000000
vt 0.00000000 0.00000000
vt 0.00000000 0.00000000
vt 0.00000000 0.00000000
vt 0.00000000 0.00000000
vt 0.00000000 0.00000000
vt 0.00000000 0.00000000
vt 0.00000000 0.00000000
vt 0.00000000 0.00000000
vt 0.00000000 0.00000000
vt 0.00000000 0.00000000
vt 0.00000000 0.00000000
vt 0.00000000 0.00000000
vt 0.00000000 0.00000000
vt 0.00000000 0.00000000
vt 0.00000000 0.00000000
vt 0.00000000 0.00000000
vt 0.00000000 0.00000000
vt 0.00000000 0.00000000
vt 0.00000000 0.00000000
vt 0.00000000 0.00000000
vt 0.00000000 0.00000000
vt 0.00000000 0.00000000
vt 0.00000000 0.00000000
vt 0.00000000 0.00000000
vt 0.00000000 0.00000000
vt 0.00000000 0.00000000
vt 0.00000000 0.00000000
vt 0.00000000 0.00000000
vt 0.00000000 0.00000000
vt 0.00000000 0.00000000
vt 0.00000000 0.00000000
vt 0.00000000 0.00000000
vt 0.00000000 0.00000000
vt 0.00000000 0.00000000
vt 0.00000000 0.00000000
vt 0.00000000 0.00000000
vt 0.00000000 0.00000000
vt 0.00000000 0.00000000
vt 0.00000000 0.00000000
vt 0.00000000 0.00000000
vt 0.00000000 0.00000000
vt 0.00000000 0.00000000
vt 0.00000000 0.00000000
vt 0.00000000 0.00000000
vt 0.00000000 0.00000000
vt 0.00000000 0.00000000
vt 0.00000000 0.00000000
vt 0.00000000 0.00000000
vt 0.00000000 0.00000000
vt 0.00000000 0.00000000
vt 0.00000000 0.00000000
vt 0.00000000 0.00000000
vt 0.00000000 0.00000000
vt 0.00000000 0.00000000
vt 0.00000000 0.00000000
vt 0.00000000 0.00000000
vt 0.00000000 0.00000000
vt 0.00000000 0.00000000
vt 0.00000000 0.00000000
vt 0.00000000 0.00000000
vt 0.00000000 0.00000000
vt 0.00000000 0.00000000
vt 0.00000000 0.00000000
vt 0.00000000 0.00000000
vt 0.00000000 0.00000000
vt 0.00000000 0.00000000
vt 0.00000000 0.00000000
vt 0.00000000 0.00000000
vt 0.00000000 0.00000000
vt 0.00000000 0.00000000
vt 0.00000000 0.00000000
vt 0.00000000 0.00000000
vt 0.00000000 0.00000000
vt 0.00000000 0.00000000
vt 0.00000000 0.00000000
vt 0.00000000 0.00000000
vt 0.00000000 0.00000000
vt 0.00000000 0.00000000
vt 0.00000000 0.00000000
vt 0.00000000 0.00000000
vt 0.00000000 0.00000000
vt 0.00000000 0.00000000
vt 0.00000000 0.00000000
vt 0.00000000 0.00000000
vt 0.00000000 0.00000000
vt 0.00000000 0.00000000
vt 0.00000000 0.00000000
vt 0.00000000 0.00000000
vt 0.00000000 0.00000000
vt 0.00000000 0.00000000
vt 0.00000000 0.00000000
vt 0.00000000 0.00000000
vt 0.00000000 0.00000000
vt 0.00000000 0.00000000
vt 0.00000000 0.00000000
vt 0.00000000 0.00000000
vt 0.00000000 0.00000000
vt 0.00000000 0.00000000
vt 0.00000000 0.00000000
vt 0.00000000 0.00000000
vt 0.00000000 0.00000000
vt 0.00000000 0.00000000
vt 0.00000000 0.00000000
vt 0.00000000 0.00000000
vt 0.00000000 0.00000000
vt 0.00000000 0.00000000
vt 0.00000000 0.00000000
vt 0.00000000 0.00000000
vt 0.00000000 0.00000000
vt 0.00000000 0.00000000
vt 0.00000000 0.00000000
vt 0.00000000 0.00000000
vt 0.00000000 0.00000000
vt 0.00000000 0.00000000
vt 0.00000000 0.00000000
vt 0.00000000 0.00000000
vt 0.00000000 0.00000000
vt 0.00000000 0.00000000
vt 0.00000000 0.00000000
vt 0.00000000 0.00000000
vt 0.00000000 0.00000000
vt 0.00000000 0.00000000
vt 0.00000000 0.00000000
vt 0.00000000 0.00000000
vt 0.00000000 0.00000000
vt 0.00000000 0.00000000
vt 0.00000000 0.00000000
vt 0.00000000 0.00000000
vt 0.00000000 0.00000000
vt 0.00000000 0.00000000
vt 0.00000000 0.00000000
vt 0.00000000 0.00000000
vt 0.00000000 0.00000000
vt 0.00000000 0.00000000
vt 0.00000000 0.00000000
vt 0.00000000 0.00000000
vt 0.00000000 0.00000000
vt 0.00000000 0.00000000
vt 0.00000000 0.00000000
vt 0.00000000 0.00000000
vt 0.00000000 0.00000000
vt 0.00000000 0.00000000
vt 0.00000000 0.00000000
vt 0.00000000 0.00000000
vt 0.00000000 0.00000000
vt 0.00000000 0.00000000
vt 0.00000000 0.00000000
vt 0.00000000 0.00000000
vt 0.00000000 0.00000000
vt 0.00000000 0.00000000
vt 0.00000000 0.00000000
vt 0.00000000 0.00000000
vt 0.00000000 0.00000000
vt 0.00000000 0.00000000
vt 0.00000000 0.00000000
vt 0.00000000 0.00000000
vt 0.00000000 0.00000000
vt 0.00000000 0.00000000
vt 0.00000000 0.00000000
vt 0.00000000 0.00000000
vt 0.00000000 0.00000000
vt 0.00000000 0.00000000
vt 0.00000000 0.00000000
vt 0.00000000 0.00000000
vt 0.00000000 0.00000000
vt 0.00000000 0.00000000
vt 0.00000000 0.00000000
vt 0.00000000 0.00000000
vt 0.00000000 0.00000000
vt 0.00000000 0.00000000
vt 0.00000000 0.00000000
vt 0.00000000 0.00000000
vt 0.00000000 0.00000000
vt 0.00000000 0.00000000
vt 0.00000000 0.00000000
vt 0.00000000 0.00000000
vt 0.00000000 0.00000000
vt 0.00000000 0.00000000
vt 0.00000000 0.00000000
vt 0.00000000 0.00000000
vt 0.00000000 0.00000000
vt 0.00000000 0.00000000
vt 0.00000000 0.00000000
vt 0.00000000 0.00000000
vt 0.00000000 0.00000000
vt 0.00000000 0.00000000
vt 0.00000000 0.00000000
vt 0.00000000 0.00000000
vt 0.00000000 0.00000000
vt 0.00000000 0.00000000
vt 0.00000000 0.00000000
vt 0.00000000 0.00000000
vt 0.00000000 0.00000000
vt 0.00000000 0.00000000
vt 0.00000000 0.00000000
vt 0.00000000 0.00000000
vt 0.00000000 0.00000000
vt 0.00000000 0.00000000
vt 0.00000000 0.00000000
vt 0.00000000 0.00000000
vt 0.00000000 0.00000000
vt 0.00000000 0.00000000
vt 0.00000000 0.00000000
vt 0.00000000 0.00000000
vt 0.00000000 0.00000000
vt 0.00000000 0.00000000
vt 0.00000000 0.00000000
vt 0.00000000 0.00000000
vt 0.00000000 0.00000000
vt 0.00000000 0.00000000
vt 0.00000000 0.00000000
vt 0.00000000 0.00000000
vt 0.00000000 0.00000000
vt 0.00000000 0.00000000
vt 0.00000000 0.00000000
vt 0.00000000 0.00000000
vt 0.00000000 0.00000000
vt 0.00000000 0.00000000
vt 0.00000000 0.00000000
vt 0.00000000 0.00000000
vt 0.00000000 0.00000000
vt 0.00000000 0.00000000
vt 0.00000000 0.00000000
vt 0.00000000 0.00000000
vt 0.00000000 0.00000000
vt 0.00000000 0.00000000
vt 0.00000000 0.00000000
vt 0.00000000 0.00000000
vt 0.00000000 0.00000000
vt 0.00000000 0.00000000
vt 0.00000000 0.00000000
vt 0.00000000 0.00000000
vt 0.00000000 0.00000000
vt 0.00000000 0.00000000
vt 0.00000000 0.00000000
vt 0.00000000 0.00000000
vt 0.00000000 0.00000000
vt 0.00000000 0.00000000
vt 0.00000000 0.00000000
vt 0.00000000 0.00000000
vt 0.00000000 0.00000000
vt 0.00000000 0.00000000
vt 0.00000000 0.00000000
vt 0.00000000 0.00000000
vt 0.00000000 0.00000000
vt 0.00000000 0.00000000
vt 0.00000000 0.00000000
vt 0.00000000 0.00000000
vt 0.00000000 0.00000000
vt 0.00000000 0.00000000
vt 0.00000000 0.00000000
vt 0.00000000 0.00000000
vt 0.00000000 0.00000000
vt 0.00000000 0.00000000
vt 0.00000000 0.00000000
vt 0.00000000 0.00000000
vt 0.00000000 0.00000000
vt 0.00000000 0.00000000
vt 0.00000000 0.00000000
vt 0.00000000 0.00000000
vt 0.00000000 0.00000000
vt 0.00000000 0.00000000
vt 0.00000000 0.00000000
vt 0.00000000 0.00000000
vt 0.00000000 0.00000000
vt 0.00000000 0.00000000
vt 0.00000000 0.00000000
vt 0.00000000 0.00000000
vt 0.00000000 0.00000000
vt 0.00000000 0.00000000
vt 0.00000000 0.00000000
vt 0.00000000 0.00000000
vt 0.00000000 0.00000000
vt 0.00000000 0.00000000
vt 0.00000000 0.00000000
vt 0.00000000 0.00000000
vt 0.00000000 0.00000000
vt 0.00000000 0.00000000
vt 0.00000000 0.00000000
vt 0.00000000 0.00000000
vt 0.00000000 0.00000000
vt 0.00000000 0.00000000
vt 0.00000000 0.00000000
vt 0.00000000 0.00000000
vt 0.00000000 0.00000000
vt 0.00000000 0.00000000
vt 0.00000000 0.00000000
vt 0.00000000 0.00000000
vt 0.00000000 0.00000000
vt 0.00000000 0.00000000
vt 0.00000000 0.00000000
vt 0.00000000 0.00000000
vt 0.00000000 0.00000000
vt 0.00000000 0.00000000
vt 0.00000000 0.00000000
vt 0.00000000 0.00000000
vt 0.00000000 0.00000000
vt 0.00000000 0.00000000
vt 0.00000000 0.00000000
vt 0.00000000 0.00000000
vt 0.00000000 0.00000000
vt 0.00000000 0.00000000
vt 0.00000000 0.00000000
vt 0.00000000 0.00000000
vt 0.00000000 0.00000000
vt 0.00000000 0.00000000
vt 0.00000000 0.00000000
vt 0.00000000 0.00000000
vt 0.00000000 0.00000000
vt 0.00000000 0.00000000
vt 0.00000000 0.00000000
vt 0.00000000 0.00000000
vt 0.00000000 0.00000000
vt 0.00000000 0.00000000
vt 0.00000000 0.00000000
vt 0.00000000 0.00000000
vt 0.00000000 0.00000000
vt 0.00000000 0.00000000
vt 0.00000000 0.00000000
vt 0.00000000 0.00000000
vt 0.00000000 0.00000000
vt 0.00000000 0.00000000
vt 0.00000000 0.00000000
vt 0.00000000 0.00000000
vt 0.00000000 0.00000000
vt 0.00000000 0.00000000
vt 0.00000000 0.00000000
vt 0.00000000 0.00000000
vt 0.00000000 0.00000000
vt 0.00000000 0.00000000
vt 0.00000000 0.00000000
vt 0.00000000 0.00000000
vt 0.00000000 0.00000000
vt 0.00000000 0.00000000
vt 0.00000000 0.00000000
vt 0.00000000 0.00000000
vt 0.00000000 0.00000000
vt 0.00000000 0.00000000
vt 0.00000000 0.00000000
vt 0.00000000 0.00000000
vt 0.00000000 0.00000000
vt 0.00000000 0.00000000
vt 0.00000000 0.00000000
vt 0.00000000 0.00000000
vt 0.00000000 0.00000000
vt 0.00000000 0.00000000
vt 0.00000000 0.00000000
vt 0.00000000 0.00000000
vt 0.00000000 0.00000000
vt 0.00000000 0.00000000
vt 0.00000000 0.00000000
vt 0.00000000 0.00000000
vt 0.00000000 0.00000000
vt 0.00000000 0.00000000
vt 0.00000000 0.00000000
vt 0.00000000 0.00000000
vt 0.00000000 0.00000000
vt 0.00000000 0.00000000
vt 0.00000000 0.00000000
vt 0.00000000 0.00000000
vt 0.00000000 0.00000000
vt 0.00000000 0.00000000
vt 0.00000000 0.00000000
vt 0.00000000 0.00000000
vt 0.00000000 0.00000000
vt 0.00000000 0.00000000
vt 0.00000000 0.00000000
vt 0.00000000 0.00000000
vt 0.00000000 0.00000000
vt 0.00000000 0.00000000
vt 0.00000000 0.00000000
vt 0.00000000 0.00000000
vt 0.00000000 0.00000000
vt 0.00000000 0.00000000
vt 0.00000000 0.00000000
vt 0.00000000 0.00000000
vt 0.00000000 0.00000000
vt 0.00000000 0.00000000
vt 0.00000000 0.00000000
vt 0.00000000 0.00000000
vt 0.00000000 0.00000000
vt 0.00000000 0.00000000
vt 0.00000000 0.00000000
vt 0.00000000 0.00000000
vt 0.00000000 0.00000000
vt 0.00000000 0.00000000
vt 0.00000000 0.00000000
vt 0.00000000 0.00000000
vt 0.00000000 0.00000000
vt 0.00000000 0.00000000
vt 0.00000000 0.00000000
vt 0.00000000 0.00000000
vt 0.00000000 0.00000000
vt 0.00000000 0.00000000
vt 0.00000000 0.00000000
vt 0.00000000 0.00000000
vt 0.00000000 0.00000000
vt 0.00000000 0.00000000
vt 0.00000000 0.00000000
vt 0.00000000 0.00000000
vt 0.00000000 0.00000000
vt 0.00000000 0.00000000
vt 0.00000000 0.00000000
vt 0.00000000 0.00000000
vt 0.00000000 0.00000000
vt 0.00000000 0.00000000
vt 0.00000000 0.00000000
vt 0.00000000 0.00000000
vt 0.00000000 0.00000000
vt 0.00000000 0.00000000
vt 0.00000000 0.00000000
vt 0.00000000 0.00000000
vt 0.00000000 0.00000000
vt 0.00000000 0.00000000
vt 0.00000000 0.00000000
vt 0.00000000 0.00000000
vt 0.00000000 0.00000000
vt 0.00000000 0.00000000
vt 0.00000000 0.00000000
vt 0.00000000 0.00000000
vt 0.00000000 0.00000000
vt 0.00000000 0.00000000
vt 0.00000000 0.00000000
vt 0.00000000 0.00000000
vt 0.00000000 0.00000000
vt 0.00000000 0.00000000
vt 0.00000000 0.00000000
vt 0.00000000 0.00000000
vt 0.00000000 0.00000000
vt 0.00000000 0.00000000
vt 0.00000000 0.00000000
vt 0.00000000 0.00000000
vt 0.00000000 0.00000000
vt 0.00000000 0.00000000
vt 0.00000000 0.00000000
vt 0.00000000 0.00000000
vt 0.00000000 0.00000000
vt 0.00000000 0.00000000
vt 0.00000000 0.00000000
vt 0.00000000 0.00000000
vt 0.00000000 0.00000000
vt 0.00000000 0.00000000
vt 0.00000000 0.00000000
vt 0.00000000 0.00000000
vt 0.00000000 0.00000000
vt 0.00000000 0.00000000
vt 0.00000000 0.00000000
vt 0.00000000 0.00000000
vt 0.00000000 0.00000000
vt 0.00000000 0.00000000
vt 0.00000000 0.00000000
vt 0.00000000 0.00000000
vt 0.00000000 0.00000000
vt 0.00000000 0.00000000
vt 0.00000000 0.00000000
vt 0.00000000 0.00000000
vt 0.00000000 0.00000000
vt 0.00000000 0.00000000
vt 0.00000000 0.00000000
vt 0.00000000 0.00000000
vt 0.00000000 0.00000000
vt 0.00000000 0.00000000
vt 0.00000000 0.00000000
vt 0.00000000 0.00000000
vt 0.00000000 0.00000000
vt 0.00000000 0.00000000
vt 0.00000000 0.00000000
vt 0.00000000 0.00000000
vt 0.00000000 0.00000000
vt 0.00000000 0.00000000
vt 0.00000000 0.00000000
vt 0.00000000 0.00000000
vt 0.00000000 0.00000000
vt 0.00000000 0.00000000
vt 0.00000000 0.00000000
vt 0.00000000 0.00000000
vt 0.00000000 0.00000000
vt 0.00000000 0.00000000
vt 0.00000000 0.00000000
vt 0.00000000 0.00000000
vt 0.00000000 0.00000000
vt 0.00000000 0.00000000
vt 0.00000000 0.00000000
vt 0.00000000 0.00000000
vt 0.00000000 0.00000000
vt 0.00000000 0.00000000
vt 0.00000000 0.00000000
vt 0.00000000 0.00000000
vt 0.00000000 0.00000000
vt 0.00000000 0.00000000
vt 0.00000000 0.00000000
vt 0.00000000 0.00000000
vt 0.00000000 0.00000000
vt 0.00000000 0.00000000
vt 0.00000000 0.00000000
vt 0.00000000 0.00000000
vt 0.00000000 0.00000000
vt 0.00000000 0.00000000
vt 0.00000000 0.00000000
vt 0.00000000 0.00000000
vt 0.00000000 0.00000000
vt 0.00000000 0.00000000
vt 0.00000000 0.00000000
vt 0.00000000 0.00000000
vt 0.00000000 0.00000000
vt 0.00000000 0.00000000
vt 0.00000000 0.00000000
vt 0.00000000 0.00000000
vt 0.00000000 0.00000000
vt 0.00000000 0.00000000
vt 0.00000000 0.00000000
vt 0.00000000 0.00000000
vt 0.00000000 0.00000000
vt 0.00000000 0.00000000
vt 0.00000000 0.00000000
vt 0.00000000 0.00000000
vt 0.00000000 0.00000000
vt 0.00000000 0.00000000
vt 0.00000000 0.00000000
vt 0.00000000 0.00000000
vt 0.00000000 0.00000000
vt 0.00000000 0.00000000
vt 0.00000000 0.00000000
vt 0.00000000 0.00000000
vt 0.00000000 0.00000000
vt 0.00000000 0.00000000
vt 0.00000000 0.00000000
vt 0.00000000 0.00000000
vt 0.00000000 0.00000000
vt 0.00000000 0.00000000
vt 0.00000000 0.00000000
vt 0.00000000 0.00000000
vt 0.00000000 0.00000000
vt 0.00000000 0.00000000
vt 0.00000000 0.00000000
vt 0.00000000 0.00000000
vt 0.00000000 0.00000000
vt 0.00000000 0.00000000
vt 0.00000000 0.00000000
vt 0.00000000 0.00000000
vt 0.00000000 0.00000000
vt 0.00000000 0.00000000
vt 0.00000000 0.00000000
vt 0.00000000 0.00000000
vt 0.00000000 0.00000000
vt 0.00000000 0.00000000
vt 0.00000000 0.00000000
vt 0.00000000 0.00000000
vt 0.00000000 0.00000000
vt 0.00000000 0.00000000
vt 0.00000000 0.00000000
vt 0.00000000 0.00000000
vt 0.00000000 0.00000000
vt 0.00000000 0.00000000
vt 0.00000000 0.00000000
vt 0.00000000 0.00000000
vt 0.00000000 0.00000000
vt 0.00000000 0.00000000
vt 0.00000000 0.00000000
vt 0.00000000 0.00000000
vt 0.00000000 0.00000000
vt 0.00000000 0.00000000
vt 0.00000000 0.00000000
vt 0.00000000 0.00000000
vt 0.00000000 0.00000000
vt 0.00000000 0.00000000
vt 0.00000000 0.00000000
vt 0.00000000 0.00000000
vt 0.00000000 0.00000000
vt 0.00000000 0.00000000
vt 0.00000000 0.00000000
vt 0.00000000 0.00000000
vt 0.00000000 0.00000000
vt 0.00000000 0.00000000
vt 0.00000000 0.00000000
vt 0.00000000 0.00000000
vt 0.00000000 0.00000000
vt 0.00000000 0.00000000
vt 0.00000000 0.00000000
vt 0.00000000 0.00000000
vt 0.00000000 0.00000000
vt 0.00000000 0.00000000
vt 0.00000000 0.00000000
vt 0.00000000 0.00000000
vt 0.00000000 0.00000000
vt 0.00000000 0.00000000
vt 0.00000000 0.00000000
vt 0.00000000 0.00000000
vt 0.00000000 0.00000000
vt 0.00000000 0.00000000
vt 0.00000000 0.00000000
vt 0.00000000 0.00000000
vt 0.00000000 0.00000000
vt 0.00000000 0.00000000
vt 0.00000000 0.00000000
vt 0.00000000 0.00000000
vt 0.00000000 0.00000000
vt 0.00000000 0.00000000
vt 0.00000000 0.00000000
vt 0.00000000 0.00000000
vt 0.00000000 0.00000000
vt 0.00000000 0.00000000
vt 0.00000000 0.00000000
vt 0.00000000 0.00000000
vt 0.00000000 0.00000000
vt 0.00000000 0.00000000
vt 0.00000000 0.00000000
vt 0.00000000 0.00000000
vt 0.00000000 0.00000000
vt 0.00000000 0.00000000
vt 0.00000000 0.00000000
vt 0.00000000 0.00000000
vt 0.00000000 0.00000000
vt 0.00000000 0.00000000
vt 0.00000000 0.00000000
vt 0.00000000 0.00000000
vt 0.00000000 0.00000000
vt 0.00000000 0.00000000
vt 0.00000000 0.00000000
vt 0.00000000 0.00000000
vt 0.00000000 0.00000000
vt 0.00000000 0.00000000
vt 0.00000000 0.00000000
vt 0.00000000 0.00000000
vt 0.00000000 0.00000000
vt 0.00000000 0.00000000
vt 0.00000000 0.00000000
vt 0.00000000 0.00000000
vt 0.00000000 0.00000000
vt 0.00000000 0.00000000
vt 0.00000000 0.00000000
vt 0.00000000 0.00000000
vt 0.00000000 0.00000000
vt 0.00000000 0.00000000
vt 0.00000000 0.00000000
vt 0.00000000 0.00000000
vt 0.00000000 0.00000000
vt 0.00000000 0.00000000
vt 0.00000000 0.00000000
vt 0.00000000 0.00000000
vt 0.00000000 0.00000000
vt 0.00000000 0.00000000
vt 0.00000000 0.00000000
vt 0.00000000 0.00000000
vt 0.00000000 0.00000000
vt 0.00000000 0.00000000
vt 0.00000000 0.00000000
vt 0.00000000 0.00000000
vt 0.00000000 0.00000000
vt 0.00000000 0.00000000
vt 0.00000000 0.00000000
vt 0.00000000 0.00000000
vt 0.00000000 0.00000000
vt 0.00000000 0.00000000
vt 0.00000000 0.00000000
vt 0.00000000 0.00000000
vt 0.00000000 0.00000000
vt 0.00000000 0.00000000
vt 0.00000000 0.00000000
vt 0.00000000 0.00000000
vt 0.00000000 0.00000000
vt 0.00000000 0.00000000
vt 0.00000000 0.00000000
vt 0.00000000 0.00000000
vt 0.00000000 0.00000000
vt 0.00000000 0.00000000
vt 0.00000000 0.00000000
vt 0.00000000 0.00000000
vt 0.00000000 0.00000000
vt 0.00000000 0.00000000
vt 0.00000000 0.00000000
vt 0.00000000 0.00000000
vt 0.00000000 0.00000000
vt 0.00000000 0.00000000
vt 0.00000000 0.00000000
vt 0.00000000 0.00000000
vt 0.00000000 0.00000000
vt 0.00000000 0.00000000
vt 0.00000000 0.00000000
vt 0.00000000 0.00000000
vt 0.00000000 0.00000000
vt 0.00000000 0.00000000
vt 0.00000000 0.00000000
vt 0.00000000 0.00000000
vt 0.00000000 0.00000000
vt 0.00000000 0.00000000
vt 0.00000000 0.00000000
vt 0.00000000 0.00000000
vt 0.00000000 0.00000000
vt 0.00000000 0.00000000
vt 0.00000000 0.00000000
vt 0.00000000 0.00000000
vt 0.00000000 0.00000000
vt 0.00000000 0.00000000
vt 0.00000000 0.00000000
vt 0.00000000 0.00000000
vt 0.00000000 0.00000000
vt 0.00000000 0.00000000
vt 0.00000000 0.00000000
vt 0.00000000 0.00000000
vt 0.00000000 0.00000000
vt 0.00000000 0.00000000
vt 0.00000000 0.00000000
vt 0.00000000 0.00000000
vt 0.00000000 0.00000000
vt 0.00000000 0.00000000
vt 0.00000000 0.00000000
vt 0.00000000 0.00000000
vt 0.00000000 0.00000000
vt 0.00000000 0.00000000
vt 0.00000000 0.00000000
vt 0.00000000 0.00000000
vt 0.00000000 0.00000000
vt 0.00000000 0.00000000
vt 0.00000000 0.00000000
vt 0.00000000 0.00000000
vt 0.00000000 0.00000000
vt 0.00000000 0.00000000
vt 0.00000000 0.00000000
vt 0.00000000 0.00000000
vt 0.00000000 0.00000000
vt 0.00000000 0.00000000
vt 0.00000000 0.00000000
vt 0.00000000 0.00000000
vt 0.00000000 0.00000000
vt 0.00000000 0.00000000
vt 0.00000000 0.00000000
vt 0.00000000 0.00000000
vt 0.00000000 0.00000000
vt 0.00000000 0.00000000
vt 0.00000000 0.00000000
vt 0.00000000 0.00000000
vt 0.00000000 0.00000000
vt 0.00000000 0.00000000
vt 0.00000000 0.00000000
vt 0.00000000 0.00000000
vt 0.00000000 0.00000000
vt 0.00000000 0.00000000
vt 0.00000000 0.00000000
vt 0.00000000 0.00000000
vt 0.00000000 0.00000000
vt 0.00000000 0.00000000
vt 0.00000000 0.00000000
vt 0.00000000 0.00000000
vt 0.00000000 0.00000000
vt 0.00000000 0.00000000
vt 0.00000000 0.00000000
vt 0.00000000 0.00000000
vt 0.00000000 0.00000000
vt 0.00000000 0.00000000
vt 0.00000000 0.00000000
vt 0.00000000 0.00000000
vt 0.00000000 0.00000000
vt 0.00000000 0.00000000
vt 0.00000000 0.00000000
vt 0.00000000 0.00000000
vt 0.00000000 0.00000000
vt 0.00000000 0.00000000
vt 0.00000000 0.00000000
vt 0.00000000 0.00000000
vt 0.00000000 0.00000000
vt 0.00000000 0.00000000
vt 0.00000000 0.00000000
vt 0.00000000 0.00000000
vt 0.00000000 0.00000000
vt 0.00000000 0.00000000
vt 0.00000000 0.00000000
vt 0.00000000 0.00000000
vt 0.00000000 0.00000000
vt 0.00000000 0.00000000
vt 0.00000000 0.00000000
vt 0.00000000 0.00000000
vt 0.00000000 0.00000000
vt 0.00000000 0.00000000
vt 0.00000000 0.00000000
vt 0.00000000 0.00000000
vt 0.00000000 0.00000000
vt 0.00000000 0.00000000
vt 0.00000000 0.00000000
vt 0.00000000 0.00000000
vt 0.00000000 0.00000000
vt 0.00000000 0.00000000
vt 0.00000000 0.00000000
vt 0.00000000 0.00000000
vt 0.00000000 0.00000000
vt 0.00000000 0.00000000
vt 0.00000000 0.00000000
vt 0.00000000 0.00000000
vt 0.00000000 0.00000000
vt 0.00000000 0.00000000
vt 0.00000000 0.00000000
vt 0.00000000 0.00000000
vt 0.00000000 0.00000000
vt 0.00000000 0.00000000
vt 0.00000000 0.00000000
vt 0.00000000 0.00000000
vt 0.00000000 0.00000000
vt 0.00000000 0.00000000
vt 0.00000000 0.00000000
vt 0.00000000 0.00000000
vt 0.00000000 0.00000000
vt 0.00000000 0.00000000
vt 0.00000000 0.00000000
vt 0.00000000 0.00000000
vt 0.00000000 0.00000000
vt 0.00000000 0.00000000
vt 0.00000000 0.00000000
vt 0.00000000 0.00000000
vt 0.00000000 0.00000000
vt 0.00000000 0.00000000
vt 0.00000000 0.00000000
vt 0.00000000 0.00000000
vt 0.00000000 0.00000000
vt 0.00000000 0.00000000
vt 0.00000000 0.00000000
vt 0.00000000 0.00000000
vt 0.00000000 0.00000000
vt 0.00000000 0.00000000
vt 0.00000000 0.00000000
vt 0.00000000 0.00000000
vt 0.00000000 0.00000000
vt 0.00000000 0.00000000
vt 0.00000000 0.00000000
vt 0.00000000 0.00000000
vt 0.00000000 0.00000000
vt 0.00000000 0.00000000
vt 0.00000000 0.00000000
vt 0.00000000 0.00000000
vt 0.00000000 0.00000000
vt 0.00000000 0.00000000
vt 0.00000000 0.00000000
vt 0.00000000 0.00000000
vt 0.00000000 0.00000000
vt 0.00000000 0.00000000
vt 0.00000000 0.00000000
vt 0.00000000 0.00000000
vt 0.00000000 0.00000000
vt 0.00000000 0.00000000
vt 0.00000000 0.00000000
vt 0.00000000 0.00000000
vt 0.00000000 0.00000000
vt 0.00000000 0.00000000
vt 0.00000000 0.00000000
vt 0.00000000 0.00000000
vt 0.00000000 0.00000000
vt 0.00000000 0.00000000
vt 0.00000000 0.00000000
vt 0.00000000 0.00000000
vt 0.00000000 0.00000000
vt 0.00000000 0.00000000
vt 0.00000000 0.00000000
vt 0.00000000 0.00000000
vt 0.00000000 0.00000000
vt 0.00000000 0.00000000
vt 0.00000000 0.00000000
vt 0.00000000 0.00000000
vt 0.00000000 0.00000000
vt 0.00000000 0.00000000
vt 0.00000000 0.00000000
vt 0.00000000 0.00000000
vt 0.00000000 0.00000000
vt 0.00000000 0.00000000
vt 0.00000000 0.00000000
vt 0.00000000 0.00000000
vt 0.00000000 0.00000000
vt 0.00000000 0.00000000
vt 0.00000000 0.00000000
vt 0.00000000 0.00000000
vt 0.00000000 0.00000000
vt 0.00000000 0.00000000
vt 0.00000000 0.00000000
vt 0.00000000 0.00000000
vt 0.00000000 0.00000000
vt 0.00000000 0.00000000
vt 0.00000000 0.00000000
vt 0.00000000 0.00000000
vt 0.00000000 0.00000000
vt 0.00000000 0.00000000
vt 0.00000000 0.00000000
vt 0.00000000 0.00000000
vt 0.00000000 0.00000000
vt 0.00000000 0.00000000
vt 0.00000000 0.00000000
vt 0.00000000 0.00000000
vt 0.00000000 0.00000000
vt 0.00000000 0.00000000
vt 0.00000000 0.00000000
vt 0.00000000 0.00000000
vt 0.00000000 0.00000000
vt 0.00000000 0.00000000
vt 0.00000000 0.00000000
vt 0.00000000 0.00000000
vt 0.00000000 0.00000000
vt 0.00000000 0.00000000
vt 0.00000000 0.00000000
vt 0.00000000 0.00000000
vt 0.00000000 0.00000000
vt 0.00000000 0.00000000
vt 0.00000000 0.00000000
vt 0.00000000 0.00000000
vt 0.00000000 0.00000000
vt 0.00000000 0.00000000
vt 0.00000000 0.00000000
vt 0.00000000 0.00000000
vt 0.00000000 0.00000000
vt 0.00000000 0.00000000
vt 0.00000000 0.00000000
vt 0.00000000 0.00000000
vt 0.00000000 0.00000000
vt 0.00000000 0.00000000
vt 0.00000000 0.00000000
vt 0.00000000 0.00000000
vt 0.00000000 0.00000000
vt 0.00000000 0.00000000
vt 0.00000000 0.00000000
vt 0.00000000 0.00000000
vt 0.00000000 0.00000000
vt 0.00000000 0.00000000
vt 0.00000000 0.00000000
vt 0.00000000 0.00000000
vt 0.00000000 0.00000000
vt 0.00000000 0.00000000
vt 0.00000000 0.00000000
vt 0.00000000 0.00000000
vt 0.00000000 0.00000000
vt 0.00000000 0.00000000
vt 0.00000000 0.00000000
vt 0.00000000 0.00000000
vt 0.00000000 0.00000000
vt 0.00000000 0.00000000
vt 0.00000000 0.00000000
vt 0.00000000 0.00000000
vt 0.00000000 0.00000000
vt 0.00000000 0.00000000
vt 0.00000000 0.00000000
vt 0.00000000 0.00000000
vt 0.00000000 0.00000000
vt 0.00000000 0.00000000
vt 0.00000000 0.00000000
vt 0.00000000 0.00000000
vt 0.00000000 0.00000000
vt 0.00000000 0.00000000
vt 0.00000000 0.00000000
vt 0.00000000 0.00000000
vt 0.00000000 0.00000000
vt 0.00000000 0.00000000
vt 0.00000000 0.00000000
vt 0.00000000 0.00000000
vt 0.00000000 0.00000000
vt 0.00000000 0.00000000
vt 0.00000000 0.00000000
vt 0.00000000 0.00000000
vt 0.00000000 0.00000000
vt 0.00000000 0.00000000
vt 0.00000000 0.00000000
vt 0.00000000 0.00000000
vt 0.00000000 0.00000000
vt 0.00000000 0.00000000
vt 0.00000000 0.00000000
vt 0.00000000 0.00000000
vt 0.00000000 0.00000000
vt 0.00000000 0.00000000
vt 0.00000000 0.00000000
vt 0.00000000 0.00000000
vt 0.00000000 0.00000000
vt 0.00000000 0.00000000
vt 0.00000000 0.00000000
vt 0.00000000 0.00000000
vt 0.00000000 0.00000000
vt 0.00000000 0.00000000
vt 0.00000000 0.00000000
vt 0.00000000 0.00000000
vt 0.00000000 0.00000000
vt 0.00000000 0.00000000
vt 0.00000000 0.00000000
vt 0.00000000 0.00000000
vt 0.00000000 0.00000000
vt 0.00000000 0.00000000
vt 0.00000000 0.00000000
vt 0.00000000 0.00000000
vt 0.00000000 0.00000000
vt 0.00000000 0.00000000
vt 0.00000000 0.00000000
vt 0.00000000 0.00000000
vt 0.00000000 0.00000000
vt 0.00000000 0.00000000
vt 0.00000000 0.00000000
vt 0.00000000 0.00000000
vt 0.00000000 0.00000000
vt 0.00000000 0.00000000
vt 0.00000000 0.00000000
vt 0.00000000 0.00000000
vt 0.00000000 0.00000000
vt 0.00000000 0.00000000
vt 0.00000000 0.00000000
vt 0.00000000 0.00000000
vt 0.00000000 0.00000000
vt 0.00000000 0.00000000
vt 0.00000000 0.00000000
vt 0.00000000 0.00000000
vt 0.00000000 0.00000000
vt 0.00000000 0.00000000
vt 0.00000000 0.00000000
vt 0.00000000 0.00000000
vt 0.00000000 0.00000000
vt 0.00000000 0.00000000
vt 0.00000000 0.00000000
vt 0.00000000 0.00000000
vt 0.00000000 0.00000000
vt 0.00000000 0.00000000
vt 0.00000000 0.00000000
vt 0.00000000 0.00000000
vt 0.00000000 0.00000000
vt 0.00000000 0.00000000
vt 0.00000000 0.00000000
vt 0.00000000 0.00000000
vt 0.00000000 0.00000000
vt 0.00000000 0.00000000
vt 0.00000000 0.00000000
vt 0.00000000 0.00000000
vt 0.00000000 0.00000000
vt 0.00000000 0.00000000
vt 0.00000000 0.00000000
vt 0.00000000 0.00000000
vt 0.00000000 0.00000000
vt 0.00000000 0.00000000
vt 0.00000000 0.00000000
vt 0.00000000 0.00000000
vt 0.00000000 0.00000000
vt 0.00000000 0.00000000
vt 0.00000000 0.00000000
vt 0.00000000 0.00000000
vt 0.00000000 0.00000000
vt 0.00000000 0.00000000
vt 0.00000000 0.00000000
vt 0.00000000 0.00000000
vt 0.00000000 0.00000000
vt 0.00000000 0.00000000
vt 0.00000000 0.00000000
vt 0.00000000 0.00000000
vt 0.00000000 0.00000000
vt 0.00000000 0.00000000
vt 0.00000000 0.00000000
vt 0.00000000 0.00000000
vt 0.00000000 0.00000000
vt 0.00000000 0.00000000
vt 0.00000000 0.00000000
vt 0.00000000 0.00000000
vt 0.00000000 0.00000000
vt 0.00000000 0.00000000
vt 0.00000000 0.00000000
vt 0.00000000 0.00000000
vt 0.00000000 0.00000000
vt 0.00000000 0.00000000
vt 0.00000000 0.00000000
vt 0.00000000 0.00000000
vt 0.00000000 0.00000000
vt 0.00000000 0.00000000
vt 0.00000000 0.00000000
vt 0.00000000 0.00000000
vt 0.00000000 0.00000000
vt 0.00000000 0.00000000
vt 0.00000000 0.00000000
vt 0.00000000 0.00000000
vt 0.00000000 0.00000000
vt 0.00000000 0.00000000
vt 0.00000000 0.00000000
vt 0.00000000 0.00000000
vt 0.00000000 0.00000000
vt 0.00000000 0.00000000
vt 0.00000000 0.00000000
vt 0.00000000 0.00000000
vt 0.00000000 0.00000000
vt 0.00000000 0.00000000
vt 0.00000000 0.00000000
vt 0.00000000 0.00000000
vt 0.00000000 0.00000000
vt 0.00000000 0.00000000
vt 0.00000000 0.00000000
vt 0.00000000 0.00000000
vt 0.00000000 0.00000000
vt 0.00000000 0.00000000
vt 0.00000000 0.00000000
vt 0.00000000 0.00000000
vt 0.00000000 0.00000000
vt 0.00000000 0.00000000
vt 0.00000000 0.00000000
vt 0.00000000 0.00000000
vt 0.00000000 0.00000000
vt 0.00000000 0.00000000
vt 0.00000000 0.00000000
vt 0.00000000 0.00000000
vt 0.00000000 0.00000000
vt 0.00000000 0.00000000
vt 0.00000000 0.00000000
vt 0.00000000 0.00000000
vt 0.00000000 0.00000000
vt 0.00000000 0.00000000
vt 0.00000000 0.00000000
vt 0.00000000 0.00000000
vt 0.00000000 0.00000000
vt 0.00000000 0.00000000
vt 0.00000000 0.00000000
vt 0.00000000 0.00000000
vt 0.00000000 0.00000000
vt 0.00000000 0.00000000
vt 0.00000000 0.00000000
vt 0.00000000 0.00000000
vt 0.00000000 0.00000000
vt 0.00000000 0.00000000
vt 0.00000000 0.00000000
vt 0.00000000 0.00000000
vt 0.00000000 0.00000000
vt 0.00000000 0.00000000
vt 0.00000000 0.00000000
vt 0.00000000 0.00000000
vt 0.00000000 0.00000000
vt 0.00000000 0.00000000
vt 0.00000000 0.00000000
vt 0.00000000 0.00000000
vt 0.00000000 0.00000000
vt 0.00000000 0.00000000
vt 0.00000000 0.00000000
vt 0.00000000 0.00000000
vt 0.00000000 0.00000000
vt 0.00000000 0.00000000
vt 0.00000000 0.00000000
vt 0.00000000 0.00000000
vt 0.00000000 0.00000000
vt 0.00000000 0.00000000
vt 0.00000000 0.00000000
vt 0.00000000 0.00000000
vt 0.00000000 0.00000000
vt 0.00000000 0.00000000
vt 0.00000000 0.00000000
vt 0.00000000 0.00000000
vt 0.00000000 0.00000000
vt 0.00000000 0.00000000
vt 0.00000000 0.00000000
vt 0.00000000 0.00000000
vt 0.00000000 0.00000000
vt 0.00000000 0.00000000
vt 0.00000000 0.00000000
vt 0.00000000 0.00000000
vt 0.00000000 0.00000000
vt 0.00000000 0.00000000
vt 0.00000000 0.00000000
vt 0.00000000 0.00000000
vt 0.00000000 0.00000000
vt 0.00000000 0.00000000
vt 0.00000000 0.00000000
vt 0.00000000 0.00000000
vt 0.00000000 0.00000000
vt 0.00000000 0.00000000
vt 0.00000000 0.00000000
vt 0.00000000 0.00000000
vt 0.00000000 0.00000000
vt 0.00000000 0.00000000
vt 0.00000000 0.00000000
vt 0.00000000 0.00000000
vt 0.00000000 0.00000000
vt 0.00000000 0.00000000
vt 0.00000000 0.00000000
vt 0.00000000 0.00000000
vt 0.00000000 0.00000000
vt 0.00000000 0.00000000
vt 0.00000000 0.00000000
vt 0.00000000 0.00000000
vt 0.00000000 0.00000000
vt 0.00000000 0.00000000
vt 0.00000000 0.00000000
vt 0.00000000 0.00000000
vt 0.00000000 0.00000000
vt 0.00000000 0.00000000
vt 0.00000000 0.00000000
vt 0.00000000 0.00000000
vt 0.00000000 0.00000000
vt 0.00000000 0.00000000
vt 0.00000000 0.00000000
vt 0.00000000 0.00000000
vt 0.00000000 0.00000000
vt 0.00000000 0.00000000
vt 0.00000000 0.00000000
vt 0.00000000 0.00000000
vt 0.00000000 0.00000000
vt 0.00000000 0.00000000
vt 0.00000000 0.00000000
vt 0.00000000 0.00000000
vt 0.00000000 0.00000000
vt 0.00000000 0.00000000
vt 0.00000000 0.00000000
vt 0.00000000 0.00000000
vt 0.00000000 0.00000000
vt 0.00000000 0.00000000
vt 0.00000000 0.00000000
vt 0.00000000 0.00000000
vt 0.00000000 0.00000000
vt 0.00000000 0.00000000
vt 0.00000000 0.00000000
vt 0.00000000 0.00000000
vt 0.00000000 0.00000000
vt 0.00000000 0.00000000
vt 0.00000000 0.00000000
vt 0.00000000 0.00000000
vt 0.00000000 0.00000000
vt 0.00000000 0.00000000
vt 0.00000000 0.00000000
vt 0.00000000 0.00000000
vt 0.00000000 0.00000000
vt 0.00000000 0.00000000
vt 0.00000000 0.00000000
vt 0.00000000 0.00000000
vt 0.00000000 0.00000000
vt 0.00000000 0.00000000
vt 0.00000000 0.00000000
vt 0.00000000 0.00000000
vt 0.00000000 0.00000000
vt 0.00000000 0.00000000
vt 0.00000000 0.00000000
vt 0.00000000 0.00000000
vt 0.00000000 0.00000000
vt 0.00000000 0.00000000
vt 0.00000000 0.00000000
vt 0.00000000 0.00000000
vt 0.00000000 0.00000000
vt 0.00000000 0.00000000
vt 0.00000000 0.00000000
vt 0.00000000 0.00000000
vt 0.00000000 0.00000000
vt 0.00000000 0.00000000
vt 0.00000000 0.00000000
vt 0.00000000 0.00000000
vt 0.00000000 0.00000000
vt 0.00000000 0.00000000
vt 0.00000000 0.00000000
vt 0.00000000 0.00000000
vt 0.00000000 0.00000000
vt 0.00000000 0.00000000
vt 0.00000000 0.00000000
vt 0.00000000 0.00000000
vt 0.00000000 0.00000000
vt 0.00000000 0.00000000
vt 0.00000000 0.00000000
vt 0.00000000 0.00000000
vt 0.00000000 0.00000000
vt 0.00000000 0.00000000
vt 0.00000000 0.00000000
vt 0.00000000 0.00000000
vt 0.00000000 0.00000000
vt 0.00000000 0.00000000
vt 0.00000000 0.00000000
vt 0.00000000 0.00000000
vt 0.00000000 0.00000000
vt 0.00000000 0.00000000
vt 0.00000000 0.00000000
vt 0.00000000 0.00000000
vt 0.00000000 0.00000000
vt 0.00000000 0.00000000
vt 0.00000000 0.00000000
vt 0.00000000 0.00000000
vt 0.00000000 0.00000000
vt 0.00000000 0.00000000
vt 0.00000000 0.00000000
vt 0.00000000 0.00000000
vt 0.00000000 0.00000000
vt 0.00000000 0.00000000
vt 0.00000000 0.00000000
vt 0.00000000 0.00000000
vt 0.00000000 0.00000000
vt 0.00000000 0.00000000
vt 0.00000000 0.00000000
vt 0.00000000 0.00000000
vt 0.00000000 0.00000000
vt 0.00000000 0.00000000
vt 0.00000000 0.00000000
vt 0.00000000 0.00000000
vt 0.00000000 0.00000000
vt 0.00000000 0.00000000
vt 0.00000000 0.00000000
vt 0.00000000 0.00000000
vt 0.00000000 0.00000000
vt 0.00000000 0.00000000
vt 0.00000000 0.00000000
vt 0.00000000 0.00000000
vt 0.00000000 0.00000000
vt 0.00000000 0.00000000
vt 0.00000000 0.00000000
vt 0.00000000 0.00000000
vt 0.00000000 0.00000000
vt 0.00000000 0.00000000
vt 0.00000000 0.00000000
vt 0.00000000 0.00000000
vt 0.00000000 0.00000000
vt 0.00000000 0.00000000
vt 0.00000000 0.00000000
vt 0.00000000 0.00000000
vt 0.00000000 0.00000000
vt 0.00000000 0.00000000
vt 0.00000000 0.00000000
vt 0.00000000 0.00000000
vt 0.00000000 0.00000000
vt 0.00000000 0.00000000
vt 0.00000000 0.00000000
vt 0.00000000 0.00000000
vt 0.00000000 0.00000000
vt 0.00000000 0.00000000
vt 0.00000000 0.00000000
vt 0.00000000 0.00000000
vt 0.00000000 0.00000000
vt 0.00000000 0.00000000
vt 0.00000000 0.00000000
vt 0.00000000 0.00000000
vt 0.00000000 0.00000000
vt 0.00000000 0.00000000
vt 0.00000000 0.00000000
vt 0.00000000 0.00000000
vt 0.00000000 0.00000000
vt 0.00000000 0.00000000
vt 0.00000000 0.00000000
vt 0.00000000 0.00000000
vt 0.00000000 0.00000000
vt 0.00000000 0.00000000
vt 0.00000000 0.00000000
vt 0.00000000 0.00000000
vt 0.00000000 0.00000000
vt 0.00000000 0.00000000
vt 0.00000000 0.00000000
vt 0.00000000 0.00000000
vt 0.00000000 0.00000000
vt 0.00000000 0.00000000
vt 0.00000000 0.00000000
vt 0.00000000 0.00000000
vt 0.00000000 0.00000000
vt 0.00000000 0.00000000
vt 0.00000000 0.00000000
vt 0.00000000 0.00000000
vt 0.00000000 0.00000000
vt 0.00000000 0.00000000
vt 0.00000000 0.00000000
vt 0.00000000 0.00000000
vt 0.00000000 0.00000000
vt 0.00000000 0.00000000
vt 0.00000000 0.00000000
vt 0.00000000 0.00000000
vt 0.00000000 0.00000000
vt 0.00000000 0.00000000
vt 0.00000000 0.00000000
vt 0.00000000 0.00000000
vt 0.00000000 0.00000000
vt 0.00000000 0.00000000
vt 0.00000000 0.00000000
vt 0.00000000 0.00000000
vt 0.00000000 0.00000000
vt 0.00000000 0.00000000
vt 0.00000000 0.00000000
vt 0.00000000 0.00000000
vt 0.00000000 0.00000000
vt 0.00000000 0.00000000
vt 0.00000000 0.00000000
vt 0.00000000 0.00000000
vt 0.00000000 0.00000000
vt 0.00000000 0.00000000
vt 0.00000000 0.00000000
vt 0.00000000 0.00000000
vt 0.00000000 0.00000000
vt 0.00000000 0.00000000
vt 0.00000000 0.00000000
vt 0.00000000 0.00000000
vt 0.00000000 0.00000000
vt 0.00000000 0.00000000
vt 0.00000000 0.00000000
vt 0.00000000 0.00000000
vt 0.00000000 0.00000000
vt 0.00000000 0.00000000
vt 0.00000000 0.00000000
vt 0.00000000 0.00000000
vt 0.00000000 0.00000000
vt 0.00000000 0.00000000
vt 0.00000000 0.00000000
vt 0.00000000 0.00000000
vt 0.00000000 0.00000000
vt 0.00000000 0.00000000
vt 0.00000000 0.00000000
vt 0.00000000 0.00000000
vt 0.00000000 0.00000000
vt 0.00000000 0.00000000
vt 0.00000000 0.00000000
vt 0.00000000 0.00000000
vt 0.00000000 0.00000000
vt 0.00000000 0.00000000
vt 0.00000000 0.00000000
vt 0.00000000 0.00000000
vt 0.00000000 0.00000000
vt 0.00000000 0.00000000
vt 0.00000000 0.00000000
vt 0.00000000 0.00000000
vt 0.00000000 0.00000000
vt 0.00000000 0.00000000
vt 0.00000000 0.00000000
vt 0.00000000 0.00000000
vt 0.00000000 0.00000000
vt 0.00000000 0.00000000
vt 0.00000000 0.00000000
vt 0.00000000 0.00000000
vt 0.00000000 0.00000000
vt 0.00000000 0.00000000
vt 0.00000000 0.00000000
vt 0.00000000 0.00000000
vt 0.00000000 0.00000000
vt 0.00000000 0.00000000
vt 0.00000000 0.00000000
vt 0.00000000 0.00000000
vt 0.00000000 0.00000000
vt 0.00000000 0.00000000
vt 0.00000000 0.00000000
vt 0.00000000 0.00000000
vt 0.00000000 0.00000000
vt 0.00000000 0.00000000
vt 0.00000000 0.00000000
vt 0.00000000 0.00000000
vt 0.00000000 0.00000000
vt 0.00000000 0.00000000
vt 0.00000000 0.00000000
vt 0.00000000 0.00000000
vt 0.00000000 0.00000000
vt 0.00000000 0.00000000
vt 0.00000000 0.00000000
vt 0.00000000 0.00000000
vt 0.00000000 0.00000000
vt 0.00000000 0.00000000
vt 0.00000000 0.00000000
vt 0.00000000 0.00000000
vt 0.00000000 0.00000000
vt 0.00000000 0.00000000
vt 0.00000000 0.00000000
vt 0.00000000 0.00000000
vt 0.00000000 0.00000000
vt 0.00000000 0.00000000
vt 0.00000000 0.00000000
vt 0.00000000 0.00000000
vt 0.00000000 0.00000000
vt 0.00000000 0.00000000
vt 0.00000000 0.00000000
vt 0.00000000 0.00000000
vt 0.00000000 0.00000000
vt 0.00000000 0.00000000
vt 0.00000000 0.00000000
vt 0.00000000 0.00000000
vt 0.00000000 0.00000000
vt 0.00000000 0.00000000
vt 0.00000000 0.00000000
vt 0.00000000 0.00000000
vt 0.00000000 0.00000000
vt 0.00000000 0.00000000
vt 0.00000000 0.00000000
vt 0.00000000 0.00000000
vt 0.00000000 0.00000000
vt 0.00000000 0.00000000
vt 0.00000000 0.00000000
vt 0.00000000 0.00000000
vt 0.00000000 0.00000000
vt 0.00000000 0.00000000
vt 0.00000000 0.00000000
vt 0.00000000 0.00000000
vt 0.00000000 0.00000000
vt 0.00000000 0.00000000
vt 0.00000000 0.00000000
vt 0.00000000 0.00000000
vt 0.00000000 0.00000000
vt 0.00000000 0.00000000
vt 0.00000000 0.00000000
vt 0.00000000 0.00000000
vt 0.00000000 0.00000000
vt 0.00000000 0.00000000
vt 0.00000000 0.00000000
vt 0.00000000 0.00000000
vt 0.00000000 0.00000000
vt 0.00000000 0.00000000
vt 0.00000000 0.00000000
vt 0.00000000 0.00000000
vt 0.00000000 0.00000000
vt 0.00000000 0.00000000
vt 0.00000000 0.00000000
vt 0.00000000 0.00000000
vt 0.00000000 0.00000000
vt 0.00000000 0.00000000
vt 0.00000000 0.00000000
vt 0.00000000 0.00000000
vt 0.00000000 0.00000000
vt 0.00000000 0.00000000
vt 0.00000000 0.00000000
vt 0.00000000 0.00000000
vt 0.00000000 0.00000000
vt 0.00000000 0.00000000
vt 0.00000000 0.00000000
vt 0.00000000 0.00000000
vt 0.00000000 0.00000000
vt 0.00000000 0.00000000
vt 0.00000000 0.00000000
vt 0.00000000 0.00000000
vt 0.00000000 0.00000000
vt 0.00000000 0.00000000
vt 0.00000000 0.00000000
vt 0.00000000 0.00000000
vt 0.00000000 0.00000000
vt 0.00000000 0.00000000
vt 0.00000000 0.00000000
vt 0.00000000 0.00000000
vt 0.00000000 0.00000000
vt 0.00000000 0.00000000
vt 0.00000000 0.00000000
vt 0.00000000 0.00000000
vt 0.00000000 0.00000000
vt 0.00000000 0.00000000
vt 0.00000000 0.00000000
vt 0.00000000 0.00000000
vt 0.00000000 0.00000000
vt 0.00000000 0.00000000
vt 0.00000000 0.00000000
vt 0.00000000 0.00000000
vt 0.00000000 0.00000000
vt 0.00000000 0.00000000
vt 0.00000000 0.00000000
vt 0.00000000 0.00000000
vt 0.00000000 0.00000000
vt 0.00000000 0.00000000
vt 0.00000000 0.00000000
vt 0.00000000 0.00000000
vt 0.00000000 0.00000000
vt 0.00000000 0.00000000
vt 0.00000000 0.00000000
vt 0.00000000 0.00000000
vt 0.00000000 0.00000000
vt 0.00000000 0.00000000
vt 0.00000000 0.00000000
vt 0.00000000 0.00000000
vt 0.00000000 0.00000000
vt 0.00000000 0.00000000
vt 0.00000000 0.00000000
vt 0.00000000 0.00000000
vt 0.00000000 0.00000000
vt 0.00000000 0.00000000
vt 0.00000000 0.00000000
vt 0.00000000 0.00000000
vt 0.00000000 0.00000000
vt 0.00000000 0.00000000
vt 0.00000000 0.00000000
vt 0.00000000 0.00000000
vt 0.00000000 0.00000000
vt 0.00000000 0.00000000
vt 0.00000000 0.00000000
vt 0.00000000 0.00000000
vt 0.00000000 0.00000000
vt 0.00000000 0.00000000
vt 0.00000000 0.00000000
vt 0.00000000 0.00000000
vt 0.00000000 0.00000000
vt 0.00000000 0.00000000
vt 0.00000000 0.00000000
vt 0.00000000 0.00000000
vt 0.00000000 0.00000000
vt 0.00000000 0.00000000
vt 0.00000000 0.00000000
vt 0.00000000 0.00000000
vt 0.00000000 0.00000000
vt 0.00000000 0.00000000
vt 0.00000000 0.00000000
vt 0.00000000 0.00000000
vt 0.00000000 0.00000000
vt 0.00000000 0.00000000
vt 0.00000000 0.00000000
vt 0.00000000 0.00000000
vt 0.00000000 0.00000000
vt 0.00000000 0.00000000
vt 0.00000000 0.00000000
vt 0.00000000 0.00000000
vt 0.00000000 0.00000000
vt 0.00000000 0.00000000
vt 0.00000000 0.00000000
vt 0.00000000 0.00000000
vt 0.00000000 0.00000000
vt 0.00000000 0.00000000
vt 0.00000000 0.00000000
vt 0.00000000 0.00000000
vt 0.00000000 0.00000000
vt 0.00000000 0.00000000
vt 0.00000000 0.00000000
vt 0.00000000 0.00000000
vt 0.00000000 0.00000000
vt 0.00000000 0.00000000
vt 0.00000000 0.00000000
vt 0.00000000 0.00000000
vt 0.00000000 0.00000000
vt 0.00000000 0.00000000
vt 0.00000000 0.00000000
vt 0.00000000 0.00000000
vt 0.00000000 0.00000000
vt 0.00000000 0.00000000
vt 0.00000000 0.00000000
vt 0.00000000 0.00000000
vt 0.00000000 0.00000000
vt 0.00000000 0.00000000
vt 0.00000000 0.00000000
vt 0.00000000 0.00000000
vt 0.00000000 0.00000000
vt 0.00000000 0.00000000
vt 0.00000000 0.00000000
vt 0.00000000 0.00000000
vt 0.00000000 0.00000000
vt 0.00000000 0.00000000
vt 0.00000000 0.00000000
vt 0.00000000 0.00000000
vt 0.00000000 0.00000000
vt 0.00000000 0.00000000
vt 0.00000000 0.00000000
vt 0.00000000 0.00000000
vt 0.00000000 0.00000000
vt 0.00000000 0.00000000
vt 0.00000000 0.00000000
vt 0.00000000 0.00000000
vt 0.00000000 0.00000000
vt 0.00000000 0.00000000
vt 0.00000000 0.00000000
vt 0.00000000 0.00000000
vt 0.00000000 0.00000000
vt 0.00000000 0.00000000
vt 0.00000000 0.00000000
vt 0.00000000 0.00000000
vt 0.00000000 0.00000000
vt 0.00000000 0.00000000
vt 0.00000000 0.00000000
vt 0.00000000 0.00000000
vt 0.00000000 0.00000000
vt 0.00000000 0.00000000
vt 0.00000000 0.00000000
vt 0.00000000 0.00000000
vt 0.00000000 0.00000000
vt 0.00000000 0.00000000
vt 0.00000000 0.00000000
vt 0.00000000 0.00000000
vt 0.00000000 0.00000000
vt 0.00000000 0.00000000
vt 0.00000000 0.00000000
vt 0.00000000 0.00000000
vt 0.00000000 0.00000000
vt 0.00000000 0.00000000
vt 0.00000000 0.00000000
vt 0.00000000 0.00000000
vt 0.00000000 0.00000000
vt 0.00000000 0.00000000
vt 0.00000000 0.00000000
vt 0.00000000 0.00000000
vt 0.00000000 0.00000000
vt 0.00000000 0.00000000
vt 0.00000000 0.00000000
vt 0.00000000 0.00000000
vt 0.00000000 0.00000000
vt 0.00000000 0.00000000
vt 0.00000000 0.00000000
vt 0.00000000 0.00000000
vt 0.00000000 0.00000000
vt 0.00000000 0.00000000
vt 0.00000000 0.00000000
vt 0.00000000 0.00000000
vt 0.00000000 0.00000000
vt 0.00000000 0.00000000
vt 0.00000000 0.00000000
vt 0.00000000 0.00000000
vt 0.00000000 0.00000000
vt 0.00000000 0.00000000
vt 0.00000000 0.00000000
vt 0.00000000 0.00000000
vt 0.00000000 0.00000000
vt 0.00000000 0.00000000
vt 0.00000000 0.00000000
vt 0.00000000 0.00000000
vt 0.00000000 0.00000000
vt 0.00000000 0.00000000
vt 0.00000000 0.00000000
vt 0.00000000 0.00000000
vt 0.00000000 0.00000000
vt 0.00000000 0.00000000
vt 0.00000000 0.00000000
vt 0.00000000 0.00000000
vt 0.00000000 0.00000000
vt 0.00000000 0.00000000
vt 0.00000000 0.00000000
vt 0.00000000 0.00000000
vt 0.00000000 0.00000000
vt 0.00000000 0.00000000
vt 0.00000000 0.00000000
vt 0.00000000 0.00000000
vt 0.00000000 0.00000000
vt 0.00000000 0.00000000
vt 0.00000000 0.00000000
vt 0.00000000 0.00000000
vt 0.00000000 0.00000000
vt 0.00000000 0.00000000
vt 0.00000000 0.00000000
vt 0.00000000 0.00000000
vt 0.00000000 0.00000000
vt 0.00000000 0.00000000
vt 0.00000000 0.00000000
vt 0.00000000 0.00000000
vt 0.00000000 0.00000000
vt 0.00000000 0.00000000
vt 0.00000000 0.00000000
vt 0.00000000 0.00000000
vt 0.00000000 0.00000000
vt 0.00000000 0.00000000
vt 0.00000000 0.00000000
vt 0.00000000 0.00000000
vt 0.00000000 0.00000000
vt 0.00000000 0.00000000
vt 0.00000000 0.00000000
vt 0.00000000 0.00000000
vt 0.00000000 0.00000000
vt 0.00000000 0.00000000
vt 0.00000000 0.00000000
vt 0.00000000 0.00000000
vt 0.00000000 0.00000000
vt 0.00000000 0.00000000
vt 0.00000000 0.00000000
vt 0.00000000 0.00000000
vt 0.00000000 0.00000000
vt 0.00000000 0.00000000
vt 0.00000000 0.00000000
vt 0.00000000 0.00000000
vt 0.00000000 0.00000000
vt 0.00000000 0.00000000
vt 0.00000000 0.00000000
vt 0.00000000 0.00000000
vt 0.00000000 0.00000000
vt 0.00000000 0.00000000
vt 0.00000000 0.00000000
vt 0.00000000 0.00000000
vt 0.00000000 0.00000000
vt 0.00000000 0.00000000
vt 0.00000000 0.00000000
vt 0.00000000 0.00000000
vt 0.00000000 0.00000000
vt 0.00000000 0.00000000
vt 0.00000000 0.00000000
vt 0.00000000 0.00000000
vt 0.00000000 0.00000000
vt 0.00000000 0.00000000
vt 0.00000000 0.00000000
vt 0.00000000 0.00000000
vt 0.00000000 0.00000000
vt 0.00000000 0.00000000
vt 0.00000000 0.00000000
vt 0.00000000 0.00000000
vt 0.00000000 0.00000000
vt 0.00000000 0.00000000
vt 0.00000000 0.00000000
vt 0.00000000 0.00000000
vt 0.00000000 0.00000000
vt 0.00000000 0.00000000
vt 0.00000000 0.00000000
vt 0.00000000 0.00000000
vt 0.00000000 0.00000000
vt 0.00000000 0.00000000
vt 0.00000000 0.00000000
vt 0.00000000 0.00000000
vt 0.00000000 0.00000000
vt 0.00000000 0.00000000
vt 0.00000000 0.00000000
vt 0.00000000 0.00000000
vt 0.00000000 0.00000000
vt 0.00000000 0.00000000
vt 0.00000000 0.00000000
vt 0.00000000 0.00000000
vt 0.00000000 0.00000000
vt 0.00000000 0.00000000
vt 0.00000000 0.00000000
vt 0.00000000 0.00000000
vt 0.00000000 0.00000000
vt 0.00000000 0.00000000
vt 0.00000000 0.00000000
vt 0.00000000 0.00000000
vt 0.00000000 0.00000000
vt 0.00000000 0.00000000
vt 0.00000000 0.00000000
vt 0.00000000 0.00000000
vt 0.00000000 0.00000000
vt 0.00000000 0.00000000
vt 0.00000000 0.00000000
vt 0.00000000 0.00000000
vt 0.00000000 0.00000000
vt 0.00000000 0.00000000
vt 0.00000000 0.00000000
vt 0.00000000 0.00000000
vt 0.00000000 0.00000000
vt 0.00000000 0.00000000
vt 0.00000000 0.00000000
vt 0.00000000 0.00000000
vt 0.00000000 0.00000000
vt 0.00000000 0.00000000
vt 0.00000000 0.00000000
vt 0.00000000 0.00000000
vt 0.00000000 0.00000000
vt 0.00000000 0.00000000
vt 0.00000000 0.00000000
vt 0.00000000 0.00000000
vt 0.00000000 0.00000000
vt 0.00000000 0.00000000
vt 0.00000000 0.00000000
vt 0.00000000 0.00000000
vt 0.00000000 0.00000000
vt 0.00000000 0.00000000
vt 0.00000000 0.00000000
vt 0.00000000 0.00000000
vt 0.00000000 0.00000000
vt 0.00000000 0.00000000
vt 0.00000000 0.00000000
vt 0.00000000 0.00000000
vt 0.00000000 0.00000000
vt 0.00000000 0.00000000
vt 0.00000000 0.00000000
vt 0.00000000 0.00000000
vt 0.00000000 0.00000000
vt 0.00000000 0.00000000
vt 0.00000000 0.00000000
vt 0.00000000 0.00000000
vt 0.00000000 0.00000000
vt 0.00000000 0.00000000
vt 0.00000000 0.00000000
vt 0.00000000 0.00000000
vt 0.00000000 0.00000000
vt 0.00000000 0.00000000
vt 0.00000000 0.00000000
vt 0.00000000 0.00000000
vt 0.00000000 0.00000000
vt 0.00000000 0.00000000
vt 0.00000000 0.00000000
vt 0.00000000 0.00000000
vt 0.00000000 0.00000000
vt 0.00000000 0.00000000
vt 0.00000000 0.00000000
vt 0.00000000 0.00000000
vt 0.00000000 0.00000000
vt 0.00000000 0.00000000
vt 0.00000000 0.00000000
vt 0.00000000 0.00000000
vt 0.00000000 0.00000000
vt 0.00000000 0.00000000
vt 0.00000000 0.00000000
vt 0.00000000 0.00000000
vt 0.00000000 0.00000000
vt 0.00000000 0.00000000
vt 0.00000000 0.00000000
vt 0.00000000 0.00000000
vt 0.00000000 0.00000000
vt 0.00000000 0.00000000
vt 0.00000000 0.00000000
vt 0.00000000 0.00000000
vt 0.00000000 0.00000000
vt 0.00000000 0.00000000
vt 0.00000000 0.00000000
vt 0.00000000 0.00000000
vt 0.00000000 0.00000000
vt 0.00000000 0.00000000
vt 0.00000000 0.00000000
vt 0.00000000 0.00000000
vt 0.00000000 0.00000000
vt 0.00000000 0.00000000
vt 0.00000000 0.00000000
vt 0.00000000 0.00000000
vt 0.00000000 0.00000000
vt 0.00000000 0.00000000
vt 0.00000000 0.00000000
vt 0.00000000 0.00000000
vt 0.00000000 0.00000000
vt 0.00000000 0.00000000
vt 0.00000000 0.00000000
vt 0.00000000 0.00000000
vt 0.00000000 0.00000000
vt 0.00000000 0.00000000
vt 0.00000000 0.00000000
vt 0.00000000 0.00000000
vt 0.00000000 0.00000000
vt 0.00000000 0.00000000
vt 0.00000000 0.00000000
vt 0.00000000 0.00000000
vt 0.00000000 0.00000000
vt 0.00000000 0.00000000
vt 0.00000000 0.00000000
vt 0.00000000 0.00000000
vt 0.00000000 0.00000000
vt 0.00000000 0.00000000
vt 0.00000000 0.00000000
vt 0.00000000 0.00000000
vt 0.00000000 0.00000000
vt 0.00000000 0.00000000
vt 0.00000000 0.00000000
vt 0.00000000 0.00000000
vt 0.00000000 0.00000000
vt 0.00000000 0.00000000
vt 0.00000000 0.00000000
vt 0.00000000 0.00000000
vt 0.00000000 0.00000000
vt 0.00000000 0.00000000
vt 0.00000000 0.00000000
vt 0.00000000 0.00000000
vt 0.00000000 0.00000000
vt 0.00000000 0.00000000
vt 0.00000000 0.00000000
vt 0.00000000 0.00000000
vt 0.00000000 0.00000000
vt 0.00000000 0.00000000
vt 0.00000000 0.00000000
vt 0.00000000 0.00000000
vt 0.00000000 0.00000000
vt 0.00000000 0.00000000
vt 0.00000000 0.00000000
vt 0.00000000 0.00000000
vt 0.00000000 0.00000000
vt 0.00000000 0.00000000
vt 0.00000000 0.00000000
vt 0.00000000 0.00000000
vt 0.00000000 0.00000000
vt 0.00000000 0.00000000
vt 0.00000000 0.00000000
vt 0.00000000 0.00000000
vt 0.00000000 0.00000000
vt 0.00000000 0.00000000
vt 0.00000000 0.00000000
vt 0.00000000 0.00000000
vt 0.00000000 0.00000000
vt 0.00000000 0.00000000
vt 0.00000000 0.00000000
vt 0.00000000 0.00000000
vt 0.00000000 0.00000000
vt 0.00000000 0.00000000
vt 0.00000000 0.00000000
vt 0.00000000 0.00000000
vt 0.00000000 0.00000000
vt 0.00000000 0.00000000
vt 0.00000000 0.00000000
vt 0.00000000 0.00000000
vt 0.00000000 0.00000000
vt 0.00000000 0.00000000
vt 0.00000000 0.00000000
vt 0.00000000 0.00000000
vt 0.00000000 0.00000000
vt 0.00000000 0.00000000
vt 0.00000000 0.00000000
vt 0.00000000 0.00000000
vt 0.00000000 0.00000000
vt 0.00000000 0.00000000
vt 0.00000000 0.00000000
vt 0.00000000 0.00000000
vt 0.00000000 0.00000000
vt 0.00000000 0.00000000
vt 0.00000000 0.00000000
vt 0.00000000 0.00000000
vt 0.00000000 0.00000000
vt 0.00000000 0.00000000
vt 0.00000000 0.00000000
vt 0.00000000 0.00000000
vt 0.00000000 0.00000000
vt 0.00000000 0.00000000
vt 0.00000000 0.00000000
vt 0.00000000 0.00000000
vt 0.00000000 0.00000000
vt 0.00000000 0.00000000
vt 0.00000000 0.00000000
vt 0.00000000 0.00000000
vt 0.00000000 0.00000000
vt 0.00000000 0.00000000
vt 0.00000000 0.00000000
vt 0.00000000 0.00000000
vt 0.00000000 0.00000000
vt 0.00000000 0.00000000
vt 0.00000000 0.00000000
vt 0.00000000 0.00000000
vt 0.00000000 0.00000000
vt 0.00000000 0.00000000
vt 0.00000000 0.00000000
vt 0.00000000 0.00000000
vt 0.00000000 0.00000000
vt 0.00000000 0.00000000
vt 0.00000000 0.00000000
vt 0.00000000 0.00000000
vt 0.00000000 0.00000000
vt 0.00000000 0.00000000
vt 0.00000000 0.00000000
vt 0.00000000 0.00000000
vt 0.00000000 0.00000000
vt 0.00000000 0.00000000
vt 0.00000000 0.00000000
vt 0.00000000 0.00000000
vt 0.00000000 0.00000000
vt 0.00000000 0.00000000
vt 0.00000000 0.00000000
vt 0.00000000 0.00000000
vt 0.00000000 0.00000000
vt 0.00000000 0.00000000
vt 0.00000000 0.00000000
vt 0.00000000 0.00000000
vt 0.00000000 0.00000000
vt 0.00000000 0.00000000
vt 0.00000000 0.00000000
vt 0.00000000 0.00000000
vt 0.00000000 0.00000000
vt 0.00000000 0.00000000
vt 0.00000000 0.00000000
vt 0.00000000 0.00000000
vt 0.00000000 0.00000000
vt 0.00000000 0.00000000
vt 0.00000000 0.00000000
vt 0.00000000 0.00000000
vt 0.00000000 0.00000000
vt 0.00000000 0.00000000
vt 0.00000000 0.00000000
vt 0.00000000 0.00000000
vt 0.00000000 0.00000000
vt 0.00000000 0.00000000
vt 0.00000000 0.00000000
vt 0.00000000 0.00000000
vt 0.00000000 0.00000000
vt 0.00000000 0.00000000
vt 0.00000000 0.00000000
vt 0.00000000 0.00000000
vt 0.00000000 0.00000000
vt 0.00000000 0.00000000
vt 0.00000000 0.00000000
vt 0.00000000 0.00000000
vt 0.00000000 0.00000000
vt 0.00000000 0.00000000
vt 0.00000000 0.00000000
vt 0.00000000 0.00000000
vt 0.00000000 0.00000000
vt 0.00000000 0.00000000
vt 0.00000000 0.00000000
vt 0.00000000 0.00000000
vt 0.00000000 0.00000000
vt 0.00000000 0.00000000
vt 0.00000000 0.00000000
vt 0.00000000 0.00000000
vt 0.00000000 0.00000000
vt 0.00000000 0.00000000
vt 0.00000000 0.00000000
vt 0.00000000 0.00000000
vt 0.00000000 0.00000000
vt 0.00000000 0.00000000
vt 0.00000000 0.00000000
vt 0.00000000 0.00000000
vt 0.00000000 0.00000000
vt 0.00000000 0.00000000
vt 0.00000000 0.00000000
vt 0.00000000 0.00000000
vt 0.00000000 0.00000000
vt 0.00000000 0.00000000
vt 0.00000000 0.00000000
vt 0.00000000 0.00000000
vt 0.00000000 0.00000000
vt 0.00000000 0.00000000
vt 0.00000000 0.00000000
vt 0.00000000 0.00000000
vt 0.00000000 0.00000000
vt 0.00000000 0.00000000
vt 0.00000000 0.00000000
vt 0.00000000 0.00000000
vt 0.00000000 0.00000000
vt 0.00000000 0.00000000
vt 0.00000000 0.00000000
vt 0.00000000 0.00000000
vt 0.00000000 0.00000000
vt 0.00000000 0.00000000
vt 0.00000000 0.00000000
vt 0.00000000 0.00000000
vt 0.00000000 0.00000000
vt 0.00000000 0.00000000
vt 0.00000000 0.00000000
vt 0.00000000 0.00000000
vt 0.00000000 0.00000000
vt 0.00000000 0.00000000
vt 0.00000000 0.00000000
vt 0.00000000 0.00000000
vt 0.00000000 0.00000000
vt 0.00000000 0.00000000
vt 0.00000000 0.00000000
vt 0.00000000 0.00000000
vt 0.00000000 0.00000000
vt 0.00000000 0.00000000
vt 0.00000000 0.00000000
vt 0.00000000 0.00000000
vt 0.00000000 0.00000000
vt 0.00000000 0.00000000
vt 0.00000000 0.00000000
vt 0.00000000 0.00000000
vt 0.00000000 0.00000000
vt 0.00000000 0.00000000
vt 0.00000000 0.00000000
vt 0.00000000 0.00000000
vt 0.00000000 0.00000000
vt 0.00000000 0.00000000
vt 0.00000000 0.00000000
vt 0.00000000 0.00000000
vt 0.00000000 0.00000000
vt 0.00000000 0.00000000
vt 0.00000000 0.00000000
vt 0.00000000 0.00000000
vt 0.00000000 0.00000000
vt 0.00000000 0.00000000
vt 0.00000000 0.00000000
vt 0.00000000 0.00000000
vt 0.00000000 0.00000000
vt 0.00000000 0.00000000
vt 0.00000000 0.00000000
vt 0.00000000 0.00000000
vt 0.00000000 0.00000000
vt 0.00000000 0.00000000
vt 0.00000000 0.00000000
vt 0.00000000 0.00000000
vt 0.00000000 0.00000000
vt 0.00000000 0.00000000
vt 0.00000000 0.00000000
vt 0.00000000 0.00000000
vt 0.00000000 0.00000000
vt 0.00000000 0.00000000
vt 0.00000000 0.00000000
vt 0.00000000 0.00000000
vt 0.00000000 0.00000000
vt 0.00000000 0.00000000
vt 0.00000000 0.00000000
vt 0.00000000 0.00000000
vt 0.00000000 0.00000000
vt 0.00000000 0.00000000
vt 0.00000000 0.00000000
vt 0.00000000 0.00000000
vt 0.00000000 0.00000000
vt 0.00000000 0.00000000
vt 0.00000000 0.00000000
vt 0.00000000 0.00000000
vt 0.00000000 0.00000000
vt 0.00000000 0.00000000
vt 0.00000000 0.00000000
vt 0.00000000 0.00000000
vt 0.00000000 0.00000000
vt 0.00000000 0.00000000
vt 0.00000000 0.00000000
vt 0.00000000 0.00000000
vt 0.00000000 0.00000000
vt 0.00000000 0.00000000
vt 0.00000000 0.00000000
vt 0.00000000 0.00000000
vt 0.00000000 0.00000000
vt 0.00000000 0.00000000
vt 0.00000000 0.00000000
vt 0.00000000 0.00000000
vt 0.00000000 0.00000000
vt 0.00000000 0.00000000
vt 0.00000000 0.00000000
vt 0.00000000 0.00000000
vt 0.00000000 0.00000000
vt 0.00000000 0.00000000
vt 0.00000000 0.00000000
vt 0.00000000 0.00000000
vt 0.00000000 0.00000000
vt 0.00000000 0.00000000
vt 0.00000000 0.00000000
vt 0.00000000 0.00000000
vt 0.00000000 0.00000000
vt 0.00000000 0.00000000
vt 0.00000000 0.00000000
vt 0.00000000 0.00000000
vt 0.00000000 0.00000000
vt 0.00000000 0.00000000
vt 0.00000000 0.00000000
vt 0.00000000 0.00000000
vt 0.00000000 0.00000000
vt 0.00000000 0.00000000
vt 0.00000000 0.00000000
vt 0.00000000 0.00000000
vt 0.00000000 0.00000000
vt 0.00000000 0.00000000
vt 0.00000000 0.00000000
vt 0.00000000 0.00000000
vt 0.00000000 0.00000000
vt 0.00000000 0.00000000
vt 0.00000000 0.00000000
vt 0.00000000 0.00000000
vt 0.00000000 0.00000000
vt 0.00000000 0.00000000
vt 0.00000000 0.00000000
vt 0.00000000 0.00000000
vt 0.00000000 0.00000000
vt 0.00000000 0.00000000
vt 0.00000000 0.00000000
vt 0.00000000 0.00000000
vt 0.00000000 0.00000000
vt 0.00000000 0.00000000
vt 0.00000000 0.00000000
vt 0.00000000 0.00000000
vt 0.00000000 0.00000000
vt 0.00000000 0.00000000
vt 0.00000000 0.00000000
vt 0.00000000 0.00000000
vt 0.00000000 0.00000000
vt 0.00000000 0.00000000
vt 0.00000000 0.00000000
vt 0.00000000 0.00000000
vt 0.00000000 0.00000000
vt 0.00000000 0.00000000
vt 0.00000000 0.00000000
vt 0.00000000 0.00000000
vt 0.00000000 0.00000000
vt 0.00000000 0.00000000
vt 0.00000000 0.00000000
vt 0.00000000 0.00000000
vt 0.00000000 0.00000000
vt 0.00000000 0.00000000
vt 0.00000000 0.00000000
vt 0.00000000 0.00000000
vt 0.00000000 0.00000000
vt 0.00000000 0.00000000
vt 0.00000000 0.00000000
vt 0.00000000 0.00000000
vt 0.00000000 0.00000000
vt 0.00000000 0.00000000
vt 0.00000000 0.00000000
vt 0.00000000 0.00000000
vt 0.00000000 0.00000000
vt 0.00000000 0.00000000
vt 0.00000000 0.00000000
vt 0.00000000 0.00000000
vt 0.00000000 0.00000000
vt 0.00000000 0.00000000
vt 0.00000000 0.00000000
vt 0.00000000 0.00000000
vt 0.00000000 0.00000000
vt 0.00000000 0.00000000
vt 0.00000000 0.00000000
vt 0.00000000 0.00000000
vt 0.00000000 0.00000000
vt 0.00000000 0.00000000
vt 0.00000000 0.00000000
vt 0.00000000 0.00000000
vt 0.00000000 0.00000000
vt 0.00000000 0.00000000
vt 0.00000000 0.00000000
vt 0.00000000 0.00000000
vt 0.00000000 0.00000000
vt 0.00000000 0.00000000
vt 0.00000000 0.00000000
vt 0.00000000 0.00000000
vt 0.00000000 0.00000000
vt 0.00000000 0.00000000
vt 0.00000000 0.00000000
vt 0.00000000 0.00000000
vt 0.00000000 0.00000000
vt 0.00000000 0.00000000
vt 0.00000000 0.00000000
vt 0.00000000 0.00000000
vt 0.00000000 0.00000000
vt 0.00000000 0.00000000
vt 0.00000000 0.00000000
vt 0.00000000 0.00000000
vt 0.00000000 0.00000000
vt 0.00000000 0.00000000
vt 0.00000000 0.00000000
vt 0.00000000 0.00000000
vt 0.00000000 0.00000000
vt 0.00000000 0.00000000
vt 0.00000000 0.00000000
vt 0.00000000 0.00000000
vt 0.00000000 0.00000000
vt 0.00000000 0.00000000
vt 0.00000000 0.00000000
vt 0.00000000 0.00000000
vt 0.00000000 0.00000000
vt 0.00000000 0.00000000
vt 0.00000000 0.00000000
vt 0.00000000 0.00000000
vt 0.00000000 0.00000000
vt 0.00000000 0.00000000
vt 0.00000000 0.00000000
vt 0.00000000 0.00000000
vt 0.00000000 0.00000000
vt 0.00000000 0.00000000
vt 0.00000000 0.00000000
vt 0.00000000 0.00000000
vt 0.00000000 0.00000000
vt 0.00000000 0.00000000
vt 0.00000000 0.00000000
vt 0.00000000 0.00000000
vt 0.00000000 0.00000000
vt 0.00000000 0.00000000
vt 0.00000000 0.00000000
vt 0.00000000 0.00000000
vt 0.00000000 0.00000000
vt 0.00000000 0.00000000
vt 0.00000000 0.00000000
vt 0.00000000 0.00000000
vt 0.00000000 0.00000000
vt 0.00000000 0.00000000
vt 0.00000000 0.00000000
vt 0.00000000 0.00000000
vt 0.00000000 0.00000000
vt 0.00000000 0.00000000
vt 0.00000000 0.00000000
vt 0.00000000 0.00000000
vt 0.00000000 0.00000000
vt 0.00000000 0.00000000
vt 0.00000000 0.00000000
vt 0.00000000 0.00000000
vt 0.00000000 0.00000000
vt 0.00000000 0.00000000
vt 0.00000000 0.00000000
vt 0.00000000 0.00000000
vt 0.00000000 0.00000000
vt 0.00000000 0.00000000
vt 0.00000000 0.00000000
vt 0.00000000 0.00000000
vt 0.00000000 0.00000000
vt 0.00000000 0.00000000
vt 0.00000000 0.00000000
vt 0.00000000 0.00000000
vt 0.00000000 0.00000000
vt 0.00000000 0.00000000
vt 0.00000000 0.00000000
vt 0.00000000 0.00000000
vt 0.00000000 0.00000000
vt 0.00000000 0.00000000
vt 0.00000000 0.00000000
vt 0.00000000 0.00000000
vt 0.00000000 0.00000000
vt 0.00000000 0.00000000
vt 0.00000000 0.00000000
vt 0.00000000 0.00000000
vt 0.00000000 0.00000000
vt 0.00000000 0.00000000
vt 0.00000000 0.00000000
vt 0.00000000 0.00000000
vt 0.00000000 0.00000000
vt 0.00000000 0.00000000
vt 0.00000000 0.00000000
vt 0.00000000 0.00000000
vt 0.00000000 0.00000000
vt 0.00000000 0.00000000
vt 0.00000000 0.00000000
vt 0.00000000 0.00000000
vt 0.00000000 0.00000000
vt 0.00000000 0.00000000
vt 0.00000000 0.00000000
vt 0.00000000 0.00000000
vt 0.00000000 0.00000000
vt 0.00000000 0.00000000
vt 0.00000000 0.00000000
vt 0.00000000 0.00000000
vt 0.00000000 0.00000000
vt 0.00000000 0.00000000
vt 0.00000000 0.00000000
vt 0.00000000 0.00000000
vt 0.00000000 0.00000000
vt 0.00000000 0.00000000
vt 0.00000000 0.00000000
vt 0.00000000 0.00000000
vt 0.00000000 0.00000000
vt 0.00000000 0.00000000
vt 0.00000000 0.00000000
vt 0.00000000 0.00000000
vt 0.00000000 0.00000000
vt 0.00000000 0.00000000
vt 0.00000000 0.00000000
vt 0.00000000 0.00000000
vt 0.00000000 0.00000000
vt 0.00000000 0.00000000
vt 0.00000000 0.00000000
vt 0.00000000 0.00000000
vt 0.00000000 0.00000000
vt 0.00000000 0.00000000
vt 0.00000000 0.00000000
vt 0.00000000 0.00000000
vt 0.00000000 0.00000000
vt 0.00000000 0.00000000
vt 0.00000000 0.00000000
vt 0.00000000 0.00000000
vt 0.00000000 0.00000000
vt 0.00000000 0.00000000
vt 0.00000000 0.00000000
vt 0.00000000 0.00000000
vt 0.00000000 0.00000000
vt 0.00000000 0.00000000
vt 0.00000000 0.00000000
vt 0.00000000 0.00000000
vt 0.00000000 0.00000000
vt 0.00000000 0.00000000
vt 0.00000000 0.00000000
vt 0.00000000 0.00000000
vt 0.00000000 0.00000000
vt 0.00000000 0.00000000
vt 0.00000000 0.00000000
vt 0.00000000 0.00000000
vt 0.00000000 0.00000000
vt 0.00000000 0.00000000
vt 0.00000000 0.00000000
vt 0.00000000 0.00000000
vt 0.00000000 0.00000000
vt 0.00000000 0.00000000
vt 0.00000000 0.00000000
vt 0.00000000 0.00000000
vt 0.00000000 0.00000000
vt 0.00000000 0.00000000
vt 0.00000000 0.00000000
vt 0.00000000 0.00000000
vt 0.00000000 0.00000000
vt 0.00000000 0.00000000
vt 0.00000000 0.00000000
vt 0.00000000 0.00000000
vt 0.00000000 0.00000000
vt 0.00000000 0.00000000
vt 0.00000000 0.00000000
vt 0.00000000 0.00000000
vt 0.00000000 0.00000000
vt 0.00000000 0.00000000
vt 0.00000000 0.00000000
vt 0.00000000 0.00000000
vt 0.00000000 0.00000000
vt 0.00000000 0.00000000
vt 0.00000000 0.00000000
vt 0.00000000 0.00000000
vt 0.00000000 0.00000000
vt 0.00000000 0.00000000
vt 0.00000000 0.00000000
vt 0.00000000 0.00000000
vt 0.00000000 0.00000000
vt 0.00000000 0.00000000
vt 0.00000000 0.00000000
vt 0.00000000 0.00000000
vt 0.00000000 0.00000000
vt 0.00000000 0.00000000
vt 0.00000000 0.00000000
vt 0.00000000 0.00000000
vt 0.00000000 0.00000000
vt 0.00000000 0.00000000
vt 0.00000000 0.00000000
vt 0.00000000 0.00000000
vt 0.00000000 0.00000000
vt 0.00000000 0.00000000
vt 0.00000000 0.00000000
vt 0.00000000 0.00000000
vt 0.00000000 0.00000000
vt 0.00000000 0.00000000
vt 0.00000000 0.00000000
vt 0.00000000 0.00000000
vt 0.00000000 0.00000000
vt 0.00000000 0.00000000
vt 0.00000000 0.00000000
vt 0.00000000 0.00000000
vt 0.00000000 0.00000000
vt 0.00000000 0.00000000
vt 0.00000000 0.00000000
vt 0.00000000 0.00000000
vt 0.00000000 0.00000000
vt 0.00000000 0.00000000
vt 0.00000000 0.00000000
vt 0.00000000 0.00000000
vt 0.00000000 0.00000000
vt 0.00000000 0.00000000
vt 0.00000000 0.00000000
vt 0.00000000 0.00000000
vt 0.00000000 0.00000000
vt 0.00000000 0.00000000
vt 0.00000000 0.00000000
vt 0.00000000 0.00000000
vt 0.00000000 0.00000000
vt 0.00000000 0.00000000
vt 0.00000000 0.00000000
vt 0.00000000 0.00000000
vt 0.00000000 0.00000000
vt 0.00000000 0.00000000
vt 0.00000000 0.00000000
vt 0.00000000 0.00000000
vt 0.00000000 0.00000000
vt 0.00000000 0.00000000
vt 0.00000000 0.00000000
vt 0.00000000 0.00000000
vt 0.00000000 0.00000000
vt 0.00000000 0.00000000
vt 0.00000000 0.00000000
vt 0.00000000 0.00000000
vt 0.00000000 0.00000000
vt 0.00000000 0.00000000
vt 0.00000000 0.00000000
vt 0.00000000 0.00000000
vt 0.00000000 0.00000000
vt 0.00000000 0.00000000
vt 0.00000000 0.00000000
vt 0.00000000 0.00000000
vt 0.00000000 0.00000000
vt 0.00000000 0.00000000
vt 0.00000000 0.00000000
vt 0.00000000 0.00000000
vt 0.00000000 0.00000000
vt 0.00000000 0.00000000
vt 0.00000000 0.00000000
vt 0.00000000 0.00000000
vt 0.00000000 0.00000000
vt 0.00000000 0.00000000
vt 0.00000000 0.00000000
vt 0.00000000 0.00000000
vt 0.00000000 0.00000000
vt 0.00000000 0.00000000
vt 0.00000000 0.00000000
vt 0.00000000 0.00000000
vt 0.00000000 0.00000000
vt 0.00000000 0.00000000
vt 0.00000000 0.00000000
vt 0.00000000 0.00000000
vt 0.00000000 0.00000000
vt 0.00000000 0.00000000
vt 0.00000000 0.00000000
vt 0.00000000 0.00000000
vt 0.00000000 0.00000000
vt 0.00000000 0.00000000
vt 0.00000000 0.00000000
vt 0.00000000 0.00000000
vt 0.00000000 0.00000000
vt 0.00000000 0.00000000
vt 0.00000000 0.00000000
vt 0.00000000 0.00000000
vt 0.00000000 0.00000000
vt 0.00000000 0.00000000
vt 0.00000000 0.00000000
vt 0.00000000 0.00000000
vt 0.00000000 0.00000000
vt 0.00000000 0.00000000
vt 0.00000000 0.00000000
vt 0.00000000 0.00000000
vt 0.00000000 0.00000000
vt 0.00000000 0.00000000
vt 0.00000000 0.00000000
vt 0.00000000 0.00000000
vt 0.00000000 0.00000000
vt 0.00000000 0.00000000
vt 0.00000000 0.00000000
vt 0.00000000 0.00000000
vt 0.00000000 0.00000000
vt 0.00000000 0.00000000
vt 0.00000000 0.00000000
vt 0.00000000 0.00000000
vt 0.00000000 0.00000000
vt 0.00000000 0.00000000
vt 0.00000000 0.00000000
vt 0.00000000 0.00000000
vt 0.00000000 0.00000000
vt 0.00000000 0.00000000
vt 0.00000000 0.00000000
vt 0.00000000 0.00000000
vt 0.00000000 0.00000000
vt 0.00000000 0.00000000
vt 0.00000000 0.00000000
vt 0.00000000 0.00000000
vt 0.00000000 0.00000000
vt 0.00000000 0.00000000
vt 0.00000000 0.00000000
vt 0.00000000 0.00000000
vt 0.00000000 0.00000000
vt 0.00000000 0.00000000
vt 0.00000000 0.00000000
vt 0.00000000 0.00000000
vt 0.00000000 0.00000000
vt 0.00000000 0.00000000
vt 0.00000000 0.00000000
vt 0.00000000 0.00000000
vt 0.00000000 0.00000000
vt 0.00000000 0.00000000
vt 0.00000000 0.00000000
vt 0.00000000 0.00000000
vt 0.00000000 0.00000000
vt 0.00000000 0.00000000
vt 0.00000000 0.00000000
vt 0.00000000 0.00000000
vt 0.00000000 0.00000000
vt 0.00000000 0.00000000
vt 0.00000000 0.00000000
vt 0.00000000 0.00000000
vt 0.00000000 0.00000000
vt 0.00000000 0.00000000
vt 0.00000000 0.00000000
vt 0.00000000 0.00000000
vt 0.00000000 0.00000000
vt 0.00000000 0.00000000
vt 0.00000000 0.00000000
vt 0.00000000 0.00000000
vt 0.00000000 0.00000000
vt 0.00000000 0.00000000
vt 0.00000000 0.00000000
vt 0.00000000 0.00000000
vt 0.00000000 0.00000000
vt 0.00000000 0.00000000
vt 0.00000000 0.00000000
vt 0.00000000 0.00000000
vt 0.00000000 0.00000000
vt 0.00000000 0.00000000
vt 0.00000000 0.00000000
vt 0.00000000 0.00000000
vt 0.00000000 0.00000000
vt 0.00000000 0.00000000
vt 0.00000000 0.00000000
vt 0.00000000 0.00000000
vt 0.00000000 0.00000000
vt 0.00000000 0.00000000
vt 0.00000000 0.00000000
vt 0.00000000 0.00000000
vt 0.00000000 0.00000000
vt 0.00000000 0.00000000
vt 0.00000000 0.00000000
vt 0.00000000 0.00000000
vt 0.00000000 0.00000000
vt 0.00000000 0.00000000
vt 0.00000000 0.00000000
vt 0.00000000 0.00000000
vt 0.00000000 0.00000000
vt 0.00000000 0.00000000
vt 0.00000000 0.00000000
vt 0.00000000 0.00000000
vt 0.00000000 0.00000000
vt 0.00000000 0.00000000
vt 0.00000000 0.00000000
vt 0.00000000 0.00000000
vt 0.00000000 0.00000000
vt 0.00000000 0.00000000
vt 0.00000000 0.00000000
vt 0.00000000 0.00000000
vt 0.00000000 0.00000000
vt 0.00000000 0.00000000
vt 0.00000000 0.00000000
vt 0.00000000 0.00000000
vt 0.00000000 0.00000000
vt 0.00000000 0.00000000
vt 0.00000000 0.00000000
vt 0.00000000 0.00000000
vt 0.00000000 0.00000000
vt 0.00000000 0.00000000
vt 0.00000000 0.00000000
vt 0.00000000 0.00000000
vt 0.00000000 0.00000000
vt 0.00000000 0.00000000
vt 0.00000000 0.00000000
vt 0.00000000 0.00000000
vt 0.00000000 0.00000000
vt 0.00000000 0.00000000
vt 0.00000000 0.00000000
vt 0.00000000 0.00000000
vt 0.00000000 0.00000000
vt 0.00000000 0.00000000
vt 0.00000000 0.00000000
vt 0.00000000 0.00000000
vt 0.00000000 0.00000000
vt 0.00000000 0.00000000
vt 0.00000000 0.00000000
vt 0.00000000 0.00000000
vt 0.00000000 0.00000000
vt 0.00000000 0.00000000
vt 0.00000000 0.00000000
vt 0.00000000 0.00000000
vt 0.00000000 0.00000000
vt 0.00000000 0.00000000
vt 0.00000000 0.00000000
vt 0.00000000 0.00000000
vt 0.00000000 0.00000000
vt 0.00000000 0.00000000
vt 0.00000000 0.00000000
vt 0.00000000 0.00000000
vt 0.00000000 0.00000000
vt 0.00000000 0.00000000
vt 0.00000000 0.00000000
vt 0.00000000 0.00000000
vt 0.00000000 0.00000000
vt 0.00000000 0.00000000
vt 0.00000000 0.00000000
vt 0.00000000 0.00000000
vt 0.00000000 0.00000000
vt 0.00000000 0.00000000
vt 0.00000000 0.00000000
vt 0.00000000 0.00000000
vt 0.00000000 0.00000000
vt 0.00000000 0.00000000
vt 0.00000000 0.00000000
vt 0.00000000 0.00000000
vt 0.00000000 0.00000000
vt 0.00000000 0.00000000
vt 0.00000000 0.00000000
vt 0.00000000 0.00000000
vt 0.00000000 0.00000000
vt 0.00000000 0.00000000
vt 0.00000000 0.00000000
vt 0.00000000 0.00000000
vt 0.00000000 0.00000000
vt 0.00000000 0.00000000
vt 0.00000000 0.00000000
vt 0.00000000 0.00000000
vt 0.00000000 0.00000000
vt 0.00000000 0.00000000
vt 0.00000000 0.00000000
vt 0.00000000 0.00000000
vt 0.00000000 0.00000000
vt 0.00000000 0.00000000
vt 0.00000000 0.00000000
vt 0.00000000 0.00000000
vt 0.00000000 0.00000000
vt 0.00000000 0.00000000
vt 0.00000000 0.00000000
vt 0.00000000 0.00000000
vt 0.00000000 0.00000000
vt 0.00000000 0.00000000
vt 0.00000000 0.00000000
vt 0.00000000 0.00000000
vt 0.00000000 0.00000000
vt 0.00000000 0.00000000
vt 0.00000000 0.00000000
vt 0.00000000 0.00000000
vt 0.00000000 0.00000000
vt 0.00000000 0.00000000
vt 0.00000000 0.00000000
vt 0.00000000 0.00000000
vt 0.00000000 0.00000000
vt 0.00000000 0.00000000
vt 0.00000000 0.00000000
vt 0.00000000 0.00000000
vt 0.00000000 0.00000000
vt 0.00000000 0.00000000
vt 0.00000000 0.00000000
vt 0.00000000 0.00000000
vt 0.00000000 0.00000000
vt 0.00000000 0.00000000
vt 0.00000000 0.00000000
vt 0.00000000 0.00000000
vt 0.00000000 0.00000000
vt 0.00000000 0.00000000
vt 0.00000000 0.00000000
vt 0.00000000 0.00000000
vt 0.00000000 0.00000000
vt 0.00000000 0.00000000
vt 0.00000000 0.00000000
vt 0.00000000 0.00000000
vt 0.00000000 0.00000000
vt 0.00000000 0.00000000
vt 0.00000000 0.00000000
vt 0.00000000 0.00000000
vt 0.00000000 0.00000000
vt 0.00000000 0.00000000
vt 0.00000000 0.00000000
vt 0.00000000 0.00000000
vt 0.00000000 0.00000000
vt 0.00000000 0.00000000
vt 0.00000000 0.00000000
vt 0.00000000 0.00000000
vt 0.00000000 0.00000000
vt 0.00000000 0.00000000
vt 0.00000000 0.00000000
vt 0.00000000 0.00000000
vt 0.00000000 0.00000000
vt 0.00000000 0.00000000
vt 0.00000000 0.00000000
vt 0.00000000 0.00000000
vt 0.00000000 0.00000000
vt 0.00000000 0.00000000
vt 0.00000000 0.00000000
vt 0.00000000 0.00000000
vt 0.00000000 0.00000000
vt 0.00000000 0.00000000
vt 0.00000000 0.00000000
vt 0.00000000 0.00000000
vt 0.00000000 0.00000000
vt 0.00000000 0.00000000
vt 0.00000000 0.00000000
vt 0.00000000 0.00000000
vt 0.00000000 0.00000000
vt 0.00000000 0.00000000
vt 0.00000000 0.00000000
vt 0.00000000 0.00000000
vt 0.00000000 0.00000000
vt 0.00000000 0.00000000
vt 0.00000000 0.00000000
vt 0.00000000 0.00000000
vt 0.00000000 0.00000000
vt 0.00000000 0.00000000
vt 0.00000000 0.00000000
vt 0.00000000 0.00000000
vt 0.00000000 0.00000000
vt 0.00000000 0.00000000
vt 0.00000000 0.00000000
vt 0.00000000 0.00000000
vt 0.00000000 0.00000000
vt 0.00000000 0.00000000
vt 0.00000000 0.00000000
vt 0.00000000 0.00000000
vt 0.00000000 0.00000000
vt 0.00000000 0.00000000
vt 0.00000000 0.00000000
vt 0.00000000 0.00000000
vt 0.00000000 0.00000000
vt 0.00000000 0.00000000
vt 0.00000000 0.00000000
vt 0.00000000 0.00000000
vt 0.00000000 0.00000000
vt 0.00000000 0.00000000
vt 0.00000000 0.00000000
vt 0.00000000 0.00000000
vt 0.00000000 0.00000000
vt 0.00000000 0.00000000
vt 0.00000000 0.00000000
vt 0.00000000 0.00000000
vt 0.00000000 0.00000000
vt 0.00000000 0.00000000
vt 0.00000000 0.00000000
vt 0.00000000 0.00000000
vt 0.00000000 0.00000000
vt 0.00000000 0.00000000
vt 0.00000000 0.00000000
vt 0.00000000 0.00000000
vt 0.00000000 0.00000000
vt 0.00000000 0.00000000
vt 0.00000000 0.00000000
vt 0.00000000 0.00000000
vt 0.00000000 0.00000000
vt 0.00000000 0.00000000
vt 0.00000000 0.00000000
vt 0.00000000 0.00000000
vt 0.00000000 0.00000000
vt 0.00000000 0.00000000
vt 0.00000000 0.00000000
vt 0.00000000 0.00000000
vt 0.00000000 0.00000000
vt 0.00000000 0.00000000
vt 0.00000000 0.00000000
vt 0.00000000 0.00000000
vt 0.00000000 0.00000000
vt 0.00000000 0.00000000
vt 0.00000000 0.00000000
vt 0.00000000 0.00000000
vt 0.00000000 0.00000000
vt 0.00000000 0.00000000
vt 0.00000000 0.00000000
vt 0.00000000 0.00000000
vt 0.00000000 0.00000000
vt 0.00000000 0.00000000
vt 0.00000000 0.00000000
vt 0.00000000 0.00000000
vt 0.00000000 0.00000000
vt 0.00000000 0.00000000
vn 0.06360197 0.14289059 -0.98769280
vn 0.12278020 0.27580501 -0.95333972
vn 0.05237007 0.14789327 -0.98761579
vn 0.10104779 0.28538118 -0.95307236
vn 0.02856546 0.15427169 -0.98761544
vn 0.05514746 0.29767998 -0.95307155
vn 0.01632773 0.15555589 -0.98769214
vn 0.03155624 0.30024196 -0.95334095
vn -0.00817907 0.15622658 -0.98768738
vn -0.01577854 0.30150108 -0.95333527
vn -0.03250288 0.15299238 -0.98769271
vn -0.06274639 0.29529838 -0.95334241
vn -0.05603312 0.14603378 -0.98769146
vn -0.10819180 0.28184780 -0.95333958
vn -0.07819002 0.13547408 -0.98769079
vn -0.15094498 0.26145269 -0.95334050
vn -0.09842437 0.12155759 -0.98769246
vn -0.18998527 0.23460477 -0.95334474
vn -0.11624709 0.10468008 -0.98768856
vn -0.22434969 0.20200899 -0.95334128
vn -0.13117159 0.08517883 -0.98769357
vn -0.25319130 0.16440921 -0.95334347
vn -0.14289090 0.06360166 -0.98769278
vn -0.27580531 0.12277990 -0.95333967
vn -0.15109998 0.04046802 -0.98768980
vn -0.29161448 0.07812975 -0.95333978
vn -0.15555620 0.01632742 -0.98769210
vn -0.30025097 0.03155684 -0.95333809
vn -0.15619709 -0.00817944 -0.98769204
vn -0.30150138 -0.01577884 -0.95333517
vn -0.15299269 -0.03250319 -0.98769265
vn -0.29530730 -0.06274848 -0.95333951
vn -0.14603409 -0.05603343 -0.98769140
vn -0.28184810 -0.10819210 -0.95333946
vn -0.13547410 -0.07822061 -0.98768836
vn -0.26145299 -0.15094528 -0.95334037
vn -0.12155790 -0.09842468 -0.98769239
vn -0.23463388 -0.18998419 -0.95333779
vn -0.10465018 -0.11624779 -0.98769165
vn -0.20200929 -0.22434998 -0.95334114
vn -0.08517914 -0.13117190 -0.98769350
vn -0.16440951 -0.25319160 -0.95334334
vn -0.06360197 -0.14289121 -0.98769271
vn -0.12278020 -0.27580561 -0.95333954
vn -0.04046833 -0.15110029 -0.98768974
vn -0.07812780 -0.29160628 -0.95334245
vn -0.01632773 -0.15555651 -0.98769205
vn -0.03155624 -0.30024256 -0.95334076
vn 0.00817907 -0.15622720 -0.98768728
vn 0.01577854 -0.30150168 -0.95333508
vn 0.03250288 -0.15299300 -0.98769262
vn 0.06274639 -0.29529898 -0.95334223
vn 0.05603312 -0.14603440 -0.98769137
vn 0.10819180 -0.28184839 -0.95333940
vn 0.07819002 -0.13547470 -0.98769070
vn 0.15094498 -0.26145329 -0.95334033
vn 0.09842437 -0.12155821 -0.98769238
vn 0.18998527 -0.23460537 -0.95334460
vn 0.11624709 -0.10468070 -0.98768850
vn 0.22434969 -0.20200958 -0.95334115
vn 0.13117159 -0.08517945 -0.98769351
vn 0.25319130 -0.16440981 -0.95334337
vn 0.14289090 -0.06360228 -0.98769274
vn 0.27580531 -0.12278050 -0.95333959
vn 0.15109998 -0.04046864 -0.98768977
vn 0.29161448 -0.07813035 -0.95333973
vn 0.15555620 -0.01632804 -0.98769209
vn 0.30025097 -0.03155743 -0.95333807
vn 0.15619709 0.00817882 -0.98769205
vn 0.30150138 0.01577824 -0.95333518
vn 0.15299269 0.03250257 -0.98769268
vn 0.29530730 0.06274788 -0.95333955
vn 0.14603409 0.05603281 -0.98769143
vn 0.28184810 0.10819150 -0.95333953
vn 0.13547410 0.07821999 -0.98768841
vn 0.26145299 0.15094468 -0.95334046
vn 0.12155790 0.09842406 -0.98769245
vn 0.23463388 0.18998359 -0.95333791
vn 0.10465018 0.11624717 -0.98769172
vn 0.20200929 0.22434939 -0.95334128
vn 0.08517914 0.13117128 -0.98769358
vn 0.16440951 0.25319100 -0.95334350
vn 0.08630847 0.98439882 -0.15332911
vn 0.10648130 0.94356093 -0.31361521
vn 0.17984811 0.97105188 -0.15720341
vn 0.17322447 0.93466738 -0.31046765
vn 0.32972887 0.93089508 -0.15720439
vn 0.31730399 0.89606240 -0.31046797
vn 0.37954456 0.87039485 -0.31362195
vn 0.26942189 0.76086968 -0.59032972
vn 0.32793068 0.73658500 -0.59152685
vn 0.19486388 0.55031858 -0.81189748
vn 0.23694929 0.53225072 -0.81275101
vn -0.03726369 0.94688289 -0.31941228
vn -0.08331769 0.98644508 -0.14136570
vn -0.18131670 0.92742865 -0.32710908
vn -0.24735676 0.96083073 -0.12497578
vn -0.32161130 0.88545345 -0.33546739
vn -0.40236908 0.90920641 -0.10697118
vn -0.45415718 0.82191422 -0.34379974
vn -0.54519496 0.83360140 -0.08871956
vn -0.57532309 0.73841904 -0.35176791
vn -0.67285265 0.73636275 -0.07098744
vn -0.68198897 0.63703367 -0.35927588
vn -0.78254241 0.62024141 -0.05411065
vn -0.77142966 0.52037993 -0.36619805
vn -0.87180022 0.48836195 -0.03830126
vn -0.84144607 0.39134817 -0.37257900
vn -0.93858800 0.34422620 -0.02368300
vn -0.89037585 0.25318967 -0.37831976
vn -0.98143079 0.19153738 -0.01034599
vn -0.91704535 0.10932017 -0.38350610
vn -0.99941418 0.03418153 0.00170903
vn -0.92088332 -0.03665351 -0.38811136
vn -0.99222722 -0.12381478 0.01245168
vn -0.90187186 -0.18125341 -0.39214072
vn -0.96017518 -0.27854289 0.02185133
vn -0.86052287 -0.32091079 -0.39562186
vn -0.90416269 -0.42613999 0.02990896
vn -0.79793994 -0.45218127 -0.39852723
vn -0.82564788 -0.56299581 0.03662370
vn -0.71565470 -0.57193795 -0.40090563
vn -0.72666460 -0.68570767 0.04199472
vn -0.61576292 -0.67722944 -0.40273604
vn -0.60968458 -0.79130510 0.04605389
vn -0.50067337 -0.76555288 -0.40404823
vn -0.47762435 -0.87721119 0.04873928
vn -0.37325280 -0.83473753 -0.40484023
vn -0.33375589 -0.94132821 0.05008196
vn -0.23661491 -0.88313267 -0.40508032
vn -0.18161700 -0.98209323 0.05008156
vn -0.09409081 -0.90953472 -0.40483763
vn -0.02496474 -0.99849948 0.04873956
vn 0.05081485 -0.91332573 -0.40404697
vn 0.13233130 -0.99013508 0.04605377
vn 0.19461956 -0.89438979 -0.40272836
vn 0.28642478 -0.95718060 0.04202550
vn 0.33382010 -0.85313672 -0.40090132
vn 0.43352041 -0.90039801 0.03665338
vn 0.46493476 -0.79057849 -0.39852392
vn 0.56994044 -0.82114150 0.02990873
vn 0.58478353 -0.70817383 -0.39562361
vn 0.69226161 -0.72131571 0.02185176
vn 0.69040837 -0.60791472 -0.39214280
vn 0.79738576 -0.60334207 0.01242161
vn 0.77915967 -0.49221659 -0.38811472
vn 0.88261765 -0.47008857 0.00167867
vn 0.84885889 -0.36381856 -0.38350312
vn 0.94571249 -0.32484069 -0.01031519
vn 0.89768922 -0.22590251 -0.37831484
vn 0.98495375 -0.17118349 -0.02371352
vn 0.92439025 -0.08179103 -0.37257603
vn 0.99918363 -0.01293993 -0.03827046
vn 0.92825740 0.06494373 -0.36622468
vn 0.98782612 0.14584829 -0.05410950
vn 0.90913560 0.21070419 -0.35927178
vn 0.95089651 0.30125815 -0.07098844
vn 0.86745424 0.35182806 -0.35176718
vn 0.88896061 0.44930226 -0.08874966
vn 0.80427583 0.48470788 -0.34380032
vn 0.80307058 0.58620424 -0.10696838
vn 0.72126838 0.60599594 -0.33547109
vn 0.69464443 0.70840847 -0.12500623
vn 0.62075463 0.71249428 -0.32713237
vn 0.56536808 0.81263450 -0.14136515
vn 0.50571335 0.80138909 -0.31942062
vn 0.41744049 0.89567510 -0.15332828
vn 0.10638879 0.57402932 -0.81189393
vn 0.06088489 0.57942904 -0.81274536
vn -0.03048843 0.58181328 -0.81275074
vn -0.12112981 0.56988048 -0.81275077
vn -0.20878129 0.54391154 -0.81275495
vn -0.29130625 0.50454401 -0.81275827
vn -0.36665330 0.45277725 -0.81274727
vn -0.43297016 0.38984681 -0.81274615
vn -0.48861239 0.31730783 -0.81275684
vn -0.53225098 0.23694903 -0.81275092
vn -0.56276629 0.15079304 -0.81274570
vn -0.57942930 0.06088463 -0.81274519
vn -0.58181354 -0.03048869 -0.81275054
vn -0.56988073 -0.12113006 -0.81275055
vn -0.54391179 -0.20878155 -0.81275471
vn -0.50454426 -0.29130651 -0.81275802
vn -0.45277751 -0.36665355 -0.81274701
vn -0.38984706 -0.43297041 -0.81274590
vn -0.31730808 -0.48861264 -0.81275658
vn -0.23694929 -0.53225123 -0.81275068
vn -0.15079329 -0.56276654 -0.81274547
vn -0.06088489 -0.57942956 -0.81274499
vn 0.03048843 -0.58181379 -0.81275037
vn 0.12112981 -0.56988099 -0.81275041
vn 0.20878129 -0.54391205 -0.81275461
vn 0.29130625 -0.50454452 -0.81275796
vn 0.36665330 -0.45277776 -0.81274698
vn 0.43297016 -0.38984732 -0.81274591
vn 0.48861239 -0.31730834 -0.81275664
vn 0.53225098 -0.23694954 -0.81275077
vn 0.56276629 -0.15079355 -0.81274560
vn 0.57942930 -0.06088514 -0.81274515
vn 0.58181354 0.03048818 -0.81275056
vn 0.56988073 0.12112955 -0.81275063
vn 0.54391179 0.20878104 -0.81275484
vn 0.50454426 0.29130600 -0.81275821
vn 0.45277751 0.36665304 -0.81274724
vn 0.38984706 0.43296990 -0.81274617
vn 0.31730808 0.48861213 -0.81275689
vn 0.14707149 0.79364911 -0.59033131
vn 0.08426427 0.80186862 -0.59152874
vn -0.04217737 0.80518523 -0.59152161
vn -0.16761100 0.78867509 -0.59152190
vn -0.28892918 0.75273545 -0.59153130
vn -0.40312692 0.69827704 -0.59152164
vn -0.50741694 0.62659533 -0.59152882
vn -0.59918329 0.53951809 -0.59152313
vn -0.67621070 0.43913853 -0.59152045
vn -0.73658518 0.32793050 -0.59152672
vn -0.77882015 0.20865970 -0.59152372
vn -0.80186881 0.08426409 -0.59152851
vn -0.80516018 -0.04217785 -0.59155567
vn -0.78867527 -0.16761118 -0.59152160
vn -0.75273563 -0.28892936 -0.59153097
vn -0.69826161 -0.40313569 -0.59153389
vn -0.62659552 -0.50741713 -0.59152846
vn -0.53951827 -0.59918348 -0.59152278
vn -0.43913871 -0.67621089 -0.59152010
vn -0.32793068 -0.73658537 -0.59152638
vn -0.20865988 -0.77882033 -0.59152341
vn -0.08426427 -0.80186899 -0.59152823
vn 0.04217737 -0.80518560 -0.59152110
vn 0.16761100 -0.78867546 -0.59152141
vn 0.28892918 -0.75273582 -0.59153083
vn 0.40312692 -0.69827741 -0.59152121
vn 0.50741694 -0.62659570 -0.59152842
vn 0.59918329 -0.53951846 -0.59152279
vn 0.67621070 -0.43913890 -0.59152017
vn 0.73658518 -0.32793087 -0.59152651
vn 0.77882015 -0.20866007 -0.59152359
vn 0.80186881 -0.08426446 -0.59152846
vn 0.80516018 0.04217748 -0.59155570
vn 0.78867527 0.16761081 -0.59152171
vn 0.75273563 0.28892899 -0.59153115
vn 0.69826161 0.40313532 -0.59153414
vn 0.62659552 0.50741676 -0.59152878
vn 0.53951827 0.59918311 -0.59152315
vn 0.43913871 0.67621052 -0.59152052
vn 0.00000000 -0.00000031 -1.00000000
vn 0.00000000 -0.00000158 -1.00000000
vn 0.00000000 0.00000414 -1.00000000
vn 0.00000000 -0.00000465 -1.00000000
vn 0.00000000 0.00000199 -1.00000000
vn 0.00000000 -0.00000130 -1.00000000
vn 0.00000000 0.00000081 -1.00000000
vn 0.00000000 -0.00000080 -1.00000000
vn 0.00000000 -0.00000164 -1.00000000
vn 0.00000000 0.00000010 -1.00000000
vn 0.00000000 0.00000070 -1.00000000
vn 0.00000000 -0.00000073 -1.00000000
vn 0.00000000 -0.00000214 -1.00000000
vn 0.00000000 0.00000034 -1.00000000
vn 0.00000000 -0.00000048 -1.00000000
vn 0.00000000 -0.00000081 -1.00000000
vn 0.00000000 0.00000071 -1.00000000
vn 0.00000000 -0.00000100 -1.00000000
vn 0.00000000 -0.00000016 -1.00000000
vn 0.00000000 0.00000071 -1.00000000
vn 0.00000000 -0.00000031 -1.00000000
vn 0.00000000 0.00000018 -1.00000000
vn 0.00000000 -0.00000133 -1.00000000
vn 0.00000000 0.00000084 -1.00000000
vn 0.00000000 -0.00000232 -1.00000000
vn 0.00000000 0.00000046 -1.00000000
vn 0.00000000 -0.00000004 -1.00000000
vn 0.00000000 -0.00000181 -1.00000000
vn 0.00000000 0.00000073 -1.00000000
vn 0.00000000 -0.00000140 -1.00000000
vn 0.00000000 -0.00000079 -1.00000000
vn 0.00000000 0.00000080 -1.00000000
vn 0.00000000 -0.00000057 -1.00000000
vn 0.00000000 -0.00000006 -1.00000000
vn 0.00000000 -0.00000052 -1.00000000
vn 0.00000000 -0.00000031 -1.00000000
vn 0.00000000 -0.00000052 -1.00000000
vn 0.00000000 0.00000011 -1.00000000
vn 0.00000000 -0.00000057 -1.00000000
vn 0.00000000 -0.00000052 -1.00000000
vn 0.00000000 -0.00000010 -1.00000000
vn 0.00000000 -0.00000082 -1.00000000
vn 0.00000000 -0.00000003 -1.00000000
vn 0.00000000 0.00000025 -1.00000000
vn 0.00000000 0.00000023 -1.00000000
vn 0.00000000 0.00000162 -1.00000000
vn 0.00000000 -0.00000107 -1.00000000
vn 0.00000000 -0.00000169 -1.00000000
vn 0.00000000 0.00000135 -1.00000000
vn 0.00000000 -0.00000262 -1.00000000
vn 0.00000000 -0.00000476 -1.00000000
vn 0.00000000 0.00000403 -1.00000000
vn 0.00000000 -0.00000133 -1.00000000
vn 0.00000000 0.00000011 -1.00000000
vn 0.00000000 0.00000151 -1.00000000
vn 0.00000000 -0.00000097 -1.00000000
vn 0.00000000 -0.00000015 -1.00000000
vn 0.00000000 0.00000018 -1.00000000
vn 0.00000000 -0.00000133 -1.00000000
vn 0.00000000 0.00000037 -1.00000000
vn 0.00000000 -0.00000047 -1.00000000
vn 0.00000000 -0.00000133 -1.00000000
vn 0.00000000 -0.00000031 -1.00000000
vn 0.00000000 -0.00000080 -1.00000000
vn 0.00000000 0.00000070 -1.00000000
vn 0.00000000 -0.00000146 -1.00000000
vn 0.00000000 0.00000169 -1.00000000
vn 0.00000000 -0.00000162 -1.00000000
vn 0.00000000 0.00000107 -1.00000000
vn 0.00000000 -0.00000140 -1.00000000
vn 0.00000000 0.00000129 -1.00000000
vn 0.00000000 -0.00000006 -1.00000000
vn 0.00000000 -0.00000057 -1.00000000
vn 0.00000000 -0.00000010 -1.00000000
vn 0.00000000 -0.00000031 -1.00000000
vn 0.00000000 -0.00000010 -1.00000000
vn 0.00000000 -0.00000073 -1.00000000
vn 0.00000000 -0.00000006 -1.00000000
vn 0.00000000 -0.00000010 -1.00000000
vn 0.00000000 -0.00000052 -1.00000000
vn 0.00000000 0.00000020 -1.00000000
vn 0.00000000 -0.00000060 -1.00000000
vn 0.00000000 -0.00000087 -1.00000000
vn 0.00000000 -0.00000086 -1.00000000
vn -0.99493692 0.10049769 -0.00085455
vn -0.97556594 0.21970520 0.00085446
vn -0.96593000 0.25880206 -0.00085462
vn -0.92769344 0.37334187 0.00085442
vn -0.91190976 0.41038988 -0.00085466
vn -0.85578601 0.51732927 0.00085437
vn -0.83426887 0.55135717 -0.00085471
vn -0.76171535 0.64791126 0.00085432
vn -0.73499275 0.67807443 -0.00085475
vn -0.64791126 0.76171535 0.00085428
vn -0.61672766 0.78717613 -0.00085478
vn -0.51732927 0.85578601 0.00085427
vn -0.48244452 0.87592611 -0.00085481
vn -0.37334187 0.92769344 0.00085425
vn -0.33570788 0.94196576 -0.00085482
vn -0.21970520 0.97556594 0.00085422
vn -0.18024411 0.98362154 -0.00085484
vn -0.06036603 0.99817594 0.00085421
vn -0.02011191 0.99979737 -0.00085484
vn 0.10049769 0.99493692 0.00085421
vn 0.14048120 0.99008298 -0.00085486
vn 0.25880206 0.96593000 0.00085423
vn 0.29749805 0.95472204 -0.00085483
vn 0.41038988 0.91190977 0.00085425
vn 0.44679830 0.89463431 -0.00085481
vn 0.55135717 0.83426887 0.00085427
vn 0.58452717 0.81137368 -0.00085478
vn 0.67807443 0.73499275 0.00085431
vn 0.70710652 0.70710652 -0.00085477
vn 0.78717613 0.61672766 0.00085434
vn 0.81137368 0.58452717 -0.00085471
vn 0.87592612 0.48244452 0.00085438
vn 0.89463431 0.44679830 -0.00085467
vn 0.94196576 0.33570788 0.00085442
vn 0.95472204 0.29749805 -0.00085462
vn 0.98362154 0.18024411 0.00085447
vn 0.99008298 0.14048120 -0.00085459
vn 0.99979737 0.02011191 0.00085452
vn 0.99979737 -0.02011191 -0.00085452
vn 0.99808441 -0.06186145 0.00082403
vn 0.99493690 -0.10049769 -0.00088501
vn 0.96631410 -0.25736431 -0.00082392
vn 0.97556591 -0.21970519 0.00088512
vn 0.95472204 -0.29749805 0.00085462
vn 0.94196576 -0.33570788 -0.00085442
vn 0.89463431 -0.44679830 0.00085467
vn 0.87592612 -0.48244452 -0.00085438
vn 0.81137368 -0.58452717 0.00085471
vn 0.78717613 -0.61672766 -0.00085434
vn 0.70710652 -0.70710652 0.00085477
vn 0.67807443 -0.73499275 -0.00085431
vn 0.58452717 -0.81137368 0.00085478
vn 0.55135717 -0.83426887 -0.00085427
vn 0.44679830 -0.89463431 0.00085481
vn 0.41038988 -0.91190977 -0.00085425
vn 0.29749805 -0.95472204 0.00085483
vn 0.25880206 -0.96593000 -0.00085423
vn 0.14048120 -0.99008298 0.00085486
vn 0.10049769 -0.99493692 -0.00085421
vn -0.02011191 -0.99979737 0.00085484
vn -0.06036603 -0.99817594 -0.00085421
vn -0.18024411 -0.98362154 0.00085484
vn -0.21970520 -0.97556594 -0.00085422
vn -0.33570788 -0.94196576 0.00085482
vn -0.37334187 -0.92769344 -0.00085425
vn -0.48244452 -0.87592611 0.00085481
vn -0.51732927 -0.85578601 -0.00085427
vn -0.61672766 -0.78717613 0.00085478
vn -0.64791126 -0.76171535 -0.00085428
vn -0.73499275 -0.67807443 0.00085475
vn -0.76171535 -0.64791126 -0.00085432
vn -0.83426887 -0.55135717 0.00085471
vn -0.85578601 -0.51732927 -0.00085437
vn -0.91190976 -0.41038988 0.00085466
vn -0.92769344 -0.37334187 -0.00085442
vn -0.96593000 -0.25880206 0.00085462
vn -0.97556594 -0.21970520 -0.00085446
vn -0.99493692 -0.10049769 0.00085455
vn -0.99817594 -0.06036603 -0.00085451
vn -0.99817594 0.06036603 0.00085451
vn -0.67016464 0.72570896 -0.15564661
vn -0.64856449 0.69669318 -0.30656600
vn -0.71502585 0.67464931 -0.18326579
vn -0.73636411 0.60784818 -0.29713378
vn -0.82576738 0.51535300 -0.22917136
vn -0.86071591 0.42803829 -0.27559272
vn -0.90489754 0.32786883 -0.27140831
vn -0.93927144 0.22940840 -0.25522726
vn -0.94420920 0.12558720 -0.30446154
vn -0.97078182 0.01977626 -0.23914758
vn -0.94131485 -0.08066330 -0.32774958
vn -0.95466052 -0.19107868 -0.22828105
vn -0.89668047 -0.28163000 -0.34153870
vn -0.89213102 -0.39302360 -0.22278843
vn -0.81248075 -0.46907936 -0.34617854
vn -0.78644136 -0.57607468 -0.22281818
vn -0.69220772 -0.63571663 -0.34163262
vn -0.64282407 -0.73120739 -0.22828265
vn -0.54049840 -0.77485682 -0.32780848
vn -0.46826138 -0.85061044 -0.23915092
vn -0.36333369 -0.88048547 -0.30452252
vn -0.27094897 -0.92814828 -0.25520077
vn -0.16849459 -0.94761071 -0.27137338
vn -0.05963355 -0.95941683 -0.27561418
vn 0.03341817 -0.97282069 -0.22913560
vn 0.15821260 -0.94164576 -0.29710609
vn 0.22672902 -0.95657139 -0.18320791
vn 0.27907010 -0.91003006 -0.30653739
vn 0.29337771 -0.94324620 -0.15561531
vn -0.55734567 0.59396878 -0.58014385
vn -0.61878154 0.52700947 -0.58255508
vn -0.72019586 0.37676130 -0.58255372
vn -0.78578483 0.20777640 -0.58255572
vn -0.81229675 0.02847415 -0.58254889
vn -0.79837625 -0.15219828 -0.58260711
vn -0.74481303 -0.32536186 -0.58257464
vn -0.65421386 -0.48235926 -0.58252363
vn -0.53102704 -0.61532017 -0.58257306
vn -0.38145977 -0.71772076 -0.58255073
vn -0.21293290 -0.78440637 -0.58255148
vn -0.03378491 -0.81209000 -0.58255336
vn 0.14698109 -0.79939292 -0.58255260
vn 0.23569887 -0.77967113 -0.58013702
vn 0.10758089 -0.58514848 -0.80375843
vn 0.17286300 -0.57181553 -0.80196346
vn 0.05768197 -0.31374148 -0.94775475
vn 0.09283763 -0.30707860 -0.94714513
vn 0.02829116 -0.15384711 -0.98768957
vn 0.04553455 -0.15064290 -0.98753902
vn -0.40877425 0.43563090 -0.80195345
vn -0.45296347 0.38576032 -0.80374938
vn -0.52718927 0.27577152 -0.80375465
vn -0.57519351 0.15210694 -0.80375114
vn -0.59460249 0.02084420 -0.80374958
vn -0.58444005 -0.11142534 -0.80375010
vn -0.54519950 -0.23817404 -0.80376031
vn -0.47887529 -0.35307583 -0.80375115
vn -0.38872538 -0.45040532 -0.80375844
vn -0.27922234 -0.52536186 -0.80375979
vn -0.15586110 -0.57418706 -0.80375154
vn -0.02472048 -0.59445162 -0.80375131
vn -0.21952579 0.23396119 -0.94713811
vn -0.24287398 0.20683019 -0.94775182
vn -0.28267120 0.14786639 -0.94775130
vn -0.30842787 0.08154719 -0.94774591
vn -0.31879785 0.01116949 -0.94775692
vn -0.31337330 -0.05972677 -0.94774991
vn -0.29234528 -0.12769340 -0.94774925
vn -0.25672606 -0.18927928 -0.94776848
vn -0.20841809 -0.24150158 -0.94775466
vn -0.14969839 -0.28169575 -0.94775413
vn -0.08356200 -0.30787978 -0.94774861
vn -0.01324552 -0.31871708 -0.94775734
vn -0.10767191 0.11475209 -0.98754176
vn -0.11908569 0.10141478 -0.98769107
vn -0.13858780 0.07248287 -0.98769411
vn -0.15122228 0.03997973 -0.98769097
vn -0.15631909 0.00546257 -0.98769150
vn -0.15366350 -0.02929861 -0.98768878
vn -0.14334829 -0.06259502 -0.98769081
vn -0.12589168 -0.09280920 -0.98769314
vn -0.10217830 -0.11841481 -0.98769303
vn -0.07339847 -0.13812981 -0.98769065
vn -0.04095673 -0.15094821 -0.98769286
vn -0.00650054 -0.15628861 -0.98769004
vn -0.08227842 -0.13470981 -0.98746318
vn -0.15595159 -0.25529096 -0.95420419
vn -0.06265580 -0.14331820 -0.98769132
vn -0.11881039 -0.27177167 -0.95499961
vn -0.02176016 -0.15488521 -0.98769280
vn -0.04129183 -0.29374312 -0.95499213
vn 0.02069199 -0.15503769 -0.98769183
vn 0.03927761 -0.29401789 -0.95499254
vn 0.04196320 -0.15216660 -0.98746363
vn 0.07953196 -0.28840289 -0.95420042
vn 0.07663309 -0.57366528 -0.81549710
vn 0.15479310 -0.56140008 -0.81293853
vn 0.10651179 -0.79716001 -0.59429888
vn 0.21448817 -0.77784049 -0.59072751
vn 0.12576990 -0.94136678 -0.31306631
vn 0.25269651 -0.91639114 -0.31043801
vn 0.13080488 -0.97899231 -0.15641017
vn 0.26261417 -0.95236935 -0.15500459
vn -0.30360486 -0.49694420 -0.81293945
vn -0.23185179 -0.53029597 -0.81549429
vn -0.08057050 -0.57311901 -0.81550168
vn -0.42064672 -0.68854488 -0.59073030
vn -0.32216370 -0.73689305 -0.59430563
vn -0.11194580 -0.79640864 -0.59430751
vn -0.49556823 -0.81119631 -0.31043950
vn -0.38045392 -0.87019759 -0.31306702
vn -0.13220970 -0.94048373 -0.31306699
vn -0.51502007 -0.84304593 -0.15500933
vn -0.39564838 -0.90498003 -0.15644012
vn -0.13748849 -0.97807609 -0.15640999
vn 0.01690745 -0.15573841 -0.98765363
vn 0.03390634 -0.31229908 -0.94937856
vn 0.00863689 -0.15619680 -0.98768819
vn 0.01733469 -0.31327678 -0.94950364
vn -0.00787389 -0.15622759 -0.98768970
vn -0.01577818 -0.31336740 -0.94950088
vn -0.02429324 -0.15451869 -0.98769115
vn -0.04876905 -0.30994946 -0.94950140
vn -0.08118068 -0.30305458 -0.94950915
vn -0.05618577 -0.14597350 -0.98769170
vn -0.11270680 -0.29279989 -0.94950798
vn -0.07129269 -0.13922850 -0.98769063
vn -0.14298120 -0.27927912 -0.94950490
vn -0.08557568 -0.13092750 -0.98769165
vn -0.17166929 -0.26261616 -0.94950640
vn -0.09250342 -0.12637990 -0.98765948
vn -0.18552409 -0.25348998 -0.94938066
vn -0.32346947 -0.49486361 -0.80652186
vn -0.34947628 -0.47750491 -0.80613609
vn -0.44362876 -0.67868867 -0.58529925
vn -0.47909828 -0.65461725 -0.58475729
vn -0.52063357 -0.79650029 -0.30745403
vn -0.56206458 -0.76797489 -0.30707976
vn -0.54040869 -0.82674254 -0.15638165
vn -0.58333881 -0.79706289 -0.15622606
vn 0.06387615 -0.58828373 -0.80612784
vn 0.03268635 -0.59027760 -0.80653826
vn -0.02975600 -0.59045090 -0.80652484
vn -0.09189283 -0.58401261 -0.80652649
vn -0.15299079 -0.57106815 -0.80652029
vn -0.21241220 -0.55172267 -0.80652536
vn -0.26945009 -0.52623523 -0.80651915
vn 0.08759027 -0.80647177 -0.58474885
vn 0.04483252 -0.80958007 -0.58529493
vn -0.04080426 -0.80976836 -0.58532915
vn -0.12601361 -0.80094511 -0.58532684
vn -0.20984639 -0.78320093 -0.58528693
vn -0.29130338 -0.75668707 -0.58529225
vn -0.36952654 -0.72171839 -0.58529710
vn 0.10275740 -0.94611928 -0.30708179
vn 0.05261582 -0.95010700 -0.30745449
vn -0.04788511 -0.95034766 -0.30748390
vn -0.14792718 -0.93999532 -0.30745138
vn -0.24625710 -0.91913812 -0.30747773
vn -0.34187628 -0.88801807 -0.30748091
vn -0.43368275 -0.84697860 -0.30748420
vn 0.10666350 -0.98194520 -0.15622588
vn 0.05462956 -0.98617040 -0.15647219
vn -0.04971569 -0.98644015 -0.15641028
vn -0.15354138 -0.97569466 -0.15634887
vn -0.25562967 -0.95403328 -0.15644158
vn -0.35487401 -0.92173264 -0.15643971
vn -0.45016112 -0.87914184 -0.15641160
vn -0.11243109 -0.11078340 -0.98746458
vn -0.21308188 -0.20999979 -0.95419925
vn -0.09546386 -0.12390800 -0.98769097
vn -0.18103649 -0.23499368 -0.95498888
vn -0.05856633 -0.14502752 -0.98769277
vn -0.11108850 -0.27503580 -0.95499458
vn -0.01736539 -0.15543470 -0.98769352
vn -0.03296035 -0.29478187 -0.95499595
vn 0.00390637 -0.15781220 -0.98746142
vn 0.00741601 -0.29908367 -0.95419807
vn -0.06436531 -0.57519878 -0.81547745
vn 0.01443541 -0.58217920 -0.81293234
vn -0.08942048 -0.79926056 -0.59429498
vn 0.01999002 -0.80662230 -0.59072909
vn -0.10559699 -0.94384219 -0.31306740
vn 0.02356064 -0.95030124 -0.31043912
vn -0.10983929 -0.98156544 -0.15641168
vn 0.02450698 -0.98760454 -0.15503767
vn -0.41478323 -0.40877128 -0.81293353
vn -0.35319718 -0.45848823 -0.81550003
vn -0.21677800 -0.53661968 -0.81550391
vn -0.57467776 -0.56637675 -0.59073078
vn -0.49080861 -0.63708688 -0.59432922
vn -0.30125118 -0.74569702 -0.59429259
vn -0.67703596 -0.66726996 -0.31044020
vn -0.57962192 -0.75236093 -0.31303588
vn -0.35572940 -0.88059512 -0.31306361
vn -0.70360437 -0.69347193 -0.15504058
vn -0.60278592 -0.78242236 -0.15641093
vn -0.36995005 -0.91578058 -0.15647010
vn 0.15064259 0.04553424 -0.98753908
vn 0.30707912 0.09280706 -0.94714796
vn 0.15384680 0.02829085 -0.98768962
vn 0.31374118 0.05768167 -0.94775487
vn 0.15628830 -0.00650085 -0.98769009
vn 0.31871678 -0.01324582 -0.94775744
vn 0.15094790 -0.04095704 -0.98769289
vn 0.30785187 -0.08356314 -0.94775758
vn 0.13812950 -0.07339878 -0.98769067
vn 0.28169545 -0.14969869 -0.94775417
vn 0.11841450 -0.10217861 -0.98769304
vn 0.24150128 -0.20841838 -0.94775467
vn 0.09280889 -0.12589199 -0.98769313
vn 0.18930698 -0.25675348 -0.94775552
vn 0.06262510 -0.14334840 -0.98768889
vn 0.12769310 -0.29234557 -0.94774920
vn 0.02926778 -0.15366392 -0.98768963
vn 0.05972647 -0.31337360 -0.94774983
vn -0.00546288 -0.15631940 -0.98769145
vn -0.01116979 -0.31879815 -0.94775681
vn -0.03998004 -0.15122259 -0.98769091
vn -0.08154748 -0.30842817 -0.94774579
vn -0.07248318 -0.13858811 -0.98769404
vn -0.14786669 -0.28267150 -0.94775116
vn -0.10141509 -0.11908600 -0.98769100
vn -0.20683049 -0.24287428 -0.94775167
vn -0.11475189 -0.10770230 -0.98753846
vn -0.23393257 -0.21952766 -0.94714474
vn -0.38576058 -0.45296372 -0.80374912
vn -0.43563115 -0.40877450 -0.80195318
vn -0.52700965 -0.61878172 -0.58255472
vn -0.59396897 -0.55734585 -0.58014349
vn -0.60784827 -0.73636421 -0.29713336
vn -0.69670898 -0.64855079 -0.30655909
vn -0.67464936 -0.71502590 -0.18326536
vn -0.72570901 -0.67016469 -0.15564617
vn 0.57180132 0.17285856 -0.80197455
vn 0.58514822 0.10758064 -0.80375865
vn 0.59445136 -0.02472073 -0.80375149
vn 0.57418681 -0.15586135 -0.80375167
vn 0.52536161 -0.27922260 -0.80375986
vn 0.45040507 -0.38872563 -0.80375846
vn 0.35307558 -0.47887554 -0.80375111
vn 0.23817379 -0.54519975 -0.80376021
vn 0.11142509 -0.58444030 -0.80374995
vn -0.02084445 -0.59460275 -0.80374939
vn -0.15210719 -0.57519377 -0.80375092
vn -0.27577177 -0.52718952 -0.80375440
vn 0.77965902 0.23570424 -0.58015113
vn 0.79939273 0.14698091 -0.58255289
vn 0.81208982 -0.03378510 -0.58255360
vn 0.78440619 -0.21293308 -0.58255165
vn 0.71772057 -0.38145996 -0.58255084
vn 0.61531998 -0.53102723 -0.58257309
vn 0.48235908 -0.65421404 -0.58252357
vn 0.32536907 -0.74479963 -0.58258775
vn 0.15219809 -0.79837643 -0.58260691
vn -0.02847433 -0.81229694 -0.58254862
vn -0.20777659 -0.78578501 -0.58255541
vn -0.37676148 -0.72019605 -0.58255338
vn 0.91002996 0.27907000 -0.30653776
vn 0.94164567 0.15821251 -0.29710643
vn 0.95941432 -0.05963536 -0.27562256
vn 0.92814820 -0.27094905 -0.25520098
vn 0.85061878 -0.46824937 -0.23914476
vn 0.73120732 -0.64282414 -0.22828268
vn 0.57608843 -0.78642981 -0.22282342
vn 0.39302353 -0.89213109 -0.22278828
vn 0.19107861 -0.95466059 -0.22828081
vn -0.01977634 -0.97078189 -0.23914727
vn -0.22940848 -0.93927152 -0.25522689
vn -0.42805977 -0.86069744 -0.27561702
vn 0.94324615 0.29337766 -0.15561569
vn 0.95656599 0.22672765 -0.18323779
vn 0.97282062 0.03341810 -0.22913592
vn 0.94760277 -0.16849327 -0.27140194
vn 0.88048538 -0.36333378 -0.30452268
vn 0.77484891 -0.54049313 -0.32783585
vn 0.63569174 -0.69221403 -0.34166614
vn 0.46907925 -0.81248086 -0.34617843
vn 0.28162989 -0.89668058 -0.34153850
vn 0.08066319 -0.94131495 -0.32774931
vn -0.12558620 -0.94420051 -0.30448891
vn -0.32786892 -0.90489762 -0.27140792
vn -0.51535307 -0.82576746 -0.22917094
vn 0.13470950 -0.08227873 -0.98746319
vn 0.25529066 -0.15595189 -0.95420422
vn 0.14331789 -0.06265611 -0.98769135
vn 0.27179970 -0.11880969 -0.95499172
vn 0.15488490 -0.02176047 -0.98769284
vn 0.29374282 -0.04129213 -0.95499221
vn 0.15503738 0.02069168 -0.98769189
vn 0.29401759 0.03927731 -0.95499264
vn 0.15216629 0.04196289 -0.98746369
vn 0.28840259 0.07953166 -0.95420054
vn 0.57366502 0.07663283 -0.81549730
vn 0.56139980 0.15479293 -0.81293875
vn 0.79715982 0.10651160 -0.59429916
vn 0.77784031 0.21448799 -0.59072782
vn 0.94136668 0.12576980 -0.31306664
vn 0.91639104 0.25269641 -0.31043837
vn 0.97899226 0.13080483 -0.15641052
vn 0.95237380 0.26261536 -0.15497518
vn 0.49694395 -0.30360512 -0.81293951
vn 0.53029571 -0.23185205 -0.81549438
vn 0.57313928 -0.08056933 -0.81548755
vn 0.68854471 -0.42064689 -0.59073037
vn 0.73689287 -0.32216388 -0.59430576
vn 0.79640845 -0.11194598 -0.59430773
vn 0.81120390 -0.49557299 -0.31041204
vn 0.87019750 -0.38045402 -0.31306718
vn 0.94048363 -0.13220980 -0.31306725
vn 0.84303665 -0.51504494 -0.15497713
vn 0.90497998 -0.39564843 -0.15644028
vn 0.97807604 -0.13748854 -0.15641025
vn 0.15573810 0.01690714 -0.98765368
vn 0.31230787 0.03390705 -0.94937564
vn 0.15616669 0.00863658 -0.98769296
vn 0.31327649 0.01733439 -0.94950375
vn 0.15622728 -0.00787420 -0.98768975
vn 0.31336710 -0.01577848 -0.94950097
vn 0.15451838 -0.02429355 -0.98769119
vn 0.30994916 -0.04876934 -0.94950148
vn 0.30305428 -0.08118098 -0.94950922
vn 0.14597319 -0.05618608 -0.98769173
vn 0.29279959 -0.11270710 -0.94950803
vn 0.13922819 -0.07129300 -0.98769065
vn 0.27927882 -0.14298150 -0.94950494
vn 0.13092719 -0.08557599 -0.98769166
vn 0.26261586 -0.17166959 -0.94950643
vn 0.12637959 -0.09250373 -0.98765949
vn 0.25348968 -0.18552439 -0.94938068
vn 0.49484032 -0.32347456 -0.80653411
vn 0.47750466 -0.34947653 -0.80613613
vn 0.67868849 -0.44362895 -0.58529932
vn 0.65461706 -0.47909847 -0.58475735
vn 0.79650019 -0.52063366 -0.30745412
vn 0.76797479 -0.56206468 -0.30707982
vn 0.82674249 -0.54040874 -0.15638174
vn 0.79706284 -0.58333886 -0.15622613
vn 0.58826355 0.06387708 -0.80614249
vn 0.59027734 0.03268610 -0.80653845
vn 0.59045064 -0.02975625 -0.80652502
vn 0.58401236 -0.09189308 -0.80652665
vn 0.57108186 -0.15299475 -0.80650984
vn 0.55172241 -0.21241245 -0.80652547
vn 0.52623497 -0.26945035 -0.80651923
vn 0.80645717 0.08758852 -0.58476926
vn 0.80957989 0.04483234 -0.58529520
vn 0.80976819 -0.04080444 -0.58532937
vn 0.80095615 -0.12604608 -0.58530473
vn 0.78320075 -0.20984658 -0.58528711
vn 0.75668689 -0.29130356 -0.58529240
vn 0.72171821 -0.36952673 -0.58529721
vn 0.94611918 0.10275730 -0.30708212
vn 0.95010984 0.05261423 -0.30744600
vn 0.95034756 -0.04788520 -0.30748418
vn 0.93999522 -0.14792728 -0.30745163
vn 0.91913801 -0.24625718 -0.30747800
vn 0.88801798 -0.34187638 -0.30748108
vn 0.84699506 -0.43367575 -0.30744872
vn 0.98194984 0.10666394 -0.15619642
vn 0.98617036 0.05462951 -0.15647251
vn 0.98644010 -0.04971574 -0.15641058
vn 0.97569461 -0.15354143 -0.15634913
vn 0.95403323 -0.25562972 -0.15644180
vn 0.92173697 -0.35487581 -0.15641007
vn 0.87915294 -0.45015121 -0.15637774
vn 0.11078309 -0.11243140 -0.98746458
vn 0.20999949 -0.21308218 -0.95419924
vn 0.12390769 -0.09546417 -0.98769098
vn 0.23499338 -0.18103679 -0.95498890
vn 0.14502690 -0.05859704 -0.98769104
vn 0.27503550 -0.11108880 -0.95499464
vn 0.15543439 -0.01736570 -0.98769357
vn 0.29478157 -0.03296065 -0.95499603
vn 0.15781189 0.00390606 -0.98746147
vn 0.29908337 0.00741571 -0.95419817
vn 0.57519852 -0.06436557 -0.81547761
vn 0.58217895 0.01443515 -0.81293253
vn 0.79926038 -0.08942066 -0.59429521
vn 0.80662212 0.01998983 -0.59072935
vn 0.94384209 -0.10559709 -0.31306766
vn 0.95030114 0.02356054 -0.31043943
vn 0.98156539 -0.10983934 -0.15641196
vn 0.98760449 0.02450693 -0.15503799
vn 0.40877102 -0.41478348 -0.81293352
vn 0.45846389 -0.35320243 -0.81551144
vn 0.53664114 -0.21677473 -0.81549065
vn 0.56637656 -0.57467794 -0.59073078
vn 0.63709624 -0.49078554 -0.59433822
vn 0.74571027 -0.30125686 -0.59427308
vn 0.66726988 -0.67703607 -0.31044012
vn 0.75236083 -0.57962202 -0.31303594
vn 0.88059502 -0.35572950 -0.31306378
vn 0.69345364 -0.70361658 -0.15506696
vn 0.78242231 -0.60278597 -0.15641099
vn 0.91577618 -0.36994830 -0.15649996
vn -0.04553455 0.15064228 -0.98753912
vn -0.09283763 0.30707801 -0.94714533
vn -0.02829116 0.15384649 -0.98768966
vn -0.05768197 0.31374089 -0.94775495
vn 0.00650054 0.15628799 -0.98769014
vn 0.01324552 0.31871648 -0.94775754
vn 0.04095673 0.15094759 -0.98769295
vn 0.08356200 0.30787919 -0.94774881
vn 0.07339847 0.13812919 -0.98769074
vn 0.14969839 0.28169516 -0.94775431
vn 0.10217830 0.11841419 -0.98769311
vn 0.20841809 0.24150099 -0.94775481
vn 0.12589168 0.09280858 -0.98769320
vn 0.25672606 0.18927869 -0.94776859
vn 0.14334829 0.06259440 -0.98769085
vn 0.29234528 0.12769280 -0.94774933
vn 0.15366350 0.02929799 -0.98768880
vn 0.31337330 0.05972617 -0.94774994
vn 0.15631909 -0.00546319 -0.98769150
vn 0.31879785 -0.01117009 -0.94775691
vn 0.15122228 -0.03998035 -0.98769094
vn 0.30842787 -0.08154778 -0.94774586
vn 0.13858780 -0.07248349 -0.98769406
vn 0.28267120 -0.14786699 -0.94775120
vn 0.11908569 -0.10141540 -0.98769100
vn 0.24287398 -0.20683078 -0.94775169
vn 0.10767191 -0.11475271 -0.98754168
vn 0.21952737 -0.23393287 -0.94714473
vn 0.45296347 -0.38576083 -0.80374914
vn 0.40877425 -0.43563140 -0.80195317
vn 0.61878154 -0.52700984 -0.58255475
vn 0.55734567 -0.59396915 -0.58014348
vn 0.73636411 -0.60784837 -0.29713340
vn 0.64856449 -0.69669337 -0.30656556
vn 0.71502585 -0.67464942 -0.18326537
vn 0.67016464 -0.72570906 -0.15564616
vn -0.17286300 0.57181502 -0.80196382
vn -0.10758089 0.58514797 -0.80375880
vn 0.02472048 0.59445111 -0.80375169
vn 0.15586110 0.57418656 -0.80375190
vn 0.27922234 0.52536136 -0.80376012
vn 0.38872538 0.45040482 -0.80375872
vn 0.47887529 0.35307533 -0.80375137
vn 0.54519950 0.23817354 -0.80376046
vn 0.58444005 0.11142484 -0.80375017
vn 0.59460249 -0.02084470 -0.80374957
vn 0.57519351 -0.15210744 -0.80375105
vn 0.52718927 -0.27577203 -0.80375448
vn -0.23569887 0.77967077 -0.58013751
vn -0.14698109 0.79939255 -0.58255310
vn 0.03378491 0.81208963 -0.58255387
vn 0.21293290 0.78440601 -0.58255197
vn 0.38145977 0.71772039 -0.58255118
vn 0.53102704 0.61531980 -0.58257345
vn 0.65421386 0.48235889 -0.58252393
vn 0.74481303 0.32536149 -0.58257484
vn 0.79837625 0.15219791 -0.58260721
vn 0.81229675 -0.02847451 -0.58254887
vn 0.78578483 -0.20777677 -0.58255559
vn 0.72019586 -0.37676167 -0.58255349
vn -0.27907010 0.91002987 -0.30653796
vn -0.15821260 0.94164558 -0.29710668
vn 0.05963355 0.95941666 -0.27561478
vn 0.27094897 0.92814812 -0.25520136
vn 0.46826138 0.85061029 -0.23915146
vn 0.64282407 0.73120725 -0.22828311
vn 0.78644136 0.57607454 -0.22281854
vn 0.89213102 0.39302346 -0.22278868
vn 0.95466052 0.19107854 -0.22828117
vn 0.97078182 -0.01977641 -0.23914757
vn 0.93926786 -0.22941508 -0.25523443
vn 0.86070861 -0.42803493 -0.27562074
vn -0.29337771 0.94324610 -0.15561590
vn -0.22672902 0.95657127 -0.18320851
vn -0.03341817 0.97282055 -0.22913622
vn 0.16849459 0.94761054 -0.27137397
vn 0.36333369 0.88048528 -0.30452308
vn 0.54049840 0.77485661 -0.32780896
vn 0.69220772 0.63571641 -0.34163302
vn 0.81248075 0.46907914 -0.34617883
vn 0.89668047 0.28162978 -0.34153887
vn 0.94131485 0.08066309 -0.32774963
vn 0.94420920 -0.12558739 -0.30446147
vn 0.90489754 -0.32786900 -0.27140811
vn 0.82576738 -0.51535315 -0.22917104
vn 0.08227842 0.13470919 -0.98746326
vn 0.15595159 0.25529036 -0.95420435
vn 0.06265580 0.14331758 -0.98769141
vn 0.11881039 0.27177107 -0.95499978
vn 0.02176016 0.15488459 -0.98769290
vn 0.04129183 0.29374252 -0.95499231
vn -0.02069199 0.15503707 -0.98769193
vn -0.03927761 0.29401729 -0.95499272
vn -0.04196320 0.15216598 -0.98746372
vn -0.07953196 0.28840229 -0.95420060
vn -0.07663309 0.57366477 -0.81549746
vn -0.15479310 0.56139957 -0.81293888
vn -0.10651179 0.79715964 -0.59429938
vn -0.21448817 0.77784012 -0.59072800
vn -0.12576990 0.94136659 -0.31306690
vn -0.25269651 0.91639094 -0.31043858
vn -0.13080488 0.97899221 -0.15641079
vn -0.26261417 0.95236925 -0.15500519
vn 0.30360486 0.49694369 -0.81293976
vn 0.23185179 0.53029546 -0.81549462
vn 0.08057050 0.57311850 -0.81550204
vn 0.42064672 0.68854451 -0.59073073
vn 0.32216370 0.73689268 -0.59430609
vn 0.11194580 0.79640826 -0.59430801
vn 0.49556823 0.81119611 -0.31044000
vn 0.38045392 0.87019740 -0.31306757
vn 0.13220970 0.94048354 -0.31306758
vn 0.51502007 0.84304583 -0.15500986
vn 0.39564838 0.90497993 -0.15644069
vn 0.13748849 0.97807599 -0.15641060
vn -0.01690745 0.15573779 -0.98765372
vn -0.03390634 0.31229848 -0.94937875
vn -0.00863689 0.15619618 -0.98768829
vn -0.01733469 0.31327619 -0.94950384
vn 0.00787389 0.15622697 -0.98768980
vn 0.01577818 0.31336680 -0.94950108
vn 0.02429324 0.15451807 -0.98769125
vn 0.04876905 0.30994887 -0.94950160
vn 0.04046833 0.15109967 -0.98768983
vn 0.08118068 0.30305398 -0.94950934
vn 0.05618577 0.14597288 -0.98769179
vn 0.11270680 0.29279929 -0.94950816
vn 0.07129269 0.13922788 -0.98769072
vn 0.14298120 0.27927852 -0.94950507
vn 0.08557568 0.13092688 -0.98769173
vn 0.17166929 0.26261556 -0.94950657
vn 0.09250342 0.12637928 -0.98765955
vn 0.18552409 0.25348939 -0.94938082
vn 0.32346947 0.49486310 -0.80652217
vn 0.34947628 0.47750440 -0.80613639
vn 0.44362876 0.67868830 -0.58529967
vn 0.47909828 0.65461688 -0.58475771
vn 0.52063357 0.79650009 -0.30745453
vn 0.56206458 0.76797469 -0.30708024
vn 0.54040869 0.82674244 -0.15638217
vn 0.58333881 0.79706279 -0.15622656
vn -0.06387615 0.58828322 -0.80612821
vn -0.03268635 0.59027709 -0.80653863
vn 0.02975600 0.59045039 -0.80652521
vn 0.09189283 0.58401210 -0.80652686
vn 0.15299079 0.57106764 -0.80652065
vn 0.21241220 0.55172216 -0.80652571
vn 0.26945009 0.52623472 -0.80651948
vn -0.08759027 0.80647141 -0.58474936
vn -0.04483252 0.80957970 -0.58529544
vn 0.04080426 0.80976800 -0.58532965
vn 0.12601361 0.80094474 -0.58532734
vn 0.20984639 0.78320057 -0.58528742
vn 0.29130338 0.75668670 -0.58529273
vn 0.36952654 0.72171803 -0.58529755
vn -0.10275740 0.94611909 -0.30708238
vn -0.05261582 0.95010681 -0.30745509
vn 0.04788511 0.95034746 -0.30748449
vn 0.14792718 0.93999513 -0.30745197
vn 0.24625710 0.91913793 -0.30747830
vn 0.34187628 0.88801788 -0.30748147
vn 0.43368275 0.84697840 -0.30748474
vn -0.10666350 0.98194510 -0.15622650
vn -0.05462956 0.98617031 -0.15647280
vn 0.04971569 0.98644005 -0.15641090
vn 0.15354138 0.97569456 -0.15634949
vn 0.25562967 0.95403318 -0.15644218
vn 0.35487401 0.92173254 -0.15644029
vn 0.45016112 0.87914174 -0.15641215
vn 0.11243109 0.11078278 -0.98746465
vn 0.21308188 0.20999919 -0.95419938
vn 0.09546386 0.12390738 -0.98769105
vn 0.18103649 0.23499308 -0.95498903
vn 0.05856633 0.14502690 -0.98769286
vn 0.11108850 0.27503520 -0.95499476
vn 0.01736539 0.15543408 -0.98769362
vn 0.03296035 0.29478127 -0.95499613
vn -0.00390637 0.15781158 -0.98746152
vn -0.00741601 0.29908307 -0.95419826
vn 0.06436531 0.57519827 -0.81547781
vn -0.01443541 0.58217869 -0.81293271
vn 0.08942048 0.79926019 -0.59429549
vn -0.01999002 0.80662193 -0.59072960
vn 0.10559699 0.94384199 -0.31306799
vn -0.02356064 0.95030105 -0.31043972
vn 0.10983929 0.98156534 -0.15641230
vn -0.02450698 0.98760444 -0.15503829
vn 0.41478323 0.40877077 -0.81293378
vn 0.35319718 0.45848772 -0.81550032
vn 0.21677800 0.53661917 -0.81550424
vn 0.57467776 0.56637638 -0.59073113
vn 0.49080861 0.63708651 -0.59432962
vn 0.30125118 0.74569665 -0.59429306
vn 0.67703596 0.66726976 -0.31044062
vn 0.57962192 0.75236073 -0.31303635
vn 0.35572940 0.88059493 -0.31306416
vn 0.70360437 0.69347183 -0.15504101
vn 0.60278592 0.78242226 -0.15641142
vn 0.36995005 0.91578048 -0.15647068
vn -0.15064259 -0.04553486 -0.98753906
vn -0.30707912 -0.09280765 -0.94714791
vn -0.15384680 -0.02829147 -0.98768960
vn -0.31374118 -0.05768226 -0.94775483
vn -0.15628830 0.00650023 -0.98769009
vn -0.31871678 0.01324522 -0.94775745
vn -0.15094790 0.04095642 -0.98769292
vn -0.30785187 0.08356254 -0.94775763
vn -0.13812950 0.07339816 -0.98769072
vn -0.28169545 0.14969809 -0.94775427
vn -0.11841450 0.10217799 -0.98769310
vn -0.24150128 0.20841779 -0.94775480
vn -0.09280889 0.12589137 -0.98769321
vn -0.18930698 0.25675288 -0.94775568
vn -0.06262510 0.14334777 -0.98768898
vn -0.12769310 0.29234498 -0.94774938
vn -0.02926778 0.15366330 -0.98768972
vn -0.05972647 0.31337300 -0.94775002
vn 0.00546288 0.15631878 -0.98769155
vn 0.01116979 0.31879756 -0.94775701
vn 0.03998004 0.15122197 -0.98769100
vn 0.08154748 0.30842757 -0.94774598
vn 0.07248318 0.13858749 -0.98769413
vn 0.14786669 0.28267091 -0.94775134
vn 0.10141509 0.11908538 -0.98769107
vn 0.20683049 0.24287368 -0.94775183
vn 0.11475189 0.10770168 -0.98753853
vn 0.23393257 0.21952707 -0.94714488
vn 0.38576058 0.45296321 -0.80374940
vn 0.43563115 0.40877400 -0.80195344
vn 0.52700965 0.61878136 -0.58255511
vn 0.59396897 0.55734549 -0.58014384
vn 0.60784827 0.73636402 -0.29713382
vn 0.69670898 0.64855059 -0.30655950
vn 0.67464936 0.71502579 -0.18326581
vn 0.72570901 0.67016459 -0.15564659
vn -0.57180132 -0.17285906 -0.80197444
vn -0.58514822 -0.10758114 -0.80375858
vn -0.59445136 0.02472023 -0.80375151
vn -0.57418681 0.15586084 -0.80375177
vn -0.52536161 0.27922209 -0.80376004
vn -0.45040507 0.38872513 -0.80375870
vn -0.35307558 0.47887504 -0.80375141
vn -0.23817379 0.54519924 -0.80376056
vn -0.11142509 0.58443980 -0.80375032
vn 0.02084445 0.59460224 -0.80374976
vn 0.15210719 0.57519326 -0.80375128
vn 0.27577177 0.52718902 -0.80375473
vn -0.77965902 -0.23570460 -0.58015098
vn -0.79939273 -0.14698127 -0.58255280
vn -0.81208982 0.03378473 -0.58255362
vn -0.78440619 0.21293272 -0.58255179
vn -0.71772057 0.38145959 -0.58255108
vn -0.61531998 0.53102686 -0.58257342
vn -0.48235908 0.65421367 -0.58252398
vn -0.32536907 0.74479926 -0.58258821
vn -0.15219809 0.79837607 -0.58260741
vn 0.02847433 0.81229657 -0.58254913
vn 0.20777659 0.78578464 -0.58255590
vn 0.37676148 0.72019568 -0.58255383
vn -0.91002996 -0.27907019 -0.30653759
vn -0.94164567 -0.15821269 -0.29710633
vn -0.95941432 0.05963519 -0.27562259
vn -0.92814820 0.27094889 -0.25520115
vn -0.85061878 0.46824922 -0.23914505
vn -0.73120732 0.64282400 -0.22828308
vn -0.57608843 0.78642967 -0.22282392
vn -0.39302353 0.89213095 -0.22278884
vn -0.19107861 0.95466044 -0.22828141
vn 0.01977634 0.97078174 -0.23914788
vn 0.22940848 0.93927136 -0.25522748
vn 0.42805977 0.86069727 -0.27561756
vn -0.94324615 -0.29337775 -0.15561551
vn -0.95656599 -0.22672777 -0.18323764
vn -0.97282062 -0.03341824 -0.22913590
vn -0.94760277 0.16849310 -0.27140204
vn -0.88048538 0.36333359 -0.30452291
vn -0.77484891 0.54049293 -0.32783619
vn -0.63569174 0.69221381 -0.34166657
vn -0.46907925 0.81248064 -0.34617894
vn -0.28162989 0.89668036 -0.34153907
vn -0.08066319 0.94131475 -0.32774990
vn 0.12558620 0.94420032 -0.30448950
vn 0.32786892 0.90489745 -0.27140849
vn 0.51535307 0.82576731 -0.22917146
vn -0.13470950 0.08227811 -0.98746325
vn -0.25529066 0.15595129 -0.95420432
vn -0.14331789 0.06265549 -0.98769139
vn -0.27179970 0.11880909 -0.95499179
vn -0.15488490 0.02175985 -0.98769286
vn -0.29374282 0.04129153 -0.95499223
vn -0.15503738 -0.02069230 -0.98769187
vn -0.29401759 -0.03927791 -0.95499262
vn -0.15216629 -0.04196351 -0.98746366
vn -0.28840259 -0.07953226 -0.95420049
vn -0.57366502 -0.07663334 -0.81549725
vn -0.56139980 -0.15479344 -0.81293865
vn -0.79715982 -0.10651198 -0.59429910
vn -0.77784031 -0.21448836 -0.59072769
vn -0.94136668 -0.12577000 -0.31306657
vn -0.91639104 -0.25269660 -0.31043821
vn -0.97899226 -0.13080493 -0.15641044
vn -0.95237380 -0.26261546 -0.15497502
vn -0.49694395 0.30360461 -0.81293970
vn -0.53029571 0.23185154 -0.81549453
vn -0.57313928 0.08056882 -0.81548760
vn -0.68854471 0.42064652 -0.59073064
vn -0.73689287 0.32216351 -0.59430596
vn -0.79640845 0.11194561 -0.59430780
vn -0.81120390 0.49557280 -0.31041236
vn -0.87019750 0.38045383 -0.31306741
vn -0.94048363 0.13220961 -0.31306733
vn -0.84303665 0.51504484 -0.15497746
vn -0.90497998 0.39564833 -0.15644053
vn -0.97807604 0.13748844 -0.15641034
vn -0.15573810 -0.01690776 -0.98765367
vn -0.31230787 -0.03390765 -0.94937562
vn -0.15616669 -0.00863720 -0.98769295
vn -0.31327649 -0.01733499 -0.94950373
vn -0.15622728 0.00787358 -0.98768975
vn -0.31336710 0.01577788 -0.94950098
vn -0.15451838 0.02429293 -0.98769121
vn -0.30994916 0.04876875 -0.94950151
vn -0.30305428 0.08118039 -0.94950927
vn -0.14597319 0.05618546 -0.98769177
vn -0.29279959 0.11270650 -0.94950811
vn -0.13922819 0.07129238 -0.98769069
vn -0.27927882 0.14298091 -0.94950503
vn -0.13092719 0.08557537 -0.98769172
vn -0.26261586 0.17166899 -0.94950654
vn -0.12637959 0.09250311 -0.98765954
vn -0.25348968 0.18552379 -0.94938080
vn -0.49484032 0.32347405 -0.80653431
vn -0.47750466 0.34947602 -0.80613635
vn -0.67868849 0.44362858 -0.58529960
vn -0.65461706 0.47909810 -0.58475765
vn -0.79650019 0.52063347 -0.30745445
vn -0.76797479 0.56206449 -0.30708018
vn -0.82674249 0.54040864 -0.15638208
vn -0.79706284 0.58333877 -0.15622649
vn -0.58826355 -0.06387759 -0.80614245
vn -0.59027734 -0.03268660 -0.80653843
vn -0.59045064 0.02975574 -0.80652504
vn -0.58401236 0.09189257 -0.80652670
vn -0.57108186 0.15299424 -0.80650993
vn -0.55172241 0.21241194 -0.80652560
vn -0.52623497 0.26944984 -0.80651940
vn -0.80645717 -0.08758889 -0.58476920
vn -0.80957989 -0.04483270 -0.58529517
vn -0.80976819 0.04080407 -0.58532940
vn -0.80095615 0.12604571 -0.58530481
vn -0.78320075 0.20984621 -0.58528724
vn -0.75668689 0.29130320 -0.58529258
vn -0.72171821 0.36952636 -0.58529744
vn -0.94611918 -0.10275750 -0.30708205
vn -0.95010984 -0.05261442 -0.30744597
vn -0.95034756 0.04788501 -0.30748421
vn -0.93999522 0.14792709 -0.30745172
vn -0.91913801 0.24625698 -0.30747816
vn -0.88801798 0.34187619 -0.30748129
vn -0.84699506 0.43367555 -0.30744899
vn -0.98194984 -0.10666404 -0.15619635
vn -0.98617036 -0.05462961 -0.15647248
vn -0.98644010 0.04971564 -0.15641061
vn -0.97569461 0.15354134 -0.15634923
vn -0.95403323 0.25562962 -0.15644196
vn -0.92173697 0.35487571 -0.15641030
vn -0.87915294 0.45015112 -0.15637802
vn -0.11078309 0.11243078 -0.98746465
vn -0.20999949 0.21308158 -0.95419938
vn -0.12390769 0.09546355 -0.98769104
vn -0.23499338 0.18103619 -0.95498901
vn -0.14502690 0.05859642 -0.98769107
vn -0.27503550 0.11108820 -0.95499471
vn -0.15543439 0.01736508 -0.98769358
vn -0.29478157 0.03296005 -0.95499605
vn -0.15781189 -0.00390668 -0.98746147
vn -0.29908337 -0.00741631 -0.95419816
vn -0.57519852 0.06436506 -0.81547765
vn -0.58217895 -0.01443566 -0.81293252
vn -0.79926038 0.08942029 -0.59429526
vn -0.80662212 -0.01999020 -0.59072934
vn -0.94384209 0.10559690 -0.31306773
vn -0.95030114 -0.02356074 -0.31043941
vn -0.98156539 0.10983924 -0.15641203
vn -0.98760449 -0.02450703 -0.15503797
vn -0.40877102 0.41478297 -0.81293378
vn -0.45846389 0.35320192 -0.81551166
vn -0.53664114 0.21677422 -0.81549079
vn -0.56637656 0.57467757 -0.59073114
vn -0.63709624 0.49078517 -0.59433853
vn -0.74571027 0.30125648 -0.59427327
vn -0.66726988 0.67703588 -0.31044054
vn -0.75236083 0.57962182 -0.31303630
vn -0.88059502 0.35572930 -0.31306400
vn -0.69345364 0.70361648 -0.15506741
vn -0.78242231 0.60278587 -0.15641137
vn -0.91577618 0.36994820 -0.15650020
vn -0.26582527 0.96402123 -0.00000030
vn -0.13242160 0.99119348 -0.00000031
vn 0.13919909 0.99026442 -0.00000031
vn 0.40059789 0.91625397 -0.00000029
vn 0.52133278 0.85335346 -0.00000027
vn 0.59060789 0.80695869 -0.00000025
vn 0.54714158 0.83704008 -0.00000026
vn 0.45577496 0.89009504 -0.00000028
vn 0.35930425 0.93322048 -0.00000029
vn 0.25880219 0.96593034 -0.00000030
vn 0.15543440 0.98784622 -0.00000031
vn 0.05032575 0.99873286 -0.00000031
vn -0.05530095 0.99846973 -0.00000031
vn -0.10797589 0.99415351 -0.00000031
vn -0.02481222 0.99969213 -0.00000031
vn -0.02478170 0.99969289 -0.00000031
vn 0.11118179 0.99380009 -0.00000031
vn 0.37456144 0.92720210 -0.00000029
vn 0.61028730 0.79218017 -0.00000025
vn 0.71223062 0.70194554 -0.00000022
vn 0.73465599 0.67843981 -0.00000021
vn 0.66046209 0.75085939 -0.00000024
vn 0.66044491 0.75087451 -0.00000024
vn 0.49157351 0.87083608 -0.00000027
vn 0.30162351 0.95342711 -0.00000030
vn 0.09873007 0.99511425 -0.00000031
vn -0.10837449 0.99411014 -0.00000031
vn -0.31083908 0.95046255 -0.00000030
vn -0.49998925 0.86603161 -0.00000027
vn -0.66770256 0.74442816 -0.00000023
vn -0.66768739 0.74444177 -0.00000023
vn -0.80673860 0.59090848 -0.00000019
vn -0.91116848 0.41203399 -0.00000013
vn -0.97651198 0.21546310 -0.00000007
vn -0.99995320 0.00967449 -0.00000000
vn -0.98050078 -0.19651518 0.00000006
vn -0.95487446 -0.29700969 0.00000009
vn -0.96402123 -0.26582527 0.00000008
vn -0.99119348 -0.13242160 0.00000004
vn -0.99026442 0.13919909 -0.00000004
vn -0.91625397 0.40059789 -0.00000013
vn -0.85335346 0.52133278 -0.00000016
vn -0.80695869 0.59060789 -0.00000019
vn -0.83704008 0.54714158 -0.00000017
vn -0.89009504 0.45577496 -0.00000014
vn -0.93322048 0.35930425 -0.00000011
vn -0.96593034 0.25880219 -0.00000008
vn -0.98784622 0.15543440 -0.00000005
vn -0.99873286 0.05032575 -0.00000002
vn -0.99846973 -0.05530095 0.00000002
vn -0.99415351 -0.10797589 0.00000003
vn -0.99969289 -0.02478170 0.00000001
vn -0.99380009 0.11118179 -0.00000003
vn -0.92720210 0.37456144 -0.00000012
vn -0.79218017 0.61028730 -0.00000019
vn -0.70194554 0.71223062 -0.00000022
vn -0.67843981 0.73465599 -0.00000023
vn -0.75087451 0.66044491 -0.00000021
vn -0.75085939 0.66046209 -0.00000021
vn -0.87083608 0.49157351 -0.00000015
vn -0.95342711 0.30162351 -0.00000009
vn -0.99511425 0.09873007 -0.00000003
vn -0.99411014 -0.10837449 0.00000003
vn -0.95046255 -0.31083908 0.00000010
vn -0.86603161 -0.49998925 0.00000016
vn -0.74444177 -0.66768739 0.00000021
vn -0.59090848 -0.80673860 0.00000025
vn -0.41203399 -0.91116848 0.00000029
vn -0.21546310 -0.97651198 0.00000031
vn -0.00967449 -0.99995320 0.00000031
vn 0.19651518 -0.98050078 0.00000031
vn 0.29700969 -0.95487446 0.00000030
vn -0.69345699 0.70361981 0.15503728
vn -0.66726988 0.67703607 0.31044012
vn -0.78243671 0.60276655 0.15641381
vn -0.75236083 0.57962202 0.31303594
vn -0.91578053 0.36995010 0.15647027
vn -0.88059502 0.35572950 0.31306378
vn -0.98156399 0.10980873 0.15644225
vn -0.94384209 0.10559709 0.31306766
vn -0.98760991 -0.02447653 0.15500831
vn -0.95030114 -0.02356054 0.31043943
vn -0.79926038 0.08942066 0.59429521
vn -0.80662212 -0.01998983 0.59072935
vn -0.57519852 0.06436557 0.81547761
vn -0.58217895 -0.01443515 0.81293253
vn -0.29478157 0.03296065 0.95499603
vn -0.29908337 -0.00741571 0.95419817
vn -0.15543429 0.01739622 0.98769305
vn -0.15781189 -0.00390606 0.98746147
vn -0.56637656 0.57467794 0.59073078
vn -0.63709832 0.49081759 0.59430954
vn -0.74570362 0.30122364 0.59429827
vn -0.40877617 0.41475823 0.81294382
vn -0.45846389 0.35320243 0.81551144
vn -0.53664114 0.21677473 0.81549065
vn -0.20999949 0.21308218 0.95419924
vn -0.23499338 0.18103679 0.95498890
vn -0.27503550 0.11108880 0.95499464
vn -0.11078309 0.11243140 0.98746458
vn -0.12390769 0.09546417 0.98769098
vn -0.14502721 0.05856664 0.98769279
vn -0.12640968 0.09250337 0.98765567
vn -0.25348968 0.18552439 0.94938068
vn -0.13092719 0.08557599 0.98769166
vn -0.26261586 0.17166959 0.94950643
vn -0.13922819 0.07129300 0.98769065
vn -0.27927882 0.14298150 0.94950494
vn -0.14597319 0.05618608 0.98769173
vn -0.29279959 0.11270710 0.94950803
vn -0.15109998 0.04046864 0.98768977
vn -0.30305428 0.08118098 0.94950922
vn -0.15451838 0.02429355 0.98769119
vn -0.30994916 0.04876934 0.94950148
vn -0.15622728 0.00787420 0.98768975
vn -0.31336710 0.01577848 0.94950097
vn -0.15616669 -0.00863658 0.98769296
vn -0.31327649 -0.01733439 0.94950375
vn -0.15573810 -0.01690714 0.98765368
vn -0.31230787 -0.03390705 0.94937564
vn -0.59027734 -0.03268610 0.80653845
vn -0.58828348 -0.06387590 0.80612804
vn -0.80957989 -0.04483234 0.58529520
vn -0.80647159 -0.08759009 0.58474913
vn -0.95010690 -0.05261572 0.30745481
vn -0.94612806 -0.10275830 0.30705443
vn -0.98617036 -0.05462951 0.15647251
vn -0.98195452 -0.10666445 0.15616662
vn -0.47750466 0.34947653 0.80613613
vn -0.49486336 0.32346972 0.80652191
vn -0.52623497 0.26945035 0.80651923
vn -0.55173598 0.21241764 0.80651482
vn -0.57106790 0.15299105 0.80652043
vn -0.58401236 0.09189308 0.80652665
vn -0.59045064 0.02975625 0.80652502
vn -0.65461706 0.47909847 0.58475735
vn -0.67868849 0.44362895 0.58529932
vn -0.72171821 0.36952673 0.58529721
vn -0.75668689 0.29130356 0.58529240
vn -0.78321476 0.20985027 0.58526703
vn -0.80095926 0.12601608 0.58530694
vn -0.80976819 0.04080444 0.58532937
vn -0.76798207 0.56206983 0.30705220
vn -0.79650019 0.52063366 0.30745412
vn -0.84697850 0.43368284 0.30748433
vn -0.88801798 0.34187638 0.30748108
vn -0.91913801 0.24625718 0.30747800
vn -0.93999947 0.14789739 0.30745303
vn -0.95034756 0.04788520 0.30748418
vn -0.79707050 0.58334433 0.15616662
vn -0.82674249 0.54040874 0.15638174
vn -0.87914179 0.45016117 0.15641174
vn -0.92173697 0.35487581 0.15641007
vn -0.95403778 0.25563096 0.15641201
vn -0.97569919 0.15351163 0.15634983
vn -0.98643539 0.04971550 0.15644039
vn -0.15216629 -0.04196289 0.98746369
vn -0.28840259 -0.07953166 0.95420054
vn -0.15503738 -0.02069168 0.98769189
vn -0.29401759 -0.03927731 0.95499264
vn -0.15491471 0.02176035 0.98768817
vn -0.29374282 0.04129213 0.95499221
vn -0.14331789 0.06265611 0.98769135
vn -0.27179970 0.11880969 0.95499172
vn -0.13470950 0.08227873 0.98746319
vn -0.25529066 0.15595189 0.95420422
vn -0.53029571 0.23185205 0.81549438
vn -0.49694395 0.30360512 0.81293951
vn -0.73689287 0.32216388 0.59430576
vn -0.68854471 0.42064689 0.59073037
vn -0.87019750 0.38045402 0.31306718
vn -0.81119621 0.49556833 0.31043959
vn -0.90497998 0.39564843 0.15644028
vn -0.84303261 0.51504259 0.15500691
vn -0.56139980 -0.15479293 0.81293875
vn -0.57366502 -0.07663283 0.81549730
vn -0.57313928 0.08056933 0.81548755
vn -0.77784031 -0.21448799 0.59072782
vn -0.79716242 -0.10648140 0.59430110
vn -0.79640845 0.11194598 0.59430773
vn -0.91639104 -0.25269641 0.31043837
vn -0.94136668 -0.12576980 0.31306664
vn -0.94048363 0.13220980 0.31306725
vn -0.95237380 -0.26261536 0.15497518
vn -0.97898759 -0.13080425 0.15644024
vn -0.97807604 0.13748854 0.15641025
vn 0.11475189 0.10770230 0.98753846
vn 0.23393257 0.21952766 0.94714474
vn 0.10141509 0.11908600 0.98769100
vn 0.20683049 0.24287428 0.94775167
vn 0.07248318 0.13858811 0.98769404
vn 0.14786669 0.28267150 0.94775116
vn 0.03998004 0.15122259 0.98769091
vn 0.08154748 0.30842817 0.94774579
vn 0.00546288 0.15631940 0.98769145
vn 0.01116979 0.31879815 0.94775681
vn -0.02929830 0.15366381 0.98768874
vn -0.05972647 0.31337360 0.94774983
vn -0.06262510 0.14334840 0.98768889
vn -0.12769310 0.29234557 0.94774920
vn -0.09280889 0.12589199 0.98769313
vn -0.18927899 0.25672636 0.94776845
vn -0.11841450 0.10217861 0.98769304
vn -0.24150128 0.20841838 0.94775467
vn -0.13812950 0.07339878 0.98769067
vn -0.28168726 0.14969438 0.94775729
vn -0.15097779 0.04095686 0.98768833
vn -0.30784288 0.08356069 0.94776071
vn -0.15628830 0.00650085 0.98769009
vn -0.31871678 0.01324582 0.94775744
vn -0.15384680 -0.02829085 0.98768962
vn -0.31373218 -0.05768000 0.94775795
vn -0.15064259 -0.04553424 0.98753908
vn -0.30705067 -0.09283815 0.94715414
vn -0.58514822 -0.10758064 0.80375865
vn -0.57181528 -0.17286274 0.80196369
vn -0.79939273 -0.14698091 0.58255289
vn -0.77967095 -0.23569869 0.58013734
vn -0.94164567 -0.15821251 0.29710643
vn -0.91002996 -0.27907000 0.30653776
vn -0.95656599 -0.22672765 0.18323779
vn -0.94324615 -0.29337766 0.15561569
vn 0.43563115 0.40877450 0.80195318
vn 0.38576058 0.45296372 0.80374912
vn 0.27577177 0.52718952 0.80375440
vn 0.15210719 0.57519377 0.80375092
vn 0.02084499 0.59461739 0.80373854
vn -0.11142509 0.58444030 0.80374995
vn -0.23817379 0.54519975 0.80376021
vn -0.35307558 0.47887554 0.80375111
vn -0.45040507 0.38872563 0.80375846
vn -0.52536161 0.27922260 0.80375986
vn -0.57418681 0.15586135 0.80375167
vn -0.59445136 0.02472073 0.80375149
vn 0.59396897 0.55734585 0.58014349
vn 0.52700965 0.61878172 0.58255472
vn 0.37676148 0.72019605 0.58255338
vn 0.20777659 0.78578501 0.58255541
vn 0.02847433 0.81229694 0.58254862
vn -0.15219809 0.79837643 0.58260691
vn -0.32536168 0.74481321 0.58257451
vn -0.48235908 0.65421404 0.58252357
vn -0.61533085 0.53103666 0.58255302
vn -0.71772057 0.38145996 0.58255084
vn -0.78440619 0.21293308 0.58255165
vn -0.81208982 0.03378510 0.58255360
vn 0.69669328 0.64856459 0.30656558
vn 0.60784827 0.73636421 0.29713336
vn 0.42803485 0.86070869 0.27562060
vn 0.22940848 0.93927152 0.25522689
vn 0.01977634 0.97078189 0.23914727
vn -0.19107861 0.95466059 0.22828081
vn -0.39302353 0.89213109 0.22278828
vn -0.57608456 0.78642440 0.22285253
vn -0.73120732 0.64282414 0.22828268
vn -0.85061878 0.46824937 0.23914476
vn -0.92814097 0.27094691 0.25522953
vn -0.95941432 0.05963536 0.27562256
vn 0.72570901 0.67016469 0.15564617
vn 0.67464936 0.71502590 0.18326536
vn 0.51535307 0.82576746 0.22917094
vn 0.32786892 0.90489762 0.27140792
vn 0.12558620 0.94420051 0.30448891
vn -0.08066235 0.94130553 0.32777658
vn -0.28162989 0.89668058 0.34153850
vn -0.46907925 0.81248086 0.34617843
vn -0.63570993 0.69220063 0.34165944
vn -0.77484891 0.54049313 0.32783585
vn -0.88048538 0.36333378 0.30452268
vn -0.94759966 0.16849818 0.27140974
vn -0.97282062 -0.03341810 0.22913592
vn -0.00390637 0.15781220 0.98746142
vn -0.00741601 0.29908367 0.95419807
vn 0.01739585 0.15546440 0.98768831
vn 0.03296035 0.29478187 0.95499595
vn 0.05856633 0.14502752 0.98769277
vn 0.11108850 0.27503580 0.95499458
vn 0.09546386 0.12390800 0.98769097
vn 0.18100698 0.23499497 0.95499416
vn 0.11243109 0.11078340 0.98746458
vn 0.21308188 0.20999979 0.95419925
vn 0.35320218 0.45846414 0.81551140
vn 0.41475797 0.40877643 0.81294382
vn 0.49080861 0.63708688 0.59432922
vn 0.57467776 0.56637675 0.59073078
vn 0.57962192 0.75236093 0.31303588
vn 0.67703596 0.66726996 0.31044020
vn 0.60275215 0.78244856 0.15641005
vn 0.70361976 0.69345704 0.15503729
vn -0.01443541 0.58217920 0.81293234
vn 0.06433492 0.57519993 0.81547903
vn 0.21677448 0.53664140 0.81549055
vn -0.01999002 0.80662230 0.59072909
vn 0.08942048 0.79926056 0.59429498
vn 0.30122898 0.74571737 0.59427831
vn -0.02356064 0.95030124 0.31043912
vn 0.10559699 0.94384219 0.31306740
vn 0.35572940 0.88059512 0.31306361
vn -0.02447646 0.98760528 0.15503780
vn 0.10980918 0.98156873 0.15641217
vn 0.36995005 0.91578058 0.15647010
vn 0.09250306 0.12640999 0.98765566
vn 0.18552409 0.25348998 0.94938066
vn 0.08557568 0.13092750 0.98769165
vn 0.17166929 0.26261616 0.94950640
vn 0.07129269 0.13922850 0.98769063
vn 0.14298120 0.27927912 0.94950490
vn 0.05618577 0.14597350 0.98769170
vn 0.11270680 0.29279989 0.94950798
vn 0.04046833 0.15110029 0.98768974
vn 0.08118068 0.30305458 0.94950915
vn 0.02429324 0.15451869 0.98769115
vn 0.04876905 0.30994946 0.94950140
vn 0.00787389 0.15622759 0.98768970
vn 0.01577818 0.31336740 0.94950088
vn -0.00863689 0.15616700 0.98769290
vn -0.01733469 0.31327678 0.94950364
vn -0.01690757 0.15570861 0.98765832
vn -0.03390735 0.31230817 0.94937553
vn -0.03268635 0.59027760 0.80653826
vn -0.06387615 0.58828373 0.80612784
vn -0.04483252 0.80958007 0.58529493
vn -0.08759027 0.80647177 0.58474885
vn -0.05261582 0.95010700 0.30745449
vn -0.10275740 0.94611928 0.30708179
vn -0.05462956 0.98617040 0.15647219
vn -0.10666350 0.98194520 0.15622588
vn 0.34947628 0.47750491 0.80613609
vn 0.32347430 0.49484057 0.80653406
vn 0.26945009 0.52623523 0.80651915
vn 0.21241739 0.55173623 0.80651472
vn 0.15299079 0.57106815 0.80652029
vn 0.09189283 0.58401261 0.80652649
vn 0.02975600 0.59045090 0.80652484
vn 0.47909828 0.65461725 0.58475729
vn 0.44362876 0.67868867 0.58529925
vn 0.36952654 0.72171839 0.58529710
vn 0.29130338 0.75668707 0.58529225
vn 0.20985009 0.78321495 0.58526685
vn 0.12601590 0.80095944 0.58530673
vn 0.04080426 0.80976836 0.58532915
vn 0.56206458 0.76797489 0.30707976
vn 0.52063357 0.79650029 0.30745403
vn 0.43368275 0.84697860 0.30748420
vn 0.34187628 0.88801807 0.30748091
vn 0.24625710 0.91913812 0.30747773
vn 0.14789729 0.93999956 0.30745278
vn 0.04788511 0.95034766 0.30748390
vn 0.58334160 0.79706667 0.15619634
vn 0.54040869 0.82674254 0.15638165
vn 0.45016112 0.87914184 0.15641160
vn 0.35487578 0.92173701 0.15640990
vn 0.25562967 0.95403328 0.15644158
vn 0.15354138 0.97569466 0.15634887
vn 0.04971569 0.98644015 0.15641028
vn -0.04196320 0.15216660 0.98746363
vn -0.07953196 0.28840289 0.95420042
vn -0.02069199 0.15503769 0.98769183
vn -0.03927761 0.29401789 0.95499254
vn 0.02176004 0.15491502 0.98768813
vn 0.04129183 0.29374312 0.95499213
vn 0.06265580 0.14331820 0.98769132
vn 0.11880939 0.27180000 0.95499167
vn 0.08227842 0.13470981 0.98746318
vn 0.15595159 0.25529096 0.95420419
vn 0.23185179 0.53029597 0.81549429
vn 0.30360486 0.49694420 0.81293945
vn 0.32216370 0.73689305 0.59430563
vn 0.42064672 0.68854488 0.59073030
vn 0.38045392 0.87019759 0.31306702
vn 0.49556823 0.81119631 0.31043950
vn 0.39564838 0.90498003 0.15644012
vn 0.51501762 0.84304195 0.15503911
vn -0.15479310 0.56140008 0.81293853
vn -0.07663309 0.57366528 0.81549710
vn 0.08057050 0.57311901 0.81550168
vn -0.21448817 0.77784049 0.59072751
vn -0.10651179 0.79716001 0.59429888
vn 0.11194580 0.79640864 0.59430751
vn -0.25269651 0.91639114 0.31043801
vn -0.12576990 0.94136678 0.31306631
vn 0.13220970 0.94048373 0.31306699
vn -0.26261417 0.95236935 0.15500459
vn -0.13080488 0.97899231 0.15641017
vn 0.13748778 0.97807142 0.15643977
vn 0.10770199 -0.11475158 0.98753853
vn 0.21952101 -0.23392552 0.94714802
vn 0.11908569 -0.10141478 0.98769107
vn 0.24287398 -0.20683019 0.94775182
vn 0.13858749 -0.07251320 0.98769193
vn 0.28266300 -0.14786211 0.94775441
vn 0.15122228 -0.03997973 0.98769097
vn 0.30840026 -0.08154797 0.94775482
vn 0.15631909 -0.00546257 0.98769150
vn 0.31879785 -0.01116949 0.94775692
vn 0.15366350 0.02929861 0.98768878
vn 0.31337330 0.05972677 0.94774991
vn 0.14334809 0.06262541 0.98768891
vn 0.29234528 0.12769340 0.94774925
vn 0.12589168 0.09280920 0.98769314
vn 0.25672606 0.18927928 0.94776848
vn 0.10217830 0.11841481 0.98769303
vn 0.20841210 0.24149470 0.94775772
vn 0.07339847 0.13812981 0.98769065
vn 0.14969409 0.28168756 0.94775725
vn 0.04095655 0.15097810 0.98768830
vn 0.08356039 0.30784318 0.94776064
vn 0.00650054 0.15628861 0.98769004
vn 0.01324510 0.31870781 0.94776047
vn -0.02829116 0.15384711 0.98768957
vn -0.05768030 0.31373248 0.94775784
vn -0.04553455 0.15064290 0.98753902
vn -0.09280736 0.30707941 0.94714784
vn -0.10758089 0.58514848 0.80375843
vn -0.17286300 0.57181553 0.80196346
vn -0.14698109 0.79939292 0.58255260
vn -0.23569887 0.77967113 0.58013702
vn -0.15821260 0.94164576 0.29710609
vn -0.27907010 0.91003006 0.30653739
vn -0.22672902 0.95657139 0.18320791
vn -0.29337771 0.94324620 0.15561531
vn 0.40877425 -0.43563090 0.80195345
vn 0.45296347 -0.38576032 0.80374938
vn 0.52718927 -0.27577152 0.80375465
vn 0.57519351 -0.15210694 0.80375114
vn 0.59460249 -0.02084420 0.80374958
vn 0.58444005 0.11142534 0.80375010
vn 0.54519950 0.23817404 0.80376031
vn 0.47887529 0.35307583 0.80375115
vn 0.38872538 0.45040532 0.80375844
vn 0.27922234 0.52536186 0.80375979
vn 0.15586110 0.57418706 0.80375154
vn 0.02472048 0.59445162 0.80375131
vn 0.55734567 -0.59396878 0.58014385
vn 0.61880035 -0.52699948 0.58254414
vn 0.72019586 -0.37676130 0.58255372
vn 0.78578483 -0.20777640 0.58255572
vn 0.81229675 -0.02847415 0.58254889
vn 0.79837625 0.15219828 0.58260711
vn 0.74481303 0.32536186 0.58257464
vn 0.65421386 0.48235926 0.58252363
vn 0.53103647 0.61533103 0.58255299
vn 0.38145977 0.71772076 0.58255073
vn 0.21293290 0.78440637 0.58255148
vn 0.03378491 0.81209000 0.58255336
vn 0.64856449 -0.69669318 0.30656600
vn 0.73637080 -0.60785367 0.29710598
vn 0.86070861 -0.42803476 0.27562101
vn 0.93927876 -0.22941012 0.25519875
vn 0.97078182 -0.01977626 0.23914758
vn 0.95466052 0.19107868 0.22828105
vn 0.89213711 0.39302622 0.22275945
vn 0.78642433 0.57608463 0.22285259
vn 0.64282407 0.73120739 0.22828265
vn 0.46826138 0.85061044 0.23915092
vn 0.27094897 0.92814828 0.25520077
vn 0.05963355 0.95941683 0.27561418
vn 0.67016464 -0.72570896 0.15564661
vn 0.71502585 -0.67464931 0.18326579
vn 0.82576738 -0.51535300 0.22917136
vn 0.90489754 -0.32786883 0.27140831
vn 0.94420920 -0.12558720 0.30446154
vn 0.94130543 0.08066246 0.32777685
vn 0.89668047 0.28163000 0.34153870
vn 0.81247219 0.46907440 0.34620534
vn 0.69220772 0.63571663 0.34163262
vn 0.54049840 0.77485682 0.32780848
vn 0.36333369 0.88048547 0.30452252
vn 0.16849319 0.94760285 0.27140169
vn -0.03341817 0.97282069 0.22913560
vn 0.15781189 0.00390668 0.98746147
vn 0.29908337 0.00741631 0.95419816
vn 0.15543429 -0.01739560 0.98769306
vn 0.29478157 -0.03296005 0.95499605
vn 0.14502721 -0.05856602 0.98769283
vn 0.27503550 -0.11108820 0.95499471
vn 0.12390769 -0.09546355 0.98769104
vn 0.23499338 -0.18103619 0.95498901
vn 0.11078309 -0.11243078 0.98746465
vn 0.20999949 -0.21308158 0.95419938
vn 0.45848797 -0.35319692 0.81550028
vn 0.40877617 -0.41475772 0.81294408
vn 0.63709832 -0.49081722 0.59430985
vn 0.56637656 -0.57467757 0.59073114
vn 0.75236083 -0.57962182 0.31303630
vn 0.66726988 -0.67703588 0.31044054
vn 0.78243671 -0.60276645 0.15641419
vn 0.69345699 -0.70361971 0.15503773
vn 0.58217895 0.01443566 0.81293252
vn 0.57519852 -0.06436506 0.81547765
vn 0.53664114 -0.21677422 0.81549079
vn 0.80662212 0.01999020 0.59072934
vn 0.79926038 -0.08942029 0.59429526
vn 0.74570362 -0.30122327 0.59429846
vn 0.95030114 0.02356074 0.31043941
vn 0.94384209 -0.10559690 0.31306773
vn 0.88059502 -0.35572930 0.31306400
vn 0.98760991 0.02447663 0.15500829
vn 0.98156399 -0.10980864 0.15644232
vn 0.91578053 -0.36995001 0.15647051
vn 0.12640968 -0.09250275 0.98765573
vn 0.25348968 -0.18552379 0.94938080
vn 0.13092719 -0.08557537 0.98769172
vn 0.26261586 -0.17166899 0.94950654
vn 0.13922819 -0.07129238 0.98769069
vn 0.27927882 -0.14298091 0.94950503
vn 0.14597319 -0.05618546 0.98769177
vn 0.29279959 -0.11270650 0.94950811
vn 0.15109998 -0.04046802 0.98768980
vn 0.30305428 -0.08118039 0.94950927
vn 0.15451838 -0.02429293 0.98769121
vn 0.30994916 -0.04876875 0.94950151
vn 0.15622728 -0.00787358 0.98768975
vn 0.31336710 -0.01577788 0.94950098
vn 0.15616669 0.00863720 0.98769295
vn 0.31327649 0.01733499 0.94950373
vn 0.15573810 0.01690776 0.98765367
vn 0.31230787 0.03390765 0.94937562
vn 0.59027734 0.03268660 0.80653843
vn 0.58828348 0.06387640 0.80612800
vn 0.80957989 0.04483270 0.58529517
vn 0.80647159 0.08759045 0.58474908
vn 0.95010690 0.05261592 0.30745477
vn 0.94612806 0.10275850 0.30705437
vn 0.98617036 0.05462961 0.15647248
vn 0.98195452 0.10666454 0.15616656
vn 0.47750466 -0.34947602 0.80613635
vn 0.49486336 -0.32346921 0.80652212
vn 0.52623497 -0.26944984 0.80651940
vn 0.55173598 -0.21241713 0.80651496
vn 0.57106790 -0.15299054 0.80652052
vn 0.58401236 -0.09189257 0.80652670
vn 0.59045064 -0.02975574 0.80652504
vn 0.65461706 -0.47909810 0.58475765
vn 0.67868849 -0.44362858 0.58529960
vn 0.72171821 -0.36952636 0.58529744
vn 0.75668689 -0.29130320 0.58529258
vn 0.78321476 -0.20984991 0.58526716
vn 0.80095926 -0.12601571 0.58530702
vn 0.80976819 -0.04080407 0.58532940
vn 0.76798207 -0.56206963 0.30705256
vn 0.79650019 -0.52063347 0.30745445
vn 0.84697850 -0.43368265 0.30748461
vn 0.88801798 -0.34187619 0.30748129
vn 0.91913801 -0.24625698 0.30747816
vn 0.93999947 -0.14789720 0.30745312
vn 0.95034756 -0.04788501 0.30748421
vn 0.79707050 -0.58334423 0.15616699
vn 0.82674249 -0.54040864 0.15638208
vn 0.87914179 -0.45016107 0.15641202
vn 0.92173697 -0.35487571 0.15641030
vn 0.95403778 -0.25563086 0.15641217
vn 0.97569919 -0.15351153 0.15634993
vn 0.98643539 -0.04971540 0.15644042
vn 0.15216629 0.04196351 0.98746366
vn 0.28840259 0.07953226 0.95420049
vn 0.15503738 0.02069230 0.98769187
vn 0.29401759 0.03927791 0.95499262
vn 0.15491471 -0.02175973 0.98768818
vn 0.29374282 -0.04129153 0.95499223
vn 0.14331789 -0.06265549 0.98769139
vn 0.27179970 -0.11880909 0.95499179
vn 0.13470950 -0.08227811 0.98746325
vn 0.25529066 -0.15595129 0.95420432
vn 0.53029571 -0.23185154 0.81549453
vn 0.49694395 -0.30360461 0.81293970
vn 0.73689287 -0.32216351 0.59430596
vn 0.68854471 -0.42064652 0.59073064
vn 0.87019750 -0.38045383 0.31306741
vn 0.81119621 -0.49556814 0.31043991
vn 0.90497998 -0.39564833 0.15644053
vn 0.84303261 -0.51504249 0.15500724
vn 0.56139980 0.15479344 0.81293865
vn 0.57366502 0.07663334 0.81549725
vn 0.57313928 -0.08056882 0.81548760
vn 0.77784031 0.21448836 0.59072769
vn 0.79716242 0.10648178 0.59430103
vn 0.79640845 -0.11194561 0.59430780
vn 0.91639104 0.25269660 0.31043821
vn 0.94136668 0.12577000 0.31306657
vn 0.94048363 -0.13220961 0.31306733
vn 0.95237380 0.26261546 0.15497502
vn 0.97898759 0.13080435 0.15644016
vn 0.97807604 -0.13748844 0.15641034
vn -0.11475189 -0.10770168 0.98753853
vn -0.23393257 -0.21952707 0.94714488
vn -0.10141509 -0.11908538 0.98769107
vn -0.20683049 -0.24287368 0.94775183
vn -0.07248318 -0.13858749 0.98769413
vn -0.14786669 -0.28267091 0.94775134
vn -0.03998004 -0.15122197 0.98769100
vn -0.08154748 -0.30842757 0.94774598
vn -0.00546288 -0.15631878 0.98769155
vn -0.01116979 -0.31879756 0.94775701
vn 0.02929830 -0.15366319 0.98768883
vn 0.05972647 -0.31337300 0.94775002
vn 0.06262510 -0.14334777 0.98768898
vn 0.12769310 -0.29234498 0.94774938
vn 0.09280889 -0.12589137 0.98769321
vn 0.18927899 -0.25672576 0.94776862
vn 0.11841450 -0.10217799 0.98769310
vn 0.24150128 -0.20841779 0.94775480
vn 0.13812950 -0.07339816 0.98769072
vn 0.28168726 -0.14969379 0.94775738
vn 0.15097779 -0.04095624 0.98768836
vn 0.30784288 -0.08356010 0.94776077
vn 0.15628830 -0.00650023 0.98769009
vn 0.31871678 -0.01324522 0.94775745
vn 0.15384680 0.02829147 0.98768960
vn 0.31373218 0.05768059 0.94775792
vn 0.15064259 0.04553486 0.98753906
vn 0.30705067 0.09283874 0.94715408
vn 0.58514822 0.10758114 0.80375858
vn 0.57181528 0.17286325 0.80196358
vn 0.79939273 0.14698127 0.58255280
vn 0.77967095 0.23569906 0.58013719
vn 0.94164567 0.15821269 0.29710633
vn 0.91002996 0.27907019 0.30653759
vn 0.95656599 0.22672777 0.18323764
vn 0.94324615 0.29337775 0.15561551
vn -0.43563115 -0.40877400 0.80195344
vn -0.38576058 -0.45296321 0.80374940
vn -0.27577177 -0.52718902 0.80375473
vn -0.15210719 -0.57519326 0.80375128
vn -0.02084499 -0.59461689 0.80373892
vn 0.11142509 -0.58443980 0.80375032
vn 0.23817379 -0.54519924 0.80376056
vn 0.35307558 -0.47887504 0.80375141
vn 0.45040507 -0.38872513 0.80375870
vn 0.52536161 -0.27922209 0.80376004
vn 0.57418681 -0.15586084 0.80375177
vn 0.59445136 -0.02472023 0.80375151
vn -0.59396897 -0.55734549 0.58014384
vn -0.52700965 -0.61878136 0.58255511
vn -0.37676148 -0.72019568 0.58255383
vn -0.20777659 -0.78578464 0.58255590
vn -0.02847433 -0.81229657 0.58254913
vn 0.15219809 -0.79837607 0.58260741
vn 0.32536168 -0.74481285 0.58257498
vn 0.48235908 -0.65421367 0.58252398
vn 0.61533085 -0.53103629 0.58255335
vn 0.71772057 -0.38145959 0.58255108
vn 0.78440619 -0.21293272 0.58255179
vn 0.81208982 -0.03378473 0.58255362
vn -0.69669328 -0.64856440 0.30656598
vn -0.60784827 -0.73636402 0.29713382
vn -0.42803485 -0.86070852 0.27562114
vn -0.22940848 -0.93927136 0.25522748
vn -0.01977634 -0.97078174 0.23914788
vn 0.19107861 -0.95466044 0.22828141
vn 0.39302353 -0.89213095 0.22278884
vn 0.57608456 -0.78642426 0.22285302
vn 0.73120732 -0.64282400 0.22828308
vn 0.85061878 -0.46824922 0.23914505
vn 0.92814097 -0.27094675 0.25522970
vn 0.95941432 -0.05963519 0.27562259
vn -0.72570901 -0.67016459 0.15564659
vn -0.67464936 -0.71502579 0.18326581
vn -0.51535307 -0.82576731 0.22917146
vn -0.32786892 -0.90489745 0.27140849
vn -0.12558620 -0.94420032 0.30448950
vn 0.08066235 -0.94130532 0.32777717
vn 0.28162989 -0.89668036 0.34153907
vn 0.46907925 -0.81248064 0.34617894
vn 0.63570993 -0.69220042 0.34165987
vn 0.77484891 -0.54049293 0.32783619
vn 0.88048538 -0.36333359 0.30452291
vn 0.94759966 -0.16849801 0.27140985
vn 0.97282062 0.03341824 0.22913590
vn 0.00390637 -0.15781158 0.98746152
vn 0.00741601 -0.29908307 0.95419826
vn -0.01739585 -0.15546378 0.98768841
vn -0.03296035 -0.29478127 0.95499613
vn -0.05856633 -0.14502690 0.98769286
vn -0.11108850 -0.27503520 0.95499476
vn -0.09546386 -0.12390738 0.98769105
vn -0.18100698 -0.23499437 0.95499430
vn -0.11243109 -0.11078278 0.98746465
vn -0.21308188 -0.20999919 0.95419938
vn -0.35320218 -0.45846363 0.81551169
vn -0.41475797 -0.40877592 0.81294408
vn -0.49080861 -0.63708651 0.59432962
vn -0.57467776 -0.56637638 0.59073113
vn -0.57962192 -0.75236073 0.31303635
vn -0.67703596 -0.66726976 0.31044062
vn -0.60275215 -0.78244846 0.15641054
vn -0.70361976 -0.69345694 0.15503772
vn 0.01443541 -0.58217869 0.81293271
vn -0.06433492 -0.57519942 0.81547939
vn -0.21677448 -0.53664088 0.81549089
vn 0.01999002 -0.80662193 0.59072960
vn -0.08942048 -0.79926019 0.59429549
vn -0.30122898 -0.74571700 0.59427877
vn 0.02356064 -0.95030105 0.31043972
vn -0.10559699 -0.94384199 0.31306799
vn -0.35572940 -0.88059493 0.31306416
vn 0.02447646 -0.98760518 0.15503842
vn -0.10980918 -0.98156863 0.15641278
vn -0.36995005 -0.91578048 0.15647068
vn -0.09250306 -0.12640937 0.98765574
vn -0.18552409 -0.25348939 0.94938082
vn -0.08557568 -0.13092688 0.98769173
vn -0.17166929 -0.26261556 0.94950657
vn -0.07129269 -0.13922788 0.98769072
vn -0.14298120 -0.27927852 0.94950507
vn -0.05618577 -0.14597288 0.98769179
vn -0.11270680 -0.29279929 0.94950816
vn -0.04046833 -0.15109967 0.98768983
vn -0.08118068 -0.30305398 0.94950934
vn -0.02429324 -0.15451807 0.98769125
vn -0.04876905 -0.30994887 0.94950160
vn -0.00787389 -0.15622697 0.98768980
vn -0.01577818 -0.31336680 0.94950108
vn 0.00863689 -0.15616638 0.98769300
vn 0.01733469 -0.31327619 0.94950384
vn 0.01690757 -0.15570799 0.98765842
vn 0.03390735 -0.31230758 0.94937573
vn 0.03268635 -0.59027709 0.80653863
vn 0.06387615 -0.58828322 0.80612821
vn 0.04483252 -0.80957970 0.58529544
vn 0.08759027 -0.80647141 0.58474936
vn 0.05261582 -0.95010681 0.30745509
vn 0.10275740 -0.94611909 0.30708238
vn 0.05462956 -0.98617031 0.15647280
vn 0.10666350 -0.98194510 0.15622650
vn -0.34947628 -0.47750440 0.80613639
vn -0.32347430 -0.49484007 0.80653437
vn -0.26945009 -0.52623472 0.80651948
vn -0.21241739 -0.55173572 0.80651506
vn -0.15299079 -0.57106764 0.80652065
vn -0.09189283 -0.58401210 0.80652686
vn -0.02975600 -0.59045039 0.80652521
vn -0.47909828 -0.65461688 0.58475771
vn -0.44362876 -0.67868830 0.58529967
vn -0.36952654 -0.72171803 0.58529755
vn -0.29130338 -0.75668670 0.58529273
vn -0.20985009 -0.78321458 0.58526734
vn -0.12601590 -0.80095907 0.58530723
vn -0.04080426 -0.80976800 0.58532965
vn -0.56206458 -0.76797469 0.30708024
vn -0.52063357 -0.79650009 0.30745453
vn -0.43368275 -0.84697840 0.30748474
vn -0.34187628 -0.88801788 0.30748147
vn -0.24625710 -0.91913793 0.30747830
vn -0.14789729 -0.93999937 0.30745337
vn -0.04788511 -0.95034746 0.30748449
vn -0.58334160 -0.79706658 0.15619684
vn -0.54040869 -0.82674244 0.15638217
vn -0.45016112 -0.87914174 0.15641215
vn -0.35487578 -0.92173691 0.15641048
vn -0.25562967 -0.95403318 0.15644218
vn -0.15354138 -0.97569456 0.15634949
vn -0.04971569 -0.98644005 0.15641090
vn 0.04196320 -0.15216598 0.98746372
vn 0.07953196 -0.28840229 0.95420060
vn 0.02069199 -0.15503707 0.98769193
vn 0.03927761 -0.29401729 0.95499272
vn -0.02176004 -0.15491440 0.98768823
vn -0.04129183 -0.29374252 0.95499231
vn -0.06265580 -0.14331758 0.98769141
vn -0.11880939 -0.27179940 0.95499184
vn -0.08227842 -0.13470919 0.98746326
vn -0.15595159 -0.25529036 0.95420435
vn -0.23185179 -0.53029546 0.81549462
vn -0.30360486 -0.49694369 0.81293976
vn -0.32216370 -0.73689268 0.59430609
vn -0.42064672 -0.68854451 0.59073073
vn -0.38045392 -0.87019740 0.31306757
vn -0.49556823 -0.81119611 0.31044000
vn -0.39564838 -0.90497993 0.15644069
vn -0.51501762 -0.84304185 0.15503964
vn 0.15479310 -0.56139957 0.81293888
vn 0.07663309 -0.57366477 0.81549746
vn -0.08057050 -0.57311850 0.81550204
vn 0.21448817 -0.77784012 0.59072800
vn 0.10651179 -0.79715964 0.59429938
vn -0.11194580 -0.79640826 0.59430801
vn 0.25269651 -0.91639094 0.31043858
vn 0.12576990 -0.94136659 0.31306690
vn -0.13220970 -0.94048354 0.31306758
vn 0.26261417 -0.95236925 0.15500519
vn 0.13080488 -0.97899221 0.15641079
vn -0.13748778 -0.97807133 0.15644038
vn 0.29337771 -0.94324610 0.15561590
vn 0.27907010 -0.91002987 0.30653796
vn 0.22672902 -0.95657127 0.18320851
vn 0.15821260 -0.94164558 0.29710668
vn 0.03341817 -0.97282055 0.22913622
vn -0.05963355 -0.95941666 0.27561478
vn -0.16849319 -0.94760268 0.27140229
vn -0.27094897 -0.92814812 0.25520136
vn -0.36333369 -0.88048528 0.30452308
vn -0.46826138 -0.85061029 0.23915146
vn -0.54049840 -0.77485661 0.32780896
vn -0.64282407 -0.73120725 0.22828311
vn -0.69220772 -0.63571641 0.34163302
vn -0.78642433 -0.57608449 0.22285296
vn -0.81248075 -0.46907914 0.34617883
vn -0.89213711 -0.39302608 0.22275970
vn -0.89668047 -0.28162978 0.34153887
vn -0.95466052 -0.19107854 0.22828117
vn -0.94131485 -0.08066309 0.32774963
vn -0.97078182 0.01977641 0.23914757
vn -0.94420920 0.12558739 0.30446147
vn -0.93927876 0.22941028 0.25519861
vn -0.90489754 0.32786900 0.27140811
vn -0.86070861 0.42803493 0.27562074
vn -0.82576738 0.51535315 0.22917104
vn -0.73636411 0.60784837 0.29713340
vn -0.71502585 0.67464942 0.18326537
vn -0.64856449 0.69669337 0.30656556
vn -0.67016464 0.72570906 0.15564616
vn 0.23569887 -0.77967077 0.58013751
vn 0.14698109 -0.79939255 0.58255310
vn -0.03378491 -0.81208963 0.58255387
vn -0.21293290 -0.78440601 0.58255197
vn -0.38145977 -0.71772039 0.58255118
vn -0.53103647 -0.61533067 0.58255338
vn -0.65421386 -0.48235889 0.58252393
vn -0.74481303 -0.32536149 0.58257484
vn -0.79837625 -0.15219791 0.58260721
vn -0.81229675 0.02847451 0.58254887
vn -0.78578483 0.20777677 0.58255559
vn -0.72019586 0.37676167 0.58255349
vn -0.61880035 0.52699985 0.58254381
vn -0.55734567 0.59396915 0.58014348
vn -0.45296347 0.38576083 0.80374914
vn -0.40877425 0.43563140 0.80195317
vn -0.24287398 0.20683078 0.94775169
vn -0.21952101 0.23392611 0.94714788
vn -0.11908569 0.10141540 0.98769100
vn -0.10770199 0.11475220 0.98753846
vn 0.17286300 -0.57181502 0.80196382
vn 0.10758089 -0.58514797 0.80375880
vn -0.02472048 -0.59445111 0.80375169
vn -0.15586110 -0.57418656 0.80375190
vn -0.27922234 -0.52536136 0.80376012
vn -0.38872538 -0.45040482 0.80375872
vn -0.47887529 -0.35307533 0.80375137
vn -0.54519950 -0.23817354 0.80376046
vn -0.58444005 -0.11142484 0.80375017
vn -0.59460249 0.02084470 0.80374957
vn -0.57519351 0.15210744 0.80375105
vn -0.52718927 0.27577203 0.80375448
vn 0.09280736 -0.30707882 0.94714803
vn 0.05768030 -0.31373188 0.94775803
vn -0.01324510 -0.31870721 0.94776067
vn -0.08356039 -0.30784259 0.94776084
vn -0.14969409 -0.28168697 0.94775742
vn -0.20841210 -0.24149411 0.94775788
vn -0.25672606 -0.18927869 0.94776859
vn -0.29234528 -0.12769280 0.94774933
vn -0.31337330 -0.05972617 0.94774994
vn -0.31879785 0.01117009 0.94775691
vn -0.30840026 0.08154856 0.94775477
vn -0.28266300 0.14786271 0.94775432
vn 0.04553455 -0.15064228 0.98753912
vn 0.02829116 -0.15384649 0.98768966
vn -0.00650054 -0.15628799 0.98769014
vn -0.04095655 -0.15097748 0.98768839
vn -0.07339847 -0.13812919 0.98769074
vn -0.10217830 -0.11841419 0.98769311
vn -0.12589168 -0.09280858 0.98769320
vn -0.14334809 -0.06262479 0.98768895
vn -0.15366350 -0.02929799 0.98768880
vn -0.15631909 0.00546319 0.98769150
vn -0.15122228 0.03998035 0.98769094
vn -0.13858780 0.07248349 0.98769406
vn 0.80695869 -0.59060789 0.00000019
vn 0.83704008 -0.54714158 0.00000017
vn 0.89009504 -0.45577496 0.00000014
vn 0.93322048 -0.35930425 0.00000011
vn 0.96593034 -0.25880219 0.00000008
vn 0.98784622 -0.15543440 0.00000005
vn 0.99873286 -0.05032575 0.00000002
vn 0.99846973 0.05530095 -0.00000002
vn 0.99415351 0.10797589 -0.00000003
vn 0.96402123 0.26582527 -0.00000008
vn 0.99119348 0.13242160 -0.00000004
vn 0.99026442 -0.13919909 0.00000004
vn 0.91625397 -0.40059789 0.00000013
vn 0.85335346 -0.52133278 0.00000016
vn -0.73465599 -0.67843981 0.00000021
vn -0.66046209 -0.75085939 0.00000024
vn -0.66044491 -0.75087451 0.00000024
vn -0.49157351 -0.87083608 0.00000027
vn -0.30162351 -0.95342711 0.00000030
vn -0.09873007 -0.99511425 0.00000031
vn 0.10837449 -0.99411014 0.00000031
vn 0.31083908 -0.95046255 0.00000030
vn 0.49998925 -0.86603161 0.00000027
vn 0.66770256 -0.74442816 0.00000023
vn 0.66768739 -0.74444177 0.00000023
vn 0.80673860 -0.59090848 0.00000019
vn 0.91116848 -0.41203399 0.00000013
vn 0.97651198 -0.21546310 0.00000007
vn 0.99995320 -0.00967449 0.00000000
vn 0.98050078 0.19651518 -0.00000006
vn 0.95487446 0.29700969 -0.00000009
vn 0.02481222 -0.99969213 0.00000031
vn 0.02478170 -0.99969289 0.00000031
vn -0.11118179 -0.99380009 0.00000031
vn -0.37456144 -0.92720210 0.00000029
vn -0.61028730 -0.79218017 0.00000025
vn -0.71223062 -0.70194554 0.00000022
vn -0.59060789 -0.80695869 0.00000025
vn -0.54714158 -0.83704008 0.00000026
vn -0.45577496 -0.89009504 0.00000028
vn -0.35930425 -0.93322048 0.00000029
vn -0.25880219 -0.96593034 0.00000030
vn -0.15543440 -0.98784622 0.00000031
vn -0.05032575 -0.99873286 0.00000031
vn 0.05530095 -0.99846973 0.00000031
vn 0.10797589 -0.99415351 0.00000031
vn 0.26582527 -0.96402123 0.00000030
vn 0.13242160 -0.99119348 0.00000031
vn -0.13919909 -0.99026442 0.00000031
vn -0.40059789 -0.91625397 0.00000029
vn -0.52133278 -0.85335346 0.00000027
vn 0.00000000 -0.00000045 1.00000000
vn 0.00000000 -0.00000026 1.00000000
vn 0.00000000 -0.00000026 1.00000000
vn 0.00000000 0.00000031 1.00000000
vn 0.00000000 0.00000092 1.00000000
vn 0.00000000 -0.00000082 1.00000000
vn 0.00000000 0.00000086 1.00000000
vn 0.00000000 -0.00000046 1.00000000
vn 0.00000000 0.00000060 1.00000000
vn 0.00000000 0.00000031 1.00000000
vn 0.00000000 0.00000015 1.00000000
vn 0.00000000 0.00000050 1.00000000
vn 0.00000000 -0.00000003 1.00000000
vn 0.00000000 0.00000069 1.00000000
vn 0.00000000 -0.00000092 1.00000000
vn 0.00000000 -0.00000162 1.00000000
vn 0.00000000 -0.00000215 1.00000000
vn 0.00000000 0.00000092 1.00000000
vn 0.00000000 0.00000229 1.00000000
vn 0.00000000 0.00000060 1.00000000
vn 0.00000000 0.00000168 1.00000000
vn 0.00000000 -0.00000126 1.00000000
vn 0.00000000 0.00000098 1.00000000
vn 0.00000000 -0.00000010 1.00000000
vn 0.00000000 0.00000008 1.00000000
vn 0.00000000 0.00000086 1.00000000
vn 0.00000000 0.00000145 1.00000000
vn 0.00000000 -0.00000027 1.00000000
vn 0.00000000 0.00000062 1.00000000
vn 0.00000000 -0.00000079 1.00000000
vn 0.00000000 -0.00000007 1.00000000
vn 0.00000000 -0.00000135 1.00000000
vn 0.00000000 0.00000050 1.00000000
vn 0.00000000 0.00000001 1.00000000
vn 0.00000000 0.00000056 1.00000000
vn 0.00000000 0.00000055 1.00000000
vn 0.00000000 0.00000100 1.00000000
vn 0.00000000 -0.00000014 1.00000000
vn 0.00000000 -0.00000069 1.00000000
vn 0.00000000 0.00000061 1.00000000
vn 0.00000000 0.00000115 1.00000000
vn 0.00000000 -0.00000081 1.00000000
vn 0.00000000 0.00000049 1.00000000
vn 0.00000000 0.00000059 1.00000000
vn 0.00000000 0.00000018 1.00000000
vn 0.00000000 0.00000031 1.00000000
vn 0.00000000 0.00000047 1.00000000
vn 0.00000000 0.00000014 1.00000000
vn 0.00000000 0.00000031 1.00000000
vn 0.00000000 0.00000079 1.00000000
vn 0.00000000 -0.00000050 1.00000000
vn 0.00000000 -0.00000037 1.00000000
vn 0.00000000 0.00000017 1.00000000
vn 0.00000000 0.00000236 1.00000000
vn 0.00000000 -0.00000163 1.00000000
vn 0.00000000 0.00000155 1.00000000
vn 0.00000000 -0.00000062 1.00000000
vn 0.00000000 -0.00000138 1.00000000
vn 0.00000000 0.00000005 1.00000000
vn 0.00000000 0.00000031 1.00000000
vn 0.00000000 -0.00000001 1.00000000
vn 0.00000000 -0.00000028 1.00000000
vn 0.00000000 0.00000031 1.00000000
vn 0.00000000 0.00000109 1.00000000
vn 0.00000000 0.00000018 1.00000000
vn 0.00000000 -0.00000032 1.00000000
vn 0.00000000 0.00000055 1.00000000
vn 0.00000000 0.00000091 1.00000000
vn 0.99008334 -0.14048121 0.00000004
vn 0.97979112 -0.20002340 0.00000006
vn 0.94853672 -0.31666717 0.00000010
vn 0.92769378 -0.37334201 0.00000012
vn 0.87592642 -0.48244473 0.00000015
vn 0.81137400 -0.58452736 0.00000018
vn 0.73499300 -0.67807469 0.00000021
vn 0.64791152 -0.76171561 0.00000024
vn 0.55135744 -0.83426912 0.00000026
vn 0.44679851 -0.89463461 0.00000028
vn 0.33570799 -0.94196611 0.00000030
vn 0.21970539 -0.97556627 0.00000031
vn 0.10049778 -0.99493728 0.00000031
vn -0.02011191 -0.99979774 0.00000031
vn -0.14048121 -0.99008334 0.00000031
vn -0.37334201 -0.92769378 0.00000029
vn -0.48244473 -0.87592642 0.00000027
vn -0.58452736 -0.81137400 0.00000025
vn -0.67807469 -0.73499300 0.00000023
vn -0.76171561 -0.64791152 0.00000020
vn -0.83426912 -0.55135744 0.00000017
vn -0.89463461 -0.44679851 0.00000014
vn -0.94196611 -0.33570799 0.00000011
vn -0.97556627 -0.21970539 0.00000007
vn -0.99493728 -0.10049778 0.00000003
vn -0.99979774 0.02011191 -0.00000001
vn -0.99008334 0.14048121 -0.00000004
vn -0.92769378 0.37334201 -0.00000012
vn -0.87592642 0.48244473 -0.00000015
vn -0.81137400 0.58452736 -0.00000018
vn -0.73499300 0.67807469 -0.00000021
vn -0.64791152 0.76171561 -0.00000024
vn -0.55135744 0.83426912 -0.00000026
vn -0.44679851 0.89463461 -0.00000028
vn -0.33570799 0.94196611 -0.00000030
vn -0.21970539 0.97556627 -0.00000031
vn -0.10049778 0.99493728 -0.00000031
vn 0.02011191 0.99979774 -0.00000031
vn 0.14048121 0.99008334 -0.00000031
vn 0.37334201 0.92769378 -0.00000029
vn 0.48244473 0.87592642 -0.00000027
vn 0.58452736 0.81137400 -0.00000025
vn 0.67807469 0.73499300 -0.00000023
vn 0.76171561 0.64791152 -0.00000020
vn 0.83426912 0.55135744 -0.00000017
vn 0.89463461 0.44679851 -0.00000014
vn 0.94196611 0.33570799 -0.00000011
vn 0.97556627 0.21970539 -0.00000007
vn 0.99493728 0.10049778 -0.00000003
vn 0.99979774 -0.02011191 0.00000001
vn 0.00000000 0.00000031 1.00000000
vn 0.00000000 0.00000031 1.00000000
vn 0.00000000 0.00000018 1.00000000
vn 0.00000000 0.00000018 1.00000000
vn 0.00000000 0.00000045 1.00000000
vn 0.00000000 0.00000045 1.00000000
vn 0.00000000 0.00000018 1.00000000
vn 0.00000000 0.00000058 1.00000000
vn 0.00000000 0.00000044 1.00000000
vn 0.00000000 0.00000044 1.00000000
vn 0.00000000 0.00000018 1.00000000
vn 0.00000000 0.00000004 1.00000000
vn 0.00000000 0.00000070 1.00000000
vn 0.00000000 0.00000031 1.00000000
vn 0.00000000 0.00000004 1.00000000
vn 0.00000000 0.00000031 1.00000000
vn 0.00000000 0.00000031 1.00000000
vn 0.00000000 0.00000044 1.00000000
vn 0.00000000 0.00000048 1.00000000
vn 0.00000000 0.00000004 1.00000000
vn 0.00000000 0.00000048 1.00000000
vn 0.00000000 0.00000031 1.00000000
vn 0.00000000 0.00000031 1.00000000
vn 0.00000000 0.00000031 1.00000000
vn 0.00000000 0.00000031 1.00000000
vn 0.00000000 0.00000031 1.00000000
vn 0.00000000 0.00000031 1.00000000
vn 0.00000000 0.00000044 1.00000000
vn 0.00000000 0.00000006 1.00000000
vn 0.00000000 0.00000018 1.00000000
vn 0.00000000 0.00000059 1.00000000
vn 0.00000000 0.00000004 1.00000000
vn 0.00000000 0.00000005 1.00000000
vn 0.00000000 0.00000005 1.00000000
vn 0.00000000 0.00000005 1.00000000
vn 0.00000000 0.00000058 1.00000000
vn 0.00000000 0.00000018 1.00000000
vn 0.00000000 0.00000005 1.00000000
vn 0.00000000 0.00000031 1.00000000
vn 0.00000000 0.00000018 1.00000000
vn 0.00000000 0.00000031 1.00000000
vn 0.00000000 0.00000031 1.00000000
vn 0.92853980 -0.37123287 0.00000012
vn 0.94890281 -0.31556847 0.00000010
vn 0.97956665 -0.20111981 0.00000006
vn 0.98976062 -0.14273720 0.00000004
vn 0.99969517 -0.02468943 0.00000001
vn 0.99560102 0.09369425 -0.00000003
vn 0.97753006 0.21079609 -0.00000007
vn 0.94573467 0.32493990 -0.00000010
vn 0.90067315 0.43449727 -0.00000014
vn 0.84294696 0.53799668 -0.00000017
vn 0.77340902 0.63390732 -0.00000020
vn 0.69299103 0.72094621 -0.00000023
vn 0.60287721 0.79783399 -0.00000025
vn 0.50427136 0.86354525 -0.00000027
vn 0.39858097 0.91713315 -0.00000029
vn 0.28730586 0.95783889 -0.00000030
vn 0.17200570 0.98509595 -0.00000031
vn 0.05429351 0.99852502 -0.00000031
vn -0.06415086 0.99794021 -0.00000031
vn -0.18173950 0.98334671 -0.00000031
vn -0.29676971 0.95494908 -0.00000030
vn -0.40764719 0.91313951 -0.00000029
vn -0.51277582 0.85852254 -0.00000027
vn -0.61071767 0.79184842 -0.00000025
vn -0.70008324 0.71406124 -0.00000022
vn -0.77962861 0.62624215 -0.00000020
vn -0.84822624 0.52963407 -0.00000017
vn -0.90491761 0.42558680 -0.00000013
vn -0.94890281 0.31556847 -0.00000010
vn -0.97956665 0.20111981 -0.00000006
vn -0.99647702 0.08386628 -0.00000003
vn -0.99940306 -0.03454738 0.00000001
vn -0.98829821 -0.15253410 0.00000005
vn -0.96332132 -0.26835060 0.00000008
vn -0.92482531 -0.38039210 0.00000012
vn -0.87333693 -0.48711662 0.00000015
vn -0.80960747 -0.58697167 0.00000018
vn -0.73449454 -0.67861460 0.00000021
vn -0.64908062 -0.76071963 0.00000024
vn -0.55453119 -0.83216294 0.00000026
vn -0.45223608 -0.89189827 0.00000028
vn -0.34355329 -0.93913318 0.00000029
vn -0.23008529 -0.97317047 0.00000031
vn -0.11334860 -0.99355528 0.00000031
vn 0.00491357 -0.99998793 0.00000031
vn 0.12317450 -0.99238503 0.00000031
vn 0.23966929 -0.97085459 0.00000030
vn 0.35283191 -0.93568672 0.00000029
vn 0.46101544 -0.88739212 0.00000028
vn 0.56273813 -0.82663523 0.00000026
vn 0.65655563 -0.75427761 0.00000024
vn 0.74115826 -0.67133035 0.00000021
vn 0.81535939 -0.57895515 0.00000018
vn 0.87811131 -0.47845641 0.00000015
vn 0.00000000 -0.00000036 1.00000000
vn 0.00000000 0.00000065 1.00000000
vn 0.00000000 -0.00000001 1.00000000
vn 0.00000000 0.00000064 1.00000000
vn 0.00000000 -0.00000076 1.00000000
vn 0.00000000 0.00000010 1.00000000
vn 0.00000000 0.00000053 1.00000000
vn 0.00000000 0.00000074 1.00000000
vn 0.00000000 -0.00000082 1.00000000
vn 0.00000000 -0.00000012 1.00000000
vn 0.00000000 0.00000003 1.00000000
vn 0.00000000 -0.00000012 1.00000000
vn 0.00000000 0.00000060 1.00000000
vn 0.00000000 -0.00000012 1.00000000
vn 0.00000000 -0.00000012 1.00000000
vn 0.00000000 0.00000096 1.00000000
vn 0.00000000 -0.00000082 1.00000000
vn 0.00000000 0.00000074 1.00000000
vn 0.00000000 -0.00000082 1.00000000
vn 0.00000000 0.00000053 1.00000000
vn 0.00000000 -0.00000033 1.00000000
vn 0.00000000 0.00000259 1.00000000
vn 0.00000000 -0.00000076 1.00000000
vn 0.00000000 -0.00000073 1.00000000
vn 0.00000000 -0.00000002 1.00000000
vn 0.00000000 0.00000064 1.00000000
vn 0.00000000 0.00000085 1.00000000
vn 0.00000000 -0.00000033 1.00000000
vn 0.00000000 0.00000145 1.00000000
vn 0.00000000 -0.00000033 1.00000000
vn 0.00000000 0.00000145 1.00000000
vn 0.00000000 0.00000010 1.00000000
vn 0.00000000 -0.00000012 1.00000000
vn 0.00000000 0.00000074 1.00000000
vn 0.00000000 -0.00000025 1.00000000
vn 0.00000000 0.00000074 1.00000000
vn 0.00000000 0.00000046 1.00000000
vn 0.00000000 0.00000031 1.00000000
vn 0.00000000 0.00000088 1.00000000
vn 0.00000000 -0.00000012 1.00000000
vn 0.00000000 0.00000074 1.00000000
vn 0.00000000 0.00000010 1.00000000
vn 0.99969289 0.02478170 -0.00000001
vn 0.99380009 -0.11118179 0.00000003
vn 0.92720210 -0.37456144 0.00000012
vn 0.79218017 -0.61028730 0.00000019
vn 0.70194554 -0.71223062 0.00000022
vn 0.67843981 -0.73465599 0.00000023
vn 0.75087451 -0.66044491 0.00000021
vn 0.75085939 -0.66046209 0.00000021
vn 0.87083608 -0.49157351 0.00000015
vn 0.95342711 -0.30162351 0.00000009
vn 0.99511425 -0.09873007 0.00000003
vn 0.99411014 0.10837449 -0.00000003
vn 0.95046255 0.31083908 -0.00000010
vn 0.86603161 0.49998925 -0.00000016
vn 0.74444177 0.66768739 -0.00000021
vn 0.59090848 0.80673860 -0.00000025
vn 0.41203399 0.91116848 -0.00000029
vn 0.21546310 0.97651198 -0.00000031
vn 0.00967449 0.99995320 -0.00000031
vn -0.19651518 0.98050078 -0.00000031
vn -0.29700969 0.95487446 -0.00000030
f 2/1/1 90/2/2 1/3/3
f 1/4/3 90/5/2 83/6/4
f 80/7/5 82/8/6 40/9/7
f 40/10/7 82/11/6 242/12/8
f 40/13/7 242/14/8 39/15/9
f 39/16/9 242/17/8 238/18/10
f 39/19/9 238/20/10 38/21/11
f 38/22/11 238/23/10 234/24/12
f 38/25/11 234/26/12 37/27/13
f 37/28/13 234/29/12 230/30/14
f 37/31/13 230/32/14 36/33/15
f 36/34/15 230/35/14 226/36/16
f 36/37/15 226/38/16 35/39/17
f 35/40/17 226/41/16 222/42/18
f 35/43/17 222/44/18 34/45/19
f 34/46/19 222/47/18 218/48/20
f 34/49/19 218/50/20 33/51/21
f 33/52/21 218/53/20 214/54/22
f 33/55/21 214/56/22 32/57/23
f 32/58/23 214/59/22 210/60/24
f 32/61/23 210/62/24 31/63/25
f 31/64/25 210/65/24 206/66/26
f 31/67/25 206/68/26 30/69/27
f 30/70/27 206/71/26 202/72/28
f 30/73/27 202/74/28 29/75/29
f 29/76/29 202/77/28 198/78/30
f 29/79/29 198/80/30 28/81/31
f 28/82/31 198/83/30 194/84/32
f 28/85/31 194/86/32 27/87/33
f 27/88/33 194/89/32 190/90/34
f 27/91/33 190/92/34 26/93/35
f 26/94/35 190/95/34 186/96/36
f 26/97/35 186/98/36 25/99/37
f 25/100/37 186/101/36 182/102/38
f 25/103/37 182/104/38 24/105/39
f 24/106/39 182/107/38 178/108/40
f 24/109/39 178/110/40 23/111/41
f 23/112/41 178/113/40 174/114/42
f 23/115/41 174/116/42 22/117/43
f 22/118/43 174/119/42 170/120/44
f 22/121/43 170/122/44 21/123/45
f 21/124/45 170/125/44 166/126/46
f 21/127/45 166/128/46 20/129/47
f 20/130/47 166/131/46 162/132/48
f 20/133/47 162/134/48 19/135/49
f 19/136/49 162/137/48 158/138/50
f 19/139/49 158/140/50 18/141/51
f 18/142/51 158/143/50 154/144/52
f 18/145/51 154/146/52 17/147/53
f 17/148/53 154/149/52 150/150/54
f 17/151/53 150/152/54 16/153/55
f 16/154/55 150/155/54 146/156/56
f 16/157/55 146/158/56 15/159/57
f 15/160/57 146/161/56 142/162/58
f 15/163/57 142/164/58 14/165/59
f 14/166/59 142/167/58 138/168/60
f 14/169/59 138/170/60 13/171/61
f 13/172/61 138/173/60 134/174/62
f 13/175/61 134/176/62 12/177/63
f 12/178/63 134/179/62 130/180/64
f 12/181/63 130/182/64 11/183/65
f 11/184/65 130/185/64 126/186/66
f 11/187/65 126/188/66 10/189/67
f 10/190/67 126/191/66 122/192/68
f 10/193/67 122/194/68 9/195/69
f 9/196/69 122/197/68 118/198/70
f 9/199/69 118/200/70 8/201/71
f 8/202/71 118/203/70 114/204/72
f 8/205/71 114/206/72 7/207/73
f 7/208/73 114/209/72 110/210/74
f 7/211/73 110/212/74 6/213/75
f 6/214/75 110/215/74 106/216/76
f 6/217/75 106/218/76 5/219/77
f 5/220/77 106/221/76 102/222/78
f 5/223/77 102/224/78 4/225/79
f 4/226/79 102/227/78 98/228/80
f 4/229/79 98/230/80 3/231/81
f 3/232/81 98/233/80 94/234/82
f 3/235/81 94/236/82 2/237/1
f 2/238/1 94/239/82 90/240/2
f 42/241/83 245/242/84 41/243/85
f 41/244/85 245/245/84 88/246/86
f 81/247/87 89/248/88 93/249/89
f 93/250/89 89/251/88 87/252/90
f 93/253/89 87/254/90 92/255/91
f 92/256/91 87/257/90 85/258/92
f 92/259/91 85/260/92 91/261/93
f 91/262/93 85/263/92 83/264/4
f 91/265/93 83/266/4 90/267/2
f 245/268/84 42/269/83 241/270/94
f 241/271/94 42/272/83 43/273/95
f 241/274/94 43/275/95 237/276/96
f 237/277/96 43/278/95 44/279/97
f 237/280/96 44/281/97 233/282/98
f 233/283/98 44/284/97 45/285/99
f 233/286/98 45/287/99 229/288/100
f 229/289/100 45/290/99 46/291/101
f 229/292/100 46/293/101 225/294/102
f 225/295/102 46/296/101 47/297/103
f 225/298/102 47/299/103 221/300/104
f 221/301/104 47/302/103 48/303/105
f 221/304/104 48/305/105 217/306/106
f 217/307/106 48/308/105 49/309/107
f 217/310/106 49/311/107 213/312/108
f 213/313/108 49/314/107 50/315/109
f 213/316/108 50/317/109 209/318/110
f 209/319/110 50/320/109 51/321/111
f 209/322/110 51/323/111 205/324/112
f 205/325/112 51/326/111 52/327/113
f 205/328/112 52/329/113 201/330/114
f 201/331/114 52/332/113 53/333/115
f 201/334/114 53/335/115 197/336/116
f 197/337/116 53/338/115 54/339/117
f 197/340/116 54/341/117 193/342/118
f 193/343/118 54/344/117 55/345/119
f 193/346/118 55/347/119 189/348/120
f 189/349/120 55/350/119 56/351/121
f 189/352/120 56/353/121 185/354/122
f 185/355/122 56/356/121 57/357/123
f 185/358/122 57/359/123 181/360/124
f 181/361/124 57/362/123 58/363/125
f 181/364/124 58/365/125 177/366/126
f 177/367/126 58/368/125 59/369/127
f 177/370/126 59/371/127 173/372/128
f 173/373/128 59/374/127 60/375/129
f 173/376/128 60/377/129 169/378/130
f 169/379/130 60/380/129 61/381/131
f 169/382/130 61/383/131 165/384/132
f 165/385/132 61/386/131 62/387/133
f 165/388/132 62/389/133 161/390/134
f 161/391/134 62/392/133 63/393/135
f 161/394/134 63/395/135 157/396/136
f 157/397/136 63/398/135 64/399/137
f 157/400/136 64/401/137 153/402/138
f 153/403/138 64/404/137 65/405/139
f 153/406/138 65/407/139 149/408/140
f 149/409/140 65/410/139 66/411/141
f 149/412/140 66/413/141 145/414/142
f 145/415/142 66/416/141 67/417/143
f 145/418/142 67/419/143 141/420/144
f 141/421/144 67/422/143 68/423/145
f 141/424/144 68/425/145 137/426/146
f 137/427/146 68/428/145 69/429/147
f 137/430/146 69/431/147 133/432/148
f 133/433/148 69/434/147 70/435/149
f 133/436/148 70/437/149 129/438/150
f 129/439/150 70/440/149 71/441/151
f 129/442/150 71/443/151 125/444/152
f 125/445/152 71/446/151 72/447/153
f 125/448/152 72/449/153 121/450/154
f 121/451/154 72/452/153 73/453/155
f 121/454/154 73/455/155 117/456/156
f 117/457/156 73/458/155 74/459/157
f 117/460/156 74/461/157 113/462/158
f 113/463/158 74/464/157 75/465/159
f 113/466/158 75/467/159 109/468/160
f 109/469/160 75/470/159 76/471/161
f 109/472/160 76/473/161 105/474/162
f 105/475/162 76/476/161 77/477/163
f 105/478/162 77/479/163 101/480/164
f 101/481/164 77/482/163 78/483/165
f 101/484/164 78/485/165 97/486/166
f 97/487/166 78/488/165 79/489/167
f 97/490/166 79/491/167 93/492/89
f 93/493/89 79/494/167 81/495/87
f 82/496/6 84/497/168 242/498/8
f 242/499/8 84/500/168 243/501/169
f 242/502/8 243/503/169 238/504/10
f 238/505/10 243/506/169 239/507/170
f 238/508/10 239/509/170 234/510/12
f 234/511/12 239/512/170 235/513/171
f 234/514/12 235/515/171 230/516/14
f 230/517/14 235/518/171 231/519/172
f 230/520/14 231/521/172 226/522/16
f 226/523/16 231/524/172 227/525/173
f 226/526/16 227/527/173 222/528/18
f 222/529/18 227/530/173 223/531/174
f 222/532/18 223/533/174 218/534/20
f 218/535/20 223/536/174 219/537/175
f 218/538/20 219/539/175 214/540/22
f 214/541/22 219/542/175 215/543/176
f 214/544/22 215/545/176 210/546/24
f 210/547/24 215/548/176 211/549/177
f 210/550/24 211/551/177 206/552/26
f 206/553/26 211/554/177 207/555/178
f 206/556/26 207/557/178 202/558/28
f 202/559/28 207/560/178 203/561/179
f 202/562/28 203/563/179 198/564/30
f 198/565/30 203/566/179 199/567/180
f 198/568/30 199/569/180 194/570/32
f 194/571/32 199/572/180 195/573/181
f 194/574/32 195/575/181 190/576/34
f 190/577/34 195/578/181 191/579/182
f 190/580/34 191/581/182 186/582/36
f 186/583/36 191/584/182 187/585/183
f 186/586/36 187/587/183 182/588/38
f 182/589/38 187/590/183 183/591/184
f 182/592/38 183/593/184 178/594/40
f 178/595/40 183/596/184 179/597/185
f 178/598/40 179/599/185 174/600/42
f 174/601/42 179/602/185 175/603/186
f 174/604/42 175/605/186 170/606/44
f 170/607/44 175/608/186 171/609/187
f 170/610/44 171/611/187 166/612/46
f 166/613/46 171/614/187 167/615/188
f 166/616/46 167/617/188 162/618/48
f 162/619/48 167/620/188 163/621/189
f 162/622/48 163/623/189 158/624/50
f 158/625/50 163/626/189 159/627/190
f 158/628/50 159/629/190 154/630/52
f 154/631/52 159/632/190 155/633/191
f 154/634/52 155/635/191 150/636/54
f 150/637/54 155/638/191 151/639/192
f 150/640/54 151/641/192 146/642/56
f 146/643/56 151/644/192 147/645/193
f 146/646/56 147/647/193 142/648/58
f 142/649/58 147/650/193 143/651/194
f 142/652/58 143/653/194 138/654/60
f 138/655/60 143/656/194 139/657/195
f 138/658/60 139/659/195 134/660/62
f 134/661/62 139/662/195 135/663/196
f 134/664/62 135/665/196 130/666/64
f 130/667/64 135/668/196 131/669/197
f 130/670/64 131/671/197 126/672/66
f 126/673/66 131/674/197 127/675/198
f 126/676/66 127/677/198 122/678/68
f 122/679/68 127/680/198 123/681/199
f 122/682/68 123/683/199 118/684/70
f 118/685/70 123/686/199 119/687/200
f 118/688/70 119/689/200 114/690/72
f 114/691/72 119/692/200 115/693/201
f 114/694/72 115/695/201 110/696/74
f 110/697/74 115/698/201 111/699/202
f 110/700/74 111/701/202 106/702/76
f 106/703/76 111/704/202 107/705/203
f 106/706/76 107/707/203 102/708/78
f 102/709/78 107/710/203 103/711/204
f 102/712/78 103/713/204 98/714/80
f 98/715/80 103/716/204 99/717/205
f 98/718/80 99/719/205 94/720/82
f 94/721/82 99/722/205 95/723/206
f 94/724/82 95/725/206 90/726/2
f 90/727/2 95/728/206 91/729/93
f 84/730/168 86/731/207 243/732/169
f 243/733/169 86/734/207 244/735/208
f 243/736/169 244/737/208 239/738/170
f 239/739/170 244/740/208 240/741/209
f 239/742/170 240/743/209 236/744/210
f 239/745/170 236/746/210 235/747/171
f 235/748/171 236/749/210 232/750/211
f 235/751/171 232/752/211 231/753/172
f 231/754/172 232/755/211 228/756/212
f 231/757/172 228/758/212 227/759/173
f 227/760/173 228/761/212 224/762/213
f 227/763/173 224/764/213 223/765/174
f 223/766/174 224/767/213 220/768/214
f 223/769/174 220/770/214 219/771/175
f 219/772/175 220/773/214 216/774/215
f 219/775/175 216/776/215 215/777/176
f 215/778/176 216/779/215 212/780/216
f 215/781/176 212/782/216 211/783/177
f 211/784/177 212/785/216 208/786/217
f 211/787/177 208/788/217 207/789/178
f 207/790/178 208/791/217 204/792/218
f 207/793/178 204/794/218 203/795/179
f 203/796/179 204/797/218 200/798/219
f 203/799/179 200/800/219 199/801/180
f 199/802/180 200/803/219 196/804/220
f 199/805/180 196/806/220 195/807/181
f 195/808/181 196/809/220 192/810/221
f 195/811/181 192/812/221 191/813/182
f 191/814/182 192/815/221 188/816/222
f 191/817/182 188/818/222 187/819/183
f 187/820/183 188/821/222 184/822/223
f 187/823/183 184/824/223 183/825/184
f 183/826/184 184/827/223 180/828/224
f 183/829/184 180/830/224 179/831/185
f 179/832/185 180/833/224 176/834/225
f 179/835/185 176/836/225 175/837/186
f 175/838/186 176/839/225 172/840/226
f 175/841/186 172/842/226 171/843/187
f 171/844/187 172/845/226 168/846/227
f 171/847/187 168/848/227 167/849/188
f 167/850/188 168/851/227 164/852/228
f 167/853/188 164/854/228 163/855/189
f 163/856/189 164/857/228 160/858/229
f 163/859/189 160/860/229 159/861/190
f 159/862/190 160/863/229 156/864/230
f 159/865/190 156/866/230 155/867/191
f 155/868/191 156/869/230 152/870/231
f 155/871/191 152/872/231 151/873/192
f 151/874/192 152/875/231 148/876/232
f 151/877/192 148/878/232 147/879/193
f 147/880/193 148/881/232 144/882/233
f 147/883/193 144/884/233 143/885/194
f 143/886/194 144/887/233 140/888/234
f 143/889/194 140/890/234 139/891/195
f 139/892/195 140/893/234 136/894/235
f 139/895/195 136/896/235 135/897/196
f 135/898/196 136/899/235 132/900/236
f 135/901/196 132/902/236 131/903/197
f 131/904/197 132/905/236 128/906/237
f 131/907/197 128/908/237 127/909/198
f 127/910/198 128/911/237 124/912/238
f 127/913/198 124/914/238 123/915/199
f 123/916/199 124/917/238 120/918/239
f 123/919/199 120/920/239 119/921/200
f 119/922/200 120/923/239 116/924/240
f 119/925/200 116/926/240 115/927/201
f 115/928/201 116/929/240 112/930/241
f 115/931/201 112/932/241 111/933/202
f 111/934/202 112/935/241 108/936/242
f 111/937/202 108/938/242 107/939/203
f 107/940/203 108/941/242 104/942/243
f 107/943/203 104/944/243 103/945/204
f 103/946/204 104/947/243 100/948/244
f 103/949/204 100/950/244 99/951/205
f 99/952/205 100/953/244 96/954/245
f 99/955/205 96/956/245 95/957/206
f 95/958/206 96/959/245 91/960/93
f 91/961/93 96/962/245 92/963/91
f 86/964/207 88/965/86 244/966/208
f 244/967/208 88/968/86 245/969/84
f 244/970/208 245/971/84 240/972/209
f 240/973/209 245/974/84 241/975/94
f 240/976/209 241/977/94 236/978/210
f 236/979/210 241/980/94 237/981/96
f 236/982/210 237/983/96 232/984/211
f 232/985/211 237/986/96 233/987/98
f 232/988/211 233/989/98 228/990/212
f 228/991/212 233/992/98 229/993/100
f 228/994/212 229/995/100 224/996/213
f 224/997/213 229/998/100 225/999/102
f 224/1000/213 225/1001/102 220/1002/214
f 220/1003/214 225/1004/102 221/1005/104
f 220/1006/214 221/1007/104 216/1008/215
f 216/1009/215 221/1010/104 217/1011/106
f 216/1012/215 217/1013/106 212/1014/216
f 212/1015/216 217/1016/106 213/1017/108
f 212/1018/216 213/1019/108 208/1020/217
f 208/1021/217 213/1022/108 209/1023/110
f 208/1024/217 209/1025/110 204/1026/218
f 204/1027/218 209/1028/110 205/1029/112
f 204/1030/218 205/1031/112 200/1032/219
f 200/1033/219 205/1034/112 201/1035/114
f 200/1036/219 201/1037/114 196/1038/220
f 196/1039/220 201/1040/114 197/1041/116
f 196/1042/220 197/1043/116 192/1044/221
f 192/1045/221 197/1046/116 193/1047/118
f 192/1048/221 193/1049/118 188/1050/222
f 188/1051/222 193/1052/118 189/1053/120
f 188/1054/222 189/1055/120 184/1056/223
f 184/1057/223 189/1058/120 185/1059/122
f 184/1060/223 185/1061/122 180/1062/224
f 180/1063/224 185/1064/122 181/1065/124
f 180/1066/224 181/1067/124 176/1068/225
f 176/1069/225 181/1070/124 177/1071/126
f 176/1072/225 177/1073/126 172/1074/226
f 172/1075/226 177/1076/126 173/1077/128
f 172/1078/226 173/1079/128 168/1080/227
f 168/1081/227 173/1082/128 169/1083/130
f 168/1084/227 169/1085/130 164/1086/228
f 164/1087/228 169/1088/130 165/1089/132
f 164/1090/228 165/1091/132 160/1092/229
f 160/1093/229 165/1094/132 161/1095/134
f 160/1096/229 161/1097/134 156/1098/230
f 156/1099/230 161/1100/134 157/1101/136
f 156/1102/230 157/1103/136 152/1104/231
f 152/1105/231 157/1106/136 153/1107/138
f 152/1108/231 153/1109/138 148/1110/232
f 148/1111/232 153/1112/138 149/1113/140
f 148/1114/232 149/1115/140 144/1116/233
f 144/1117/233 149/1118/140 145/1119/142
f 144/1120/233 145/1121/142 140/1122/234
f 140/1123/234 145/1124/142 141/1125/144
f 140/1126/234 141/1127/144 136/1128/235
f 136/1129/235 141/1130/144 137/1131/146
f 136/1132/235 137/1133/146 132/1134/236
f 132/1135/236 137/1136/146 133/1137/148
f 132/1138/236 133/1139/148 128/1140/237
f 128/1141/237 133/1142/148 129/1143/150
f 128/1144/237 129/1145/150 124/1146/238
f 124/1147/238 129/1148/150 125/1149/152
f 124/1150/238 125/1151/152 120/1152/239
f 120/1153/239 125/1154/152 121/1155/154
f 120/1156/239 121/1157/154 116/1158/240
f 116/1159/240 121/1160/154 117/1161/156
f 116/1162/240 117/1163/156 112/1164/241
f 112/1165/241 117/1166/156 113/1167/158
f 112/1168/241 113/1169/158 108/1170/242
f 108/1171/242 113/1172/158 109/1173/160
f 108/1174/242 109/1175/160 104/1176/243
f 104/1177/243 109/1178/160 105/1179/162
f 104/1180/243 105/1181/162 100/1182/244
f 100/1183/244 105/1184/162 101/1185/164
f 100/1186/244 101/1187/164 96/1188/245
f 96/1189/245 101/1190/164 97/1191/166
f 96/1192/245 97/1193/166 92/1194/91
f 92/1195/91 97/1196/166 93/1197/89
f 247/1198/246 251/1199/246 246/1200/246
f 246/1201/246 251/1202/246 252/1203/246
f 246/1204/247 252/1205/247 253/1206/247
f 251/1207/248 247/1208/248 250/1209/248
f 250/1210/249 247/1211/249 248/1212/249
f 250/1213/246 248/1214/246 249/1215/246
f 253/1216/250 254/1217/250 246/1218/250
f 246/1219/246 254/1220/246 255/1221/246
f 246/1222/251 255/1223/251 256/1224/251
f 256/1225/246 257/1226/246 246/1227/246
f 246/1228/252 257/1229/252 258/1230/252
f 246/1231/253 258/1232/253 259/1233/253
f 246/1234/246 259/1235/246 361/1236/246
f 361/1237/254 259/1238/254 260/1239/254
f 361/1240/246 260/1241/246 397/1242/246
f 397/1243/255 260/1244/255 261/1245/255
f 397/1246/256 261/1247/256 396/1248/256
f 396/1249/257 261/1250/257 262/1251/257
f 396/1252/246 262/1253/246 395/1254/246
f 395/1255/258 262/1256/258 263/1257/258
f 395/1258/246 263/1259/246 394/1260/246
f 394/1261/259 263/1262/259 264/1263/259
f 394/1264/260 264/1265/260 265/1266/260
f 394/1267/246 265/1268/246 393/1269/246
f 393/1270/261 265/1271/261 266/1272/261
f 393/1273/262 266/1274/262 392/1275/262
f 392/1276/263 266/1277/263 267/1278/263
f 392/1279/264 267/1280/264 268/1281/264
f 392/1282/265 268/1283/265 391/1284/265
f 391/1285/246 268/1286/246 269/1287/246
f 391/1288/246 269/1289/246 390/1290/246
f 390/1291/266 269/1292/266 270/1293/266
f 390/1294/246 270/1295/246 271/1296/246
f 390/1297/246 271/1298/246 389/1299/246
f 389/1300/246 271/1301/246 272/1302/246
f 389/1303/246 272/1304/246 388/1305/246
f 388/1306/267 272/1307/267 273/1308/267
f 388/1309/268 273/1310/268 387/1311/268
f 387/1312/246 273/1313/246 274/1314/246
f 387/1315/246 274/1316/246 289/1317/246
f 289/1318/269 274/1319/269 275/1320/269
f 289/1321/270 275/1322/270 288/1323/270
f 288/1324/271 275/1325/271 276/1326/271
f 288/1327/272 276/1328/272 277/1329/272
f 277/1330/273 278/1331/273 288/1332/273
f 288/1333/274 278/1334/274 279/1335/274
f 288/1336/275 279/1337/275 280/1338/275
f 280/1339/246 281/1340/246 288/1341/246
f 288/1342/246 281/1343/246 282/1344/246
f 288/1345/276 282/1346/276 283/1347/276
f 288/1348/246 283/1349/246 287/1350/246
f 287/1351/277 283/1352/277 284/1353/277
f 287/1354/246 284/1355/246 286/1356/246
f 286/1357/246 284/1358/246 285/1359/246
f 289/1360/246 290/1361/246 387/1362/246
f 387/1363/246 290/1364/246 386/1365/246
f 386/1366/246 290/1367/246 291/1368/246
f 386/1369/278 291/1370/278 385/1371/278
f 385/1372/246 291/1373/246 292/1374/246
f 385/1375/279 292/1376/279 384/1377/279
f 384/1378/246 292/1379/246 293/1380/246
f 384/1381/280 293/1382/280 294/1383/280
f 384/1384/281 294/1385/281 383/1386/281
f 383/1387/282 294/1388/282 295/1389/282
f 383/1390/246 295/1391/246 382/1392/246
f 382/1393/246 295/1394/246 296/1395/246
f 382/1396/283 296/1397/283 297/1398/283
f 382/1399/284 297/1400/284 381/1401/284
f 381/1402/285 297/1403/285 298/1404/285
f 381/1405/246 298/1406/246 380/1407/246
f 380/1408/286 298/1409/286 299/1410/286
f 380/1411/246 299/1412/246 300/1413/246
f 380/1414/287 300/1415/287 379/1416/287
f 379/1417/288 300/1418/288 301/1419/288
f 379/1420/246 301/1421/246 378/1422/246
f 378/1423/289 301/1424/289 302/1425/289
f 378/1426/246 302/1427/246 377/1428/246
f 377/1429/290 302/1430/290 303/1431/290
f 377/1432/246 303/1433/246 318/1434/246
f 318/1435/291 303/1436/291 317/1437/291
f 317/1438/292 303/1439/292 304/1440/292
f 317/1441/246 304/1442/246 316/1443/246
f 316/1444/293 304/1445/293 315/1446/293
f 315/1447/246 304/1448/246 314/1449/246
f 314/1450/294 304/1451/294 313/1452/294
f 313/1453/246 304/1454/246 312/1455/246
f 312/1456/295 304/1457/295 311/1458/295
f 311/1459/246 304/1460/246 310/1461/246
f 310/1462/246 304/1463/246 309/1464/246
f 309/1465/246 304/1466/246 305/1467/246
f 309/1468/296 305/1469/296 308/1470/296
f 308/1471/297 305/1472/297 306/1473/297
f 308/1474/246 306/1475/246 307/1476/246
f 318/1477/246 319/1478/246 377/1479/246
f 377/1480/298 319/1481/298 376/1482/298
f 376/1483/299 319/1484/299 320/1485/299
f 376/1486/246 320/1487/246 375/1488/246
f 375/1489/300 320/1490/300 321/1491/300
f 375/1492/246 321/1493/246 374/1494/246
f 374/1495/301 321/1496/301 322/1497/301
f 374/1498/302 322/1499/302 323/1500/302
f 374/1501/246 323/1502/246 373/1503/246
f 373/1504/303 323/1505/303 324/1506/303
f 373/1507/304 324/1508/304 372/1509/304
f 372/1510/305 324/1511/305 325/1512/305
f 372/1513/306 325/1514/306 326/1515/306
f 372/1516/307 326/1517/307 371/1518/307
f 371/1519/246 326/1520/246 327/1521/246
f 371/1522/246 327/1523/246 370/1524/246
f 370/1525/308 327/1526/308 328/1527/308
f 370/1528/246 328/1529/246 329/1530/246
f 370/1531/246 329/1532/246 369/1533/246
f 369/1534/246 329/1535/246 330/1536/246
f 369/1537/246 330/1538/246 368/1539/246
f 368/1540/309 330/1541/309 331/1542/309
f 368/1543/310 331/1544/310 367/1545/310
f 367/1546/246 331/1547/246 332/1548/246
f 367/1549/246 332/1550/246 347/1551/246
f 347/1552/311 332/1553/311 333/1554/311
f 347/1555/312 333/1556/312 346/1557/312
f 346/1558/313 333/1559/313 345/1560/313
f 345/1561/314 333/1562/314 344/1563/314
f 344/1564/246 333/1565/246 343/1566/246
f 343/1567/246 333/1568/246 342/1569/246
f 342/1570/246 333/1571/246 341/1572/246
f 341/1573/246 333/1574/246 340/1575/246
f 340/1576/246 333/1577/246 339/1578/246
f 339/1579/246 333/1580/246 338/1581/246
f 338/1582/246 333/1583/246 337/1584/246
f 337/1585/246 333/1586/246 336/1587/246
f 336/1588/315 333/1589/315 335/1590/315
f 335/1591/316 333/1592/316 334/1593/316
f 347/1594/246 348/1595/246 367/1596/246
f 367/1597/246 348/1598/246 366/1599/246
f 366/1600/246 348/1601/246 349/1602/246
f 366/1603/317 349/1604/317 365/1605/317
f 365/1606/246 349/1607/246 350/1608/246
f 365/1609/318 350/1610/318 364/1611/318
f 364/1612/246 350/1613/246 351/1614/246
f 364/1615/319 351/1616/319 352/1617/319
f 364/1618/320 352/1619/320 363/1620/320
f 363/1621/321 352/1622/321 353/1623/321
f 363/1624/246 353/1625/246 362/1626/246
f 362/1627/246 353/1628/246 354/1629/246
f 362/1630/322 354/1631/322 355/1632/322
f 362/1633/323 355/1634/323 401/1635/323
f 401/1636/324 355/1637/324 356/1638/324
f 401/1639/246 356/1640/246 400/1641/246
f 400/1642/325 356/1643/325 357/1644/325
f 400/1645/246 357/1646/246 358/1647/246
f 400/1648/326 358/1649/326 399/1650/326
f 399/1651/327 358/1652/327 359/1653/327
f 399/1654/246 359/1655/246 398/1656/246
f 398/1657/328 359/1658/328 360/1659/328
f 398/1660/246 360/1661/246 397/1662/246
f 397/1663/329 360/1664/329 361/1665/329
f 403/1666/330 470/1667/331 402/1668/332
f 402/1669/332 470/1670/331 471/1671/333
f 402/1672/332 471/1673/333 440/1674/334
f 440/1675/334 471/1676/333 472/1677/335
f 440/1678/334 472/1679/335 439/1680/336
f 439/1681/336 472/1682/335 473/1683/337
f 439/1684/336 473/1685/337 438/1686/338
f 438/1687/338 473/1688/337 474/1689/339
f 438/1690/338 474/1691/339 437/1692/340
f 437/1693/340 474/1694/339 475/1695/341
f 437/1696/340 475/1697/341 436/1698/342
f 436/1699/342 475/1700/341 476/1701/343
f 436/1702/342 476/1703/343 435/1704/344
f 435/1705/344 476/1706/343 477/1707/345
f 435/1708/344 477/1709/345 434/1710/346
f 434/1711/346 477/1712/345 478/1713/347
f 434/1714/346 478/1715/347 433/1716/348
f 433/1717/348 478/1718/347 479/1719/349
f 433/1720/348 479/1721/349 432/1722/350
f 432/1723/350 479/1724/349 441/1725/351
f 432/1726/350 441/1727/351 431/1728/352
f 431/1729/352 441/1730/351 442/1731/353
f 431/1732/352 442/1733/353 430/1734/354
f 430/1735/354 442/1736/353 443/1737/355
f 430/1738/354 443/1739/355 429/1740/356
f 429/1741/356 443/1742/355 444/1743/357
f 429/1744/356 444/1745/357 428/1746/358
f 428/1747/358 444/1748/357 445/1749/359
f 428/1750/358 445/1751/359 427/1752/360
f 427/1753/360 445/1754/359 446/1755/361
f 427/1756/360 446/1757/361 426/1758/362
f 426/1759/362 446/1760/361 447/1761/363
f 426/1762/362 447/1763/363 425/1764/364
f 425/1765/364 447/1766/363 448/1767/365
f 425/1768/364 448/1769/365 424/1770/366
f 424/1771/366 448/1772/365 449/1773/367
f 424/1774/366 449/1775/367 423/1776/368
f 423/1777/368 449/1778/367 480/1779/369
f 423/1780/368 480/1781/369 422/1782/370
f 481/1783/371 450/1784/372 451/1785/373
f 481/1786/371 451/1787/373 421/1788/374
f 421/1789/374 451/1790/373 452/1791/375
f 421/1792/374 452/1793/375 420/1794/376
f 420/1795/376 452/1796/375 453/1797/377
f 420/1798/376 453/1799/377 419/1800/378
f 419/1801/378 453/1802/377 454/1803/379
f 419/1804/378 454/1805/379 418/1806/380
f 418/1807/380 454/1808/379 455/1809/381
f 418/1810/380 455/1811/381 417/1812/382
f 417/1813/382 455/1814/381 456/1815/383
f 417/1816/382 456/1817/383 416/1818/384
f 416/1819/384 456/1820/383 457/1821/385
f 416/1822/384 457/1823/385 415/1824/386
f 415/1825/386 457/1826/385 458/1827/387
f 415/1828/386 458/1829/387 414/1830/388
f 414/1831/388 458/1832/387 459/1833/389
f 414/1834/388 459/1835/389 413/1836/390
f 413/1837/390 459/1838/389 460/1839/391
f 413/1840/390 460/1841/391 412/1842/392
f 412/1843/392 460/1844/391 461/1845/393
f 412/1846/392 461/1847/393 411/1848/394
f 411/1849/394 461/1850/393 462/1851/395
f 411/1852/394 462/1853/395 410/1854/396
f 410/1855/396 462/1856/395 463/1857/397
f 410/1858/396 463/1859/397 409/1860/398
f 409/1861/398 463/1862/397 464/1863/399
f 409/1864/398 464/1865/399 408/1866/400
f 408/1867/400 464/1868/399 465/1869/401
f 408/1870/400 465/1871/401 407/1872/402
f 407/1873/402 465/1874/401 466/1875/403
f 407/1876/402 466/1877/403 406/1878/404
f 406/1879/404 466/1880/403 467/1881/405
f 406/1882/404 467/1883/405 405/1884/406
f 405/1885/406 467/1886/405 468/1887/407
f 405/1888/406 468/1889/407 404/1890/408
f 404/1891/408 468/1892/407 469/1893/409
f 404/1894/408 469/1895/409 403/1896/330
f 403/1897/330 469/1898/409 470/1899/331
f 482/1900/410 483/1901/411 518/1902/412
f 518/1903/412 483/1904/411 522/1905/413
f 518/1906/412 522/1907/413 517/1908/414
f 517/1909/414 522/1910/413 526/1911/415
f 517/1912/414 526/1913/415 516/1914/416
f 516/1915/416 526/1916/415 530/1917/417
f 516/1918/416 530/1919/417 515/1920/418
f 515/1921/418 530/1922/417 534/1923/419
f 515/1924/418 534/1925/419 514/1926/420
f 514/1927/420 534/1928/419 538/1929/421
f 514/1930/420 538/1931/421 513/1932/422
f 513/1933/422 538/1934/421 542/1935/423
f 513/1936/422 542/1937/423 512/1938/424
f 512/1939/424 542/1940/423 546/1941/425
f 512/1942/424 546/1943/425 511/1944/426
f 511/1945/426 546/1946/425 550/1947/427
f 511/1948/426 550/1949/427 510/1950/428
f 510/1951/428 550/1952/427 554/1953/429
f 510/1954/428 554/1955/429 509/1956/430
f 509/1957/430 554/1958/429 558/1959/431
f 509/1960/430 558/1961/431 508/1962/432
f 508/1963/432 558/1964/431 562/1965/433
f 508/1966/432 562/1967/433 507/1968/434
f 507/1969/434 562/1970/433 566/1971/435
f 507/1972/434 566/1973/435 506/1974/436
f 506/1975/436 566/1976/435 504/1977/437
f 506/1978/436 504/1979/437 505/1980/438
f 483/1981/411 484/1982/439 522/1983/413
f 522/1984/413 484/1985/439 521/1986/440
f 522/1987/413 521/1988/440 526/1989/415
f 526/1990/415 521/1991/440 525/1992/441
f 526/1993/415 525/1994/441 530/1995/417
f 530/1996/417 525/1997/441 529/1998/442
f 530/1999/417 529/2000/442 534/2001/419
f 534/2002/419 529/2003/442 533/2004/443
f 534/2005/419 533/2006/443 538/2007/421
f 538/2008/421 533/2009/443 537/2010/444
f 538/2011/421 537/2012/444 542/2013/423
f 542/2014/423 537/2015/444 541/2016/445
f 542/2017/423 541/2018/445 546/2019/425
f 546/2020/425 541/2021/445 545/2022/446
f 546/2023/425 545/2024/446 550/2025/427
f 550/2026/427 545/2027/446 549/2028/447
f 550/2029/427 549/2030/447 554/2031/429
f 554/2032/429 549/2033/447 553/2034/448
f 554/2035/429 553/2036/448 558/2037/431
f 558/2038/431 553/2039/448 557/2040/449
f 558/2041/431 557/2042/449 562/2043/433
f 562/2044/433 557/2045/449 561/2046/450
f 562/2047/433 561/2048/450 566/2049/435
f 566/2050/435 561/2051/450 565/2052/451
f 566/2053/435 565/2054/451 504/2055/437
f 504/2056/437 565/2057/451 503/2058/452
f 503/2059/452 565/2060/451 564/2061/453
f 503/2062/452 564/2063/453 502/2064/454
f 502/2065/454 564/2066/453 563/2067/455
f 502/2068/454 563/2069/455 501/2070/456
f 501/2071/456 563/2072/455 499/2073/457
f 501/2074/456 499/2075/457 500/2076/458
f 484/2077/439 485/2078/459 521/2079/440
f 521/2080/440 485/2081/459 520/2082/460
f 521/2083/440 520/2084/460 525/2085/441
f 525/2086/441 520/2087/460 524/2088/461
f 525/2089/441 524/2090/461 528/2091/462
f 525/2092/441 528/2093/462 529/2094/442
f 529/2095/442 528/2096/462 532/2097/463
f 529/2098/442 532/2099/463 533/2100/443
f 533/2101/443 532/2102/463 536/2103/464
f 533/2104/443 536/2105/464 537/2106/444
f 537/2107/444 536/2108/464 540/2109/465
f 537/2110/444 540/2111/465 541/2112/445
f 541/2113/445 540/2114/465 544/2115/466
f 541/2116/445 544/2117/466 545/2118/446
f 545/2119/446 544/2120/466 548/2121/467
f 545/2122/446 548/2123/467 549/2124/447
f 549/2125/447 548/2126/467 552/2127/468
f 549/2128/447 552/2129/468 553/2130/448
f 553/2131/448 552/2132/468 556/2133/469
f 553/2134/448 556/2135/469 557/2136/449
f 557/2137/449 556/2138/469 560/2139/470
f 557/2140/449 560/2141/470 561/2142/450
f 561/2143/450 560/2144/470 565/2145/451
f 565/2146/451 560/2147/470 564/2148/453
f 485/2149/459 486/2150/471 520/2151/460
f 520/2152/460 486/2153/471 519/2154/472
f 520/2155/460 519/2156/472 524/2157/461
f 524/2158/461 519/2159/472 523/2160/473
f 524/2161/461 523/2162/473 528/2163/462
f 528/2164/462 523/2165/473 527/2166/474
f 528/2167/462 527/2168/474 532/2169/463
f 532/2170/463 527/2171/474 531/2172/475
f 532/2173/463 531/2174/475 536/2175/464
f 536/2176/464 531/2177/475 535/2178/476
f 536/2179/464 535/2180/476 540/2181/465
f 540/2182/465 535/2183/476 539/2184/477
f 540/2185/465 539/2186/477 544/2187/466
f 544/2188/466 539/2189/477 543/2190/478
f 544/2191/466 543/2192/478 548/2193/467
f 548/2194/467 543/2195/478 547/2196/479
f 548/2197/467 547/2198/479 552/2199/468
f 552/2200/468 547/2201/479 551/2202/480
f 552/2203/468 551/2204/480 556/2205/469
f 556/2206/469 551/2207/480 555/2208/481
f 556/2209/469 555/2210/481 560/2211/470
f 560/2212/470 555/2213/481 559/2214/482
f 560/2215/470 559/2216/482 564/2217/453
f 564/2218/453 559/2219/482 563/2220/455
f 486/2221/471 487/2222/483 519/2223/472
f 519/2224/472 487/2225/483 488/2226/484
f 519/2227/472 488/2228/484 523/2229/473
f 523/2230/473 488/2231/484 489/2232/485
f 523/2233/473 489/2234/485 527/2235/474
f 527/2236/474 489/2237/485 490/2238/486
f 527/2239/474 490/2240/486 531/2241/475
f 531/2242/475 490/2243/486 491/2244/487
f 531/2245/475 491/2246/487 535/2247/476
f 535/2248/476 491/2249/487 492/2250/488
f 535/2251/476 492/2252/488 539/2253/477
f 539/2254/477 492/2255/488 493/2256/489
f 539/2257/477 493/2258/489 543/2259/478
f 543/2260/478 493/2261/489 494/2262/490
f 543/2263/478 494/2264/490 547/2265/479
f 547/2266/479 494/2267/490 495/2268/491
f 547/2269/479 495/2270/491 551/2271/480
f 551/2272/480 495/2273/491 496/2274/492
f 551/2275/480 496/2276/492 555/2277/481
f 555/2278/481 496/2279/492 497/2280/493
f 555/2281/481 497/2282/493 559/2283/482
f 559/2284/482 497/2285/493 498/2286/494
f 559/2287/482 498/2288/494 563/2289/455
f 563/2290/455 498/2291/494 499/2292/457
f 567/2293/495 568/2294/496 584/2295/497
f 584/2296/497 568/2297/496 588/2298/498
f 584/2299/497 588/2300/498 583/2301/499
f 583/2302/499 588/2303/498 592/2304/500
f 583/2305/499 592/2306/500 582/2307/501
f 582/2308/501 592/2309/500 596/2310/502
f 582/2311/501 596/2312/502 581/2313/503
f 581/2314/503 596/2315/502 580/2316/504
f 580/2317/504 596/2318/502 595/2319/505
f 580/2320/504 595/2321/505 579/2322/506
f 579/2323/506 595/2324/505 594/2325/507
f 579/2326/506 594/2327/507 578/2328/508
f 578/2329/508 594/2330/507 593/2331/509
f 578/2332/508 593/2333/509 577/2334/510
f 577/2335/510 593/2336/509 575/2337/511
f 577/2338/510 575/2339/511 576/2340/512
f 568/2341/496 569/2342/513 588/2343/498
f 588/2344/498 569/2345/513 587/2346/514
f 588/2347/498 587/2348/514 592/2349/500
f 592/2350/500 587/2351/514 591/2352/515
f 592/2353/500 591/2354/515 596/2355/502
f 596/2356/502 591/2357/515 595/2358/505
f 569/2359/513 570/2360/516 587/2361/514
f 587/2362/514 570/2363/516 586/2364/517
f 587/2365/514 586/2366/517 591/2367/515
f 591/2368/515 586/2369/517 590/2370/518
f 591/2371/515 590/2372/518 595/2373/505
f 595/2374/505 590/2375/518 594/2376/507
f 570/2377/516 571/2378/519 586/2379/517
f 586/2380/517 571/2381/519 585/2382/520
f 586/2383/517 585/2384/520 590/2385/518
f 590/2386/518 585/2387/520 589/2388/521
f 590/2389/518 589/2390/521 594/2391/507
f 594/2392/507 589/2393/521 593/2394/509
f 571/2395/519 572/2396/522 585/2397/520
f 585/2398/520 572/2399/522 573/2400/523
f 585/2401/520 573/2402/523 589/2403/521
f 589/2404/521 573/2405/523 574/2406/524
f 589/2407/521 574/2408/524 593/2409/509
f 593/2410/509 574/2411/524 575/2412/511
f 597/2413/525 598/2414/526 622/2415/527
f 622/2416/527 598/2417/526 626/2418/528
f 622/2419/527 626/2420/528 621/2421/529
f 621/2422/529 626/2423/528 630/2424/530
f 621/2425/529 630/2426/530 620/2427/531
f 620/2428/531 630/2429/530 634/2430/532
f 620/2431/531 634/2432/532 619/2433/45
f 619/2434/45 634/2435/532 638/2436/533
f 619/2437/45 638/2438/533 618/2439/534
f 618/2440/534 638/2441/533 642/2442/535
f 618/2443/534 642/2444/535 617/2445/536
f 617/2446/536 642/2447/535 646/2448/537
f 617/2449/536 646/2450/537 616/2451/538
f 616/2452/538 646/2453/537 650/2454/539
f 616/2455/538 650/2456/539 615/2457/540
f 615/2458/540 650/2459/539 614/2460/541
f 614/2461/541 650/2462/539 649/2463/542
f 614/2464/541 649/2465/542 613/2466/543
f 613/2467/543 649/2468/542 648/2469/544
f 613/2470/543 648/2471/544 612/2472/545
f 612/2473/545 648/2474/544 647/2475/546
f 612/2476/545 647/2477/546 611/2478/547
f 611/2479/547 647/2480/546 609/2481/548
f 611/2482/547 609/2483/548 610/2484/549
f 598/2485/526 599/2486/550 626/2487/528
f 626/2488/528 599/2489/550 625/2490/551
f 626/2491/528 625/2492/551 630/2493/530
f 630/2494/530 625/2495/551 629/2496/552
f 630/2497/530 629/2498/552 634/2499/532
f 634/2500/532 629/2501/552 633/2502/553
f 634/2503/532 633/2504/553 638/2505/533
f 638/2506/533 633/2507/553 637/2508/554
f 638/2509/533 637/2510/554 642/2511/535
f 642/2512/535 637/2513/554 641/2514/555
f 642/2515/535 641/2516/555 646/2517/537
f 646/2518/537 641/2519/555 645/2520/556
f 646/2521/537 645/2522/556 650/2523/539
f 650/2524/539 645/2525/556 649/2526/542
f 599/2527/550 600/2528/557 625/2529/551
f 625/2530/551 600/2531/557 624/2532/558
f 625/2533/551 624/2534/558 629/2535/552
f 629/2536/552 624/2537/558 628/2538/559
f 629/2539/552 628/2540/559 632/2541/560
f 629/2542/552 632/2543/560 633/2544/553
f 633/2545/553 632/2546/560 636/2547/561
f 633/2548/553 636/2549/561 637/2550/554
f 637/2551/554 636/2552/561 640/2553/562
f 637/2554/554 640/2555/562 641/2556/555
f 641/2557/555 640/2558/562 644/2559/563
f 641/2560/555 644/2561/563 645/2562/556
f 645/2563/556 644/2564/563 649/2565/542
f 649/2566/542 644/2567/563 648/2568/544
f 600/2569/557 601/2570/564 624/2571/558
f 624/2572/558 601/2573/564 623/2574/565
f 624/2575/558 623/2576/565 628/2577/559
f 628/2578/559 623/2579/565 627/2580/566
f 628/2581/559 627/2582/566 632/2583/560
f 632/2584/560 627/2585/566 631/2586/567
f 632/2587/560 631/2588/567 636/2589/561
f 636/2590/561 631/2591/567 635/2592/568
f 636/2593/561 635/2594/568 640/2595/562
f 640/2596/562 635/2597/568 639/2598/569
f 640/2599/562 639/2600/569 644/2601/563
f 644/2602/563 639/2603/569 643/2604/570
f 644/2605/563 643/2606/570 648/2607/544
f 648/2608/544 643/2609/570 647/2610/546
f 601/2611/564 602/2612/571 623/2613/565
f 623/2614/565 602/2615/571 603/2616/572
f 623/2617/565 603/2618/572 627/2619/566
f 627/2620/566 603/2621/572 604/2622/573
f 627/2623/566 604/2624/573 631/2625/567
f 631/2626/567 604/2627/573 605/2628/574
f 631/2629/567 605/2630/574 635/2631/568
f 635/2632/568 605/2633/574 606/2634/575
f 635/2635/568 606/2636/575 639/2637/569
f 639/2638/569 606/2639/575 607/2640/576
f 639/2641/569 607/2642/576 643/2643/570
f 643/2644/570 607/2645/576 608/2646/577
f 643/2647/570 608/2648/577 647/2649/546
f 647/2650/546 608/2651/577 609/2652/548
f 651/2653/578 652/2654/579 668/2655/580
f 668/2656/580 652/2657/579 672/2658/581
f 668/2659/580 672/2660/581 667/2661/582
f 667/2662/582 672/2663/581 676/2664/583
f 667/2665/582 676/2666/583 666/2667/584
f 666/2668/584 676/2669/583 680/2670/585
f 666/2671/584 680/2672/585 665/2673/586
f 665/2674/586 680/2675/585 664/2676/587
f 664/2677/587 680/2678/585 679/2679/588
f 664/2680/587 679/2681/588 663/2682/589
f 663/2683/589 679/2684/588 678/2685/590
f 663/2686/589 678/2687/590 662/2688/591
f 662/2689/591 678/2690/590 677/2691/592
f 662/2692/591 677/2693/592 661/2694/593
f 661/2695/593 677/2696/592 659/2697/594
f 661/2698/593 659/2699/594 660/2700/595
f 652/2701/579 653/2702/596 672/2703/581
f 672/2704/581 653/2705/596 671/2706/597
f 672/2707/581 671/2708/597 676/2709/583
f 676/2710/583 671/2711/597 675/2712/598
f 676/2713/583 675/2714/598 680/2715/585
f 680/2716/585 675/2717/598 679/2718/588
f 653/2719/596 654/2720/599 671/2721/597
f 671/2722/597 654/2723/599 670/2724/600
f 671/2725/597 670/2726/600 675/2727/598
f 675/2728/598 670/2729/600 674/2730/601
f 675/2731/598 674/2732/601 679/2733/588
f 679/2734/588 674/2735/601 678/2736/590
f 654/2737/599 655/2738/602 670/2739/600
f 670/2740/600 655/2741/602 669/2742/603
f 670/2743/600 669/2744/603 674/2745/601
f 674/2746/601 669/2747/603 673/2748/604
f 674/2749/601 673/2750/604 678/2751/590
f 678/2752/590 673/2753/604 677/2754/592
f 655/2755/602 656/2756/605 669/2757/603
f 669/2758/603 656/2759/605 657/2760/606
f 669/2761/603 657/2762/606 673/2763/604
f 673/2764/604 657/2765/606 658/2766/607
f 673/2767/604 658/2768/607 677/2769/592
f 677/2770/592 658/2771/607 659/2772/594
f 681/2773/608 682/2774/609 717/2775/610
f 717/2776/610 682/2777/609 721/2778/611
f 717/2779/610 721/2780/611 716/2781/612
f 716/2782/612 721/2783/611 725/2784/613
f 716/2785/612 725/2786/613 715/2787/614
f 715/2788/614 725/2789/613 729/2790/615
f 715/2791/614 729/2792/615 714/2793/616
f 714/2794/616 729/2795/615 733/2796/617
f 714/2797/616 733/2798/617 713/2799/618
f 713/2800/618 733/2801/617 737/2802/619
f 713/2803/618 737/2804/619 712/2805/620
f 712/2806/620 737/2807/619 741/2808/621
f 712/2809/620 741/2810/621 711/2811/622
f 711/2812/622 741/2813/621 745/2814/623
f 711/2815/622 745/2816/623 710/2817/624
f 710/2818/624 745/2819/623 749/2820/625
f 710/2821/624 749/2822/625 709/2823/626
f 709/2824/626 749/2825/625 753/2826/627
f 709/2827/626 753/2828/627 708/2829/628
f 708/2830/628 753/2831/627 757/2832/629
f 708/2833/628 757/2834/629 707/2835/630
f 707/2836/630 757/2837/629 761/2838/631
f 707/2839/630 761/2840/631 706/2841/632
f 706/2842/632 761/2843/631 765/2844/633
f 706/2845/632 765/2846/633 705/2847/634
f 705/2848/634 765/2849/633 704/2850/635
f 704/2851/635 765/2852/633 764/2853/636
f 704/2854/635 764/2855/636 703/2856/637
f 703/2857/637 764/2858/636 763/2859/638
f 703/2860/637 763/2861/638 702/2862/639
f 702/2863/639 763/2864/638 762/2865/640
f 702/2866/639 762/2867/640 701/2868/641
f 701/2869/641 762/2870/640 699/2871/642
f 701/2872/641 699/2873/642 700/2874/643
f 682/2875/609 683/2876/644 721/2877/611
f 721/2878/611 683/2879/644 720/2880/645
f 721/2881/611 720/2882/645 725/2883/613
f 725/2884/613 720/2885/645 724/2886/646
f 725/2887/613 724/2888/646 729/2889/615
f 729/2890/615 724/2891/646 728/2892/647
f 729/2893/615 728/2894/647 733/2895/617
f 733/2896/617 728/2897/647 732/2898/648
f 733/2899/617 732/2900/648 737/2901/619
f 737/2902/619 732/2903/648 736/2904/649
f 737/2905/619 736/2906/649 741/2907/621
f 741/2908/621 736/2909/649 740/2910/650
f 741/2911/621 740/2912/650 745/2913/623
f 745/2914/623 740/2915/650 744/2916/651
f 745/2917/623 744/2918/651 749/2919/625
f 749/2920/625 744/2921/651 748/2922/652
f 749/2923/625 748/2924/652 753/2925/627
f 753/2926/627 748/2927/652 752/2928/653
f 753/2929/627 752/2930/653 757/2931/629
f 757/2932/629 752/2933/653 756/2934/654
f 757/2935/629 756/2936/654 761/2937/631
f 761/2938/631 756/2939/654 760/2940/655
f 761/2941/631 760/2942/655 765/2943/633
f 765/2944/633 760/2945/655 764/2946/636
f 683/2947/644 684/2948/656 720/2949/645
f 720/2950/645 684/2951/656 719/2952/657
f 720/2953/645 719/2954/657 724/2955/646
f 724/2956/646 719/2957/657 723/2958/658
f 724/2959/646 723/2960/658 727/2961/659
f 724/2962/646 727/2963/659 728/2964/647
f 728/2965/647 727/2966/659 731/2967/660
f 728/2968/647 731/2969/660 732/2970/648
f 732/2971/648 731/2972/660 735/2973/661
f 732/2974/648 735/2975/661 736/2976/649
f 736/2977/649 735/2978/661 739/2979/662
f 736/2980/649 739/2981/662 740/2982/650
f 740/2983/650 739/2984/662 743/2985/663
f 740/2986/650 743/2987/663 744/2988/651
f 744/2989/651 743/2990/663 747/2991/664
f 744/2992/651 747/2993/664 748/2994/652
f 748/2995/652 747/2996/664 751/2997/665
f 748/2998/652 751/2999/665 752/3000/653
f 752/3001/653 751/3002/665 755/3003/666
f 752/3004/653 755/3005/666 756/3006/654
f 756/3007/654 755/3008/666 759/3009/667
f 756/3010/654 759/3011/667 760/3012/655
f 760/3013/655 759/3014/667 764/3015/636
f 764/3016/636 759/3017/667 763/3018/638
f 684/3019/656 685/3020/668 719/3021/657
f 719/3022/657 685/3023/668 718/3024/669
f 719/3025/657 718/3026/669 723/3027/658
f 723/3028/658 718/3029/669 722/3030/670
f 723/3031/658 722/3032/670 727/3033/659
f 727/3034/659 722/3035/670 726/3036/671
f 727/3037/659 726/3038/671 731/3039/660
f 731/3040/660 726/3041/671 730/3042/672
f 731/3043/660 730/3044/672 735/3045/661
f 735/3046/661 730/3047/672 734/3048/673
f 735/3049/661 734/3050/673 739/3051/662
f 739/3052/662 734/3053/673 738/3054/674
f 739/3055/662 738/3056/674 743/3057/663
f 743/3058/663 738/3059/674 742/3060/675
f 743/3061/663 742/3062/675 747/3063/664
f 747/3064/664 742/3065/675 746/3066/676
f 747/3067/664 746/3068/676 751/3069/665
f 751/3070/665 746/3071/676 750/3072/677
f 751/3073/665 750/3074/677 755/3075/666
f 755/3076/666 750/3077/677 754/3078/678
f 755/3079/666 754/3080/678 759/3081/667
f 759/3082/667 754/3083/678 758/3084/679
f 759/3085/667 758/3086/679 763/3087/638
f 763/3088/638 758/3089/679 762/3090/640
f 686/3091/680 687/3092/681 685/3093/668
f 685/3094/668 687/3095/681 718/3096/669
f 687/3097/681 688/3098/682 718/3099/669
f 718/3100/669 688/3101/682 722/3102/670
f 688/3103/682 689/3104/683 722/3105/670
f 722/3106/670 689/3107/683 726/3108/671
f 689/3109/683 690/3110/684 726/3111/671
f 726/3112/671 690/3113/684 730/3114/672
f 690/3115/684 691/3116/685 730/3117/672
f 730/3118/672 691/3119/685 734/3120/673
f 691/3121/685 692/3122/686 734/3123/673
f 734/3124/673 692/3125/686 738/3126/674
f 692/3127/686 693/3128/687 738/3129/674
f 738/3130/674 693/3131/687 742/3132/675
f 693/3133/687 694/3134/688 742/3135/675
f 742/3136/675 694/3137/688 746/3138/676
f 694/3139/688 695/3140/689 746/3141/676
f 746/3142/676 695/3143/689 750/3144/677
f 695/3145/689 696/3146/690 750/3147/677
f 750/3148/677 696/3149/690 754/3150/678
f 696/3151/690 697/3152/691 754/3153/678
f 754/3154/678 697/3155/691 758/3156/679
f 697/3157/691 698/3158/692 758/3159/679
f 758/3160/679 698/3161/692 762/3162/640
f 698/3163/692 699/3164/642 762/3165/640
f 766/3166/693 767/3167/694 783/3168/695
f 783/3169/695 767/3170/694 787/3171/696
f 783/3172/695 787/3173/696 782/3174/697
f 782/3175/697 787/3176/696 791/3177/698
f 782/3178/697 791/3179/698 781/3180/699
f 781/3181/699 791/3182/698 795/3183/700
f 781/3184/699 795/3185/700 780/3186/701
f 780/3187/701 795/3188/700 779/3189/702
f 779/3190/702 795/3191/700 794/3192/703
f 779/3193/702 794/3194/703 778/3195/704
f 778/3196/704 794/3197/703 793/3198/705
f 778/3199/704 793/3200/705 777/3201/706
f 777/3202/706 793/3203/705 792/3204/707
f 777/3205/706 792/3206/707 776/3207/708
f 776/3208/708 792/3209/707 774/3210/709
f 776/3211/708 774/3212/709 775/3213/710
f 767/3214/694 768/3215/711 787/3216/696
f 787/3217/696 768/3218/711 786/3219/712
f 787/3220/696 786/3221/712 791/3222/698
f 791/3223/698 786/3224/712 790/3225/713
f 791/3226/698 790/3227/713 795/3228/700
f 795/3229/700 790/3230/713 794/3231/703
f 768/3232/711 769/3233/714 786/3234/712
f 786/3235/712 769/3236/714 785/3237/715
f 786/3238/712 785/3239/715 790/3240/713
f 790/3241/713 785/3242/715 789/3243/716
f 790/3244/713 789/3245/716 794/3246/703
f 794/3247/703 789/3248/716 793/3249/705
f 769/3250/714 770/3251/717 785/3252/715
f 785/3253/715 770/3254/717 784/3255/718
f 785/3256/715 784/3257/718 789/3258/716
f 789/3259/716 784/3260/718 788/3261/719
f 789/3262/716 788/3263/719 793/3264/705
f 793/3265/705 788/3266/719 792/3267/707
f 770/3268/717 771/3269/720 784/3270/718
f 784/3271/718 771/3272/720 772/3273/721
f 784/3274/718 772/3275/721 788/3276/719
f 788/3277/719 772/3278/721 773/3279/722
f 788/3280/719 773/3281/722 792/3282/707
f 792/3283/707 773/3284/722 774/3285/709
f 796/3286/723 797/3287/724 821/3288/725
f 821/3289/725 797/3290/724 825/3291/726
f 821/3292/725 825/3293/726 820/3294/727
f 820/3295/727 825/3296/726 829/3297/728
f 820/3298/727 829/3299/728 819/3300/729
f 819/3301/729 829/3302/728 833/3303/730
f 819/3304/729 833/3305/730 818/3306/65
f 818/3307/65 833/3308/730 837/3309/731
f 818/3310/65 837/3311/731 817/3312/732
f 817/3313/732 837/3314/731 841/3315/733
f 817/3316/732 841/3317/733 816/3318/734
f 816/3319/734 841/3320/733 845/3321/735
f 816/3322/734 845/3323/735 815/3324/736
f 815/3325/736 845/3326/735 849/3327/737
f 815/3328/736 849/3329/737 814/3330/738
f 814/3331/738 849/3332/737 813/3333/739
f 813/3334/739 849/3335/737 848/3336/740
f 813/3337/739 848/3338/740 812/3339/741
f 812/3340/741 848/3341/740 847/3342/742
f 812/3343/741 847/3344/742 811/3345/743
f 811/3346/743 847/3347/742 846/3348/744
f 811/3349/743 846/3350/744 810/3351/745
f 810/3352/745 846/3353/744 808/3354/746
f 810/3355/745 808/3356/746 809/3357/747
f 797/3358/724 798/3359/748 825/3360/726
f 825/3361/726 798/3362/748 824/3363/749
f 825/3364/726 824/3365/749 829/3366/728
f 829/3367/728 824/3368/749 828/3369/750
f 829/3370/728 828/3371/750 833/3372/730
f 833/3373/730 828/3374/750 832/3375/751
f 833/3376/730 832/3377/751 837/3378/731
f 837/3379/731 832/3380/751 836/3381/752
f 837/3382/731 836/3383/752 841/3384/733
f 841/3385/733 836/3386/752 840/3387/753
f 841/3388/733 840/3389/753 845/3390/735
f 845/3391/735 840/3392/753 844/3393/754
f 845/3394/735 844/3395/754 849/3396/737
f 849/3397/737 844/3398/754 848/3399/740
f 798/3400/748 799/3401/755 824/3402/749
f 824/3403/749 799/3404/755 823/3405/756
f 824/3406/749 823/3407/756 828/3408/750
f 828/3409/750 823/3410/756 827/3411/757
f 828/3412/750 827/3413/757 831/3414/758
f 828/3415/750 831/3416/758 832/3417/751
f 832/3418/751 831/3419/758 835/3420/759
f 832/3421/751 835/3422/759 836/3423/752
f 836/3424/752 835/3425/759 839/3426/760
f 836/3427/752 839/3428/760 840/3429/753
f 840/3430/753 839/3431/760 843/3432/761
f 840/3433/753 843/3434/761 844/3435/754
f 844/3436/754 843/3437/761 848/3438/740
f 848/3439/740 843/3440/761 847/3441/742
f 799/3442/755 800/3443/762 823/3444/756
f 823/3445/756 800/3446/762 822/3447/763
f 823/3448/756 822/3449/763 827/3450/757
f 827/3451/757 822/3452/763 826/3453/764
f 827/3454/757 826/3455/764 831/3456/758
f 831/3457/758 826/3458/764 830/3459/765
f 831/3460/758 830/3461/765 835/3462/759
f 835/3463/759 830/3464/765 834/3465/766
f 835/3466/759 834/3467/766 839/3468/760
f 839/3469/760 834/3470/766 838/3471/767
f 839/3472/760 838/3473/767 843/3474/761
f 843/3475/761 838/3476/767 842/3477/768
f 843/3478/761 842/3479/768 847/3480/742
f 847/3481/742 842/3482/768 846/3483/744
f 800/3484/762 801/3485/769 822/3486/763
f 822/3487/763 801/3488/769 802/3489/770
f 822/3490/763 802/3491/770 826/3492/764
f 826/3493/764 802/3494/770 803/3495/771
f 826/3496/764 803/3497/771 830/3498/765
f 830/3499/765 803/3500/771 804/3501/772
f 830/3502/765 804/3503/772 834/3504/766
f 834/3505/766 804/3506/772 805/3507/773
f 834/3508/766 805/3509/773 838/3510/767
f 838/3511/767 805/3512/773 806/3513/774
f 838/3514/767 806/3515/774 842/3516/768
f 842/3517/768 806/3518/774 807/3519/775
f 842/3520/768 807/3521/775 846/3522/744
f 846/3523/744 807/3524/775 808/3525/746
f 850/3526/776 851/3527/777 867/3528/778
f 867/3529/778 851/3530/777 871/3531/779
f 867/3532/778 871/3533/779 866/3534/780
f 866/3535/780 871/3536/779 875/3537/781
f 866/3538/780 875/3539/781 865/3540/782
f 865/3541/782 875/3542/781 879/3543/783
f 865/3544/782 879/3545/783 864/3546/784
f 864/3547/784 879/3548/783 863/3549/785
f 863/3550/785 879/3551/783 878/3552/786
f 863/3553/785 878/3554/786 862/3555/787
f 862/3556/787 878/3557/786 877/3558/788
f 862/3559/787 877/3560/788 861/3561/789
f 861/3562/789 877/3563/788 876/3564/790
f 861/3565/789 876/3566/790 860/3567/791
f 860/3568/791 876/3569/790 858/3570/792
f 860/3571/791 858/3572/792 859/3573/793
f 851/3574/777 852/3575/794 871/3576/779
f 871/3577/779 852/3578/794 870/3579/795
f 871/3580/779 870/3581/795 875/3582/781
f 875/3583/781 870/3584/795 874/3585/796
f 875/3586/781 874/3587/796 879/3588/783
f 879/3589/783 874/3590/796 878/3591/786
f 852/3592/794 853/3593/797 870/3594/795
f 870/3595/795 853/3596/797 869/3597/798
f 870/3598/795 869/3599/798 874/3600/796
f 874/3601/796 869/3602/798 873/3603/799
f 874/3604/796 873/3605/799 878/3606/786
f 878/3607/786 873/3608/799 877/3609/788
f 853/3610/797 854/3611/800 869/3612/798
f 869/3613/798 854/3614/800 868/3615/801
f 869/3616/798 868/3617/801 873/3618/799
f 873/3619/799 868/3620/801 872/3621/802
f 873/3622/799 872/3623/802 877/3624/788
f 877/3625/788 872/3626/802 876/3627/790
f 854/3628/800 855/3629/803 868/3630/801
f 868/3631/801 855/3632/803 856/3633/804
f 868/3634/801 856/3635/804 872/3636/802
f 872/3637/802 856/3638/804 857/3639/805
f 872/3640/802 857/3641/805 876/3642/790
f 876/3643/790 857/3644/805 858/3645/792
f 880/3646/806 881/3647/807 916/3648/808
f 916/3649/808 881/3650/807 920/3651/809
f 916/3652/808 920/3653/809 915/3654/810
f 915/3655/810 920/3656/809 924/3657/811
f 915/3658/810 924/3659/811 914/3660/812
f 914/3661/812 924/3662/811 928/3663/813
f 914/3664/812 928/3665/813 913/3666/814
f 913/3667/814 928/3668/813 932/3669/815
f 913/3670/814 932/3671/815 912/3672/816
f 912/3673/816 932/3674/815 936/3675/817
f 912/3676/816 936/3677/817 911/3678/818
f 911/3679/818 936/3680/817 940/3681/819
f 911/3682/818 940/3683/819 910/3684/820
f 910/3685/820 940/3686/819 944/3687/821
f 910/3688/820 944/3689/821 909/3690/822
f 909/3691/822 944/3692/821 948/3693/823
f 909/3694/822 948/3695/823 908/3696/824
f 908/3697/824 948/3698/823 952/3699/825
f 908/3700/824 952/3701/825 907/3702/826
f 907/3703/826 952/3704/825 956/3705/827
f 907/3706/826 956/3707/827 906/3708/828
f 906/3709/828 956/3710/827 960/3711/829
f 906/3712/828 960/3713/829 905/3714/830
f 905/3715/830 960/3716/829 964/3717/831
f 905/3718/830 964/3719/831 904/3720/832
f 904/3721/832 964/3722/831 903/3723/833
f 903/3724/833 964/3725/831 963/3726/834
f 903/3727/833 963/3728/834 902/3729/835
f 902/3730/835 963/3731/834 962/3732/836
f 902/3733/835 962/3734/836 901/3735/837
f 901/3736/837 962/3737/836 961/3738/838
f 901/3739/837 961/3740/838 900/3741/839
f 900/3742/839 961/3743/838 898/3744/840
f 900/3745/839 898/3746/840 899/3747/841
f 881/3748/807 882/3749/842 920/3750/809
f 920/3751/809 882/3752/842 919/3753/843
f 920/3754/809 919/3755/843 924/3756/811
f 924/3757/811 919/3758/843 923/3759/844
f 924/3760/811 923/3761/844 928/3762/813
f 928/3763/813 923/3764/844 927/3765/845
f 928/3766/813 927/3767/845 932/3768/815
f 932/3769/815 927/3770/845 931/3771/846
f 932/3772/815 931/3773/846 936/3774/817
f 936/3775/817 931/3776/846 935/3777/847
f 936/3778/817 935/3779/847 940/3780/819
f 940/3781/819 935/3782/847 939/3783/848
f 940/3784/819 939/3785/848 944/3786/821
f 944/3787/821 939/3788/848 943/3789/849
f 944/3790/821 943/3791/849 948/3792/823
f 948/3793/823 943/3794/849 947/3795/850
f 948/3796/823 947/3797/850 952/3798/825
f 952/3799/825 947/3800/850 951/3801/851
f 952/3802/825 951/3803/851 956/3804/827
f 956/3805/827 951/3806/851 955/3807/852
f 956/3808/827 955/3809/852 960/3810/829
f 960/3811/829 955/3812/852 959/3813/853
f 960/3814/829 959/3815/853 964/3816/831
f 964/3817/831 959/3818/853 963/3819/834
f 882/3820/842 883/3821/854 919/3822/843
f 919/3823/843 883/3824/854 918/3825/855
f 919/3826/843 918/3827/855 923/3828/844
f 923/3829/844 918/3830/855 922/3831/856
f 923/3832/844 922/3833/856 926/3834/857
f 923/3835/844 926/3836/857 927/3837/845
f 927/3838/845 926/3839/857 930/3840/858
f 927/3841/845 930/3842/858 931/3843/846
f 931/3844/846 930/3845/858 934/3846/859
f 931/3847/846 934/3848/859 935/3849/847
f 935/3850/847 934/3851/859 938/3852/860
f 935/3853/847 938/3854/860 939/3855/848
f 939/3856/848 938/3857/860 942/3858/861
f 939/3859/848 942/3860/861 943/3861/849
f 943/3862/849 942/3863/861 946/3864/862
f 943/3865/849 946/3866/862 947/3867/850
f 947/3868/850 946/3869/862 950/3870/863
f 947/3871/850 950/3872/863 951/3873/851
f 951/3874/851 950/3875/863 954/3876/864
f 951/3877/851 954/3878/864 955/3879/852
f 955/3880/852 954/3881/864 958/3882/865
f 955/3883/852 958/3884/865 959/3885/853
f 959/3886/853 958/3887/865 963/3888/834
f 963/3889/834 958/3890/865 962/3891/836
f 883/3892/854 884/3893/866 918/3894/855
f 918/3895/855 884/3896/866 917/3897/867
f 918/3898/855 917/3899/867 922/3900/856
f 922/3901/856 917/3902/867 921/3903/868
f 922/3904/856 921/3905/868 926/3906/857
f 926/3907/857 921/3908/868 925/3909/869
f 926/3910/857 925/3911/869 930/3912/858
f 930/3913/858 925/3914/869 929/3915/870
f 930/3916/858 929/3917/870 934/3918/859
f 934/3919/859 929/3920/870 933/3921/871
f 934/3922/859 933/3923/871 938/3924/860
f 938/3925/860 933/3926/871 937/3927/872
f 938/3928/860 937/3929/872 942/3930/861
f 942/3931/861 937/3932/872 941/3933/873
f 942/3934/861 941/3935/873 946/3936/862
f 946/3937/862 941/3938/873 945/3939/874
f 946/3940/862 945/3941/874 950/3942/863
f 950/3943/863 945/3944/874 949/3945/875
f 950/3946/863 949/3947/875 954/3948/864
f 954/3949/864 949/3950/875 953/3951/876
f 954/3952/864 953/3953/876 958/3954/865
f 958/3955/865 953/3956/876 957/3957/877
f 958/3958/865 957/3959/877 962/3960/836
f 962/3961/836 957/3962/877 961/3963/838
f 885/3964/878 886/3965/879 884/3966/866
f 884/3967/866 886/3968/879 917/3969/867
f 886/3970/879 887/3971/880 917/3972/867
f 917/3973/867 887/3974/880 921/3975/868
f 887/3976/880 888/3977/881 921/3978/868
f 921/3979/868 888/3980/881 925/3981/869
f 888/3982/881 889/3983/882 925/3984/869
f 925/3985/869 889/3986/882 929/3987/870
f 889/3988/882 890/3989/883 929/3990/870
f 929/3991/870 890/3992/883 933/3993/871
f 890/3994/883 891/3995/884 933/3996/871
f 933/3997/871 891/3998/884 937/3999/872
f 891/4000/884 892/4001/885 937/4002/872
f 937/4003/872 892/4004/885 941/4005/873
f 892/4006/885 893/4007/886 941/4008/873
f 941/4009/873 893/4010/886 945/4011/874
f 893/4012/886 894/4013/887 945/4014/874
f 945/4015/874 894/4016/887 949/4017/875
f 894/4018/887 895/4019/888 949/4020/875
f 949/4021/875 895/4022/888 953/4023/876
f 895/4024/888 896/4025/889 953/4026/876
f 953/4027/876 896/4028/889 957/4029/877
f 896/4030/889 897/4031/890 957/4032/877
f 957/4033/877 897/4034/890 961/4035/838
f 897/4036/890 898/4037/840 961/4038/838
f 965/4039/891 966/4040/892 982/4041/893
f 982/4042/893 966/4043/892 986/4044/894
f 982/4045/893 986/4046/894 981/4047/895
f 981/4048/895 986/4049/894 990/4050/896
f 981/4051/895 990/4052/896 980/4053/897
f 980/4054/897 990/4055/896 994/4056/898
f 980/4057/897 994/4058/898 979/4059/899
f 979/4060/899 994/4061/898 978/4062/900
f 978/4063/900 994/4064/898 993/4065/901
f 978/4066/900 993/4067/901 977/4068/902
f 977/4069/902 993/4070/901 992/4071/903
f 977/4072/902 992/4073/903 976/4074/904
f 976/4075/904 992/4076/903 991/4077/905
f 976/4078/904 991/4079/905 975/4080/906
f 975/4081/906 991/4082/905 973/4083/907
f 975/4084/906 973/4085/907 974/4086/908
f 966/4087/892 967/4088/909 986/4089/894
f 986/4090/894 967/4091/909 985/4092/910
f 986/4093/894 985/4094/910 990/4095/896
f 990/4096/896 985/4097/910 989/4098/911
f 990/4099/896 989/4100/911 994/4101/898
f 994/4102/898 989/4103/911 993/4104/901
f 967/4105/909 968/4106/912 985/4107/910
f 985/4108/910 968/4109/912 984/4110/913
f 985/4111/910 984/4112/913 989/4113/911
f 989/4114/911 984/4115/913 988/4116/914
f 989/4117/911 988/4118/914 993/4119/901
f 993/4120/901 988/4121/914 992/4122/903
f 968/4123/912 969/4124/915 984/4125/913
f 984/4126/913 969/4127/915 983/4128/916
f 984/4129/913 983/4130/916 988/4131/914
f 988/4132/914 983/4133/916 987/4134/917
f 988/4135/914 987/4136/917 992/4137/903
f 992/4138/903 987/4139/917 991/4140/905
f 969/4141/915 970/4142/918 983/4143/916
f 983/4144/916 970/4145/918 971/4146/919
f 983/4147/916 971/4148/919 987/4149/917
f 987/4150/917 971/4151/919 972/4152/920
f 987/4153/917 972/4154/920 991/4155/905
f 991/4156/905 972/4157/920 973/4158/907
f 995/4159/921 996/4160/922 1020/4161/923
f 1020/4162/923 996/4163/922 1024/4164/924
f 1020/4165/923 1024/4166/924 1019/4167/925
f 1019/4168/925 1024/4169/924 1028/4170/926
f 1019/4171/925 1028/4172/926 1018/4173/927
f 1018/4174/927 1028/4175/926 1032/4176/928
f 1018/4177/927 1032/4178/928 1017/4179/929
f 1017/4180/929 1032/4181/928 1036/4182/930
f 1017/4183/929 1036/4184/930 1016/4185/931
f 1016/4186/931 1036/4187/930 1040/4188/932
f 1016/4189/931 1040/4190/932 1015/4191/933
f 1015/4192/933 1040/4193/932 1044/4194/934
f 1015/4195/933 1044/4196/934 1014/4197/935
f 1014/4198/935 1044/4199/934 1048/4200/936
f 1014/4201/935 1048/4202/936 1013/4203/937
f 1013/4204/937 1048/4205/936 1012/4206/938
f 1012/4207/938 1048/4208/936 1047/4209/939
f 1012/4210/938 1047/4211/939 1011/4212/940
f 1011/4213/940 1047/4214/939 1046/4215/941
f 1011/4216/940 1046/4217/941 1010/4218/942
f 1010/4219/942 1046/4220/941 1045/4221/943
f 1010/4222/942 1045/4223/943 1009/4224/944
f 1009/4225/944 1045/4226/943 1007/4227/945
f 1009/4228/944 1007/4229/945 1008/4230/946
f 996/4231/922 997/4232/947 1024/4233/924
f 1024/4234/924 997/4235/947 1023/4236/948
f 1024/4237/924 1023/4238/948 1028/4239/926
f 1028/4240/926 1023/4241/948 1027/4242/949
f 1028/4243/926 1027/4244/949 1032/4245/928
f 1032/4246/928 1027/4247/949 1031/4248/950
f 1032/4249/928 1031/4250/950 1036/4251/930
f 1036/4252/930 1031/4253/950 1035/4254/951
f 1036/4255/930 1035/4256/951 1040/4257/932
f 1040/4258/932 1035/4259/951 1039/4260/952
f 1040/4261/932 1039/4262/952 1044/4263/934
f 1044/4264/934 1039/4265/952 1043/4266/953
f 1044/4267/934 1043/4268/953 1048/4269/936
f 1048/4270/936 1043/4271/953 1047/4272/939
f 997/4273/947 998/4274/954 1023/4275/948
f 1023/4276/948 998/4277/954 1022/4278/955
f 1023/4279/948 1022/4280/955 1027/4281/949
f 1027/4282/949 1022/4283/955 1026/4284/956
f 1027/4285/949 1026/4286/956 1030/4287/957
f 1027/4288/949 1030/4289/957 1031/4290/950
f 1031/4291/950 1030/4292/957 1034/4293/958
f 1031/4294/950 1034/4295/958 1035/4296/951
f 1035/4297/951 1034/4298/958 1038/4299/959
f 1035/4300/951 1038/4301/959 1039/4302/952
f 1039/4303/952 1038/4304/959 1042/4305/960
f 1039/4306/952 1042/4307/960 1043/4308/953
f 1043/4309/953 1042/4310/960 1047/4311/939
f 1047/4312/939 1042/4313/960 1046/4314/941
f 998/4315/954 999/4316/961 1022/4317/955
f 1022/4318/955 999/4319/961 1021/4320/962
f 1022/4321/955 1021/4322/962 1026/4323/956
f 1026/4324/956 1021/4325/962 1025/4326/963
f 1026/4327/956 1025/4328/963 1030/4329/957
f 1030/4330/957 1025/4331/963 1029/4332/964
f 1030/4333/957 1029/4334/964 1034/4335/958
f 1034/4336/958 1029/4337/964 1033/4338/965
f 1034/4339/958 1033/4340/965 1038/4341/959
f 1038/4342/959 1033/4343/965 1037/4344/966
f 1038/4345/959 1037/4346/966 1042/4347/960
f 1042/4348/960 1037/4349/966 1041/4350/967
f 1042/4351/960 1041/4352/967 1046/4353/941
f 1046/4354/941 1041/4355/967 1045/4356/943
f 999/4357/961 1000/4358/968 1021/4359/962
f 1021/4360/962 1000/4361/968 1001/4362/969
f 1021/4363/962 1001/4364/969 1025/4365/963
f 1025/4366/963 1001/4367/969 1002/4368/970
f 1025/4369/963 1002/4370/970 1029/4371/964
f 1029/4372/964 1002/4373/970 1003/4374/971
f 1029/4375/964 1003/4376/971 1033/4377/965
f 1033/4378/965 1003/4379/971 1004/4380/972
f 1033/4381/965 1004/4382/972 1037/4383/966
f 1037/4384/966 1004/4385/972 1005/4386/973
f 1037/4387/966 1005/4388/973 1041/4389/967
f 1041/4390/967 1005/4391/973 1006/4392/974
f 1041/4393/967 1006/4394/974 1045/4395/943
f 1045/4396/943 1006/4397/974 1007/4398/945
f 1049/4399/975 1050/4400/976 1066/4401/977
f 1066/4402/977 1050/4403/976 1070/4404/978
f 1066/4405/977 1070/4406/978 1065/4407/979
f 1065/4408/979 1070/4409/978 1074/4410/980
f 1065/4411/979 1074/4412/980 1064/4413/981
f 1064/4414/981 1074/4415/980 1078/4416/982
f 1064/4417/981 1078/4418/982 1063/4419/983
f 1063/4420/983 1078/4421/982 1062/4422/984
f 1062/4423/984 1078/4424/982 1077/4425/985
f 1062/4426/984 1077/4427/985 1061/4428/986
f 1061/4429/986 1077/4430/985 1076/4431/987
f 1061/4432/986 1076/4433/987 1060/4434/988
f 1060/4435/988 1076/4436/987 1075/4437/989
f 1060/4438/988 1075/4439/989 1059/4440/990
f 1059/4441/990 1075/4442/989 1057/4443/991
f 1059/4444/990 1057/4445/991 1058/4446/992
f 1050/4447/976 1051/4448/993 1070/4449/978
f 1070/4450/978 1051/4451/993 1069/4452/994
f 1070/4453/978 1069/4454/994 1074/4455/980
f 1074/4456/980 1069/4457/994 1073/4458/995
f 1074/4459/980 1073/4460/995 1078/4461/982
f 1078/4462/982 1073/4463/995 1077/4464/985
f 1051/4465/993 1052/4466/996 1069/4467/994
f 1069/4468/994 1052/4469/996 1068/4470/997
f 1069/4471/994 1068/4472/997 1073/4473/995
f 1073/4474/995 1068/4475/997 1072/4476/998
f 1073/4477/995 1072/4478/998 1077/4479/985
f 1077/4480/985 1072/4481/998 1076/4482/987
f 1052/4483/996 1053/4484/999 1068/4485/997
f 1068/4486/997 1053/4487/999 1067/4488/1000
f 1068/4489/997 1067/4490/1000 1072/4491/998
f 1072/4492/998 1067/4493/1000 1071/4494/1001
f 1072/4495/998 1071/4496/1001 1076/4497/987
f 1076/4498/987 1071/4499/1001 1075/4500/989
f 1053/4501/999 1054/4502/1002 1067/4503/1000
f 1067/4504/1000 1054/4505/1002 1055/4506/1003
f 1067/4507/1000 1055/4508/1003 1071/4509/1001
f 1071/4510/1001 1055/4511/1003 1056/4512/1004
f 1071/4513/1001 1056/4514/1004 1075/4515/989
f 1075/4516/989 1056/4517/1004 1057/4518/991
f 1079/4519/1005 1080/4520/1006 1115/4521/1007
f 1115/4522/1007 1080/4523/1006 1119/4524/1008
f 1115/4525/1007 1119/4526/1008 1114/4527/1009
f 1114/4528/1009 1119/4529/1008 1123/4530/1010
f 1114/4531/1009 1123/4532/1010 1113/4533/1011
f 1113/4534/1011 1123/4535/1010 1127/4536/1012
f 1113/4537/1011 1127/4538/1012 1112/4539/1013
f 1112/4540/1013 1127/4541/1012 1131/4542/1014
f 1112/4543/1013 1131/4544/1014 1111/4545/1015
f 1111/4546/1015 1131/4547/1014 1135/4548/1016
f 1111/4549/1015 1135/4550/1016 1110/4551/1017
f 1110/4552/1017 1135/4553/1016 1139/4554/1018
f 1110/4555/1017 1139/4556/1018 1109/4557/1019
f 1109/4558/1019 1139/4559/1018 1143/4560/1020
f 1109/4561/1019 1143/4562/1020 1108/4563/1021
f 1108/4564/1021 1143/4565/1020 1147/4566/1022
f 1108/4567/1021 1147/4568/1022 1107/4569/1023
f 1107/4570/1023 1147/4571/1022 1151/4572/1024
f 1107/4573/1023 1151/4574/1024 1106/4575/1025
f 1106/4576/1025 1151/4577/1024 1155/4578/1026
f 1106/4579/1025 1155/4580/1026 1105/4581/1027
f 1105/4582/1027 1155/4583/1026 1159/4584/1028
f 1105/4585/1027 1159/4586/1028 1104/4587/1029
f 1104/4588/1029 1159/4589/1028 1163/4590/1030
f 1104/4591/1029 1163/4592/1030 1103/4593/1031
f 1103/4594/1031 1163/4595/1030 1102/4596/1032
f 1102/4597/1032 1163/4598/1030 1162/4599/1033
f 1102/4600/1032 1162/4601/1033 1101/4602/1034
f 1101/4603/1034 1162/4604/1033 1161/4605/1035
f 1101/4606/1034 1161/4607/1035 1100/4608/1036
f 1100/4609/1036 1161/4610/1035 1160/4611/1037
f 1100/4612/1036 1160/4613/1037 1099/4614/1038
f 1099/4615/1038 1160/4616/1037 1097/4617/1039
f 1099/4618/1038 1097/4619/1039 1098/4620/1040
f 1080/4621/1006 1081/4622/1041 1119/4623/1008
f 1119/4624/1008 1081/4625/1041 1118/4626/1042
f 1119/4627/1008 1118/4628/1042 1123/4629/1010
f 1123/4630/1010 1118/4631/1042 1122/4632/1043
f 1123/4633/1010 1122/4634/1043 1127/4635/1012
f 1127/4636/1012 1122/4637/1043 1126/4638/1044
f 1127/4639/1012 1126/4640/1044 1131/4641/1014
f 1131/4642/1014 1126/4643/1044 1130/4644/1045
f 1131/4645/1014 1130/4646/1045 1135/4647/1016
f 1135/4648/1016 1130/4649/1045 1134/4650/1046
f 1135/4651/1016 1134/4652/1046 1139/4653/1018
f 1139/4654/1018 1134/4655/1046 1138/4656/1047
f 1139/4657/1018 1138/4658/1047 1143/4659/1020
f 1143/4660/1020 1138/4661/1047 1142/4662/1048
f 1143/4663/1020 1142/4664/1048 1147/4665/1022
f 1147/4666/1022 1142/4667/1048 1146/4668/1049
f 1147/4669/1022 1146/4670/1049 1151/4671/1024
f 1151/4672/1024 1146/4673/1049 1150/4674/1050
f 1151/4675/1024 1150/4676/1050 1155/4677/1026
f 1155/4678/1026 1150/4679/1050 1154/4680/1051
f 1155/4681/1026 1154/4682/1051 1159/4683/1028
f 1159/4684/1028 1154/4685/1051 1158/4686/1052
f 1159/4687/1028 1158/4688/1052 1163/4689/1030
f 1163/4690/1030 1158/4691/1052 1162/4692/1033
f 1081/4693/1041 1082/4694/1053 1118/4695/1042
f 1118/4696/1042 1082/4697/1053 1117/4698/1054
f 1118/4699/1042 1117/4700/1054 1122/4701/1043
f 1122/4702/1043 1117/4703/1054 1121/4704/1055
f 1122/4705/1043 1121/4706/1055 1125/4707/1056
f 1122/4708/1043 1125/4709/1056 1126/4710/1044
f 1126/4711/1044 1125/4712/1056 1129/4713/1057
f 1126/4714/1044 1129/4715/1057 1130/4716/1045
f 1130/4717/1045 1129/4718/1057 1133/4719/1058
f 1130/4720/1045 1133/4721/1058 1134/4722/1046
f 1134/4723/1046 1133/4724/1058 1137/4725/1059
f 1134/4726/1046 1137/4727/1059 1138/4728/1047
f 1138/4729/1047 1137/4730/1059 1141/4731/1060
f 1138/4732/1047 1141/4733/1060 1142/4734/1048
f 1142/4735/1048 1141/4736/1060 1145/4737/1061
f 1142/4738/1048 1145/4739/1061 1146/4740/1049
f 1146/4741/1049 1145/4742/1061 1149/4743/1062
f 1146/4744/1049 1149/4745/1062 1150/4746/1050
f 1150/4747/1050 1149/4748/1062 1153/4749/1063
f 1150/4750/1050 1153/4751/1063 1154/4752/1051
f 1154/4753/1051 1153/4754/1063 1157/4755/1064
f 1154/4756/1051 1157/4757/1064 1158/4758/1052
f 1158/4759/1052 1157/4760/1064 1162/4761/1033
f 1162/4762/1033 1157/4763/1064 1161/4764/1035
f 1082/4765/1053 1083/4766/1065 1117/4767/1054
f 1117/4768/1054 1083/4769/1065 1116/4770/1066
f 1117/4771/1054 1116/4772/1066 1121/4773/1055
f 1121/4774/1055 1116/4775/1066 1120/4776/1067
f 1121/4777/1055 1120/4778/1067 1125/4779/1056
f 1125/4780/1056 1120/4781/1067 1124/4782/1068
f 1125/4783/1056 1124/4784/1068 1129/4785/1057
f 1129/4786/1057 1124/4787/1068 1128/4788/1069
f 1129/4789/1057 1128/4790/1069 1133/4791/1058
f 1133/4792/1058 1128/4793/1069 1132/4794/1070
f 1133/4795/1058 1132/4796/1070 1137/4797/1059
f 1137/4798/1059 1132/4799/1070 1136/4800/1071
f 1137/4801/1059 1136/4802/1071 1141/4803/1060
f 1141/4804/1060 1136/4805/1071 1140/4806/1072
f 1141/4807/1060 1140/4808/1072 1145/4809/1061
f 1145/4810/1061 1140/4811/1072 1144/4812/1073
f 1145/4813/1061 1144/4814/1073 1149/4815/1062
f 1149/4816/1062 1144/4817/1073 1148/4818/1074
f 1149/4819/1062 1148/4820/1074 1153/4821/1063
f 1153/4822/1063 1148/4823/1074 1152/4824/1075
f 1153/4825/1063 1152/4826/1075 1157/4827/1064
f 1157/4828/1064 1152/4829/1075 1156/4830/1076
f 1157/4831/1064 1156/4832/1076 1161/4833/1035
f 1161/4834/1035 1156/4835/1076 1160/4836/1037
f 1084/4837/1077 1085/4838/1078 1083/4839/1065
f 1083/4840/1065 1085/4841/1078 1116/4842/1066
f 1085/4843/1078 1086/4844/1079 1116/4845/1066
f 1116/4846/1066 1086/4847/1079 1120/4848/1067
f 1086/4849/1079 1087/4850/1080 1120/4851/1067
f 1120/4852/1067 1087/4853/1080 1124/4854/1068
f 1087/4855/1080 1088/4856/1081 1124/4857/1068
f 1124/4858/1068 1088/4859/1081 1128/4860/1069
f 1088/4861/1081 1089/4862/1082 1128/4863/1069
f 1128/4864/1069 1089/4865/1082 1132/4866/1070
f 1089/4867/1082 1090/4868/1083 1132/4869/1070
f 1132/4870/1070 1090/4871/1083 1136/4872/1071
f 1090/4873/1083 1091/4874/1084 1136/4875/1071
f 1136/4876/1071 1091/4877/1084 1140/4878/1072
f 1091/4879/1084 1092/4880/1085 1140/4881/1072
f 1140/4882/1072 1092/4883/1085 1144/4884/1073
f 1092/4885/1085 1093/4886/1086 1144/4887/1073
f 1144/4888/1073 1093/4889/1086 1148/4890/1074
f 1093/4891/1086 1094/4892/1087 1148/4893/1074
f 1148/4894/1074 1094/4895/1087 1152/4896/1075
f 1094/4897/1087 1095/4898/1088 1152/4899/1075
f 1152/4900/1075 1095/4901/1088 1156/4902/1076
f 1095/4903/1088 1096/4904/1089 1156/4905/1076
f 1156/4906/1076 1096/4907/1089 1160/4908/1037
f 1096/4909/1089 1097/4910/1039 1160/4911/1037
f 1164/4912/1090 1165/4913/1091 1181/4914/1092
f 1181/4915/1092 1165/4916/1091 1185/4917/1093
f 1181/4918/1092 1185/4919/1093 1180/4920/1094
f 1180/4921/1094 1185/4922/1093 1189/4923/1095
f 1180/4924/1094 1189/4925/1095 1179/4926/1096
f 1179/4927/1096 1189/4928/1095 1193/4929/1097
f 1179/4930/1096 1193/4931/1097 1178/4932/1098
f 1178/4933/1098 1193/4934/1097 1177/4935/1099
f 1177/4936/1099 1193/4937/1097 1192/4938/1100
f 1177/4939/1099 1192/4940/1100 1176/4941/1101
f 1176/4942/1101 1192/4943/1100 1191/4944/1102
f 1176/4945/1101 1191/4946/1102 1175/4947/1103
f 1175/4948/1103 1191/4949/1102 1190/4950/1104
f 1175/4951/1103 1190/4952/1104 1174/4953/1105
f 1174/4954/1105 1190/4955/1104 1172/4956/1106
f 1174/4957/1105 1172/4958/1106 1173/4959/1107
f 1165/4960/1091 1166/4961/1108 1185/4962/1093
f 1185/4963/1093 1166/4964/1108 1184/4965/1109
f 1185/4966/1093 1184/4967/1109 1189/4968/1095
f 1189/4969/1095 1184/4970/1109 1188/4971/1110
f 1189/4972/1095 1188/4973/1110 1193/4974/1097
f 1193/4975/1097 1188/4976/1110 1192/4977/1100
f 1166/4978/1108 1167/4979/1111 1184/4980/1109
f 1184/4981/1109 1167/4982/1111 1183/4983/1112
f 1184/4984/1109 1183/4985/1112 1188/4986/1110
f 1188/4987/1110 1183/4988/1112 1187/4989/1113
f 1188/4990/1110 1187/4991/1113 1192/4992/1100
f 1192/4993/1100 1187/4994/1113 1191/4995/1102
f 1167/4996/1111 1168/4997/1114 1183/4998/1112
f 1183/4999/1112 1168/5000/1114 1182/5001/1115
f 1183/5002/1112 1182/5003/1115 1187/5004/1113
f 1187/5005/1113 1182/5006/1115 1186/5007/1116
f 1187/5008/1113 1186/5009/1116 1191/5010/1102
f 1191/5011/1102 1186/5012/1116 1190/5013/1104
f 1168/5014/1114 1169/5015/1117 1182/5016/1115
f 1182/5017/1115 1169/5018/1117 1170/5019/1118
f 1182/5020/1115 1170/5021/1118 1186/5022/1116
f 1186/5023/1116 1170/5024/1118 1171/5025/1119
f 1186/5026/1116 1171/5027/1119 1190/5028/1104
f 1190/5029/1104 1171/5030/1119 1172/5031/1106
f 1194/5032/1120 1195/5033/1121 1219/5034/1122
f 1219/5035/1122 1195/5036/1121 1223/5037/1123
f 1219/5038/1122 1223/5039/1123 1218/5040/1124
f 1218/5041/1124 1223/5042/1123 1227/5043/1125
f 1218/5044/1124 1227/5045/1125 1217/5046/1126
f 1217/5047/1126 1227/5048/1125 1231/5049/1127
f 1217/5050/1126 1231/5051/1127 1216/5052/25
f 1216/5053/25 1231/5054/1127 1235/5055/1128
f 1216/5056/25 1235/5057/1128 1215/5058/1129
f 1215/5059/1129 1235/5060/1128 1239/5061/1130
f 1215/5062/1129 1239/5063/1130 1214/5064/1131
f 1214/5065/1131 1239/5066/1130 1243/5067/1132
f 1214/5068/1131 1243/5069/1132 1213/5070/1133
f 1213/5071/1133 1243/5072/1132 1247/5073/1134
f 1213/5074/1133 1247/5075/1134 1212/5076/1135
f 1212/5077/1135 1247/5078/1134 1211/5079/1136
f 1211/5080/1136 1247/5081/1134 1246/5082/1137
f 1211/5083/1136 1246/5084/1137 1210/5085/1138
f 1210/5086/1138 1246/5087/1137 1245/5088/1139
f 1210/5089/1138 1245/5090/1139 1209/5091/1140
f 1209/5092/1140 1245/5093/1139 1244/5094/1141
f 1209/5095/1140 1244/5096/1141 1208/5097/1142
f 1208/5098/1142 1244/5099/1141 1206/5100/1143
f 1208/5101/1142 1206/5102/1143 1207/5103/1144
f 1195/5104/1121 1196/5105/1145 1223/5106/1123
f 1223/5107/1123 1196/5108/1145 1222/5109/1146
f 1223/5110/1123 1222/5111/1146 1227/5112/1125
f 1227/5113/1125 1222/5114/1146 1226/5115/1147
f 1227/5116/1125 1226/5117/1147 1231/5118/1127
f 1231/5119/1127 1226/5120/1147 1230/5121/1148
f 1231/5122/1127 1230/5123/1148 1235/5124/1128
f 1235/5125/1128 1230/5126/1148 1234/5127/1149
f 1235/5128/1128 1234/5129/1149 1239/5130/1130
f 1239/5131/1130 1234/5132/1149 1238/5133/1150
f 1239/5134/1130 1238/5135/1150 1243/5136/1132
f 1243/5137/1132 1238/5138/1150 1242/5139/1151
f 1243/5140/1132 1242/5141/1151 1247/5142/1134
f 1247/5143/1134 1242/5144/1151 1246/5145/1137
f 1196/5146/1145 1197/5147/1152 1222/5148/1146
f 1222/5149/1146 1197/5150/1152 1221/5151/1153
f 1222/5152/1146 1221/5153/1153 1226/5154/1147
f 1226/5155/1147 1221/5156/1153 1225/5157/1154
f 1226/5158/1147 1225/5159/1154 1229/5160/1155
f 1226/5161/1147 1229/5162/1155 1230/5163/1148
f 1230/5164/1148 1229/5165/1155 1233/5166/1156
f 1230/5167/1148 1233/5168/1156 1234/5169/1149
f 1234/5170/1149 1233/5171/1156 1237/5172/1157
f 1234/5173/1149 1237/5174/1157 1238/5175/1150
f 1238/5176/1150 1237/5177/1157 1241/5178/1158
f 1238/5179/1150 1241/5180/1158 1242/5181/1151
f 1242/5182/1151 1241/5183/1158 1246/5184/1137
f 1246/5185/1137 1241/5186/1158 1245/5187/1139
f 1197/5188/1152 1198/5189/1159 1221/5190/1153
f 1221/5191/1153 1198/5192/1159 1220/5193/1160
f 1221/5194/1153 1220/5195/1160 1225/5196/1154
f 1225/5197/1154 1220/5198/1160 1224/5199/1161
f 1225/5200/1154 1224/5201/1161 1229/5202/1155
f 1229/5203/1155 1224/5204/1161 1228/5205/1162
f 1229/5206/1155 1228/5207/1162 1233/5208/1156
f 1233/5209/1156 1228/5210/1162 1232/5211/1163
f 1233/5212/1156 1232/5213/1163 1237/5214/1157
f 1237/5215/1157 1232/5216/1163 1236/5217/1164
f 1237/5218/1157 1236/5219/1164 1241/5220/1158
f 1241/5221/1158 1236/5222/1164 1240/5223/1165
f 1241/5224/1158 1240/5225/1165 1245/5226/1139
f 1245/5227/1139 1240/5228/1165 1244/5229/1141
f 1198/5230/1159 1199/5231/1166 1220/5232/1160
f 1220/5233/1160 1199/5234/1166 1200/5235/1167
f 1220/5236/1160 1200/5237/1167 1224/5238/1161
f 1224/5239/1161 1200/5240/1167 1201/5241/1168
f 1224/5242/1161 1201/5243/1168 1228/5244/1162
f 1228/5245/1162 1201/5246/1168 1202/5247/1169
f 1228/5248/1162 1202/5249/1169 1232/5250/1163
f 1232/5251/1163 1202/5252/1169 1203/5253/1170
f 1232/5254/1163 1203/5255/1170 1236/5256/1164
f 1236/5257/1164 1203/5258/1170 1204/5259/1171
f 1236/5260/1164 1204/5261/1171 1240/5262/1165
f 1240/5263/1165 1204/5264/1171 1205/5265/1172
f 1240/5266/1165 1205/5267/1172 1244/5268/1141
f 1244/5269/1141 1205/5270/1172 1206/5271/1143
f 1248/5272/1173 1249/5273/1174 1265/5274/1175
f 1265/5275/1175 1249/5276/1174 1269/5277/1176
f 1265/5278/1175 1269/5279/1176 1264/5280/1177
f 1264/5281/1177 1269/5282/1176 1273/5283/1178
f 1264/5284/1177 1273/5285/1178 1263/5286/1179
f 1263/5287/1179 1273/5288/1178 1277/5289/1180
f 1263/5290/1179 1277/5291/1180 1262/5292/1181
f 1262/5293/1181 1277/5294/1180 1261/5295/1182
f 1261/5296/1182 1277/5297/1180 1276/5298/1183
f 1261/5299/1182 1276/5300/1183 1260/5301/1184
f 1260/5302/1184 1276/5303/1183 1275/5304/1185
f 1260/5305/1184 1275/5306/1185 1259/5307/1186
f 1259/5308/1186 1275/5309/1185 1274/5310/1187
f 1259/5311/1186 1274/5312/1187 1258/5313/1188
f 1258/5314/1188 1274/5315/1187 1256/5316/1189
f 1258/5317/1188 1256/5318/1189 1257/5319/1190
f 1249/5320/1174 1250/5321/1191 1269/5322/1176
f 1269/5323/1176 1250/5324/1191 1268/5325/1192
f 1269/5326/1176 1268/5327/1192 1273/5328/1178
f 1273/5329/1178 1268/5330/1192 1272/5331/1193
f 1273/5332/1178 1272/5333/1193 1277/5334/1180
f 1277/5335/1180 1272/5336/1193 1276/5337/1183
f 1250/5338/1191 1251/5339/1194 1268/5340/1192
f 1268/5341/1192 1251/5342/1194 1267/5343/1195
f 1268/5344/1192 1267/5345/1195 1272/5346/1193
f 1272/5347/1193 1267/5348/1195 1271/5349/1196
f 1272/5350/1193 1271/5351/1196 1276/5352/1183
f 1276/5353/1183 1271/5354/1196 1275/5355/1185
f 1251/5356/1194 1252/5357/1197 1267/5358/1195
f 1267/5359/1195 1252/5360/1197 1266/5361/1198
f 1267/5362/1195 1266/5363/1198 1271/5364/1196
f 1271/5365/1196 1266/5366/1198 1270/5367/1199
f 1271/5368/1196 1270/5369/1199 1275/5370/1185
f 1275/5371/1185 1270/5372/1199 1274/5373/1187
f 1252/5374/1197 1253/5375/1200 1266/5376/1198
f 1266/5377/1198 1253/5378/1200 1254/5379/1201
f 1266/5380/1198 1254/5381/1201 1270/5382/1199
f 1270/5383/1199 1254/5384/1201 1255/5385/1202
f 1270/5386/1199 1255/5387/1202 1274/5388/1187
f 1274/5389/1187 1255/5390/1202 1256/5391/1189
f 1287/5392/1203 1278/5393/1203 1286/5394/1204
f 1286/5395/1204 1278/5396/1203 1279/5397/1204
f 1286/5398/1204 1279/5399/1204 1285/5400/1205
f 1285/5401/1205 1279/5402/1204 1280/5403/1205
f 1285/5404/1205 1280/5405/1205 1284/5406/1206
f 1284/5407/1206 1280/5408/1205 1281/5409/1206
f 1284/5410/1206 1281/5411/1206 1283/5412/1207
f 1283/5413/1207 1281/5414/1206 1282/5415/1207
f 1305/5416/1208 1288/5417/1208 1304/5418/1209
f 1304/5419/1209 1288/5420/1208 1289/5421/1209
f 1304/5422/1209 1289/5423/1209 1303/5424/1210
f 1303/5425/1210 1289/5426/1209 1290/5427/1210
f 1303/5428/1210 1290/5429/1210 1302/5430/1211
f 1302/5431/1211 1290/5432/1210 1291/5433/1211
f 1302/5434/1211 1291/5435/1211 1301/5436/1212
f 1301/5437/1212 1291/5438/1211 1292/5439/1212
f 1301/5440/1212 1292/5441/1212 1300/5442/1213
f 1300/5443/1213 1292/5444/1212 1293/5445/1213
f 1300/5446/1213 1293/5447/1213 1299/5448/1214
f 1299/5449/1214 1293/5450/1213 1294/5451/1214
f 1299/5452/1214 1294/5453/1214 1298/5454/1215
f 1298/5455/1215 1294/5456/1214 1295/5457/1215
f 1298/5458/1215 1295/5459/1215 1297/5460/1216
f 1297/5461/1216 1295/5462/1215 1296/5463/1216
f 1315/5464/1217 1306/5465/1218 1314/5466/1219
f 1314/5467/1219 1306/5468/1218 1307/5469/1219
f 1314/5470/1219 1307/5471/1219 1313/5472/1220
f 1313/5473/1220 1307/5474/1219 1308/5475/1220
f 1313/5476/1220 1308/5477/1220 1312/5478/1221
f 1312/5479/1221 1308/5480/1220 1309/5481/1221
f 1312/5482/1221 1309/5483/1221 1311/5484/1222
f 1311/5485/1222 1309/5486/1221 1310/5487/1222
f 1345/5488/1223 1316/5489/1223 1344/5490/1224
f 1344/5491/1224 1316/5492/1223 1317/5493/1225
f 1344/5494/1224 1317/5495/1225 1318/5496/1226
f 1344/5497/1224 1318/5498/1226 1343/5499/1226
f 1343/5500/1226 1318/5501/1226 1319/5502/1227
f 1343/5503/1226 1319/5504/1227 1342/5505/1227
f 1342/5506/1227 1319/5507/1227 1320/5508/1228
f 1342/5509/1227 1320/5510/1228 1341/5511/1228
f 1341/5512/1228 1320/5513/1228 1321/5514/1229
f 1341/5515/1228 1321/5516/1229 1340/5517/1229
f 1340/5518/1229 1321/5519/1229 1322/5520/1230
f 1340/5521/1229 1322/5522/1230 1339/5523/1230
f 1339/5524/1230 1322/5525/1230 1323/5526/1231
f 1339/5527/1230 1323/5528/1231 1338/5529/1231
f 1338/5530/1231 1323/5531/1231 1324/5532/1232
f 1338/5533/1231 1324/5534/1232 1337/5535/1233
f 1337/5536/1233 1324/5537/1232 1325/5538/1234
f 1337/5539/1233 1325/5540/1234 1336/5541/1234
f 1336/5542/1234 1325/5543/1234 1326/5544/1235
f 1336/5545/1234 1326/5546/1235 1335/5547/1235
f 1335/5548/1235 1326/5549/1235 1327/5550/1236
f 1335/5551/1235 1327/5552/1236 1334/5553/1236
f 1334/5554/1236 1327/5555/1236 1328/5556/1237
f 1334/5557/1236 1328/5558/1237 1333/5559/1237
f 1333/5560/1237 1328/5561/1237 1329/5562/1238
f 1333/5563/1237 1329/5564/1238 1332/5565/1238
f 1332/5566/1238 1329/5567/1238 1331/5568/1239
f 1331/5569/1239 1329/5570/1238 1330/5571/1239
f 1355/5572/1240 1346/5573/1240 1354/5574/1241
f 1354/5575/1241 1346/5576/1240 1347/5577/1241
f 1354/5578/1241 1347/5579/1241 1353/5580/1242
f 1353/5581/1242 1347/5582/1241 1348/5583/1242
f 1353/5584/1242 1348/5585/1242 1352/5586/1243
f 1352/5587/1243 1348/5588/1242 1349/5589/1243
f 1352/5590/1243 1349/5591/1243 1351/5592/1244
f 1351/5593/1244 1349/5594/1243 1350/5595/1244
f 1373/5596/1245 1356/5597/1245 1372/5598/1246
f 1372/5599/1246 1356/5600/1245 1357/5601/1246
f 1372/5602/1246 1357/5603/1246 1371/5604/1247
f 1371/5605/1247 1357/5606/1246 1358/5607/1247
f 1371/5608/1247 1358/5609/1247 1370/5610/1248
f 1370/5611/1248 1358/5612/1247 1359/5613/1248
f 1370/5614/1248 1359/5615/1248 1369/5616/1249
f 1369/5617/1249 1359/5618/1248 1360/5619/1249
f 1369/5620/1249 1360/5621/1249 1368/5622/1250
f 1368/5623/1250 1360/5624/1249 1361/5625/1250
f 1368/5626/1250 1361/5627/1250 1367/5628/1251
f 1367/5629/1251 1361/5630/1250 1362/5631/1251
f 1367/5632/1251 1362/5633/1251 1366/5634/1252
f 1366/5635/1252 1362/5636/1251 1363/5637/1252
f 1366/5638/1252 1363/5639/1252 1365/5640/1253
f 1365/5641/1253 1363/5642/1252 1364/5643/1253
f 1383/5644/1254 1374/5645/1254 1382/5646/1255
f 1382/5647/1255 1374/5648/1254 1375/5649/1255
f 1382/5650/1255 1375/5651/1255 1381/5652/1256
f 1381/5653/1256 1375/5654/1255 1376/5655/1256
f 1381/5656/1256 1376/5657/1256 1380/5658/1257
f 1380/5659/1257 1376/5660/1256 1377/5661/1257
f 1380/5662/1257 1377/5663/1257 1379/5664/1258
f 1379/5665/1258 1377/5666/1257 1378/5667/1258
f 1413/5668/1259 1384/5669/1259 1412/5670/1260
f 1412/5671/1260 1384/5672/1259 1385/5673/1261
f 1412/5674/1260 1385/5675/1261 1386/5676/1262
f 1412/5677/1260 1386/5678/1262 1411/5679/1262
f 1411/5680/1262 1386/5681/1262 1387/5682/1263
f 1411/5683/1262 1387/5684/1263 1410/5685/1263
f 1410/5686/1263 1387/5687/1263 1388/5688/1264
f 1410/5689/1263 1388/5690/1264 1409/5691/1264
f 1409/5692/1264 1388/5693/1264 1389/5694/1265
f 1409/5695/1264 1389/5696/1265 1408/5697/1265
f 1408/5698/1265 1389/5699/1265 1390/5700/1266
f 1408/5701/1265 1390/5702/1266 1407/5703/1266
f 1407/5704/1266 1390/5705/1266 1391/5706/1267
f 1407/5707/1266 1391/5708/1267 1406/5709/1267
f 1406/5710/1267 1391/5711/1267 1392/5712/1268
f 1406/5713/1267 1392/5714/1268 1405/5715/1268
f 1405/5716/1268 1392/5717/1268 1393/5718/1269
f 1405/5719/1268 1393/5720/1269 1404/5721/1269
f 1404/5722/1269 1393/5723/1269 1394/5724/1270
f 1404/5725/1269 1394/5726/1270 1403/5727/1270
f 1403/5728/1270 1394/5729/1270 1395/5730/1271
f 1403/5731/1270 1395/5732/1271 1402/5733/1271
f 1402/5734/1271 1395/5735/1271 1396/5736/1272
f 1402/5737/1271 1396/5738/1272 1401/5739/1272
f 1401/5740/1272 1396/5741/1272 1397/5742/1273
f 1401/5743/1272 1397/5744/1273 1400/5745/1273
f 1400/5746/1273 1397/5747/1273 1399/5748/1274
f 1399/5749/1274 1397/5750/1273 1398/5751/1274
f 1414/5752/1275 1415/5753/1276 1431/5754/1277
f 1431/5755/1277 1415/5756/1276 1435/5757/1278
f 1431/5758/1277 1435/5759/1278 1430/5760/1279
f 1430/5761/1279 1435/5762/1278 1439/5763/1280
f 1430/5764/1279 1439/5765/1280 1429/5766/1281
f 1429/5767/1281 1439/5768/1280 1443/5769/1282
f 1429/5770/1281 1443/5771/1282 1428/5772/1283
f 1428/5773/1283 1443/5774/1282 1427/5775/1284
f 1427/5776/1284 1443/5777/1282 1442/5778/1285
f 1427/5779/1284 1442/5780/1285 1426/5781/1286
f 1426/5782/1286 1442/5783/1285 1441/5784/1287
f 1426/5785/1286 1441/5786/1287 1425/5787/1288
f 1425/5788/1288 1441/5789/1287 1440/5790/1289
f 1425/5791/1288 1440/5792/1289 1424/5793/1290
f 1424/5794/1290 1440/5795/1289 1422/5796/1291
f 1424/5797/1290 1422/5798/1291 1423/5799/1292
f 1415/5800/1276 1416/5801/1293 1435/5802/1278
f 1435/5803/1278 1416/5804/1293 1434/5805/1294
f 1435/5806/1278 1434/5807/1294 1439/5808/1280
f 1439/5809/1280 1434/5810/1294 1438/5811/1295
f 1439/5812/1280 1438/5813/1295 1443/5814/1282
f 1443/5815/1282 1438/5816/1295 1442/5817/1285
f 1416/5818/1293 1417/5819/1296 1434/5820/1294
f 1434/5821/1294 1417/5822/1296 1433/5823/1297
f 1434/5824/1294 1433/5825/1297 1438/5826/1295
f 1438/5827/1295 1433/5828/1297 1437/5829/1298
f 1438/5830/1295 1437/5831/1298 1442/5832/1285
f 1442/5833/1285 1437/5834/1298 1441/5835/1287
f 1417/5836/1296 1418/5837/1299 1433/5838/1297
f 1433/5839/1297 1418/5840/1299 1432/5841/1300
f 1433/5842/1297 1432/5843/1300 1437/5844/1298
f 1437/5845/1298 1432/5846/1300 1436/5847/1301
f 1437/5848/1298 1436/5849/1301 1441/5850/1287
f 1441/5851/1287 1436/5852/1301 1440/5853/1289
f 1418/5854/1299 1419/5855/1302 1432/5856/1300
f 1432/5857/1300 1419/5858/1302 1420/5859/1303
f 1432/5860/1300 1420/5861/1303 1436/5862/1301
f 1436/5863/1301 1420/5864/1303 1421/5865/1304
f 1436/5866/1301 1421/5867/1304 1440/5868/1289
f 1440/5869/1289 1421/5870/1304 1422/5871/1291
f 1444/5872/1305 1445/5873/1306 1469/5874/1307
f 1469/5875/1307 1445/5876/1306 1473/5877/1308
f 1469/5878/1307 1473/5879/1308 1468/5880/1309
f 1468/5881/1309 1473/5882/1308 1477/5883/1310
f 1468/5884/1309 1477/5885/1310 1467/5886/1311
f 1467/5887/1311 1477/5888/1310 1481/5889/1312
f 1467/5890/1311 1481/5891/1312 1466/5892/1313
f 1466/5893/1313 1481/5894/1312 1485/5895/1314
f 1466/5896/1313 1485/5897/1314 1465/5898/1315
f 1465/5899/1315 1485/5900/1314 1489/5901/1316
f 1465/5902/1315 1489/5903/1316 1464/5904/1317
f 1464/5905/1317 1489/5906/1316 1493/5907/1318
f 1464/5908/1317 1493/5909/1318 1463/5910/1319
f 1463/5911/1319 1493/5912/1318 1497/5913/1320
f 1463/5914/1319 1497/5915/1320 1462/5916/1321
f 1462/5917/1321 1497/5918/1320 1461/5919/1322
f 1461/5920/1322 1497/5921/1320 1496/5922/1323
f 1461/5923/1322 1496/5924/1323 1460/5925/1324
f 1460/5926/1324 1496/5927/1323 1495/5928/1325
f 1460/5929/1324 1495/5930/1325 1459/5931/1326
f 1459/5932/1326 1495/5933/1325 1494/5934/1327
f 1459/5935/1326 1494/5936/1327 1458/5937/1328
f 1458/5938/1328 1494/5939/1327 1456/5940/1329
f 1458/5941/1328 1456/5942/1329 1457/5943/1330
f 1445/5944/1306 1446/5945/1331 1473/5946/1308
f 1473/5947/1308 1446/5948/1331 1472/5949/1332
f 1473/5950/1308 1472/5951/1332 1477/5952/1310
f 1477/5953/1310 1472/5954/1332 1476/5955/1333
f 1477/5956/1310 1476/5957/1333 1481/5958/1312
f 1481/5959/1312 1476/5960/1333 1480/5961/1334
f 1481/5962/1312 1480/5963/1334 1485/5964/1314
f 1485/5965/1314 1480/5966/1334 1484/5967/1335
f 1485/5968/1314 1484/5969/1335 1489/5970/1316
f 1489/5971/1316 1484/5972/1335 1488/5973/1336
f 1489/5974/1316 1488/5975/1336 1493/5976/1318
f 1493/5977/1318 1488/5978/1336 1492/5979/1337
f 1493/5980/1318 1492/5981/1337 1497/5982/1320
f 1497/5983/1320 1492/5984/1337 1496/5985/1323
f 1446/5986/1331 1447/5987/1338 1472/5988/1332
f 1472/5989/1332 1447/5990/1338 1471/5991/1339
f 1472/5992/1332 1471/5993/1339 1476/5994/1333
f 1476/5995/1333 1471/5996/1339 1475/5997/1340
f 1476/5998/1333 1475/5999/1340 1479/6000/1341
f 1476/6001/1333 1479/6002/1341 1480/6003/1334
f 1480/6004/1334 1479/6005/1341 1483/6006/1342
f 1480/6007/1334 1483/6008/1342 1484/6009/1335
f 1484/6010/1335 1483/6011/1342 1487/6012/1343
f 1484/6013/1335 1487/6014/1343 1488/6015/1336
f 1488/6016/1336 1487/6017/1343 1491/6018/1344
f 1488/6019/1336 1491/6020/1344 1492/6021/1337
f 1492/6022/1337 1491/6023/1344 1496/6024/1323
f 1496/6025/1323 1491/6026/1344 1495/6027/1325
f 1447/6028/1338 1448/6029/1345 1471/6030/1339
f 1471/6031/1339 1448/6032/1345 1470/6033/1346
f 1471/6034/1339 1470/6035/1346 1475/6036/1340
f 1475/6037/1340 1470/6038/1346 1474/6039/1347
f 1475/6040/1340 1474/6041/1347 1479/6042/1341
f 1479/6043/1341 1474/6044/1347 1478/6045/1348
f 1479/6046/1341 1478/6047/1348 1483/6048/1342
f 1483/6049/1342 1478/6050/1348 1482/6051/1349
f 1483/6052/1342 1482/6053/1349 1487/6054/1343
f 1487/6055/1343 1482/6056/1349 1486/6057/1350
f 1487/6058/1343 1486/6059/1350 1491/6060/1344
f 1491/6061/1344 1486/6062/1350 1490/6063/1351
f 1491/6064/1344 1490/6065/1351 1495/6066/1325
f 1495/6067/1325 1490/6068/1351 1494/6069/1327
f 1448/6070/1345 1449/6071/1352 1470/6072/1346
f 1470/6073/1346 1449/6074/1352 1450/6075/1353
f 1470/6076/1346 1450/6077/1353 1474/6078/1347
f 1474/6079/1347 1450/6080/1353 1451/6081/1354
f 1474/6082/1347 1451/6083/1354 1478/6084/1348
f 1478/6085/1348 1451/6086/1354 1452/6087/1355
f 1478/6088/1348 1452/6089/1355 1482/6090/1349
f 1482/6091/1349 1452/6092/1355 1453/6093/1356
f 1482/6094/1349 1453/6095/1356 1486/6096/1350
f 1486/6097/1350 1453/6098/1356 1454/6099/1357
f 1486/6100/1350 1454/6101/1357 1490/6102/1351
f 1490/6103/1351 1454/6104/1357 1455/6105/1358
f 1490/6106/1351 1455/6107/1358 1494/6108/1327
f 1494/6109/1327 1455/6110/1358 1456/6111/1329
f 1498/6112/1359 1499/6113/1360 1515/6114/1361
f 1515/6115/1361 1499/6116/1360 1519/6117/1362
f 1515/6118/1361 1519/6119/1362 1514/6120/1363
f 1514/6121/1363 1519/6122/1362 1523/6123/1364
f 1514/6124/1363 1523/6125/1364 1513/6126/1365
f 1513/6127/1365 1523/6128/1364 1527/6129/1366
f 1513/6130/1365 1527/6131/1366 1512/6132/1367
f 1512/6133/1367 1527/6134/1366 1511/6135/1368
f 1511/6136/1368 1527/6137/1366 1526/6138/1369
f 1511/6139/1368 1526/6140/1369 1510/6141/1370
f 1510/6142/1370 1526/6143/1369 1525/6144/1371
f 1510/6145/1370 1525/6146/1371 1509/6147/1372
f 1509/6148/1372 1525/6149/1371 1524/6150/1373
f 1509/6151/1372 1524/6152/1373 1508/6153/1374
f 1508/6154/1374 1524/6155/1373 1506/6156/1375
f 1508/6157/1374 1506/6158/1375 1507/6159/1376
f 1499/6160/1360 1500/6161/1377 1519/6162/1362
f 1519/6163/1362 1500/6164/1377 1518/6165/1378
f 1519/6166/1362 1518/6167/1378 1523/6168/1364
f 1523/6169/1364 1518/6170/1378 1522/6171/1379
f 1523/6172/1364 1522/6173/1379 1527/6174/1366
f 1527/6175/1366 1522/6176/1379 1526/6177/1369
f 1500/6178/1377 1501/6179/1380 1518/6180/1378
f 1518/6181/1378 1501/6182/1380 1517/6183/1381
f 1518/6184/1378 1517/6185/1381 1522/6186/1379
f 1522/6187/1379 1517/6188/1381 1521/6189/1382
f 1522/6190/1379 1521/6191/1382 1526/6192/1369
f 1526/6193/1369 1521/6194/1382 1525/6195/1371
f 1501/6196/1380 1502/6197/1383 1517/6198/1381
f 1517/6199/1381 1502/6200/1383 1516/6201/1384
f 1517/6202/1381 1516/6203/1384 1521/6204/1382
f 1521/6205/1382 1516/6206/1384 1520/6207/1385
f 1521/6208/1382 1520/6209/1385 1525/6210/1371
f 1525/6211/1371 1520/6212/1385 1524/6213/1373
f 1502/6214/1383 1503/6215/1386 1516/6216/1384
f 1516/6217/1384 1503/6218/1386 1504/6219/1387
f 1516/6220/1384 1504/6221/1387 1520/6222/1385
f 1520/6223/1385 1504/6224/1387 1505/6225/1388
f 1520/6226/1385 1505/6227/1388 1524/6228/1373
f 1524/6229/1373 1505/6230/1388 1506/6231/1375
f 1528/6232/1389 1529/6233/1390 1564/6234/1391
f 1564/6235/1391 1529/6236/1390 1568/6237/1392
f 1564/6238/1391 1568/6239/1392 1563/6240/1393
f 1563/6241/1393 1568/6242/1392 1572/6243/1394
f 1563/6244/1393 1572/6245/1394 1562/6246/1395
f 1562/6247/1395 1572/6248/1394 1576/6249/1396
f 1562/6250/1395 1576/6251/1396 1561/6252/1397
f 1561/6253/1397 1576/6254/1396 1580/6255/1398
f 1561/6256/1397 1580/6257/1398 1560/6258/1399
f 1560/6259/1399 1580/6260/1398 1584/6261/1400
f 1560/6262/1399 1584/6263/1400 1559/6264/1401
f 1559/6265/1401 1584/6266/1400 1588/6267/1402
f 1559/6268/1401 1588/6269/1402 1558/6270/1403
f 1558/6271/1403 1588/6272/1402 1592/6273/1404
f 1558/6274/1403 1592/6275/1404 1557/6276/1405
f 1557/6277/1405 1592/6278/1404 1596/6279/1406
f 1557/6280/1405 1596/6281/1406 1556/6282/1407
f 1556/6283/1407 1596/6284/1406 1600/6285/1408
f 1556/6286/1407 1600/6287/1408 1555/6288/1409
f 1555/6289/1409 1600/6290/1408 1604/6291/1410
f 1555/6292/1409 1604/6293/1410 1554/6294/1411
f 1554/6295/1411 1604/6296/1410 1608/6297/1412
f 1554/6298/1411 1608/6299/1412 1553/6300/1413
f 1553/6301/1413 1608/6302/1412 1612/6303/1414
f 1553/6304/1413 1612/6305/1414 1552/6306/1415
f 1552/6307/1415 1612/6308/1414 1551/6309/1416
f 1551/6310/1416 1612/6311/1414 1611/6312/1417
f 1551/6313/1416 1611/6314/1417 1550/6315/1418
f 1550/6316/1418 1611/6317/1417 1610/6318/1419
f 1550/6319/1418 1610/6320/1419 1549/6321/1420
f 1549/6322/1420 1610/6323/1419 1609/6324/1421
f 1549/6325/1420 1609/6326/1421 1548/6327/1422
f 1548/6328/1422 1609/6329/1421 1546/6330/1423
f 1548/6331/1422 1546/6332/1423 1547/6333/1424
f 1529/6334/1390 1530/6335/1425 1568/6336/1392
f 1568/6337/1392 1530/6338/1425 1567/6339/1426
f 1568/6340/1392 1567/6341/1426 1572/6342/1394
f 1572/6343/1394 1567/6344/1426 1571/6345/1427
f 1572/6346/1394 1571/6347/1427 1576/6348/1396
f 1576/6349/1396 1571/6350/1427 1575/6351/1428
f 1576/6352/1396 1575/6353/1428 1580/6354/1398
f 1580/6355/1398 1575/6356/1428 1579/6357/1429
f 1580/6358/1398 1579/6359/1429 1584/6360/1400
f 1584/6361/1400 1579/6362/1429 1583/6363/1430
f 1584/6364/1400 1583/6365/1430 1588/6366/1402
f 1588/6367/1402 1583/6368/1430 1587/6369/1431
f 1588/6370/1402 1587/6371/1431 1592/6372/1404
f 1592/6373/1404 1587/6374/1431 1591/6375/1432
f 1592/6376/1404 1591/6377/1432 1596/6378/1406
f 1596/6379/1406 1591/6380/1432 1595/6381/1433
f 1596/6382/1406 1595/6383/1433 1600/6384/1408
f 1600/6385/1408 1595/6386/1433 1599/6387/1434
f 1600/6388/1408 1599/6389/1434 1604/6390/1410
f 1604/6391/1410 1599/6392/1434 1603/6393/1435
f 1604/6394/1410 1603/6395/1435 1608/6396/1412
f 1608/6397/1412 1603/6398/1435 1607/6399/1436
f 1608/6400/1412 1607/6401/1436 1612/6402/1414
f 1612/6403/1414 1607/6404/1436 1611/6405/1417
f 1530/6406/1425 1531/6407/1437 1567/6408/1426
f 1567/6409/1426 1531/6410/1437 1566/6411/1438
f 1567/6412/1426 1566/6413/1438 1571/6414/1427
f 1571/6415/1427 1566/6416/1438 1570/6417/1439
f 1571/6418/1427 1570/6419/1439 1574/6420/1440
f 1571/6421/1427 1574/6422/1440 1575/6423/1428
f 1575/6424/1428 1574/6425/1440 1578/6426/1441
f 1575/6427/1428 1578/6428/1441 1579/6429/1429
f 1579/6430/1429 1578/6431/1441 1582/6432/1442
f 1579/6433/1429 1582/6434/1442 1583/6435/1430
f 1583/6436/1430 1582/6437/1442 1586/6438/1443
f 1583/6439/1430 1586/6440/1443 1587/6441/1431
f 1587/6442/1431 1586/6443/1443 1590/6444/1444
f 1587/6445/1431 1590/6446/1444 1591/6447/1432
f 1591/6448/1432 1590/6449/1444 1594/6450/1445
f 1591/6451/1432 1594/6452/1445 1595/6453/1433
f 1595/6454/1433 1594/6455/1445 1598/6456/1446
f 1595/6457/1433 1598/6458/1446 1599/6459/1434
f 1599/6460/1434 1598/6461/1446 1602/6462/1447
f 1599/6463/1434 1602/6464/1447 1603/6465/1435
f 1603/6466/1435 1602/6467/1447 1606/6468/1448
f 1603/6469/1435 1606/6470/1448 1607/6471/1436
f 1607/6472/1436 1606/6473/1448 1611/6474/1417
f 1611/6475/1417 1606/6476/1448 1610/6477/1419
f 1531/6478/1437 1532/6479/1449 1566/6480/1438
f 1566/6481/1438 1532/6482/1449 1565/6483/1450
f 1566/6484/1438 1565/6485/1450 1570/6486/1439
f 1570/6487/1439 1565/6488/1450 1569/6489/1451
f 1570/6490/1439 1569/6491/1451 1574/6492/1440
f 1574/6493/1440 1569/6494/1451 1573/6495/1452
f 1574/6496/1440 1573/6497/1452 1578/6498/1441
f 1578/6499/1441 1573/6500/1452 1577/6501/1453
f 1578/6502/1441 1577/6503/1453 1582/6504/1442
f 1582/6505/1442 1577/6506/1453 1581/6507/1454
f 1582/6508/1442 1581/6509/1454 1586/6510/1443
f 1586/6511/1443 1581/6512/1454 1585/6513/1455
f 1586/6514/1443 1585/6515/1455 1590/6516/1444
f 1590/6517/1444 1585/6518/1455 1589/6519/1456
f 1590/6520/1444 1589/6521/1456 1594/6522/1445
f 1594/6523/1445 1589/6524/1456 1593/6525/1457
f 1594/6526/1445 1593/6527/1457 1598/6528/1446
f 1598/6529/1446 1593/6530/1457 1597/6531/1458
f 1598/6532/1446 1597/6533/1458 1602/6534/1447
f 1602/6535/1447 1597/6536/1458 1601/6537/1459
f 1602/6538/1447 1601/6539/1459 1606/6540/1448
f 1606/6541/1448 1601/6542/1459 1605/6543/1460
f 1606/6544/1448 1605/6545/1460 1610/6546/1419
f 1610/6547/1419 1605/6548/1460 1609/6549/1421
f 1533/6550/1461 1534/6551/1462 1532/6552/1449
f 1532/6553/1449 1534/6554/1462 1565/6555/1450
f 1534/6556/1462 1535/6557/1463 1565/6558/1450
f 1565/6559/1450 1535/6560/1463 1569/6561/1451
f 1535/6562/1463 1536/6563/1464 1569/6564/1451
f 1569/6565/1451 1536/6566/1464 1573/6567/1452
f 1536/6568/1464 1537/6569/1465 1573/6570/1452
f 1573/6571/1452 1537/6572/1465 1577/6573/1453
f 1537/6574/1465 1538/6575/1466 1577/6576/1453
f 1577/6577/1453 1538/6578/1466 1581/6579/1454
f 1538/6580/1466 1539/6581/1467 1581/6582/1454
f 1581/6583/1454 1539/6584/1467 1585/6585/1455
f 1539/6586/1467 1540/6587/1468 1585/6588/1455
f 1585/6589/1455 1540/6590/1468 1589/6591/1456
f 1540/6592/1468 1541/6593/1469 1589/6594/1456
f 1589/6595/1456 1541/6596/1469 1593/6597/1457
f 1541/6598/1469 1542/6599/1470 1593/6600/1457
f 1593/6601/1457 1542/6602/1470 1597/6603/1458
f 1542/6604/1470 1543/6605/1471 1597/6606/1458
f 1597/6607/1458 1543/6608/1471 1601/6609/1459
f 1543/6610/1471 1544/6611/1472 1601/6612/1459
f 1601/6613/1459 1544/6614/1472 1605/6615/1460
f 1544/6616/1472 1545/6617/1473 1605/6618/1460
f 1605/6619/1460 1545/6620/1473 1609/6621/1421
f 1545/6622/1473 1546/6623/1423 1609/6624/1421
f 1613/6625/1474 1614/6626/1475 1630/6627/1476
f 1630/6628/1476 1614/6629/1475 1634/6630/1477
f 1630/6631/1476 1634/6632/1477 1629/6633/1478
f 1629/6634/1478 1634/6635/1477 1638/6636/1479
f 1629/6637/1478 1638/6638/1479 1628/6639/1480
f 1628/6640/1480 1638/6641/1479 1642/6642/1481
f 1628/6643/1480 1642/6644/1481 1627/6645/1482
f 1627/6646/1482 1642/6647/1481 1626/6648/1483
f 1626/6649/1483 1642/6650/1481 1641/6651/1484
f 1626/6652/1483 1641/6653/1484 1625/6654/1485
f 1625/6655/1485 1641/6656/1484 1640/6657/1486
f 1625/6658/1485 1640/6659/1486 1624/6660/1487
f 1624/6661/1487 1640/6662/1486 1639/6663/1488
f 1624/6664/1487 1639/6665/1488 1623/6666/1489
f 1623/6667/1489 1639/6668/1488 1621/6669/1490
f 1623/6670/1489 1621/6671/1490 1622/6672/1491
f 1614/6673/1475 1615/6674/1492 1634/6675/1477
f 1634/6676/1477 1615/6677/1492 1633/6678/1493
f 1634/6679/1477 1633/6680/1493 1638/6681/1479
f 1638/6682/1479 1633/6683/1493 1637/6684/1494
f 1638/6685/1479 1637/6686/1494 1642/6687/1481
f 1642/6688/1481 1637/6689/1494 1641/6690/1484
f 1615/6691/1492 1616/6692/1495 1633/6693/1493
f 1633/6694/1493 1616/6695/1495 1632/6696/1496
f 1633/6697/1493 1632/6698/1496 1637/6699/1494
f 1637/6700/1494 1632/6701/1496 1636/6702/1497
f 1637/6703/1494 1636/6704/1497 1641/6705/1484
f 1641/6706/1484 1636/6707/1497 1640/6708/1486
f 1616/6709/1495 1617/6710/1498 1632/6711/1496
f 1632/6712/1496 1617/6713/1498 1631/6714/1499
f 1632/6715/1496 1631/6716/1499 1636/6717/1497
f 1636/6718/1497 1631/6719/1499 1635/6720/1500
f 1636/6721/1497 1635/6722/1500 1640/6723/1486
f 1640/6724/1486 1635/6725/1500 1639/6726/1488
f 1617/6727/1498 1618/6728/1501 1631/6729/1499
f 1631/6730/1499 1618/6731/1501 1619/6732/1502
f 1631/6733/1499 1619/6734/1502 1635/6735/1500
f 1635/6736/1500 1619/6737/1502 1620/6738/1503
f 1635/6739/1500 1620/6740/1503 1639/6741/1488
f 1639/6742/1488 1620/6743/1503 1621/6744/1490
f 1643/6745/1504 1644/6746/1505 1668/6747/1506
f 1668/6748/1506 1644/6749/1505 1672/6750/1507
f 1668/6751/1506 1672/6752/1507 1667/6753/1508
f 1667/6754/1508 1672/6755/1507 1676/6756/1509
f 1667/6757/1508 1676/6758/1509 1666/6759/1510
f 1666/6760/1510 1676/6761/1509 1680/6762/1511
f 1666/6763/1510 1680/6764/1511 1665/6765/1512
f 1665/6766/1512 1680/6767/1511 1684/6768/1513
f 1665/6769/1512 1684/6770/1513 1664/6771/1514
f 1664/6772/1514 1684/6773/1513 1688/6774/1515
f 1664/6775/1514 1688/6776/1515 1663/6777/1516
f 1663/6778/1516 1688/6779/1515 1692/6780/1517
f 1663/6781/1516 1692/6782/1517 1662/6783/1518
f 1662/6784/1518 1692/6785/1517 1696/6786/1519
f 1662/6787/1518 1696/6788/1519 1661/6789/1520
f 1661/6790/1520 1696/6791/1519 1660/6792/1521
f 1660/6793/1521 1696/6794/1519 1695/6795/1522
f 1660/6796/1521 1695/6797/1522 1659/6798/1523
f 1659/6799/1523 1695/6800/1522 1694/6801/1524
f 1659/6802/1523 1694/6803/1524 1658/6804/1525
f 1658/6805/1525 1694/6806/1524 1693/6807/1526
f 1658/6808/1525 1693/6809/1526 1657/6810/1527
f 1657/6811/1527 1693/6812/1526 1655/6813/1528
f 1657/6814/1527 1655/6815/1528 1656/6816/1529
f 1644/6817/1505 1645/6818/1530 1672/6819/1507
f 1672/6820/1507 1645/6821/1530 1671/6822/1531
f 1672/6823/1507 1671/6824/1531 1676/6825/1509
f 1676/6826/1509 1671/6827/1531 1675/6828/1532
f 1676/6829/1509 1675/6830/1532 1680/6831/1511
f 1680/6832/1511 1675/6833/1532 1679/6834/1533
f 1680/6835/1511 1679/6836/1533 1684/6837/1513
f 1684/6838/1513 1679/6839/1533 1683/6840/1534
f 1684/6841/1513 1683/6842/1534 1688/6843/1515
f 1688/6844/1515 1683/6845/1534 1687/6846/1535
f 1688/6847/1515 1687/6848/1535 1692/6849/1517
f 1692/6850/1517 1687/6851/1535 1691/6852/1536
f 1692/6853/1517 1691/6854/1536 1696/6855/1519
f 1696/6856/1519 1691/6857/1536 1695/6858/1522
f 1645/6859/1530 1646/6860/1537 1671/6861/1531
f 1671/6862/1531 1646/6863/1537 1670/6864/1538
f 1671/6865/1531 1670/6866/1538 1675/6867/1532
f 1675/6868/1532 1670/6869/1538 1674/6870/1539
f 1675/6871/1532 1674/6872/1539 1678/6873/1540
f 1675/6874/1532 1678/6875/1540 1679/6876/1533
f 1679/6877/1533 1678/6878/1540 1682/6879/1541
f 1679/6880/1533 1682/6881/1541 1683/6882/1534
f 1683/6883/1534 1682/6884/1541 1686/6885/1542
f 1683/6886/1534 1686/6887/1542 1687/6888/1535
f 1687/6889/1535 1686/6890/1542 1690/6891/1543
f 1687/6892/1535 1690/6893/1543 1691/6894/1536
f 1691/6895/1536 1690/6896/1543 1695/6897/1522
f 1695/6898/1522 1690/6899/1543 1694/6900/1524
f 1646/6901/1537 1647/6902/1544 1670/6903/1538
f 1670/6904/1538 1647/6905/1544 1669/6906/1545
f 1670/6907/1538 1669/6908/1545 1674/6909/1539
f 1674/6910/1539 1669/6911/1545 1673/6912/1546
f 1674/6913/1539 1673/6914/1546 1678/6915/1540
f 1678/6916/1540 1673/6917/1546 1677/6918/1547
f 1678/6919/1540 1677/6920/1547 1682/6921/1541
f 1682/6922/1541 1677/6923/1547 1681/6924/1548
f 1682/6925/1541 1681/6926/1548 1686/6927/1542
f 1686/6928/1542 1681/6929/1548 1685/6930/1549
f 1686/6931/1542 1685/6932/1549 1690/6933/1543
f 1690/6934/1543 1685/6935/1549 1689/6936/1550
f 1690/6937/1543 1689/6938/1550 1694/6939/1524
f 1694/6940/1524 1689/6941/1550 1693/6942/1526
f 1647/6943/1544 1648/6944/1551 1669/6945/1545
f 1669/6946/1545 1648/6947/1551 1649/6948/1552
f 1669/6949/1545 1649/6950/1552 1673/6951/1546
f 1673/6952/1546 1649/6953/1552 1650/6954/1553
f 1673/6955/1546 1650/6956/1553 1677/6957/1547
f 1677/6958/1547 1650/6959/1553 1651/6960/1554
f 1677/6961/1547 1651/6962/1554 1681/6963/1548
f 1681/6964/1548 1651/6965/1554 1652/6966/1555
f 1681/6967/1548 1652/6968/1555 1685/6969/1549
f 1685/6970/1549 1652/6971/1555 1653/6972/1556
f 1685/6973/1549 1653/6974/1556 1689/6975/1550
f 1689/6976/1550 1653/6977/1556 1654/6978/1557
f 1689/6979/1550 1654/6980/1557 1693/6981/1526
f 1693/6982/1526 1654/6983/1557 1655/6984/1528
f 1697/6985/1558 1698/6986/1559 1714/6987/1560
f 1714/6988/1560 1698/6989/1559 1718/6990/1561
f 1714/6991/1560 1718/6992/1561 1713/6993/1562
f 1713/6994/1562 1718/6995/1561 1722/6996/1563
f 1713/6997/1562 1722/6998/1563 1712/6999/1564
f 1712/7000/1564 1722/7001/1563 1726/7002/1565
f 1712/7003/1564 1726/7004/1565 1711/7005/1566
f 1711/7006/1566 1726/7007/1565 1710/7008/1567
f 1710/7009/1567 1726/7010/1565 1725/7011/1568
f 1710/7012/1567 1725/7013/1568 1709/7014/1569
f 1709/7015/1569 1725/7016/1568 1724/7017/1570
f 1709/7018/1569 1724/7019/1570 1708/7020/1571
f 1708/7021/1571 1724/7022/1570 1723/7023/1572
f 1708/7024/1571 1723/7025/1572 1707/7026/1573
f 1707/7027/1573 1723/7028/1572 1705/7029/1574
f 1707/7030/1573 1705/7031/1574 1706/7032/1575
f 1698/7033/1559 1699/7034/1576 1718/7035/1561
f 1718/7036/1561 1699/7037/1576 1717/7038/1577
f 1718/7039/1561 1717/7040/1577 1722/7041/1563
f 1722/7042/1563 1717/7043/1577 1721/7044/1578
f 1722/7045/1563 1721/7046/1578 1726/7047/1565
f 1726/7048/1565 1721/7049/1578 1725/7050/1568
f 1699/7051/1576 1700/7052/1579 1717/7053/1577
f 1717/7054/1577 1700/7055/1579 1716/7056/1580
f 1717/7057/1577 1716/7058/1580 1721/7059/1578
f 1721/7060/1578 1716/7061/1580 1720/7062/1581
f 1721/7063/1578 1720/7064/1581 1725/7065/1568
f 1725/7066/1568 1720/7067/1581 1724/7068/1570
f 1700/7069/1579 1701/7070/1582 1716/7071/1580
f 1716/7072/1580 1701/7073/1582 1715/7074/1583
f 1716/7075/1580 1715/7076/1583 1720/7077/1581
f 1720/7078/1581 1715/7079/1583 1719/7080/1584
f 1720/7081/1581 1719/7082/1584 1724/7083/1570
f 1724/7084/1570 1719/7085/1584 1723/7086/1572
f 1701/7087/1582 1702/7088/1585 1715/7089/1583
f 1715/7090/1583 1702/7091/1585 1703/7092/1586
f 1715/7093/1583 1703/7094/1586 1719/7095/1584
f 1719/7096/1584 1703/7097/1586 1704/7098/1587
f 1719/7099/1584 1704/7100/1587 1723/7101/1572
f 1723/7102/1572 1704/7103/1587 1705/7104/1574
f 1727/7105/1588 1728/7106/1589 1763/7107/1590
f 1763/7108/1590 1728/7109/1589 1767/7110/1591
f 1763/7111/1590 1767/7112/1591 1762/7113/1592
f 1762/7114/1592 1767/7115/1591 1771/7116/1593
f 1762/7117/1592 1771/7118/1593 1761/7119/1594
f 1761/7120/1594 1771/7121/1593 1775/7122/1595
f 1761/7123/1594 1775/7124/1595 1760/7125/1596
f 1760/7126/1596 1775/7127/1595 1779/7128/1597
f 1760/7129/1596 1779/7130/1597 1759/7131/1598
f 1759/7132/1598 1779/7133/1597 1783/7134/1599
f 1759/7135/1598 1783/7136/1599 1758/7137/1600
f 1758/7138/1600 1783/7139/1599 1787/7140/1601
f 1758/7141/1600 1787/7142/1601 1757/7143/1602
f 1757/7144/1602 1787/7145/1601 1791/7146/1603
f 1757/7147/1602 1791/7148/1603 1756/7149/1604
f 1756/7150/1604 1791/7151/1603 1795/7152/1605
f 1756/7153/1604 1795/7154/1605 1755/7155/1606
f 1755/7156/1606 1795/7157/1605 1799/7158/1607
f 1755/7159/1606 1799/7160/1607 1754/7161/1608
f 1754/7162/1608 1799/7163/1607 1803/7164/1609
f 1754/7165/1608 1803/7166/1609 1753/7167/1610
f 1753/7168/1610 1803/7169/1609 1807/7170/1611
f 1753/7171/1610 1807/7172/1611 1752/7173/1612
f 1752/7174/1612 1807/7175/1611 1811/7176/1613
f 1752/7177/1612 1811/7178/1613 1751/7179/1614
f 1751/7180/1614 1811/7181/1613 1750/7182/1615
f 1750/7183/1615 1811/7184/1613 1810/7185/1616
f 1750/7186/1615 1810/7187/1616 1749/7188/1617
f 1749/7189/1617 1810/7190/1616 1809/7191/1618
f 1749/7192/1617 1809/7193/1618 1748/7194/1619
f 1748/7195/1619 1809/7196/1618 1808/7197/1620
f 1748/7198/1619 1808/7199/1620 1747/7200/1621
f 1747/7201/1621 1808/7202/1620 1745/7203/1622
f 1747/7204/1621 1745/7205/1622 1746/7206/1623
f 1728/7207/1589 1729/7208/1624 1767/7209/1591
f 1767/7210/1591 1729/7211/1624 1766/7212/1625
f 1767/7213/1591 1766/7214/1625 1771/7215/1593
f 1771/7216/1593 1766/7217/1625 1770/7218/1626
f 1771/7219/1593 1770/7220/1626 1775/7221/1595
f 1775/7222/1595 1770/7223/1626 1774/7224/1627
f 1775/7225/1595 1774/7226/1627 1779/7227/1597
f 1779/7228/1597 1774/7229/1627 1778/7230/1628
f 1779/7231/1597 1778/7232/1628 1783/7233/1599
f 1783/7234/1599 1778/7235/1628 1782/7236/1629
f 1783/7237/1599 1782/7238/1629 1787/7239/1601
f 1787/7240/1601 1782/7241/1629 1786/7242/1630
f 1787/7243/1601 1786/7244/1630 1791/7245/1603
f 1791/7246/1603 1786/7247/1630 1790/7248/1631
f 1791/7249/1603 1790/7250/1631 1795/7251/1605
f 1795/7252/1605 1790/7253/1631 1794/7254/1632
f 1795/7255/1605 1794/7256/1632 1799/7257/1607
f 1799/7258/1607 1794/7259/1632 1798/7260/1633
f 1799/7261/1607 1798/7262/1633 1803/7263/1609
f 1803/7264/1609 1798/7265/1633 1802/7266/1634
f 1803/7267/1609 1802/7268/1634 1807/7269/1611
f 1807/7270/1611 1802/7271/1634 1806/7272/1635
f 1807/7273/1611 1806/7274/1635 1811/7275/1613
f 1811/7276/1613 1806/7277/1635 1810/7278/1616
f 1729/7279/1624 1730/7280/1636 1766/7281/1625
f 1766/7282/1625 1730/7283/1636 1765/7284/1637
f 1766/7285/1625 1765/7286/1637 1770/7287/1626
f 1770/7288/1626 1765/7289/1637 1769/7290/1638
f 1770/7291/1626 1769/7292/1638 1773/7293/1639
f 1770/7294/1626 1773/7295/1639 1774/7296/1627
f 1774/7297/1627 1773/7298/1639 1777/7299/1640
f 1774/7300/1627 1777/7301/1640 1778/7302/1628
f 1778/7303/1628 1777/7304/1640 1781/7305/1641
f 1778/7306/1628 1781/7307/1641 1782/7308/1629
f 1782/7309/1629 1781/7310/1641 1785/7311/1642
f 1782/7312/1629 1785/7313/1642 1786/7314/1630
f 1786/7315/1630 1785/7316/1642 1789/7317/1643
f 1786/7318/1630 1789/7319/1643 1790/7320/1631
f 1790/7321/1631 1789/7322/1643 1793/7323/1644
f 1790/7324/1631 1793/7325/1644 1794/7326/1632
f 1794/7327/1632 1793/7328/1644 1797/7329/1645
f 1794/7330/1632 1797/7331/1645 1798/7332/1633
f 1798/7333/1633 1797/7334/1645 1801/7335/1646
f 1798/7336/1633 1801/7337/1646 1802/7338/1634
f 1802/7339/1634 1801/7340/1646 1805/7341/1647
f 1802/7342/1634 1805/7343/1647 1806/7344/1635
f 1806/7345/1635 1805/7346/1647 1810/7347/1616
f 1810/7348/1616 1805/7349/1647 1809/7350/1618
f 1730/7351/1636 1731/7352/1648 1765/7353/1637
f 1765/7354/1637 1731/7355/1648 1764/7356/1649
f 1765/7357/1637 1764/7358/1649 1769/7359/1638
f 1769/7360/1638 1764/7361/1649 1768/7362/1650
f 1769/7363/1638 1768/7364/1650 1773/7365/1639
f 1773/7366/1639 1768/7367/1650 1772/7368/1651
f 1773/7369/1639 1772/7370/1651 1777/7371/1640
f 1777/7372/1640 1772/7373/1651 1776/7374/1652
f 1777/7375/1640 1776/7376/1652 1781/7377/1641
f 1781/7378/1641 1776/7379/1652 1780/7380/1653
f 1781/7381/1641 1780/7382/1653 1785/7383/1642
f 1785/7384/1642 1780/7385/1653 1784/7386/1654
f 1785/7387/1642 1784/7388/1654 1789/7389/1643
f 1789/7390/1643 1784/7391/1654 1788/7392/1655
f 1789/7393/1643 1788/7394/1655 1793/7395/1644
f 1793/7396/1644 1788/7397/1655 1792/7398/1656
f 1793/7399/1644 1792/7400/1656 1797/7401/1645
f 1797/7402/1645 1792/7403/1656 1796/7404/1657
f 1797/7405/1645 1796/7406/1657 1801/7407/1646
f 1801/7408/1646 1796/7409/1657 1800/7410/1658
f 1801/7411/1646 1800/7412/1658 1805/7413/1647
f 1805/7414/1647 1800/7415/1658 1804/7416/1659
f 1805/7417/1647 1804/7418/1659 1809/7419/1618
f 1809/7420/1618 1804/7421/1659 1808/7422/1620
f 1732/7423/1660 1733/7424/1661 1731/7425/1648
f 1731/7426/1648 1733/7427/1661 1764/7428/1649
f 1733/7429/1661 1734/7430/1662 1764/7431/1649
f 1764/7432/1649 1734/7433/1662 1768/7434/1650
f 1734/7435/1662 1735/7436/1663 1768/7437/1650
f 1768/7438/1650 1735/7439/1663 1772/7440/1651
f 1735/7441/1663 1736/7442/1664 1772/7443/1651
f 1772/7444/1651 1736/7445/1664 1776/7446/1652
f 1736/7447/1664 1737/7448/1665 1776/7449/1652
f 1776/7450/1652 1737/7451/1665 1780/7452/1653
f 1737/7453/1665 1738/7454/1666 1780/7455/1653
f 1780/7456/1653 1738/7457/1666 1784/7458/1654
f 1738/7459/1666 1739/7460/1667 1784/7461/1654
f 1784/7462/1654 1739/7463/1667 1788/7464/1655
f 1739/7465/1667 1740/7466/1668 1788/7467/1655
f 1788/7468/1655 1740/7469/1668 1792/7470/1656
f 1740/7471/1668 1741/7472/1669 1792/7473/1656
f 1792/7474/1656 1741/7475/1669 1796/7476/1657
f 1741/7477/1669 1742/7478/1670 1796/7479/1657
f 1796/7480/1657 1742/7481/1670 1800/7482/1658
f 1742/7483/1670 1743/7484/1671 1800/7485/1658
f 1800/7486/1658 1743/7487/1671 1804/7488/1659
f 1743/7489/1671 1744/7490/1672 1804/7491/1659
f 1804/7492/1659 1744/7493/1672 1808/7494/1620
f 1744/7495/1672 1745/7496/1622 1808/7497/1620
f 1812/7498/1673 1813/7499/1674 1829/7500/1675
f 1829/7501/1675 1813/7502/1674 1833/7503/1676
f 1829/7504/1675 1833/7505/1676 1828/7506/1677
f 1828/7507/1677 1833/7508/1676 1837/7509/1678
f 1828/7510/1677 1837/7511/1678 1827/7512/1679
f 1827/7513/1679 1837/7514/1678 1841/7515/1680
f 1827/7516/1679 1841/7517/1680 1826/7518/1681
f 1826/7519/1681 1841/7520/1680 1825/7521/1682
f 1825/7522/1682 1841/7523/1680 1840/7524/1683
f 1825/7525/1682 1840/7526/1683 1824/7527/1684
f 1824/7528/1684 1840/7529/1683 1839/7530/1685
f 1824/7531/1684 1839/7532/1685 1823/7533/1686
f 1823/7534/1686 1839/7535/1685 1838/7536/1687
f 1823/7537/1686 1838/7538/1687 1822/7539/1688
f 1822/7540/1688 1838/7541/1687 1820/7542/1689
f 1822/7543/1688 1820/7544/1689 1821/7545/1690
f 1813/7546/1674 1814/7547/1691 1833/7548/1676
f 1833/7549/1676 1814/7550/1691 1832/7551/1692
f 1833/7552/1676 1832/7553/1692 1837/7554/1678
f 1837/7555/1678 1832/7556/1692 1836/7557/1693
f 1837/7558/1678 1836/7559/1693 1841/7560/1680
f 1841/7561/1680 1836/7562/1693 1840/7563/1683
f 1814/7564/1691 1815/7565/1694 1832/7566/1692
f 1832/7567/1692 1815/7568/1694 1831/7569/1695
f 1832/7570/1692 1831/7571/1695 1836/7572/1693
f 1836/7573/1693 1831/7574/1695 1835/7575/1696
f 1836/7576/1693 1835/7577/1696 1840/7578/1683
f 1840/7579/1683 1835/7580/1696 1839/7581/1685
f 1815/7582/1694 1816/7583/1697 1831/7584/1695
f 1831/7585/1695 1816/7586/1697 1830/7587/1698
f 1831/7588/1695 1830/7589/1698 1835/7590/1696
f 1835/7591/1696 1830/7592/1698 1834/7593/1699
f 1835/7594/1696 1834/7595/1699 1839/7596/1685
f 1839/7597/1685 1834/7598/1699 1838/7599/1687
f 1816/7600/1697 1817/7601/1700 1830/7602/1698
f 1830/7603/1698 1817/7604/1700 1818/7605/1701
f 1830/7606/1698 1818/7607/1701 1834/7608/1699
f 1834/7609/1699 1818/7610/1701 1819/7611/1702
f 1834/7612/1699 1819/7613/1702 1838/7614/1687
f 1838/7615/1687 1819/7616/1702 1820/7617/1689
f 1842/7618/1703 1843/7619/1704 1867/7620/1705
f 1867/7621/1705 1843/7622/1704 1871/7623/1706
f 1867/7624/1705 1871/7625/1706 1866/7626/1707
f 1866/7627/1707 1871/7628/1706 1875/7629/1708
f 1866/7630/1707 1875/7631/1708 1865/7632/1709
f 1865/7633/1709 1875/7634/1708 1879/7635/1710
f 1865/7636/1709 1879/7637/1710 1864/7638/1711
f 1864/7639/1711 1879/7640/1710 1883/7641/1712
f 1864/7642/1711 1883/7643/1712 1863/7644/1713
f 1863/7645/1713 1883/7646/1712 1887/7647/1714
f 1863/7648/1713 1887/7649/1714 1862/7650/1715
f 1862/7651/1715 1887/7652/1714 1891/7653/1716
f 1862/7654/1715 1891/7655/1716 1861/7656/1717
f 1861/7657/1717 1891/7658/1716 1895/7659/1718
f 1861/7660/1717 1895/7661/1718 1860/7662/1719
f 1860/7663/1719 1895/7664/1718 1859/7665/1720
f 1859/7666/1720 1895/7667/1718 1894/7668/1721
f 1859/7669/1720 1894/7670/1721 1858/7671/1722
f 1858/7672/1722 1894/7673/1721 1893/7674/1723
f 1858/7675/1722 1893/7676/1723 1857/7677/1724
f 1857/7678/1724 1893/7679/1723 1892/7680/1725
f 1857/7681/1724 1892/7682/1725 1856/7683/1726
f 1856/7684/1726 1892/7685/1725 1854/7686/1727
f 1856/7687/1726 1854/7688/1727 1855/7689/1728
f 1843/7690/1704 1844/7691/1729 1871/7692/1706
f 1871/7693/1706 1844/7694/1729 1870/7695/1730
f 1871/7696/1706 1870/7697/1730 1875/7698/1708
f 1875/7699/1708 1870/7700/1730 1874/7701/1731
f 1875/7702/1708 1874/7703/1731 1879/7704/1710
f 1879/7705/1710 1874/7706/1731 1878/7707/1732
f 1879/7708/1710 1878/7709/1732 1883/7710/1712
f 1883/7711/1712 1878/7712/1732 1882/7713/1733
f 1883/7714/1712 1882/7715/1733 1887/7716/1714
f 1887/7717/1714 1882/7718/1733 1886/7719/1734
f 1887/7720/1714 1886/7721/1734 1891/7722/1716
f 1891/7723/1716 1886/7724/1734 1890/7725/1735
f 1891/7726/1716 1890/7727/1735 1895/7728/1718
f 1895/7729/1718 1890/7730/1735 1894/7731/1721
f 1844/7732/1729 1845/7733/1736 1870/7734/1730
f 1870/7735/1730 1845/7736/1736 1869/7737/1737
f 1870/7738/1730 1869/7739/1737 1874/7740/1731
f 1874/7741/1731 1869/7742/1737 1873/7743/1738
f 1874/7744/1731 1873/7745/1738 1877/7746/1739
f 1874/7747/1731 1877/7748/1739 1878/7749/1732
f 1878/7750/1732 1877/7751/1739 1881/7752/1740
f 1878/7753/1732 1881/7754/1740 1882/7755/1733
f 1882/7756/1733 1881/7757/1740 1885/7758/1741
f 1882/7759/1733 1885/7760/1741 1886/7761/1734
f 1886/7762/1734 1885/7763/1741 1889/7764/1742
f 1886/7765/1734 1889/7766/1742 1890/7767/1735
f 1890/7768/1735 1889/7769/1742 1894/7770/1721
f 1894/7771/1721 1889/7772/1742 1893/7773/1723
f 1845/7774/1736 1846/7775/1743 1869/7776/1737
f 1869/7777/1737 1846/7778/1743 1868/7779/1744
f 1869/7780/1737 1868/7781/1744 1873/7782/1738
f 1873/7783/1738 1868/7784/1744 1872/7785/1745
f 1873/7786/1738 1872/7787/1745 1877/7788/1739
f 1877/7789/1739 1872/7790/1745 1876/7791/1746
f 1877/7792/1739 1876/7793/1746 1881/7794/1740
f 1881/7795/1740 1876/7796/1746 1880/7797/1747
f 1881/7798/1740 1880/7799/1747 1885/7800/1741
f 1885/7801/1741 1880/7802/1747 1884/7803/1748
f 1885/7804/1741 1884/7805/1748 1889/7806/1742
f 1889/7807/1742 1884/7808/1748 1888/7809/1749
f 1889/7810/1742 1888/7811/1749 1893/7812/1723
f 1893/7813/1723 1888/7814/1749 1892/7815/1725
f 1846/7816/1743 1847/7817/1750 1868/7818/1744
f 1868/7819/1744 1847/7820/1750 1848/7821/1751
f 1868/7822/1744 1848/7823/1751 1872/7824/1745
f 1872/7825/1745 1848/7826/1751 1849/7827/1752
f 1872/7828/1745 1849/7829/1752 1876/7830/1746
f 1876/7831/1746 1849/7832/1752 1850/7833/1753
f 1876/7834/1746 1850/7835/1753 1880/7836/1747
f 1880/7837/1747 1850/7838/1753 1851/7839/1754
f 1880/7840/1747 1851/7841/1754 1884/7842/1748
f 1884/7843/1748 1851/7844/1754 1852/7845/1755
f 1884/7846/1748 1852/7847/1755 1888/7848/1749
f 1888/7849/1749 1852/7850/1755 1853/7851/1756
f 1888/7852/1749 1853/7853/1756 1892/7854/1725
f 1892/7855/1725 1853/7856/1756 1854/7857/1727
f 1896/7858/1757 1897/7859/1758 1913/7860/1759
f 1913/7861/1759 1897/7862/1758 1917/7863/1760
f 1913/7864/1759 1917/7865/1760 1912/7866/1761
f 1912/7867/1761 1917/7868/1760 1921/7869/1762
f 1912/7870/1761 1921/7871/1762 1911/7872/1763
f 1911/7873/1763 1921/7874/1762 1925/7875/1764
f 1911/7876/1763 1925/7877/1764 1910/7878/1765
f 1910/7879/1765 1925/7880/1764 1909/7881/1766
f 1909/7882/1766 1925/7883/1764 1924/7884/1767
f 1909/7885/1766 1924/7886/1767 1908/7887/1768
f 1908/7888/1768 1924/7889/1767 1923/7890/1769
f 1908/7891/1768 1923/7892/1769 1907/7893/1770
f 1907/7894/1770 1923/7895/1769 1922/7896/1771
f 1907/7897/1770 1922/7898/1771 1906/7899/1772
f 1906/7900/1772 1922/7901/1771 1904/7902/1773
f 1906/7903/1772 1904/7904/1773 1905/7905/1774
f 1897/7906/1758 1898/7907/1775 1917/7908/1760
f 1917/7909/1760 1898/7910/1775 1916/7911/1776
f 1917/7912/1760 1916/7913/1776 1921/7914/1762
f 1921/7915/1762 1916/7916/1776 1920/7917/1777
f 1921/7918/1762 1920/7919/1777 1925/7920/1764
f 1925/7921/1764 1920/7922/1777 1924/7923/1767
f 1898/7924/1775 1899/7925/1778 1916/7926/1776
f 1916/7927/1776 1899/7928/1778 1915/7929/1779
f 1916/7930/1776 1915/7931/1779 1920/7932/1777
f 1920/7933/1777 1915/7934/1779 1919/7935/1780
f 1920/7936/1777 1919/7937/1780 1924/7938/1767
f 1924/7939/1767 1919/7940/1780 1923/7941/1769
f 1899/7942/1778 1900/7943/1781 1915/7944/1779
f 1915/7945/1779 1900/7946/1781 1914/7947/1782
f 1915/7948/1779 1914/7949/1782 1919/7950/1780
f 1919/7951/1780 1914/7952/1782 1918/7953/1783
f 1919/7954/1780 1918/7955/1783 1923/7956/1769
f 1923/7957/1769 1918/7958/1783 1922/7959/1771
f 1900/7960/1781 1901/7961/1784 1914/7962/1782
f 1914/7963/1782 1901/7964/1784 1902/7965/1785
f 1914/7966/1782 1902/7967/1785 1918/7968/1783
f 1918/7969/1783 1902/7970/1785 1903/7971/1786
f 1918/7972/1783 1903/7973/1786 1922/7974/1771
f 1922/7975/1771 1903/7976/1786 1904/7977/1773
f 1926/7978/1787 1927/7979/1788 1962/7980/1789
f 1962/7981/1789 1927/7982/1788 1966/7983/1790
f 1962/7984/1789 1966/7985/1790 1961/7986/1791
f 1961/7987/1791 1966/7988/1790 1970/7989/1792
f 1961/7990/1791 1970/7991/1792 1960/7992/1793
f 1960/7993/1793 1970/7994/1792 1974/7995/1794
f 1960/7996/1793 1974/7997/1794 1959/7998/1795
f 1959/7999/1795 1974/8000/1794 1978/8001/1796
f 1959/8002/1795 1978/8003/1796 1958/8004/1797
f 1958/8005/1797 1978/8006/1796 1982/8007/1798
f 1958/8008/1797 1982/8009/1798 1957/8010/1799
f 1957/8011/1799 1982/8012/1798 1986/8013/1800
f 1957/8014/1799 1986/8015/1800 1956/8016/1801
f 1956/8017/1801 1986/8018/1800 1990/8019/1802
f 1956/8020/1801 1990/8021/1802 1955/8022/1803
f 1955/8023/1803 1990/8024/1802 1994/8025/1804
f 1955/8026/1803 1994/8027/1804 1954/8028/1805
f 1954/8029/1805 1994/8030/1804 1998/8031/1806
f 1954/8032/1805 1998/8033/1806 1953/8034/1807
f 1953/8035/1807 1998/8036/1806 2002/8037/1808
f 1953/8038/1807 2002/8039/1808 1952/8040/1809
f 1952/8041/1809 2002/8042/1808 2006/8043/1810
f 1952/8044/1809 2006/8045/1810 1951/8046/1811
f 1951/8047/1811 2006/8048/1810 2010/8049/1812
f 1951/8050/1811 2010/8051/1812 1950/8052/1813
f 1950/8053/1813 2010/8054/1812 1949/8055/1814
f 1949/8056/1814 2010/8057/1812 2009/8058/1815
f 1949/8059/1814 2009/8060/1815 1948/8061/1816
f 1948/8062/1816 2009/8063/1815 2008/8064/1817
f 1948/8065/1816 2008/8066/1817 1947/8067/1818
f 1947/8068/1818 2008/8069/1817 2007/8070/1819
f 1947/8071/1818 2007/8072/1819 1946/8073/1820
f 1946/8074/1820 2007/8075/1819 1944/8076/1821
f 1946/8077/1820 1944/8078/1821 1945/8079/1822
f 1927/8080/1788 1928/8081/1823 1966/8082/1790
f 1966/8083/1790 1928/8084/1823 1965/8085/1824
f 1966/8086/1790 1965/8087/1824 1970/8088/1792
f 1970/8089/1792 1965/8090/1824 1969/8091/1825
f 1970/8092/1792 1969/8093/1825 1974/8094/1794
f 1974/8095/1794 1969/8096/1825 1973/8097/1826
f 1974/8098/1794 1973/8099/1826 1978/8100/1796
f 1978/8101/1796 1973/8102/1826 1977/8103/1827
f 1978/8104/1796 1977/8105/1827 1982/8106/1798
f 1982/8107/1798 1977/8108/1827 1981/8109/1828
f 1982/8110/1798 1981/8111/1828 1986/8112/1800
f 1986/8113/1800 1981/8114/1828 1985/8115/1829
f 1986/8116/1800 1985/8117/1829 1990/8118/1802
f 1990/8119/1802 1985/8120/1829 1989/8121/1830
f 1990/8122/1802 1989/8123/1830 1994/8124/1804
f 1994/8125/1804 1989/8126/1830 1993/8127/1831
f 1994/8128/1804 1993/8129/1831 1998/8130/1806
f 1998/8131/1806 1993/8132/1831 1997/8133/1832
f 1998/8134/1806 1997/8135/1832 2002/8136/1808
f 2002/8137/1808 1997/8138/1832 2001/8139/1833
f 2002/8140/1808 2001/8141/1833 2006/8142/1810
f 2006/8143/1810 2001/8144/1833 2005/8145/1834
f 2006/8146/1810 2005/8147/1834 2010/8148/1812
f 2010/8149/1812 2005/8150/1834 2009/8151/1815
f 1928/8152/1823 1929/8153/1835 1965/8154/1824
f 1965/8155/1824 1929/8156/1835 1964/8157/1836
f 1965/8158/1824 1964/8159/1836 1969/8160/1825
f 1969/8161/1825 1964/8162/1836 1968/8163/1837
f 1969/8164/1825 1968/8165/1837 1972/8166/1838
f 1969/8167/1825 1972/8168/1838 1973/8169/1826
f 1973/8170/1826 1972/8171/1838 1976/8172/1839
f 1973/8173/1826 1976/8174/1839 1977/8175/1827
f 1977/8176/1827 1976/8177/1839 1980/8178/1840
f 1977/8179/1827 1980/8180/1840 1981/8181/1828
f 1981/8182/1828 1980/8183/1840 1984/8184/1841
f 1981/8185/1828 1984/8186/1841 1985/8187/1829
f 1985/8188/1829 1984/8189/1841 1988/8190/1842
f 1985/8191/1829 1988/8192/1842 1989/8193/1830
f 1989/8194/1830 1988/8195/1842 1992/8196/1843
f 1989/8197/1830 1992/8198/1843 1993/8199/1831
f 1993/8200/1831 1992/8201/1843 1996/8202/1844
f 1993/8203/1831 1996/8204/1844 1997/8205/1832
f 1997/8206/1832 1996/8207/1844 2000/8208/1845
f 1997/8209/1832 2000/8210/1845 2001/8211/1833
f 2001/8212/1833 2000/8213/1845 2004/8214/1846
f 2001/8215/1833 2004/8216/1846 2005/8217/1834
f 2005/8218/1834 2004/8219/1846 2009/8220/1815
f 2009/8221/1815 2004/8222/1846 2008/8223/1817
f 1929/8224/1835 1930/8225/1847 1964/8226/1836
f 1964/8227/1836 1930/8228/1847 1963/8229/1848
f 1964/8230/1836 1963/8231/1848 1968/8232/1837
f 1968/8233/1837 1963/8234/1848 1967/8235/1849
f 1968/8236/1837 1967/8237/1849 1972/8238/1838
f 1972/8239/1838 1967/8240/1849 1971/8241/1850
f 1972/8242/1838 1971/8243/1850 1976/8244/1839
f 1976/8245/1839 1971/8246/1850 1975/8247/1851
f 1976/8248/1839 1975/8249/1851 1980/8250/1840
f 1980/8251/1840 1975/8252/1851 1979/8253/1852
f 1980/8254/1840 1979/8255/1852 1984/8256/1841
f 1984/8257/1841 1979/8258/1852 1983/8259/1853
f 1984/8260/1841 1983/8261/1853 1988/8262/1842
f 1988/8263/1842 1983/8264/1853 1987/8265/1854
f 1988/8266/1842 1987/8267/1854 1992/8268/1843
f 1992/8269/1843 1987/8270/1854 1991/8271/1855
f 1992/8272/1843 1991/8273/1855 1996/8274/1844
f 1996/8275/1844 1991/8276/1855 1995/8277/1856
f 1996/8278/1844 1995/8279/1856 2000/8280/1845
f 2000/8281/1845 1995/8282/1856 1999/8283/1857
f 2000/8284/1845 1999/8285/1857 2004/8286/1846
f 2004/8287/1846 1999/8288/1857 2003/8289/1858
f 2004/8290/1846 2003/8291/1858 2008/8292/1817
f 2008/8293/1817 2003/8294/1858 2007/8295/1819
f 1931/8296/1859 1932/8297/1860 1930/8298/1847
f 1930/8299/1847 1932/8300/1860 1963/8301/1848
f 1932/8302/1860 1933/8303/1861 1963/8304/1848
f 1963/8305/1848 1933/8306/1861 1967/8307/1849
f 1933/8308/1861 1934/8309/1862 1967/8310/1849
f 1967/8311/1849 1934/8312/1862 1971/8313/1850
f 1934/8314/1862 1935/8315/1863 1971/8316/1850
f 1971/8317/1850 1935/8318/1863 1975/8319/1851
f 1935/8320/1863 1936/8321/1864 1975/8322/1851
f 1975/8323/1851 1936/8324/1864 1979/8325/1852
f 1936/8326/1864 1937/8327/1865 1979/8328/1852
f 1979/8329/1852 1937/8330/1865 1983/8331/1853
f 1937/8332/1865 1938/8333/1866 1983/8334/1853
f 1983/8335/1853 1938/8336/1866 1987/8337/1854
f 1938/8338/1866 1939/8339/1867 1987/8340/1854
f 1987/8341/1854 1939/8342/1867 1991/8343/1855
f 1939/8344/1867 1940/8345/1868 1991/8346/1855
f 1991/8347/1855 1940/8348/1868 1995/8349/1856
f 1940/8350/1868 1941/8351/1869 1995/8352/1856
f 1995/8353/1856 1941/8354/1869 1999/8355/1857
f 1941/8356/1869 1942/8357/1870 1999/8358/1857
f 1999/8359/1857 1942/8360/1870 2003/8361/1858
f 1942/8362/1870 1943/8363/1871 2003/8364/1858
f 2003/8365/1858 1943/8366/1871 2007/8367/1819
f 1943/8368/1871 1944/8369/1821 2007/8370/1819
f 2011/8371/1872 2012/8372/1873 2028/8373/1874
f 2028/8374/1874 2012/8375/1873 2032/8376/1875
f 2028/8377/1874 2032/8378/1875 2027/8379/1876
f 2027/8380/1876 2032/8381/1875 2036/8382/1877
f 2027/8383/1876 2036/8384/1877 2026/8385/1878
f 2026/8386/1878 2036/8387/1877 2040/8388/1879
f 2026/8389/1878 2040/8390/1879 2025/8391/1880
f 2025/8392/1880 2040/8393/1879 2024/8394/1881
f 2024/8395/1881 2040/8396/1879 2039/8397/1882
f 2024/8398/1881 2039/8399/1882 2023/8400/1883
f 2023/8401/1883 2039/8402/1882 2038/8403/1884
f 2023/8404/1883 2038/8405/1884 2022/8406/1885
f 2022/8407/1885 2038/8408/1884 2037/8409/1886
f 2022/8410/1885 2037/8411/1886 2021/8412/1887
f 2021/8413/1887 2037/8414/1886 2019/8415/1888
f 2021/8416/1887 2019/8417/1888 2020/8418/1889
f 2012/8419/1873 2013/8420/1890 2032/8421/1875
f 2032/8422/1875 2013/8423/1890 2031/8424/1891
f 2032/8425/1875 2031/8426/1891 2036/8427/1877
f 2036/8428/1877 2031/8429/1891 2035/8430/1892
f 2036/8431/1877 2035/8432/1892 2040/8433/1879
f 2040/8434/1879 2035/8435/1892 2039/8436/1882
f 2013/8437/1890 2014/8438/1893 2031/8439/1891
f 2031/8440/1891 2014/8441/1893 2030/8442/1894
f 2031/8443/1891 2030/8444/1894 2035/8445/1892
f 2035/8446/1892 2030/8447/1894 2034/8448/1895
f 2035/8449/1892 2034/8450/1895 2039/8451/1882
f 2039/8452/1882 2034/8453/1895 2038/8454/1884
f 2014/8455/1893 2015/8456/1896 2030/8457/1894
f 2030/8458/1894 2015/8459/1896 2029/8460/1897
f 2030/8461/1894 2029/8462/1897 2034/8463/1895
f 2034/8464/1895 2029/8465/1897 2033/8466/1898
f 2034/8467/1895 2033/8468/1898 2038/8469/1884
f 2038/8470/1884 2033/8471/1898 2037/8472/1886
f 2015/8473/1896 2016/8474/1899 2029/8475/1897
f 2029/8476/1897 2016/8477/1899 2017/8478/1900
f 2029/8479/1897 2017/8480/1900 2033/8481/1898
f 2033/8482/1898 2017/8483/1900 2018/8484/1901
f 2033/8485/1898 2018/8486/1901 2037/8487/1886
f 2037/8488/1886 2018/8489/1901 2019/8490/1888
f 2041/8491/1902 2042/8492/1903 2066/8493/1904
f 2066/8494/1904 2042/8495/1903 2070/8496/1905
f 2066/8497/1904 2070/8498/1905 2065/8499/1906
f 2065/8500/1906 2070/8501/1905 2074/8502/1907
f 2065/8503/1906 2074/8504/1907 2064/8505/1908
f 2064/8506/1908 2074/8507/1907 2078/8508/1909
f 2064/8509/1908 2078/8510/1909 2063/8511/1910
f 2063/8512/1910 2078/8513/1909 2082/8514/1911
f 2063/8515/1910 2082/8516/1911 2062/8517/1912
f 2062/8518/1912 2082/8519/1911 2086/8520/1913
f 2062/8521/1912 2086/8522/1913 2061/8523/1914
f 2061/8524/1914 2086/8525/1913 2090/8526/1915
f 2061/8527/1914 2090/8528/1915 2060/8529/1916
f 2060/8530/1916 2090/8531/1915 2094/8532/1917
f 2060/8533/1916 2094/8534/1917 2059/8535/1918
f 2059/8536/1918 2094/8537/1917 2058/8538/1919
f 2058/8539/1919 2094/8540/1917 2093/8541/1920
f 2058/8542/1919 2093/8543/1920 2057/8544/1921
f 2057/8545/1921 2093/8546/1920 2092/8547/1922
f 2057/8548/1921 2092/8549/1922 2056/8550/1923
f 2056/8551/1923 2092/8552/1922 2091/8553/1924
f 2056/8554/1923 2091/8555/1924 2055/8556/1925
f 2055/8557/1925 2091/8558/1924 2053/8559/1926
f 2055/8560/1925 2053/8561/1926 2054/8562/1927
f 2042/8563/1903 2043/8564/1928 2070/8565/1905
f 2070/8566/1905 2043/8567/1928 2069/8568/1929
f 2070/8569/1905 2069/8570/1929 2074/8571/1907
f 2074/8572/1907 2069/8573/1929 2073/8574/1930
f 2074/8575/1907 2073/8576/1930 2078/8577/1909
f 2078/8578/1909 2073/8579/1930 2077/8580/1931
f 2078/8581/1909 2077/8582/1931 2082/8583/1911
f 2082/8584/1911 2077/8585/1931 2081/8586/1932
f 2082/8587/1911 2081/8588/1932 2086/8589/1913
f 2086/8590/1913 2081/8591/1932 2085/8592/1933
f 2086/8593/1913 2085/8594/1933 2090/8595/1915
f 2090/8596/1915 2085/8597/1933 2089/8598/1934
f 2090/8599/1915 2089/8600/1934 2094/8601/1917
f 2094/8602/1917 2089/8603/1934 2093/8604/1920
f 2043/8605/1928 2044/8606/1935 2069/8607/1929
f 2069/8608/1929 2044/8609/1935 2068/8610/1936
f 2069/8611/1929 2068/8612/1936 2073/8613/1930
f 2073/8614/1930 2068/8615/1936 2072/8616/1937
f 2073/8617/1930 2072/8618/1937 2076/8619/1938
f 2073/8620/1930 2076/8621/1938 2077/8622/1931
f 2077/8623/1931 2076/8624/1938 2080/8625/1939
f 2077/8626/1931 2080/8627/1939 2081/8628/1932
f 2081/8629/1932 2080/8630/1939 2084/8631/1940
f 2081/8632/1932 2084/8633/1940 2085/8634/1933
f 2085/8635/1933 2084/8636/1940 2088/8637/1941
f 2085/8638/1933 2088/8639/1941 2089/8640/1934
f 2089/8641/1934 2088/8642/1941 2093/8643/1920
f 2093/8644/1920 2088/8645/1941 2092/8646/1922
f 2044/8647/1935 2045/8648/1942 2068/8649/1936
f 2068/8650/1936 2045/8651/1942 2067/8652/1943
f 2068/8653/1936 2067/8654/1943 2072/8655/1937
f 2072/8656/1937 2067/8657/1943 2071/8658/1944
f 2072/8659/1937 2071/8660/1944 2076/8661/1938
f 2076/8662/1938 2071/8663/1944 2075/8664/1945
f 2076/8665/1938 2075/8666/1945 2080/8667/1939
f 2080/8668/1939 2075/8669/1945 2079/8670/1946
f 2080/8671/1939 2079/8672/1946 2084/8673/1940
f 2084/8674/1940 2079/8675/1946 2083/8676/1947
f 2084/8677/1940 2083/8678/1947 2088/8679/1941
f 2088/8680/1941 2083/8681/1947 2087/8682/1948
f 2088/8683/1941 2087/8684/1948 2092/8685/1922
f 2092/8686/1922 2087/8687/1948 2091/8688/1924
f 2045/8689/1942 2046/8690/1949 2067/8691/1943
f 2067/8692/1943 2046/8693/1949 2047/8694/1950
f 2067/8695/1943 2047/8696/1950 2071/8697/1944
f 2071/8698/1944 2047/8699/1950 2048/8700/1951
f 2071/8701/1944 2048/8702/1951 2075/8703/1945
f 2075/8704/1945 2048/8705/1951 2049/8706/1952
f 2075/8707/1945 2049/8708/1952 2079/8709/1946
f 2079/8710/1946 2049/8711/1952 2050/8712/1953
f 2079/8713/1946 2050/8714/1953 2083/8715/1947
f 2083/8716/1947 2050/8717/1953 2051/8718/1954
f 2083/8719/1947 2051/8720/1954 2087/8721/1948
f 2087/8722/1948 2051/8723/1954 2052/8724/1955
f 2087/8725/1948 2052/8726/1955 2091/8727/1924
f 2091/8728/1924 2052/8729/1955 2053/8730/1926
f 2095/8731/1956 2096/8732/1957 2112/8733/1958
f 2112/8734/1958 2096/8735/1957 2116/8736/1959
f 2112/8737/1958 2116/8738/1959 2111/8739/1960
f 2111/8740/1960 2116/8741/1959 2120/8742/1961
f 2111/8743/1960 2120/8744/1961 2110/8745/1962
f 2110/8746/1962 2120/8747/1961 2124/8748/1963
f 2110/8749/1962 2124/8750/1963 2109/8751/1964
f 2109/8752/1964 2124/8753/1963 2108/8754/1965
f 2108/8755/1965 2124/8756/1963 2123/8757/1966
f 2108/8758/1965 2123/8759/1966 2107/8760/1967
f 2107/8761/1967 2123/8762/1966 2122/8763/1968
f 2107/8764/1967 2122/8765/1968 2106/8766/1969
f 2106/8767/1969 2122/8768/1968 2121/8769/1970
f 2106/8770/1969 2121/8771/1970 2105/8772/1971
f 2105/8773/1971 2121/8774/1970 2103/8775/1972
f 2105/8776/1971 2103/8777/1972 2104/8778/1973
f 2096/8779/1957 2097/8780/1974 2116/8781/1959
f 2116/8782/1959 2097/8783/1974 2115/8784/1975
f 2116/8785/1959 2115/8786/1975 2120/8787/1961
f 2120/8788/1961 2115/8789/1975 2119/8790/1976
f 2120/8791/1961 2119/8792/1976 2124/8793/1963
f 2124/8794/1963 2119/8795/1976 2123/8796/1966
f 2097/8797/1974 2098/8798/1977 2115/8799/1975
f 2115/8800/1975 2098/8801/1977 2114/8802/1978
f 2115/8803/1975 2114/8804/1978 2119/8805/1976
f 2119/8806/1976 2114/8807/1978 2118/8808/1979
f 2119/8809/1976 2118/8810/1979 2123/8811/1966
f 2123/8812/1966 2118/8813/1979 2122/8814/1968
f 2098/8815/1977 2099/8816/1980 2114/8817/1978
f 2114/8818/1978 2099/8819/1980 2113/8820/1981
f 2114/8821/1978 2113/8822/1981 2118/8823/1979
f 2118/8824/1979 2113/8825/1981 2117/8826/1982
f 2118/8827/1979 2117/8828/1982 2122/8829/1968
f 2122/8830/1968 2117/8831/1982 2121/8832/1970
f 2099/8833/1980 2100/8834/1983 2113/8835/1981
f 2113/8836/1981 2100/8837/1983 2101/8838/1984
f 2113/8839/1981 2101/8840/1984 2117/8841/1982
f 2117/8842/1982 2101/8843/1984 2102/8844/1985
f 2117/8845/1982 2102/8846/1985 2121/8847/1970
f 2121/8848/1970 2102/8849/1985 2103/8850/1972
f 2125/8851/1986 2126/8852/1987 2161/8853/1988
f 2161/8854/1988 2126/8855/1987 2165/8856/1989
f 2161/8857/1988 2165/8858/1989 2160/8859/1990
f 2160/8860/1990 2165/8861/1989 2169/8862/1991
f 2160/8863/1990 2169/8864/1991 2159/8865/1992
f 2159/8866/1992 2169/8867/1991 2173/8868/1993
f 2159/8869/1992 2173/8870/1993 2158/8871/1994
f 2158/8872/1994 2173/8873/1993 2177/8874/1995
f 2158/8875/1994 2177/8876/1995 2157/8877/1996
f 2157/8878/1996 2177/8879/1995 2181/8880/1997
f 2157/8881/1996 2181/8882/1997 2156/8883/1998
f 2156/8884/1998 2181/8885/1997 2185/8886/1999
f 2156/8887/1998 2185/8888/1999 2155/8889/2000
f 2155/8890/2000 2185/8891/1999 2189/8892/2001
f 2155/8893/2000 2189/8894/2001 2154/8895/2002
f 2154/8896/2002 2189/8897/2001 2193/8898/2003
f 2154/8899/2002 2193/8900/2003 2153/8901/2004
f 2153/8902/2004 2193/8903/2003 2197/8904/2005
f 2153/8905/2004 2197/8906/2005 2152/8907/2006
f 2152/8908/2006 2197/8909/2005 2201/8910/2007
f 2152/8911/2006 2201/8912/2007 2151/8913/2008
f 2151/8914/2008 2201/8915/2007 2205/8916/2009
f 2151/8917/2008 2205/8918/2009 2150/8919/2010
f 2150/8920/2010 2205/8921/2009 2209/8922/2011
f 2150/8923/2010 2209/8924/2011 2149/8925/2012
f 2149/8926/2012 2209/8927/2011 2147/8928/2013
f 2149/8929/2012 2147/8930/2013 2148/8931/2014
f 2126/8932/1987 2127/8933/2015 2165/8934/1989
f 2165/8935/1989 2127/8936/2015 2164/8937/2016
f 2165/8938/1989 2164/8939/2016 2169/8940/1991
f 2169/8941/1991 2164/8942/2016 2168/8943/2017
f 2169/8944/1991 2168/8945/2017 2173/8946/1993
f 2173/8947/1993 2168/8948/2017 2172/8949/2018
f 2173/8950/1993 2172/8951/2018 2177/8952/1995
f 2177/8953/1995 2172/8954/2018 2176/8955/2019
f 2177/8956/1995 2176/8957/2019 2181/8958/1997
f 2181/8959/1997 2176/8960/2019 2180/8961/2020
f 2181/8962/1997 2180/8963/2020 2185/8964/1999
f 2185/8965/1999 2180/8966/2020 2184/8967/2021
f 2185/8968/1999 2184/8969/2021 2189/8970/2001
f 2189/8971/2001 2184/8972/2021 2188/8973/2022
f 2189/8974/2001 2188/8975/2022 2193/8976/2003
f 2193/8977/2003 2188/8978/2022 2192/8979/2023
f 2193/8980/2003 2192/8981/2023 2197/8982/2005
f 2197/8983/2005 2192/8984/2023 2196/8985/2024
f 2197/8986/2005 2196/8987/2024 2201/8988/2007
f 2201/8989/2007 2196/8990/2024 2200/8991/2025
f 2201/8992/2007 2200/8993/2025 2205/8994/2009
f 2205/8995/2009 2200/8996/2025 2204/8997/2026
f 2205/8998/2009 2204/8999/2026 2209/9000/2011
f 2209/9001/2011 2204/9002/2026 2208/9003/2027
f 2209/9004/2011 2208/9005/2027 2147/9006/2013
f 2147/9007/2013 2208/9008/2027 2146/9009/2028
f 2146/9010/2028 2208/9011/2027 2207/9012/2029
f 2146/9013/2028 2207/9014/2029 2145/9015/2030
f 2145/9016/2030 2207/9017/2029 2206/9018/2031
f 2145/9019/2030 2206/9020/2031 2144/9021/2032
f 2144/9022/2032 2206/9023/2031 2142/9024/2033
f 2144/9025/2032 2142/9026/2033 2143/9027/2034
f 2127/9028/2015 2128/9029/2035 2164/9030/2016
f 2164/9031/2016 2128/9032/2035 2163/9033/2036
f 2164/9034/2016 2163/9035/2036 2168/9036/2017
f 2168/9037/2017 2163/9038/2036 2167/9039/2037
f 2168/9040/2017 2167/9041/2037 2171/9042/2038
f 2168/9043/2017 2171/9044/2038 2172/9045/2018
f 2172/9046/2018 2171/9047/2038 2175/9048/2039
f 2172/9049/2018 2175/9050/2039 2176/9051/2019
f 2176/9052/2019 2175/9053/2039 2179/9054/2040
f 2176/9055/2019 2179/9056/2040 2180/9057/2020
f 2180/9058/2020 2179/9059/2040 2183/9060/2041
f 2180/9061/2020 2183/9062/2041 2184/9063/2021
f 2184/9064/2021 2183/9065/2041 2187/9066/2042
f 2184/9067/2021 2187/9068/2042 2188/9069/2022
f 2188/9070/2022 2187/9071/2042 2191/9072/2043
f 2188/9073/2022 2191/9074/2043 2192/9075/2023
f 2192/9076/2023 2191/9077/2043 2195/9078/2044
f 2192/9079/2023 2195/9080/2044 2196/9081/2024
f 2196/9082/2024 2195/9083/2044 2199/9084/2045
f 2196/9085/2024 2199/9086/2045 2200/9087/2025
f 2200/9088/2025 2199/9089/2045 2203/9090/2046
f 2200/9091/2025 2203/9092/2046 2204/9093/2026
f 2204/9094/2026 2203/9095/2046 2208/9096/2027
f 2208/9097/2027 2203/9098/2046 2207/9099/2029
f 2128/9100/2035 2129/9101/2047 2163/9102/2036
f 2163/9103/2036 2129/9104/2047 2162/9105/2048
f 2163/9106/2036 2162/9107/2048 2167/9108/2037
f 2167/9109/2037 2162/9110/2048 2166/9111/2049
f 2167/9112/2037 2166/9113/2049 2171/9114/2038
f 2171/9115/2038 2166/9116/2049 2170/9117/2050
f 2171/9118/2038 2170/9119/2050 2175/9120/2039
f 2175/9121/2039 2170/9122/2050 2174/9123/2051
f 2175/9124/2039 2174/9125/2051 2179/9126/2040
f 2179/9127/2040 2174/9128/2051 2178/9129/2052
f 2179/9130/2040 2178/9131/2052 2183/9132/2041
f 2183/9133/2041 2178/9134/2052 2182/9135/2053
f 2183/9136/2041 2182/9137/2053 2187/9138/2042
f 2187/9139/2042 2182/9140/2053 2186/9141/2054
f 2187/9142/2042 2186/9143/2054 2191/9144/2043
f 2191/9145/2043 2186/9146/2054 2190/9147/2055
f 2191/9148/2043 2190/9149/2055 2195/9150/2044
f 2195/9151/2044 2190/9152/2055 2194/9153/2056
f 2195/9154/2044 2194/9155/2056 2199/9156/2045
f 2199/9157/2045 2194/9158/2056 2198/9159/2057
f 2199/9160/2045 2198/9161/2057 2203/9162/2046
f 2203/9163/2046 2198/9164/2057 2202/9165/2058
f 2203/9166/2046 2202/9167/2058 2207/9168/2029
f 2207/9169/2029 2202/9170/2058 2206/9171/2031
f 2129/9172/2047 2130/9173/2059 2162/9174/2048
f 2162/9175/2048 2130/9176/2059 2131/9177/2060
f 2162/9178/2048 2131/9179/2060 2166/9180/2049
f 2166/9181/2049 2131/9182/2060 2132/9183/2061
f 2166/9184/2049 2132/9185/2061 2170/9186/2050
f 2170/9187/2050 2132/9188/2061 2133/9189/2062
f 2170/9190/2050 2133/9191/2062 2174/9192/2051
f 2174/9193/2051 2133/9194/2062 2134/9195/2063
f 2174/9196/2051 2134/9197/2063 2178/9198/2052
f 2178/9199/2052 2134/9200/2063 2135/9201/2064
f 2178/9202/2052 2135/9203/2064 2182/9204/2053
f 2182/9205/2053 2135/9206/2064 2136/9207/2065
f 2182/9208/2053 2136/9209/2065 2186/9210/2054
f 2186/9211/2054 2136/9212/2065 2137/9213/2066
f 2186/9214/2054 2137/9215/2066 2190/9216/2055
f 2190/9217/2055 2137/9218/2066 2138/9219/2067
f 2190/9220/2055 2138/9221/2067 2194/9222/2056
f 2194/9223/2056 2138/9224/2067 2139/9225/2068
f 2194/9226/2056 2139/9227/2068 2198/9228/2057
f 2198/9229/2057 2139/9230/2068 2140/9231/2069
f 2198/9232/2057 2140/9233/2069 2202/9234/2058
f 2202/9235/2058 2140/9236/2069 2141/9237/2070
f 2202/9238/2058 2141/9239/2070 2206/9240/2031
f 2206/9241/2031 2141/9242/2070 2142/9243/2033
f 2227/9244/2071 2210/9245/2071 2226/9246/2072
f 2226/9247/2072 2210/9248/2071 2211/9249/2072
f 2226/9250/2072 2211/9251/2072 2225/9252/2073
f 2225/9253/2073 2211/9254/2072 2212/9255/2073
f 2225/9256/2073 2212/9257/2073 2224/9258/2074
f 2224/9259/2074 2212/9260/2073 2213/9261/2074
f 2224/9262/2074 2213/9263/2074 2223/9264/2075
f 2223/9265/2075 2213/9266/2074 2214/9267/2075
f 2223/9268/2075 2214/9269/2075 2222/9270/2076
f 2222/9271/2076 2214/9272/2075 2215/9273/2076
f 2222/9274/2076 2215/9275/2076 2221/9276/2077
f 2221/9277/2077 2215/9278/2076 2216/9279/2077
f 2221/9280/2077 2216/9281/2077 2220/9282/2078
f 2220/9283/2078 2216/9284/2077 2217/9285/2078
f 2220/9286/2078 2217/9287/2078 2219/9288/2079
f 2219/9289/2079 2217/9290/2078 2218/9291/2079
f 2237/9292/2080 2228/9293/2080 2236/9294/2081
f 2236/9295/2081 2228/9296/2080 2229/9297/2081
f 2236/9298/2081 2229/9299/2081 2235/9300/2082
f 2235/9301/2082 2229/9302/2081 2230/9303/2082
f 2235/9304/2082 2230/9305/2082 2234/9306/2083
f 2234/9307/2083 2230/9308/2082 2231/9309/2083
f 2234/9310/2083 2231/9311/2083 2233/9312/2084
f 2233/9313/2084 2231/9314/2083 2232/9315/2084
f 2267/9316/2085 2238/9317/2085 2266/9318/2086
f 2266/9319/2086 2238/9320/2085 2239/9321/2087
f 2266/9322/2086 2239/9323/2087 2240/9324/2088
f 2266/9325/2086 2240/9326/2088 2265/9327/2088
f 2265/9328/2088 2240/9329/2088 2241/9330/2089
f 2265/9331/2088 2241/9332/2089 2264/9333/2089
f 2264/9334/2089 2241/9335/2089 2242/9336/2090
f 2264/9337/2089 2242/9338/2090 2263/9339/2090
f 2263/9340/2090 2242/9341/2090 2243/9342/2091
f 2263/9343/2090 2243/9344/2091 2262/9345/2091
f 2262/9346/2091 2243/9347/2091 2244/9348/2092
f 2262/9349/2091 2244/9350/2092 2261/9351/2092
f 2261/9352/2092 2244/9353/2092 2245/9354/2093
f 2261/9355/2092 2245/9356/2093 2260/9357/2093
f 2260/9358/2093 2245/9359/2093 2246/9360/2094
f 2260/9361/2093 2246/9362/2094 2259/9363/2095
f 2259/9364/2095 2246/9365/2094 2247/9366/2096
f 2259/9367/2095 2247/9368/2096 2258/9369/2096
f 2258/9370/2096 2247/9371/2096 2248/9372/2097
f 2258/9373/2096 2248/9374/2097 2257/9375/2097
f 2257/9376/2097 2248/9377/2097 2249/9378/2098
f 2257/9379/2097 2249/9380/2098 2256/9381/2098
f 2256/9382/2098 2249/9383/2098 2250/9384/2099
f 2256/9385/2098 2250/9386/2099 2255/9387/2099
f 2255/9388/2099 2250/9389/2099 2251/9390/2100
f 2255/9391/2099 2251/9392/2100 2254/9393/2100
f 2254/9394/2100 2251/9395/2100 2253/9396/2101
f 2253/9397/2101 2251/9398/2100 2252/9399/2101
f 2277/9400/2102 2268/9401/2103 2276/9402/2104
f 2276/9403/2104 2268/9404/2103 2269/9405/2104
f 2276/9406/2104 2269/9407/2104 2275/9408/2105
f 2275/9409/2105 2269/9410/2104 2270/9411/2105
f 2275/9412/2105 2270/9413/2105 2274/9414/2106
f 2274/9415/2106 2270/9416/2105 2271/9417/2106
f 2274/9418/2106 2271/9419/2106 2273/9420/2107
f 2273/9421/2107 2271/9422/2106 2272/9423/2107
f 2295/9424/2108 2278/9425/2108 2294/9426/2109
f 2294/9427/2109 2278/9428/2108 2279/9429/2109
f 2294/9430/2109 2279/9431/2109 2293/9432/2110
f 2293/9433/2110 2279/9434/2109 2280/9435/2110
f 2293/9436/2110 2280/9437/2110 2292/9438/2111
f 2292/9439/2111 2280/9440/2110 2281/9441/2111
f 2292/9442/2111 2281/9443/2111 2291/9444/2112
f 2291/9445/2112 2281/9446/2111 2282/9447/2112
f 2291/9448/2112 2282/9449/2112 2290/9450/2113
f 2290/9451/2113 2282/9452/2112 2283/9453/2113
f 2290/9454/2113 2283/9455/2113 2289/9456/2114
f 2289/9457/2114 2283/9458/2113 2284/9459/2114
f 2289/9460/2114 2284/9461/2114 2288/9462/2115
f 2288/9463/2115 2284/9464/2114 2285/9465/2115
f 2288/9466/2115 2285/9467/2115 2287/9468/2116
f 2287/9469/2116 2285/9470/2115 2286/9471/2116
f 2305/9472/2117 2296/9473/2117 2304/9474/2118
f 2304/9475/2118 2296/9476/2117 2297/9477/2118
f 2304/9478/2118 2297/9479/2118 2303/9480/2119
f 2303/9481/2119 2297/9482/2118 2298/9483/2119
f 2303/9484/2119 2298/9485/2119 2302/9486/2120
f 2302/9487/2120 2298/9488/2119 2299/9489/2120
f 2302/9490/2120 2299/9491/2120 2301/9492/2121
f 2301/9493/2121 2299/9494/2120 2300/9495/2121
f 2307/9496/2122 2412/9497/2122 2306/9498/2122
f 2306/9499/2123 2412/9500/2123 2413/9501/2123
f 2306/9502/2124 2413/9503/2124 2414/9504/2124
f 2412/9505/2125 2307/9506/2125 2411/9507/2125
f 2411/9508/2125 2307/9509/2125 2308/9510/2125
f 2411/9511/2126 2308/9512/2126 2410/9513/2126
f 2410/9514/2125 2308/9515/2125 2309/9516/2125
f 2410/9517/2125 2309/9518/2125 2409/9519/2125
f 2409/9520/2125 2309/9521/2125 2310/9522/2125
f 2409/9523/2127 2310/9524/2127 2408/9525/2127
f 2408/9526/2128 2310/9527/2128 2407/9528/2128
f 2407/9529/2125 2310/9530/2125 2311/9531/2125
f 2407/9532/2125 2311/9533/2125 2406/9534/2125
f 2406/9535/2125 2311/9536/2125 2405/9537/2125
f 2405/9538/2125 2311/9539/2125 2404/9540/2125
f 2404/9541/2125 2311/9542/2125 2312/9543/2125
f 2404/9544/2129 2312/9545/2129 2403/9546/2129
f 2403/9547/2125 2312/9548/2125 2402/9549/2125
f 2402/9550/2125 2312/9551/2125 2401/9552/2125
f 2401/9553/2125 2312/9554/2125 2400/9555/2125
f 2400/9556/2130 2312/9557/2130 2399/9558/2130
f 2399/9559/2125 2312/9560/2125 2313/9561/2125
f 2399/9562/2125 2313/9563/2125 2398/9564/2125
f 2398/9565/2125 2313/9566/2125 2397/9567/2125
f 2397/9568/2125 2313/9569/2125 2396/9570/2125
f 2396/9571/2131 2313/9572/2131 2395/9573/2131
f 2395/9574/2132 2313/9575/2132 2394/9576/2132
f 2394/9577/2125 2313/9578/2125 2314/9579/2125
f 2394/9580/2133 2314/9581/2133 2393/9582/2133
f 2393/9583/2134 2314/9584/2134 2392/9585/2134
f 2392/9586/2125 2314/9587/2125 2391/9588/2125
f 2391/9589/2125 2314/9590/2125 2315/9591/2125
f 2391/9592/2135 2315/9593/2135 2390/9594/2135
f 2390/9595/2125 2315/9596/2125 2389/9597/2125
f 2389/9598/2125 2315/9599/2125 2388/9600/2125
f 2388/9601/2125 2315/9602/2125 2316/9603/2125
f 2388/9604/2125 2316/9605/2125 2387/9606/2125
f 2387/9607/2125 2316/9608/2125 2317/9609/2125
f 2387/9610/2136 2317/9611/2136 2386/9612/2136
f 2386/9613/2137 2317/9614/2137 2318/9615/2137
f 2386/9616/2138 2318/9617/2138 2385/9618/2138
f 2385/9619/2125 2318/9620/2125 2319/9621/2125
f 2385/9622/2139 2319/9623/2139 2384/9624/2139
f 2384/9625/2140 2319/9626/2140 2320/9627/2140
f 2384/9628/2125 2320/9629/2125 2383/9630/2125
f 2383/9631/2125 2320/9632/2125 2321/9633/2125
f 2383/9634/2141 2321/9635/2141 2382/9636/2141
f 2382/9637/2125 2321/9638/2125 2381/9639/2125
f 2381/9640/2125 2321/9641/2125 2322/9642/2125
f 2381/9643/2125 2322/9644/2125 2380/9645/2125
f 2380/9646/2125 2322/9647/2125 2323/9648/2125
f 2380/9649/2142 2323/9650/2142 2379/9651/2142
f 2379/9652/2143 2323/9653/2143 2324/9654/2143
f 2379/9655/2144 2324/9656/2144 2378/9657/2144
f 2378/9658/2125 2324/9659/2125 2377/9660/2125
f 2377/9661/2125 2324/9662/2125 2376/9663/2125
f 2376/9664/2145 2324/9665/2145 2325/9666/2145
f 2376/9667/2125 2325/9668/2125 2375/9669/2125
f 2375/9670/2125 2325/9671/2125 2374/9672/2125
f 2374/9673/2125 2325/9674/2125 2373/9675/2125
f 2373/9676/2125 2325/9677/2125 2372/9678/2125
f 2372/9679/2146 2325/9680/2146 2326/9681/2146
f 2372/9682/2147 2326/9683/2147 2371/9684/2147
f 2371/9685/2125 2326/9686/2125 2370/9687/2125
f 2370/9688/2125 2326/9689/2125 2369/9690/2125
f 2369/9691/2125 2326/9692/2125 2368/9693/2125
f 2368/9694/2148 2326/9695/2148 2367/9696/2148
f 2367/9697/2149 2326/9698/2149 2366/9699/2149
f 2366/9700/2125 2326/9701/2125 2327/9702/2125
f 2366/9703/2125 2327/9704/2125 2365/9705/2125
f 2365/9706/2125 2327/9707/2125 2364/9708/2125
f 2364/9709/2125 2327/9710/2125 2363/9711/2125
f 2363/9712/2125 2327/9713/2125 2362/9714/2125
f 2362/9715/2150 2327/9716/2150 2328/9717/2150
f 2362/9718/2151 2328/9719/2151 2361/9720/2151
f 2361/9721/2125 2328/9722/2125 2360/9723/2125
f 2360/9724/2152 2328/9725/2152 2329/9726/2152
f 2360/9727/2153 2329/9728/2153 2359/9729/2153
f 2359/9730/2125 2329/9731/2125 2474/9732/2125
f 2474/9733/2125 2329/9734/2125 2330/9735/2125
f 2474/9736/2125 2330/9737/2125 2473/9738/2125
f 2473/9739/2154 2330/9740/2154 2331/9741/2154
f 2473/9742/2155 2331/9743/2155 2472/9744/2155
f 2472/9745/2156 2331/9746/2156 2332/9747/2156
f 2472/9748/2125 2332/9749/2125 2471/9750/2125
f 2471/9751/2125 2332/9752/2125 2333/9753/2125
f 2471/9754/2157 2333/9755/2157 2470/9756/2157
f 2470/9757/2125 2333/9758/2125 2334/9759/2125
f 2470/9760/2158 2334/9761/2158 2469/9762/2158
f 2469/9763/2125 2334/9764/2125 2335/9765/2125
f 2469/9766/2159 2335/9767/2159 2468/9768/2159
f 2468/9769/2160 2335/9770/2160 2336/9771/2160
f 2468/9772/2161 2336/9773/2161 2467/9774/2161
f 2467/9775/2162 2336/9776/2162 2466/9777/2162
f 2466/9778/2125 2336/9779/2125 2337/9780/2125
f 2466/9781/2163 2337/9782/2163 2465/9783/2163
f 2465/9784/2125 2337/9785/2125 2464/9786/2125
f 2464/9787/2125 2337/9788/2125 2338/9789/2125
f 2464/9790/2125 2338/9791/2125 2463/9792/2125
f 2463/9793/2125 2338/9794/2125 2462/9795/2125
f 2462/9796/2125 2338/9797/2125 2461/9798/2125
f 2461/9799/2125 2338/9800/2125 2460/9801/2125
f 2460/9802/2164 2338/9803/2164 2339/9804/2164
f 2460/9805/2125 2339/9806/2125 2459/9807/2125
f 2459/9808/2125 2339/9809/2125 2458/9810/2125
f 2458/9811/2125 2339/9812/2125 2457/9813/2125
f 2457/9814/2165 2339/9815/2165 2456/9816/2165
f 2456/9817/2166 2339/9818/2166 2455/9819/2166
f 2455/9820/2167 2339/9821/2167 2454/9822/2167
f 2454/9823/2168 2339/9824/2168 2340/9825/2168
f 2454/9826/2169 2340/9827/2169 2453/9828/2169
f 2453/9829/2170 2340/9830/2170 2452/9831/2170
f 2452/9832/2125 2340/9833/2125 2451/9834/2125
f 2451/9835/2171 2340/9836/2171 2450/9837/2171
f 2450/9838/2125 2340/9839/2125 2341/9840/2125
f 2450/9841/2125 2341/9842/2125 2449/9843/2125
f 2449/9844/2172 2341/9845/2172 2448/9846/2172
f 2448/9847/2125 2341/9848/2125 2447/9849/2125
f 2447/9850/2125 2341/9851/2125 2342/9852/2125
f 2447/9853/2173 2342/9854/2173 2446/9855/2173
f 2446/9856/2125 2342/9857/2125 2343/9858/2125
f 2446/9859/2174 2343/9860/2174 2445/9861/2174
f 2445/9862/2175 2343/9863/2175 2344/9864/2175
f 2445/9865/2125 2344/9866/2125 2444/9867/2125
f 2444/9868/2125 2344/9869/2125 2443/9870/2125
f 2443/9871/2125 2344/9872/2125 2345/9873/2125
f 2443/9874/2125 2345/9875/2125 2442/9876/2125
f 2442/9877/2125 2345/9878/2125 2346/9879/2125
f 2442/9880/2125 2346/9881/2125 2441/9882/2125
f 2441/9883/2176 2346/9884/2176 2347/9885/2176
f 2441/9886/2177 2347/9887/2177 2440/9888/2177
f 2440/9889/2125 2347/9890/2125 2348/9891/2125
f 2440/9892/2125 2348/9893/2125 2439/9894/2125
f 2439/9895/2125 2348/9896/2125 2349/9897/2125
f 2439/9898/2125 2349/9899/2125 2438/9900/2125
f 2438/9901/2125 2349/9902/2125 2350/9903/2125
f 2438/9904/2178 2350/9905/2178 2437/9906/2178
f 2437/9907/2125 2350/9908/2125 2436/9909/2125
f 2436/9910/2179 2350/9911/2179 2435/9912/2179
f 2435/9913/2125 2350/9914/2125 2351/9915/2125
f 2435/9916/2180 2351/9917/2180 2434/9918/2180
f 2434/9919/2125 2351/9920/2125 2433/9921/2125
f 2433/9922/2125 2351/9923/2125 2432/9924/2125
f 2432/9925/2181 2351/9926/2181 2352/9927/2181
f 2432/9928/2182 2352/9929/2182 2431/9930/2182
f 2431/9931/2125 2352/9932/2125 2430/9933/2125
f 2430/9934/2183 2352/9935/2183 2429/9936/2183
f 2429/9937/2125 2352/9938/2125 2428/9939/2125
f 2428/9940/2125 2352/9941/2125 2427/9942/2125
f 2427/9943/2184 2352/9944/2184 2353/9945/2184
f 2427/9946/2125 2353/9947/2125 2426/9948/2125
f 2426/9949/2125 2353/9950/2125 2425/9951/2125
f 2425/9952/2125 2353/9953/2125 2424/9954/2125
f 2424/9955/2125 2353/9956/2125 2423/9957/2125
f 2423/9958/2185 2353/9959/2185 2422/9960/2185
f 2422/9961/2186 2353/9962/2186 2354/9963/2186
f 2422/9964/2125 2354/9965/2125 2421/9966/2125
f 2421/9967/2125 2354/9968/2125 2420/9969/2125
f 2420/9970/2187 2354/9971/2187 2419/9972/2187
f 2419/9973/2188 2354/9974/2188 2355/9975/2188
f 2419/9976/2125 2355/9977/2125 2418/9978/2125
f 2418/9979/2127 2355/9980/2127 2417/9981/2127
f 2417/9982/2125 2355/9983/2125 2356/9984/2125
f 2417/9985/2125 2356/9986/2125 2416/9987/2125
f 2416/9988/2125 2356/9989/2125 2357/9990/2125
f 2416/9991/2125 2357/9992/2125 2415/9993/2125
f 2415/9994/2125 2357/9995/2125 2358/9996/2125
f 2415/9997/2189 2358/9998/2189 2414/9999/2189
f 2414/10000/2125 2358/10001/2125 2306/10002/2125
f 2476/10003/2190 2578/10004/2190 2475/10005/2191
f 2475/10006/2191 2578/10007/2190 2579/10008/2191
f 2580/10009/2192 2527/10010/2192 2526/10011/2193
f 2526/10012/2193 2527/10013/2192 2528/10014/2193
f 2526/10015/2193 2528/10016/2193 2525/10017/2194
f 2525/10018/2194 2528/10019/2193 2529/10020/2194
f 2525/10021/2194 2529/10022/2194 2524/10023/2195
f 2524/10024/2195 2529/10025/2194 2530/10026/2195
f 2524/10027/2195 2530/10028/2195 2523/10029/2196
f 2523/10030/2196 2530/10031/2195 2531/10032/2196
f 2523/10033/2196 2531/10034/2196 2522/10035/2197
f 2522/10036/2197 2531/10037/2196 2532/10038/2197
f 2522/10039/2197 2532/10040/2197 2521/10041/2198
f 2521/10042/2198 2532/10043/2197 2533/10044/2198
f 2521/10045/2198 2533/10046/2198 2520/10047/2199
f 2520/10048/2199 2533/10049/2198 2534/10050/2199
f 2520/10051/2199 2534/10052/2199 2519/10053/2200
f 2519/10054/2200 2534/10055/2199 2535/10056/2200
f 2519/10057/2200 2535/10058/2200 2518/10059/2201
f 2518/10060/2201 2535/10061/2200 2536/10062/2201
f 2518/10063/2201 2536/10064/2201 2517/10065/2202
f 2517/10066/2202 2536/10067/2201 2537/10068/2202
f 2517/10069/2202 2537/10070/2202 2516/10071/2203
f 2516/10072/2203 2537/10073/2202 2538/10074/2203
f 2516/10075/2203 2538/10076/2203 2515/10077/2204
f 2515/10078/2204 2538/10079/2203 2539/10080/2204
f 2515/10081/2204 2539/10082/2204 2514/10083/2112
f 2514/10084/2112 2539/10085/2204 2540/10086/2112
f 2514/10087/2112 2540/10088/2112 2513/10089/2205
f 2513/10090/2205 2540/10091/2112 2541/10092/2205
f 2513/10093/2205 2541/10094/2205 2512/10095/2206
f 2512/10096/2206 2541/10097/2205 2542/10098/2206
f 2512/10099/2206 2542/10100/2206 2511/10101/2207
f 2511/10102/2207 2542/10103/2206 2543/10104/2207
f 2511/10105/2207 2543/10106/2207 2510/10107/2208
f 2510/10108/2208 2543/10109/2207 2544/10110/2208
f 2510/10111/2208 2544/10112/2208 2509/10113/2209
f 2509/10114/2209 2544/10115/2208 2545/10116/2209
f 2509/10117/2209 2545/10118/2209 2508/10119/2210
f 2508/10120/2210 2545/10121/2209 2546/10122/2210
f 2508/10123/2210 2546/10124/2210 2507/10125/2211
f 2507/10126/2211 2546/10127/2210 2547/10128/2211
f 2507/10129/2211 2547/10130/2211 2506/10131/2212
f 2506/10132/2212 2547/10133/2211 2548/10134/2212
f 2506/10135/2212 2548/10136/2212 2505/10137/2213
f 2505/10138/2213 2548/10139/2212 2549/10140/2213
f 2505/10141/2213 2549/10142/2213 2504/10143/2214
f 2504/10144/2214 2549/10145/2213 2550/10146/2214
f 2504/10147/2214 2550/10148/2214 2503/10149/2215
f 2503/10150/2215 2550/10151/2214 2551/10152/2215
f 2503/10153/2215 2551/10154/2215 2502/10155/2216
f 2502/10156/2216 2551/10157/2215 2552/10158/2216
f 2502/10159/2216 2552/10160/2216 2501/10161/1249
f 2501/10162/1249 2552/10163/2216 2553/10164/1249
f 2501/10165/1249 2553/10166/1249 2500/10167/2217
f 2500/10168/2217 2553/10169/1249 2554/10170/2217
f 2500/10171/2217 2554/10172/2217 2499/10173/2218
f 2499/10174/2218 2554/10175/2217 2555/10176/2218
f 2499/10177/2218 2555/10178/2218 2498/10179/2219
f 2498/10180/2219 2555/10181/2218 2556/10182/2219
f 2498/10183/2219 2556/10184/2219 2497/10185/2220
f 2497/10186/2220 2556/10187/2219 2557/10188/2220
f 2497/10189/2220 2557/10190/2220 2496/10191/2221
f 2496/10192/2221 2557/10193/2220 2558/10194/2221
f 2496/10195/2221 2558/10196/2221 2495/10197/2222
f 2495/10198/2222 2558/10199/2221 2559/10200/2222
f 2495/10201/2222 2559/10202/2222 2494/10203/2223
f 2494/10204/2223 2559/10205/2222 2560/10206/2223
f 2494/10207/2223 2560/10208/2223 2493/10209/2224
f 2493/10210/2224 2560/10211/2223 2561/10212/2224
f 2493/10213/2224 2561/10214/2224 2492/10215/2225
f 2492/10216/2225 2561/10217/2224 2562/10218/2225
f 2492/10219/2225 2562/10220/2225 2491/10221/2226
f 2491/10222/2226 2562/10223/2225 2563/10224/2226
f 2491/10225/2226 2563/10226/2226 2490/10227/2227
f 2490/10228/2227 2563/10229/2226 2564/10230/2227
f 2490/10231/2227 2564/10232/2227 2489/10233/2228
f 2489/10234/2228 2564/10235/2227 2565/10236/2228
f 2489/10237/2228 2565/10238/2228 2488/10239/1212
f 2488/10240/1212 2565/10241/2228 2566/10242/1212
f 2488/10243/1212 2566/10244/1212 2487/10245/2229
f 2487/10246/2229 2566/10247/1212 2567/10248/2229
f 2487/10249/2229 2567/10250/2229 2486/10251/2230
f 2486/10252/2230 2567/10253/2229 2568/10254/2230
f 2486/10255/2230 2568/10256/2230 2485/10257/2231
f 2485/10258/2231 2568/10259/2230 2569/10260/2231
f 2485/10261/2231 2569/10262/2231 2484/10263/2232
f 2484/10264/2232 2569/10265/2231 2570/10266/2232
f 2484/10267/2232 2570/10268/2232 2483/10269/2233
f 2483/10270/2233 2570/10271/2232 2571/10272/2233
f 2483/10273/2233 2571/10274/2233 2482/10275/2234
f 2482/10276/2234 2571/10277/2233 2572/10278/2234
f 2482/10279/2234 2572/10280/2234 2481/10281/2235
f 2481/10282/2235 2572/10283/2234 2573/10284/2235
f 2481/10285/2235 2573/10286/2235 2480/10287/2236
f 2480/10288/2236 2573/10289/2235 2574/10290/2236
f 2480/10291/2236 2574/10292/2236 2479/10293/2237
f 2479/10294/2237 2574/10295/2236 2575/10296/2237
f 2479/10297/2237 2575/10298/2237 2478/10299/2238
f 2478/10300/2238 2575/10301/2237 2576/10302/2238
f 2478/10303/2238 2576/10304/2238 2477/10305/2239
f 2477/10306/2239 2576/10307/2238 2577/10308/2239
f 2477/10309/2239 2577/10310/2239 2476/10311/2190
f 2476/10312/2190 2577/10313/2239 2578/10314/2190
f 2633/10315/2125 2581/10316/2125 2634/10317/2125
f 2634/10318/2240 2581/10319/2240 2582/10320/2240
f 2634/10321/2125 2582/10322/2125 2685/10323/2125
f 2685/10324/2241 2582/10325/2241 2583/10326/2241
f 2685/10327/2242 2583/10328/2242 2684/10329/2242
f 2684/10330/2125 2583/10331/2125 2584/10332/2125
f 2684/10333/2125 2584/10334/2125 2683/10335/2125
f 2683/10336/2125 2584/10337/2125 2585/10338/2125
f 2683/10339/2125 2585/10340/2125 2682/10341/2125
f 2682/10342/2125 2585/10343/2125 2586/10344/2125
f 2682/10345/2125 2586/10346/2125 2681/10347/2125
f 2681/10348/2243 2586/10349/2243 2587/10350/2243
f 2681/10351/2244 2587/10352/2244 2680/10353/2244
f 2680/10354/2125 2587/10355/2125 2588/10356/2125
f 2680/10357/2125 2588/10358/2125 2679/10359/2125
f 2679/10360/2125 2588/10361/2125 2589/10362/2125
f 2679/10363/2245 2589/10364/2245 2678/10365/2245
f 2678/10366/2125 2589/10367/2125 2590/10368/2125
f 2678/10369/2246 2590/10370/2246 2677/10371/2246
f 2677/10372/2247 2590/10373/2247 2591/10374/2247
f 2677/10375/2125 2591/10376/2125 2676/10377/2125
f 2676/10378/2125 2591/10379/2125 2592/10380/2125
f 2676/10381/2248 2592/10382/2248 2675/10383/2248
f 2675/10384/2125 2592/10385/2125 2593/10386/2125
f 2675/10387/2249 2593/10388/2249 2674/10389/2249
f 2674/10390/2125 2593/10391/2125 2594/10392/2125
f 2674/10393/2125 2594/10394/2125 2673/10395/2125
f 2673/10396/2125 2594/10397/2125 2595/10398/2125
f 2673/10399/2250 2595/10400/2250 2672/10401/2250
f 2672/10402/2251 2595/10403/2251 2596/10404/2251
f 2672/10405/2252 2596/10406/2252 2671/10407/2252
f 2671/10408/2125 2596/10409/2125 2597/10410/2125
f 2671/10411/2253 2597/10412/2253 2670/10413/2253
f 2670/10414/2254 2597/10415/2254 2598/10416/2254
f 2670/10417/2255 2598/10418/2255 2669/10419/2255
f 2669/10420/2125 2598/10421/2125 2599/10422/2125
f 2669/10423/2256 2599/10424/2256 2668/10425/2256
f 2668/10426/2125 2599/10427/2125 2600/10428/2125
f 2668/10429/2257 2600/10430/2257 2667/10431/2257
f 2667/10432/2125 2600/10433/2125 2601/10434/2125
f 2667/10435/2258 2601/10436/2258 2666/10437/2258
f 2666/10438/2259 2601/10439/2259 2602/10440/2259
f 2666/10441/2260 2602/10442/2260 2665/10443/2260
f 2665/10444/2125 2602/10445/2125 2603/10446/2125
f 2665/10447/2261 2603/10448/2261 2664/10449/2261
f 2664/10450/2125 2603/10451/2125 2604/10452/2125
f 2664/10453/2125 2604/10454/2125 2663/10455/2125
f 2663/10456/2125 2604/10457/2125 2605/10458/2125
f 2663/10459/2262 2605/10460/2262 2662/10461/2262
f 2662/10462/2125 2605/10463/2125 2606/10464/2125
f 2662/10465/2263 2606/10466/2263 2661/10467/2263
f 2661/10468/2125 2606/10469/2125 2607/10470/2125
f 2661/10471/2125 2607/10472/2125 2660/10473/2125
f 2660/10474/2264 2607/10475/2264 2608/10476/2264
f 2660/10477/2265 2608/10478/2265 2659/10479/2265
f 2659/10480/2125 2608/10481/2125 2609/10482/2125
f 2659/10483/2125 2609/10484/2125 2658/10485/2125
f 2658/10486/2266 2609/10487/2266 2610/10488/2266
f 2658/10489/2267 2610/10490/2267 2657/10491/2267
f 2657/10492/2125 2610/10493/2125 2611/10494/2125
f 2657/10495/2125 2611/10496/2125 2656/10497/2125
f 2656/10498/2125 2611/10499/2125 2612/10500/2125
f 2656/10501/2125 2612/10502/2125 2655/10503/2125
f 2655/10504/2125 2612/10505/2125 2613/10506/2125
f 2655/10507/2268 2613/10508/2268 2654/10509/2268
f 2654/10510/2125 2613/10511/2125 2614/10512/2125
f 2654/10513/2125 2614/10514/2125 2653/10515/2125
f 2653/10516/2269 2614/10517/2269 2615/10518/2269
f 2653/10519/2125 2615/10520/2125 2652/10521/2125
f 2652/10522/2125 2615/10523/2125 2616/10524/2125
f 2652/10525/2125 2616/10526/2125 2651/10527/2125
f 2651/10528/2270 2616/10529/2270 2617/10530/2270
f 2651/10531/2125 2617/10532/2125 2650/10533/2125
f 2650/10534/2125 2617/10535/2125 2618/10536/2125
f 2650/10537/2125 2618/10538/2125 2649/10539/2125
f 2649/10540/2125 2618/10541/2125 2619/10542/2125
f 2649/10543/2125 2619/10544/2125 2648/10545/2125
f 2648/10546/2271 2619/10547/2271 2620/10548/2271
f 2648/10549/2125 2620/10550/2125 2647/10551/2125
f 2647/10552/2125 2620/10553/2125 2621/10554/2125
f 2647/10555/2125 2621/10556/2125 2646/10557/2125
f 2646/10558/2125 2621/10559/2125 2622/10560/2125
f 2646/10561/2272 2622/10562/2272 2645/10563/2272
f 2645/10564/2125 2622/10565/2125 2623/10566/2125
f 2645/10567/2125 2623/10568/2125 2644/10569/2125
f 2644/10570/2125 2623/10571/2125 2624/10572/2125
f 2644/10573/2125 2624/10574/2125 2643/10575/2125
f 2643/10576/2273 2624/10577/2273 2625/10578/2273
f 2643/10579/2125 2625/10580/2125 2642/10581/2125
f 2642/10582/2125 2625/10583/2125 2626/10584/2125
f 2642/10585/2125 2626/10586/2125 2641/10587/2125
f 2641/10588/2274 2626/10589/2274 2627/10590/2274
f 2641/10591/2275 2627/10592/2275 2640/10593/2275
f 2640/10594/2125 2627/10595/2125 2628/10596/2125
f 2640/10597/2125 2628/10598/2125 2639/10599/2125
f 2639/10600/2125 2628/10601/2125 2629/10602/2125
f 2639/10603/2125 2629/10604/2125 2638/10605/2125
f 2638/10606/2125 2629/10607/2125 2630/10608/2125
f 2638/10609/2276 2630/10610/2276 2637/10611/2276
f 2637/10612/2277 2630/10613/2277 2631/10614/2277
f 2637/10615/2278 2631/10616/2278 2636/10617/2278
f 2636/10618/2279 2631/10619/2279 2632/10620/2279
f 2636/10621/2280 2632/10622/2280 2635/10623/2280
f 2635/10624/2125 2632/10625/2125 2633/10626/2125
f 2635/10627/2281 2633/10628/2281 2634/10629/2281
f 2687/10630/2282 2791/10631/2282 2686/10632/2283
f 2686/10633/2283 2791/10634/2282 2792/10635/2283
f 2793/10636/2284 2739/10637/2284 2738/10638/2285
f 2738/10639/2285 2739/10640/2284 2740/10641/2285
f 2738/10642/2285 2740/10643/2285 2737/10644/2286
f 2737/10645/2286 2740/10646/2285 2741/10647/2286
f 2737/10648/2286 2741/10649/2286 2736/10650/2287
f 2736/10651/2287 2741/10652/2286 2742/10653/2287
f 2736/10654/2287 2742/10655/2287 2735/10656/2288
f 2735/10657/2288 2742/10658/2287 2743/10659/2288
f 2735/10660/2288 2743/10661/2288 2734/10662/2289
f 2734/10663/2289 2743/10664/2288 2744/10665/2289
f 2734/10666/2289 2744/10667/2289 2733/10668/2290
f 2733/10669/2290 2744/10670/2289 2745/10671/2290
f 2733/10672/2290 2745/10673/2290 2732/10674/2291
f 2732/10675/2291 2745/10676/2290 2746/10677/2291
f 2732/10678/2291 2746/10679/2291 2731/10680/2292
f 2731/10681/2292 2746/10682/2291 2747/10683/2292
f 2731/10684/2292 2747/10685/2292 2730/10686/2293
f 2730/10687/2293 2747/10688/2292 2748/10689/2293
f 2730/10690/2293 2748/10691/2293 2729/10692/2294
f 2729/10693/2294 2748/10694/2293 2749/10695/2294
f 2729/10696/2294 2749/10697/2294 2728/10698/2295
f 2728/10699/2295 2749/10700/2294 2750/10701/2295
f 2728/10702/2295 2750/10703/2295 2727/10704/2296
f 2727/10705/2296 2750/10706/2295 2751/10707/2296
f 2727/10708/2296 2751/10709/2296 2726/10710/2297
f 2726/10711/2297 2751/10712/2296 2752/10713/2297
f 2726/10714/2297 2752/10715/2297 2725/10716/2298
f 2725/10717/2298 2752/10718/2297 2753/10719/2298
f 2725/10720/2298 2753/10721/2298 2724/10722/2299
f 2724/10723/2299 2753/10724/2298 2754/10725/2299
f 2724/10726/2299 2754/10727/2299 2723/10728/2300
f 2723/10729/2300 2754/10730/2299 2755/10731/2300
f 2723/10732/2300 2755/10733/2300 2722/10734/2301
f 2722/10735/2301 2755/10736/2300 2756/10737/2301
f 2722/10738/2301 2756/10739/2301 2721/10740/2302
f 2721/10741/2302 2756/10742/2301 2757/10743/2302
f 2721/10744/2302 2757/10745/2302 2720/10746/2303
f 2720/10747/2303 2757/10748/2302 2758/10749/2303
f 2720/10750/2303 2758/10751/2303 2719/10752/2304
f 2719/10753/2304 2758/10754/2303 2759/10755/2304
f 2719/10756/2304 2759/10757/2304 2718/10758/2305
f 2718/10759/2305 2759/10760/2304 2760/10761/2305
f 2718/10762/2305 2760/10763/2305 2717/10764/2306
f 2717/10765/2306 2760/10766/2305 2761/10767/2306
f 2717/10768/2306 2761/10769/2306 2716/10770/2307
f 2716/10771/2307 2761/10772/2306 2762/10773/2307
f 2716/10774/2307 2762/10775/2307 2715/10776/2308
f 2715/10777/2308 2762/10778/2307 2763/10779/2308
f 2715/10780/2308 2763/10781/2308 2714/10782/2309
f 2714/10783/2309 2763/10784/2308 2764/10785/2309
f 2714/10786/2309 2764/10787/2309 2713/10788/2310
f 2713/10789/2310 2764/10790/2309 2765/10791/2310
f 2713/10792/2310 2765/10793/2310 2712/10794/2311
f 2712/10795/2311 2765/10796/2310 2766/10797/2311
f 2712/10798/2311 2766/10799/2311 2711/10800/2312
f 2711/10801/2312 2766/10802/2311 2767/10803/2312
f 2711/10804/2312 2767/10805/2312 2710/10806/2313
f 2710/10807/2313 2767/10808/2312 2768/10809/2313
f 2710/10810/2313 2768/10811/2313 2709/10812/2314
f 2709/10813/2314 2768/10814/2313 2769/10815/2314
f 2709/10816/2314 2769/10817/2314 2708/10818/2315
f 2708/10819/2315 2769/10820/2314 2770/10821/2315
f 2708/10822/2315 2770/10823/2315 2707/10824/2316
f 2707/10825/2316 2770/10826/2315 2771/10827/2316
f 2707/10828/2316 2771/10829/2316 2706/10830/2317
f 2706/10831/2317 2771/10832/2316 2772/10833/2317
f 2706/10834/2317 2772/10835/2317 2705/10836/2318
f 2705/10837/2318 2772/10838/2317 2773/10839/2318
f 2705/10840/2318 2773/10841/2318 2704/10842/2319
f 2704/10843/2319 2773/10844/2318 2774/10845/2319
f 2704/10846/2319 2774/10847/2319 2703/10848/2320
f 2703/10849/2320 2774/10850/2319 2775/10851/2320
f 2703/10852/2320 2775/10853/2320 2702/10854/2321
f 2702/10855/2321 2775/10856/2320 2776/10857/2321
f 2702/10858/2321 2776/10859/2321 2701/10860/2322
f 2701/10861/2322 2776/10862/2321 2777/10863/2322
f 2701/10864/2322 2777/10865/2322 2700/10866/2323
f 2700/10867/2323 2777/10868/2322 2778/10869/2323
f 2700/10870/2323 2778/10871/2323 2699/10872/2324
f 2699/10873/2324 2778/10874/2323 2779/10875/2324
f 2699/10876/2324 2779/10877/2324 2698/10878/2325
f 2698/10879/2325 2779/10880/2324 2780/10881/2325
f 2698/10882/2325 2780/10883/2325 2697/10884/2326
f 2697/10885/2326 2780/10886/2325 2781/10887/2326
f 2697/10888/2326 2781/10889/2326 2696/10890/2327
f 2696/10891/2327 2781/10892/2326 2782/10893/2327
f 2696/10894/2327 2782/10895/2327 2695/10896/2328
f 2695/10897/2328 2782/10898/2327 2783/10899/2328
f 2695/10900/2328 2783/10901/2328 2694/10902/2329
f 2694/10903/2329 2783/10904/2328 2784/10905/2329
f 2694/10906/2329 2784/10907/2329 2693/10908/2330
f 2693/10909/2330 2784/10910/2329 2785/10911/2330
f 2693/10912/2330 2785/10913/2330 2692/10914/2331
f 2692/10915/2331 2785/10916/2330 2786/10917/2331
f 2692/10918/2331 2786/10919/2331 2691/10920/2332
f 2691/10921/2332 2786/10922/2331 2787/10923/2332
f 2691/10924/2332 2787/10925/2332 2690/10926/2333
f 2690/10927/2333 2787/10928/2332 2788/10929/2333
f 2690/10930/2333 2788/10931/2333 2689/10932/2334
f 2689/10933/2334 2788/10934/2333 2789/10935/2334
f 2689/10936/2334 2789/10937/2334 2688/10938/2335
f 2688/10939/2335 2789/10940/2334 2790/10941/2335
f 2688/10942/2335 2790/10943/2335 2687/10944/2282
f 2687/10945/2282 2790/10946/2335 2791/10947/2282
f 2845/10948/2125 2794/10949/2125 2846/10950/2125
f 2846/10951/2125 2794/10952/2125 2795/10953/2125
f 2846/10954/2125 2795/10955/2125 2884/10956/2125
f 2884/10957/2336 2795/10958/2336 2796/10959/2336
f 2884/10960/2125 2796/10961/2125 2883/10962/2125
f 2883/10963/2337 2796/10964/2337 2797/10965/2337
f 2883/10966/2125 2797/10967/2125 2882/10968/2125
f 2882/10969/2125 2797/10970/2125 2798/10971/2125
f 2882/10972/2338 2798/10973/2338 2799/10974/2338
f 2882/10975/2125 2799/10976/2125 2881/10977/2125
f 2881/10978/2339 2799/10979/2339 2800/10980/2339
f 2881/10981/2125 2800/10982/2125 2880/10983/2125
f 2880/10984/2340 2800/10985/2340 2801/10986/2340
f 2880/10987/2125 2801/10988/2125 2879/10989/2125
f 2879/10990/2341 2801/10991/2341 2802/10992/2341
f 2879/10993/2342 2802/10994/2342 2803/10995/2342
f 2879/10996/2125 2803/10997/2125 2878/10998/2125
f 2878/10999/2343 2803/11000/2343 2804/11001/2343
f 2878/11002/2344 2804/11003/2344 2877/11004/2344
f 2877/11005/2125 2804/11006/2125 2805/11007/2125
f 2877/11008/2125 2805/11009/2125 2876/11010/2125
f 2876/11011/2125 2805/11012/2125 2806/11013/2125
f 2876/11014/2125 2806/11015/2125 2807/11016/2125
f 2876/11017/2125 2807/11018/2125 2875/11019/2125
f 2875/11020/2125 2807/11021/2125 2808/11022/2125
f 2875/11023/2125 2808/11024/2125 2874/11025/2125
f 2874/11026/2345 2808/11027/2345 2809/11028/2345
f 2874/11029/2346 2809/11030/2346 2873/11031/2346
f 2873/11032/2125 2809/11033/2125 2810/11034/2125
f 2873/11035/2347 2810/11036/2347 2811/11037/2347
f 2873/11038/2348 2811/11039/2348 2872/11040/2348
f 2872/11041/2125 2811/11042/2125 2812/11043/2125
f 2872/11044/2125 2812/11045/2125 2871/11046/2125
f 2871/11047/2349 2812/11048/2349 2813/11049/2349
f 2871/11050/2125 2813/11051/2125 2870/11052/2125
f 2870/11053/2350 2813/11054/2350 2814/11055/2350
f 2870/11056/2351 2814/11057/2351 2815/11058/2351
f 2870/11059/2352 2815/11060/2352 2869/11061/2352
f 2869/11062/2353 2815/11063/2353 2816/11064/2353
f 2869/11065/2354 2816/11066/2354 2868/11067/2354
f 2868/11068/2355 2816/11069/2355 2817/11070/2355
f 2868/11071/2125 2817/11072/2125 2867/11073/2125
f 2867/11074/2125 2817/11075/2125 2818/11076/2125
f 2867/11077/2356 2818/11078/2356 2819/11079/2356
f 2867/11080/2357 2819/11081/2357 2866/11082/2357
f 2866/11083/2358 2819/11084/2358 2820/11085/2358
f 2866/11086/2125 2820/11087/2125 2865/11088/2125
f 2865/11089/2125 2820/11090/2125 2821/11091/2125
f 2865/11092/2357 2821/11093/2357 2864/11094/2357
f 2864/11095/2359 2821/11096/2359 2822/11097/2359
f 2864/11098/2360 2822/11099/2360 2823/11100/2360
f 2864/11101/2125 2823/11102/2125 2863/11103/2125
f 2863/11104/2125 2823/11105/2125 2824/11106/2125
f 2863/11107/2125 2824/11108/2125 2862/11109/2125
f 2862/11110/2361 2824/11111/2361 2825/11112/2361
f 2862/11113/2125 2825/11114/2125 2861/11115/2125
f 2861/11116/2362 2825/11117/2362 2826/11118/2362
f 2861/11119/2363 2826/11120/2363 2827/11121/2363
f 2861/11122/2364 2827/11123/2364 2860/11124/2364
f 2860/11125/2365 2827/11126/2365 2828/11127/2365
f 2860/11128/2366 2828/11129/2366 2859/11130/2366
f 2859/11131/2367 2828/11132/2367 2829/11133/2367
f 2859/11134/2125 2829/11135/2125 2858/11136/2125
f 2858/11137/2368 2829/11138/2368 2830/11139/2368
f 2858/11140/2369 2830/11141/2369 2831/11142/2369
f 2858/11143/2125 2831/11144/2125 2857/11145/2125
f 2857/11146/2125 2831/11147/2125 2832/11148/2125
f 2857/11149/2125 2832/11150/2125 2856/11151/2125
f 2856/11152/2125 2832/11153/2125 2833/11154/2125
f 2856/11155/2370 2833/11156/2370 2855/11157/2370
f 2855/11158/2125 2833/11159/2125 2834/11160/2125
f 2855/11161/2371 2834/11162/2371 2835/11163/2371
f 2855/11164/2372 2835/11165/2372 2854/11166/2372
f 2854/11167/2125 2835/11168/2125 2836/11169/2125
f 2854/11170/2373 2836/11171/2373 2853/11172/2373
f 2853/11173/2125 2836/11174/2125 2837/11175/2125
f 2853/11176/2125 2837/11177/2125 2852/11178/2125
f 2852/11179/2125 2837/11180/2125 2838/11181/2125
f 2852/11182/2125 2838/11183/2125 2839/11184/2125
f 2852/11185/2374 2839/11186/2374 2851/11187/2374
f 2851/11188/2375 2839/11189/2375 2840/11190/2375
f 2851/11191/2125 2840/11192/2125 2850/11193/2125
f 2850/11194/2355 2840/11195/2355 2841/11196/2355
f 2850/11197/2125 2841/11198/2125 2849/11199/2125
f 2849/11200/2376 2841/11201/2376 2842/11202/2376
f 2849/11203/2341 2842/11204/2341 2843/11205/2341
f 2849/11206/2125 2843/11207/2125 2848/11208/2125
f 2848/11209/2125 2843/11210/2125 2844/11211/2125
f 2848/11212/2125 2844/11213/2125 2847/11214/2125
f 2847/11215/2377 2844/11216/2377 2845/11217/2377
f 2847/11218/2125 2845/11219/2125 2846/11220/2125
f 2894/11221/2378 2885/11222/2378 2893/11223/2379
f 2893/11224/2379 2885/11225/2378 2886/11226/2379
f 2893/11227/2379 2886/11228/2379 2892/11229/2380
f 2892/11230/2380 2886/11231/2379 2887/11232/2380
f 2892/11233/2380 2887/11234/2380 2891/11235/2381
f 2891/11236/2381 2887/11237/2380 2888/11238/2381
f 2891/11239/2381 2888/11240/2381 2890/11241/2382
f 2890/11242/2382 2888/11243/2381 2889/11244/2382
f 2924/11245/2383 2895/11246/2383 2923/11247/2384
f 2923/11248/2384 2895/11249/2383 2896/11250/2385
f 2923/11251/2384 2896/11252/2385 2897/11253/2386
f 2923/11254/2384 2897/11255/2386 2922/11256/2386
f 2922/11257/2386 2897/11258/2386 2898/11259/2387
f 2922/11260/2386 2898/11261/2387 2921/11262/2387
f 2921/11263/2387 2898/11264/2387 2899/11265/2388
f 2921/11266/2387 2899/11267/2388 2920/11268/2388
f 2920/11269/2388 2899/11270/2388 2900/11271/2389
f 2920/11272/2388 2900/11273/2389 2919/11274/2389
f 2919/11275/2389 2900/11276/2389 2901/11277/2390
f 2919/11278/2389 2901/11279/2390 2918/11280/2390
f 2918/11281/2390 2901/11282/2390 2902/11283/2391
f 2918/11284/2390 2902/11285/2391 2917/11286/2391
f 2917/11287/2391 2902/11288/2391 2903/11289/2392
f 2917/11290/2391 2903/11291/2392 2916/11292/2392
f 2916/11293/2392 2903/11294/2392 2904/11295/2393
f 2916/11296/2392 2904/11297/2393 2915/11298/2393
f 2915/11299/2393 2904/11300/2393 2905/11301/2394
f 2915/11302/2393 2905/11303/2394 2914/11304/2394
f 2914/11305/2394 2905/11306/2394 2906/11307/2395
f 2914/11308/2394 2906/11309/2395 2913/11310/2395
f 2913/11311/2395 2906/11312/2395 2907/11313/2396
f 2913/11314/2395 2907/11315/2396 2912/11316/2396
f 2912/11317/2396 2907/11318/2396 2908/11319/2397
f 2912/11320/2396 2908/11321/2397 2911/11322/2397
f 2911/11323/2397 2908/11324/2397 2910/11325/2398
f 2910/11326/2398 2908/11327/2397 2909/11328/2398
